PC1,PC2,PC3,PC4,PC5,PC6,PC7,PC8,PC9,PC10,PC11,PC12,PC13,PC14,PC15,PC16,PC17,PC18,JobSatisfaction
-0.3209403377905528,1.4076569384178281,-0.43223259648253487,1.9613305224340836,0.30735264600285706,-0.8620759916684497,1.1099722582282883,0.23226472372284776,3.2517475545919488,-0.027633659489081936,2.1950093665418593,0.09226885570735582,-0.8858059739407091,-1.0635982220537912,0.21398607705820732,1.1958428924114628,1.8667962259064141,-1.0335585514902204,4
0.5761141583486298,-0.9138092237118259,-1.1405986833940889,0.04225411036347986,2.212355643158995,1.023710475912645,0.5419162234891748,0.8995258173555052,-1.5213952198613112,0.6738161514852679,-0.27561948945403325,-0.39619326755557344,-2.4642812736953266,-0.02079509653066409,0.563108030583573,0.020082881724426203,-0.9937430654413403,-1.1975974209585527,2
-2.4950433674355375,1.1837343002525844,-0.8225870190542824,1.4894417723833855,0.10299374471032666,1.323212750876634,-0.5860935484504785,-0.9171147165866596,0.5475730210009719,0.6962037721043675,1.2893751152740658,-1.9113452483191744,0.9212530157158556,-0.628711545521809,1.3841457267711872,1.2324863373354895,-0.009573096987253383,0.16890322680378592,3
-0.8767389138613085,-0.6036229196056536,-1.2109488229457601,1.3832749357447793,-1.1265177457346658,0.6912639231831001,1.0089087324307702,-0.5582009576617137,-0.28473366618963947,-1.0933679932687372,0.1523177377889164,0.2701587626967432,0.13899646106081764,-2.2077348312769787,0.25621764137707376,-0.7005686866020351,-0.6839046250101216,0.6070500683556872,3
-1.9000643146188543,0.6644470219869403,-1.2414102107990501,1.3725375625248661,-0.588807809349113,0.8669963134363585,-0.5561229183024378,0.5244736055629496,-0.11854597531365234,1.3143318636067276,-0.7436856487985346,1.3376115616012858,-1.935410333617447,-0.2165787533590699,-0.7624987552658088,2.6255143316545286,0.48804050993850717,0.215641848845036,2
-0.6627396314513324,-1.7832402281814135,-1.1382516928061848,2.187477852529118,-0.4247383981126378,0.3024502959354681,0.848361795094705,-0.19550430909281014,0.9041779269278644,-0.24387547147524943,0.8889228360990105,-0.7863903850871274,-0.4172116769683309,-0.07205831997575188,0.9132808580356584,-0.22396391686744174,-0.37042746258564924,-0.16583114408389688,4
-1.3164340248842525,2.122731955913208,3.035635004264062,1.714363076753826,0.981132733043999,1.8644680522485,-0.22370205738036303,-0.8072937829215117,0.45948290129283326,-0.9782098132744209,0.280035703071678,0.6057545059373101,-1.4109296778104754,-0.3697616820851994,1.7105457491241645,0.2147193996144593,-0.7468677043232095,0.20667031840515282,1
-2.9817372382628298,-0.3720119059491164,0.4866036531218566,1.07115763026732,2.3278308142626667,1.7345405251159731,1.5750603541800592,0.6229166528318898,-0.9353148105497425,0.25594784839316276,0.7715684973792594,0.3180808353768742,0.9788567175590842,0.3130902632501143,1.3189992903830021,0.3570754450241949,-0.3646215859334204,0.3734537545854517,3
1.092116073752809,-1.1413735821868534,-1.3178241387920624,-0.33565575505887063,2.4650665066726707,-0.4861068915458333,0.8740374916914356,-0.9284651838407761,-0.8191602938013786,1.0064171971553335,-0.2870099436587441,0.34976881642622626,0.8390508467264012,0.46586532860967544,2.2425921460423566,-0.4954922429996707,-0.6046050843880264,-0.7496655416019535,3
1.206780246076666,-0.1115340265280987,2.17617821686715,1.437662849930158,0.0040710969746505414,0.27672987049452946,1.4279311088620867,1.2939516573961467,0.4565001942236714,0.175124307502006,-0.41143364826857287,-0.23088594402746868,0.25183181003986227,-1.6854765188675653,1.5022179163307992,1.5420981875571027,0.48154918282503617,0.8070300343493435,3
-1.5376709153220143,-0.7594509438399976,0.7512537664894179,1.4073584602405829,-0.6312703522696905,-0.285051934117309,-1.3856997222677228,2.0195340740215864,-0.7523044148028872,-0.7589651053857743,-0.3991162649295439,1.4156570174037733,-0.25297756784727754,-0.7665938366715941,1.2882722441897532,0.1586734882372031,-0.8490035766905533,-0.13913849413518387,2
-0.28945511818262226,-1.6966577395418823,-2.5175767029598677,0.2504355289891286,-0.3823717059712933,-0.12464787523113566,0.803002316783103,0.3103200864735864,-0.47639301686834656,1.3297129921603592,-0.8180305761425032,-0.14330033593114222,-0.011471140098257962,0.2793002571931719,1.5986010272422555,-0.12817740654996027,-0.709173025618571,-1.1862486971089503,3
-1.5994185877782976,-1.1607484274600772,-0.4019162935818722,1.7987081990649776,1.7000948686977844,-0.4497543847822775,1.457385474571384,1.388074330212756,0.15753240325309306,1.700973365480149,-1.3822264423979516,1.8994058389942527,-0.5050706061764192,0.6507338415414101,-0.3480296449954586,0.6960376092924478,-0.5162750316863015,0.639310389954699,3
-2.147030942171944,-0.5455728858891657,0.677176659445737,1.9948741093090618,-0.5118781993928371,0.31576909218010585,0.10168126337075392,1.5687166749146415,0.07402477189014658,1.2407886188885673,0.8153334374264236,0.36057815411657457,1.0689370729979057,-0.5602926030773978,0.7660894160787107,0.11449481146798961,-0.9074029414107897,0.34505365250709946,4
-2.009226766334553,-0.2529815960713185,-1.465814259264444,-0.577559116516872,0.5647404866674965,-1.060009208200028,0.1795192124737149,-0.042659622735474835,-0.2413785701109509,0.8709532783022544,-1.2475748135228684,0.27862382865017576,0.49003979743790504,-0.835894444208586,2.2633485910097013,1.5837181494426553,-0.04633359174008553,-0.3145158206984408,3
1.943487730070308,-1.3834050646819007,0.6403461368928631,2.4508419089468294,-0.6223091007864895,-0.5252868167526302,0.9906438269607942,-0.00743363009472837,-0.32958621133692256,0.4899069370177085,0.11937329036229566,2.2289332643794464,1.3995777358843262,-0.8632803706622573,0.0350725581064681,-0.23365808827975815,-0.03953358105134826,1.2330352348786324,1
-1.5236123632753868,-0.9766762888689858,0.48206473959966745,1.6869002450943953,-1.1409471749278957,0.060864105102416056,-1.4068801307114418,2.072042863439833,0.2702835043227255,-0.2161892272889717,-0.981664177633804,1.1690477404186483,-2.294765677935146,0.4326861084725567,1.140239170223398,-0.3467637448880858,-0.4865649612362957,-0.44265795945113573,2
-3.1136931774996484,-0.3872131626150015,1.6983440730818888,1.9636667745712142,-0.6455775290132325,1.0206538296809833,1.2412750982216427,0.7823929740602682,0.6676925775551904,0.23390414238007434,0.894184059311102,0.4654596078400643,0.22106074535649134,0.624800194439959,2.107820797122676,-0.32978051575649164,0.1605075917534991,0.75633989917045,4
4.875929906532058,0.8226884943018439,-1.0626616624111898,0.7682162239859086,0.9205086381611959,0.012394859456633316,-1.4024732761331524,0.8896391563513193,0.28095187367682356,0.05474096376866168,0.7495558339698861,0.10831772833874526,-0.08333630045659586,-2.0979770599553826,-0.3406869206519494,-1.1619279944870717,-0.34971616082159873,-0.7782303998215876,4
-1.5703190680030048,0.5167444197353106,-1.8403077866310498,1.1593107239791143,-1.2661202969789476,-0.08596412232604325,-0.14929621410982435,-1.8133315193177426,-0.08150936272003344,0.4794089524548354,-0.4242414786501502,0.17363176217016155,-0.28557722276765946,0.3204278203587122,1.6020565199676784,0.8379447597778512,-0.28333520889291236,0.01955051515634406,4
-1.6739285176303809,-0.9151879192015772,0.5327918293953852,2.251366544052156,0.4017910404010269,-0.012058605121940935,-1.8837978673173936,2.2661975464879314,-0.27105239715708623,-0.3972285351750148,-0.4493319000175504,0.38412265679013985,-0.840665594469051,1.009676522179791,1.2619781473410205,-0.5424536431508602,0.2785285222196277,0.3039170425853266,3
-1.2106102300802999,0.8715924713933304,-0.10964755297304224,0.986883260872028,2.135130214664219,0.08993517758853212,-1.3345025315248205,-1.3051772219252245,-0.8067611798649035,-0.24794863631500935,0.2013687851386969,-1.5470108597306313,0.8209601694754012,-1.5927385223951724,1.1517317479105214,0.7291455058145093,1.3118281957205986,-0.5328271882231748,1
1.927793738827318,-0.9830255847399298,-1.8420425766953035,0.42372137654106756,-0.4773406900553514,-1.1463995617367777,-1.304064146355543,0.8584350111956222,0.08717083673292911,-0.432257744739021,-0.3576562037543699,1.7738452835440173,-0.38397722889715297,-1.2104966326817994,0.6037821329560452,-0.7407980695812342,-0.6306479410927435,-0.6799000480393002,2
-3.4422722581778813,-0.7034346336538388,-1.5228045658606875,0.5530526117640839,-0.582586511399792,-0.11516593704052577,-0.8378980210590584,2.4250124293343194,-1.2087245071894617,-0.6471668329970985,-0.3894898979757282,-0.6915040440880574,-0.413177041260165,-0.1985600019448709,2.0338081042089944,0.06980072238648072,-0.02465388936479579,0.3355859868357715,4
-1.7586574976388165,-0.39241543496755527,-1.5431635260974113,1.3646102509872646,-0.4609863524565264,-0.1565532427271687,-0.002271306560559826,1.311540397004137,0.37215896422220124,0.684208391740852,1.3951561463630195,0.35402692917604195,-0.6603933209807663,-0.09452657773701752,0.46270150079883365,1.0237268111061621,-0.6695536390676448,0.0027198893292715745,1
5.164829939643476,1.161531603284306,-0.6212836209598772,2.135995545994216,-0.705217339261831,1.2849900055082677,0.07320109115279053,0.341910798804251,0.8558890744992492,0.1810269699828496,-0.63007217069798,0.21417314468019052,0.10354995971766134,-0.047123506097929854,0.37229635354738116,-0.4774790529230131,-0.17039335715879148,-0.5253159670977318,3
-0.5414385890670115,-2.165336662111935,-0.9923430341972054,0.4946713789634658,2.959484378132334,1.117671967474361,-1.5945802704856988,0.6461079014025735,0.05452341619969085,0.9851344181531498,-0.35644196555492746,-1.669537495335733,1.015589463201869,-0.691503762123629,1.0281958696589573,1.372118308912719,-0.46202619699530584,0.7504815818839302,1
0.6230236013155191,-0.28638077371822795,-0.8880009506020177,0.7250579353155782,-1.1570739249177877,-0.1671279719231481,0.8268909954382395,0.01924959007273622,-0.7345412319968156,0.5710017982648801,-0.5714983494272545,1.4015428991844694,-0.5004285984568426,-1.198221571067779,0.23347614207064585,-1.5792525392879113,0.6834714668515307,0.18750394779569146,2
4.192752012461642,-1.3138877734347771,-0.46850483974847207,1.186789091111203,-0.09828005137481821,-0.4063459761830905,-2.1230870503528805,-0.7391947768097809,-0.1940016118044301,1.693908665485423,-1.9987368692534806,0.3938622495007157,-0.43391973548898666,-0.6764549668850515,0.39331978707191123,0.3058768795948356,-0.7312376463576167,-0.9903817412229589,4
2.193815212158997,3.3508472669620453,-1.9379915994681813,1.0468773366448763,-0.23799717788899472,-0.7620277913805619,-0.288751219440751,1.464932802552385,0.7839834796641285,-0.018886697419409803,0.6258280664288537,0.6219512849866597,-0.5374529333389034,-0.2939180141770232,0.4237333336902036,-2.263468312677932,0.949418548773098,0.5663582158511201,1
-2.2979015314148827,0.7947747679171927,-1.2816073227428237,2.079863648312077,-1.3470512662356005,0.017377846067413976,-0.7664479263358384,-0.2619122798469879,-0.2962332612255707,0.4676298214207109,0.21025181575450405,-0.5442653660037993,0.06983249316968612,-0.24190833955141183,0.756888790476129,0.28318087967468003,-0.335422917063854,0.20039661836522352,4
-0.4080253605056077,0.8765953303511965,-1.5535243714896934,1.0003357529396064,-1.0006516072683087,1.4753859569980055,-0.06217135989311312,-0.16107161471825313,-1.9905913277401508,-1.0390758469988925,-1.0590926801124505,0.504427637796659,1.26416850957218,-1.577513198855013,0.5633241986489985,-0.5569628597906011,-0.8981850299143562,0.09823691552244372,4
-1.14015585055138,-1.6069401080396515,-1.6514336532479779,-0.9869318325873586,-0.1704950124351364,0.19384469973316504,-0.5442593022805007,0.41976442836387484,0.4790050679998986,-0.2523335175386159,0.3979977690020912,-0.7539575101655946,-0.4001356210840182,-0.6568577694568167,3.034724759585587,0.9133713625974563,-0.595889159119465,-0.5078691979772649,3
-1.2426402572796578,1.1148703979436594,-0.6575769769592181,0.3477855799548758,-1.1500464245759536,2.0167020410995162,-1.7963474014818752,-0.6047122122244094,-1.4737126354024468,0.025197901109561764,-0.8253961831009653,0.22063935569056592,0.8672975014648409,-0.08313091749196182,1.9812866958677073,0.13594688861205337,0.379576207938911,0.08760113843387494,4
-2.568330332327271,-0.2781011833147876,0.506731088438673,1.2969933323412854,0.6918226723622044,0.2487540700064057,-0.7939142008616202,-1.296461361509648,1.762451914843889,0.6446278509575277,0.4809090050027745,1.0133263197831195,-0.412845756650286,7.80115598669318e-05,1.0781618403441147,-0.05734779290944664,0.017429422858599636,1.2319904623187246,4
-1.2103180056541556,-0.12247983075512284,0.39274578590392395,2.343896083592274,-1.4041532795668243,1.7527652739875943,1.3444341387748708,0.8356567556384807,0.04151664024188242,-1.0468475600830158,-0.22368469801333607,0.2981944585981683,-1.6410813611578288,-0.32244092961676785,0.5152707931816742,-0.4958077880354141,-0.6227745499775648,-0.2411295796147935,3
-1.6721597097782679,0.205862974261168,-0.6716750535858536,1.3909623377144094,0.3234887929969609,-0.23916700100180574,-1.6773864622171295,0.33291602895866473,0.6044668039348248,2.0035001959050893,0.9818682488896462,-0.2417599162049511,0.133410775810486,-0.3485546783955343,0.27128282834080636,-0.1752234330493346,0.014954817075200261,-0.49529163896140255,3
-2.0167068605283323,-0.46202475133550663,-0.2493158855263408,0.5905035982747762,-0.7330598882079832,0.37451589054807666,-0.4532414451357375,-0.5844425055654195,0.45196324196713034,-0.4003612775522746,1.8618027084619106,-0.29467878587702867,0.40673744483773355,-0.7896349175602653,2.140168612564237,-0.36184622110661574,0.936832282663593,0.3552179090322801,4
-1.9335800000671686,2.070192870803248,-0.16617019978350506,0.8700198484507629,-0.7182260236372697,-0.05381794757500551,-1.0526172318641858,-0.45755748424487375,-1.547767092475969,1.6293455368639804,0.02423664121673207,-0.6531950141258706,-0.688192155126218,-2.132123391525217,0.10963157789359561,1.002647126865362,-0.018772936948870566,0.031874365982461045,1
-0.6874311043143274,-0.140648276784358,1.1763358714237868,1.103778147134967,0.4569406626276521,1.8991346019773268,-0.8936766285153808,-1.7657957855158688,-0.03543192765053113,-0.3432269861785665,0.4083727420876067,2.187882578700551,0.13326762255710586,0.26236654653025204,1.0950321318668406,-0.37717119500721213,1.1818220070208194,0.06793778746836567,1
-2.780078718899215,-0.06021570363192198,-0.6418173598423929,0.750712791947702,-0.9868968991565544,0.5500321958887215,-0.4017276151384629,0.3049798738700867,-0.0700012123763347,0.8114608599516153,0.36146746769058147,0.3925784393037143,-0.8853425228771451,0.21926625621567478,1.471234056724214,-0.11740207764542857,-0.5706619892551172,0.23205606689105743,4
-2.8183393943459163,-0.02252526024262336,-1.3020242936838797,0.8451969701824237,-1.2618725771906973,1.94134709069642,-0.42900042912296626,-0.31695172721870185,-0.9735356043504022,-1.4200451413289383,-2.0358193984702013,0.5327090186213929,-0.07412327890961608,-1.5465905350164486,0.6415994913634262,-1.1100085575422804,-0.3419982203003522,0.38793535599377693,1
-2.9327865697241196,-0.36819280019784967,-1.0872636477752795,1.1484255524419615,1.3307139360898028,-0.700270345593593,0.24019533297880552,0.907918607199554,1.6661143086527703,2.0703855043665094,-1.3342592247638598,0.13744199596123327,2.045652241885254,-1.7715394775644897,-0.23426238027505422,-0.14620879420677224,-0.6694897904550743,0.21166765686379935,3
0.7483473473745293,-1.0762014875856383,-1.6810764031432657,2.1049321724747037,-0.014556752730473348,0.11537079208545742,1.1188018700202171,-1.6142712276331967,-0.5458328325407593,1.43051807710692,0.49648831088707535,0.8785268734494034,1.2500117949210823,0.7969466048594512,-0.016923016982022285,-1.2557204915769686,1.1494794947748677,-0.8192054399204168,3
0.4328139868578356,-1.8462921288579281,-1.4526244990905879,1.9173848387481653,1.7663207428753633,0.4184673170841513,-0.1927184382089704,-0.7642209874198099,-1.3946710900588024,0.11732977776784195,0.5266080818670084,-0.29520684498392163,-1.0447111625402974,0.6719139215307561,0.027774198879815096,-0.056463057678111384,-0.2072667552475514,-0.31304805523810797,4
6.305922866474874,-1.3086865872312847,-1.3101755136527413,2.202624324089851,0.049957766309841924,-0.0893513116749469,1.2769401873741857,0.4360243992092769,0.020380127481361993,1.197250270060021,0.7361230889894544,1.2237219158049746,0.7052977792980077,-0.6980702478499794,-1.2012002640859722,-0.3319401924588374,-0.07430988760886215,2.37762825438466,3
0.6994537421527351,-1.568576693234374,0.03572400126090152,1.6357893740455631,1.7234912695961842,-1.4308118533347451,-0.002673640201861125,0.09457233494614417,-1.3158667438249907,0.290745172514987,0.062362936014086545,0.37634948116521466,1.3763438892839668,-0.8688272848485588,0.5526016191237797,-0.6437436323391558,1.2494043724764117,1.0363626504952714,3
-2.264885787457717,0.7203067167930115,0.19635724327457188,0.4830978929326442,2.4963913938457813,-0.9164238367784293,0.22502629978942476,-0.25116454640965014,-0.22277099701969413,0.8703575465062227,1.3835517105910125,0.9579065465104263,-0.12862725087442403,0.42317633789701437,1.5907029902965149,1.2402548066452705,-0.47732654525006274,0.27069393593651214,2
0.8537510706635297,0.4701798365880252,-0.08247184511432522,1.558940060221931,1.50876111209376,-0.7502307900912999,-1.7708454296758793,0.7195353075816119,-1.1550861425664913,-1.2274032854293844,0.7824303959182934,-0.37198439979461884,-0.3211500987233822,-1.928458024639027,0.039968114700063014,-0.2715855281993486,1.1049661546663196,-1.4391082599963252,4
-2.7346407710691367,-0.23558737333588034,-1.0568620480552424,2.6828976617595313,0.5500967209076626,1.6743400286483423,0.7693942772252002,-0.679780828637934,-1.0895663592970115,-0.026905549501262668,0.06739569966897022,0.8855452843143183,0.4229150163766796,1.8175069146098048,0.3283829039762849,0.1379076096173806,-0.587849482837662,0.18951443568540882,4
-0.20332558149491145,3.481542794652747,-1.7652848144679774,1.0753777325037464,0.10412107071787631,-0.6528868162873122,-0.905370171196916,1.3282618781879016,0.242345908876574,1.5431911231534716,1.120497046895002,-0.9237167012164911,-1.457237512146098,-0.9043423717300118,-0.18137223016830106,1.4240787251509355,-0.3654840162549348,-0.23097271195923746,3
-2.160645703447145,-0.4075126700132577,-1.0104010765914544,2.1913352442585214,-0.24234130266529136,0.10985713988702635,0.09012746753303022,-0.7945348627448351,0.8830547044899294,-0.6960999520637486,-0.6444305502417287,0.22959726395335628,0.8364369549723732,-1.1024454683447784,0.2709973422707467,-0.8320516824383358,-0.10146274240513908,0.7287219339783527,3
-0.2949617323463839,1.5804179191319059,1.2255063954203966,2.599043484537339,1.3491817440201825,-0.10360944672586524,-1.081209140903028,-1.6649512584674475,0.06670640304438587,-0.017612025773940283,-0.04829296329467562,-0.26247306406376625,0.07024900430339964,-1.063500420991542,0.005881802102028505,-1.2389694142927374,1.6373760407010607,-0.25521373744023373,1
-0.27131754101428396,0.6671295786786385,-0.4439507572855233,0.7115294746386032,-0.053307172152523515,1.525690553551279,-0.30186326164176874,0.9418824047382484,0.2888011853535094,1.6118123265012687,0.2855477802308873,-0.31328232302677034,0.7073243314464747,-0.1292814844518472,1.0180819722727033,-0.38660783491379713,-0.37708491957389006,0.7066477407092494,1
-1.7746168000013665,1.2745969383778535,0.03652309695768633,0.8009057458879645,1.8471448766029788,0.7981386890301,1.8608471348836682,0.4281031697362113,0.06402193563810568,0.724042227900912,-1.1327185047461654,0.32066530170046265,0.7878947676846635,-1.6311760352266638,-0.17134318418754318,0.13523257106352582,2.2184107855868307,-0.22039449408116718,4
3.5314779982477456,-2.3114491494075784,-1.1875896382664504,1.6325734090097965,-0.32079749463865564,-1.1797409895436899,-0.5778127704141803,1.022501148609017,0.4716518254699486,1.0138716789472435,2.3789123133758125,0.33757584557984055,-1.1652356416022898,-0.35432433845216066,-0.07603702931422084,0.3165851272200493,-0.05246508095247897,0.14867571980980873,4
1.2403257131090952,-0.5275722462939912,1.0078055595327713,1.6776387858000774,1.785460619445911,-1.012959061969279,-0.42665874237551826,0.14719982926148895,-1.0225800161330914,0.03328909378219113,-1.2193506957436437,0.295197032355003,0.0808760747006162,-0.5856626892003618,0.6754971606735366,-2.0859088890941058,1.3177880864358618,-0.852255938332688,1
-1.6125547224113537,0.23847108895264552,0.08747759159638253,0.9480059505117054,0.2882633455086705,0.30679489484433037,1.0658230490825005,-0.3547876274120062,-0.9741367127138095,0.10666955188165515,-1.744489188614301,1.4626818789350695,0.9299844353454733,-1.3411640014786501,0.6385240403984126,0.22031087816176,-0.506093852410465,0.6044153552945017,1
0.1380764056657897,-0.5816632863263123,-0.05608673323608694,1.6693581657383894,1.2837635180366522,0.2502225045495601,0.39889785042058173,-1.520265621419652,-0.9218918057410138,-0.28505735021321743,-1.3983257251919528,-0.3453710636604557,-1.0481970764425765,0.1935875603230487,1.0099954264827742,-0.909392536420769,0.2885953043100096,-0.6874880100405376,4
-0.056727612182777755,-0.5435902022506393,-0.11602730120987671,1.15570747502138,0.7576651287853459,0.38706633111008065,-2.026296584997247,-1.5544383567273898,-0.8056476021185356,1.83821154900476,0.37992490619011116,0.8538277454318227,0.4417286090557042,-1.2223090824222502,-0.4394618658717015,-0.7978896833311058,-0.9911143450458362,-0.728378744419856,3
0.9420080879734132,-2.0300316444553808,-0.17310075443698678,0.6039378407440837,1.9887678413443834,0.25241839864665006,-1.426084148404953,-1.2732428846077448,-0.47634161622074384,0.2458895200513062,-0.36582502479093704,1.7748880241228457,-1.5280400921457757,-0.15396371544727358,0.15412902933553815,0.2504867169447659,-0.10610405538597201,0.8487692646591042,4
0.8819258280870996,-1.4107797926652736,-0.6625815431458367,1.6975186065071746,-0.923060227074141,-2.094000458060499,1.4506147257648516,-0.9161834308161664,-1.273413785043467,0.8189921657710338,-1.6595168050682145,0.10855001635226515,1.6395765670531315,-0.7473338062442082,1.6219667717429405,-0.11137073927670917,-0.5800726977931766,1.3558511165956577,4
5.8664703789909565,0.7283549188625639,-1.5878484090645835,1.2653662258731262,0.30113510117128117,0.9776999705014492,0.5737461733290327,0.8959675696908597,1.3481523667548134,1.555917074781367,-1.0565272911823376,0.19460832475698042,-0.8106046683801723,-0.2341926093802704,-0.5783902821848435,0.44433672840860733,-0.18389641731283035,2.0800577460657226,3
4.898640942076714,-0.06819707592917001,0.7424095579774016,3.4747186566144808,-0.2483910118644283,-1.5984591370241523,-0.5581939870795319,1.3708236365173652,0.45977559765438253,0.6628230258166796,-0.580700196887556,-1.147061156545894,1.5098694921960194,-1.0124927030365891,0.3311291418680622,2.0992226217746053,0.9171923770718777,-1.0455714068486557,1
3.704475028395616,-2.344787571509602,1.608556850554435,1.1660621076036903,-0.669850936726335,1.6474148160404722,0.48805483569310154,-0.7552531699162457,0.18496429701001627,1.1026033910848978,0.1925443285265992,0.9974926135273393,-0.26671440965929083,-1.100468162355602,0.5368228053047867,0.18124279931371462,0.12681955663147867,1.5693244232856,3
1.6338694039007446,2.802157577984439,0.023320453099668348,-0.13837201753891518,-0.2393040362585839,2.3533705927559945,1.3047819378930734,-0.08797896760905734,-0.3469516134754703,0.8321185775684438,-0.7140609332524052,2.001443155001056,-0.7937901681938238,0.08344459320602908,1.0297922261795136,-1.4659206676986352,-1.0945584878341372,0.14599972377161907,3
-0.659110763737854,-0.08316696439309033,-1.102668209717283,0.76477338861174,0.2022017183301166,-0.18338679720671552,-0.24818473885043027,1.6246245325712687,0.06547444435795903,0.18489503808030802,0.9657864068338473,-0.5412783206632823,0.4422390475282045,-2.0053939829799177,0.3123884749101578,-0.5835133272247837,-0.7326120563361027,-0.3995758895694241,2
0.15736368664287126,2.441409472697322,-0.33948681178222456,1.1910853978551792,0.9246823491175854,1.0037145385433497,-0.047200861096053225,0.4941102525265387,-0.13960441313160243,0.13900183012434694,0.5362172542534357,1.2163789307406807,0.03061702307499437,-0.615699915565471,-0.07981584187180686,-0.9150773594267785,-1.2090744619512972,0.3165798553922147,1
-1.8376170941604266,0.35583390743231436,0.19741084851188584,2.325297260527751,-0.7036195091596578,-0.40805459339436195,-0.5665703989395283,-0.28968687189394193,0.5738658862660048,1.167362214356016,-0.27860263068639246,-0.21176629318627038,-1.4014280891164341,0.06655685504286986,0.36907450719092527,-0.04685615212926356,-0.15507291277716656,0.21472689007256213,1
-2.5766045771907713,0.16594805330091525,-0.08371448831114846,-0.5209076546549596,1.268710521541777,-0.38191403068911534,2.0548016905906166,-0.49678235702549434,1.2464352391593065,0.9695070350812541,1.2779045385122145,0.1081680685316451,-1.3133657637270544,-0.752124559566853,1.7949809974899955,-1.2152683145660124,-0.6454649404217832,0.48184567095455955,3
0.48932105447061647,2.3249831803130627,-2.2160173277213846,1.635856764373732,0.2745081693439355,0.4273531242846415,0.15507785126222717,1.4064141165996265,1.483845845734944,0.7177779127728123,-0.13831976166673013,-0.06069034903257717,-1.0814123416768455,-1.2382813320011177,-1.5023935842965477,1.3730849381039683,0.38771816195260117,-1.135249811736899,3
-1.6334482613385077,-1.023908196115392,0.6006857561363022,2.3672898428978035,1.3070731084548464,1.258276547341309,-0.9329159723185004,-0.7618047620448901,-1.4239916948734397,0.08065269477862604,0.33226159607725875,-0.6744849478793531,-0.28535600737232986,0.05172206022378621,0.23296878083151754,-1.2435371970718918,-0.4297785737270871,-0.25988154332331925,2
-2.624672036469085,0.025116510011813753,-0.6937639416777942,0.8552677575523083,0.17653015661465501,0.1037542925684306,-0.9206866674739299,-0.1960462046469643,-0.36155307584283713,-1.491862386336127,0.9384669606096169,-0.2783256197438422,-0.10442036435761035,-1.5948916337362777,1.1501792623962663,-0.7312587183449054,-0.3726075984949066,0.7861809511824703,2
0.11325966660889791,-1.1277207712889814,0.8927553767338031,0.6506627501871609,0.1827682868944662,0.6660906463699136,-1.3148423173778871,-0.7214932314338418,0.08591738926759068,0.7396923711474075,0.3997776510551044,1.12788947334601,-1.198283161735028,-0.13295477595554756,1.124959614823156,-0.44780496972390466,-0.5066195082218917,-0.8181518592272039,2
-2.3267008486502356,0.6941087108583598,-1.126694417270612,0.2699366739087598,-0.6619735828138466,-0.9783953821543652,-0.22229573833802657,0.1878730961111364,-0.08390684351733207,-0.7828770167436915,0.3464918388827503,2.1940342893322966,-1.3635100519546672,-0.3072690736127075,1.3103989265293714,0.6041613809633885,-0.5271772876236998,0.28271031184132844,4
0.42020846711423826,-1.1113978581291757,-1.0540803268988495,1.3917823743034867,1.8137445605595963,-0.74560721404072,0.4505644933764892,-0.6259203412915552,-1.874172196921013,-0.6596077446672562,0.2219253761644717,-0.0037950423257570027,-0.8000008012555702,-0.7411013148034672,0.1362923324910875,-1.0983342217594045,-0.2550386070430993,-0.8991043659871171,4
1.7155100389189941,-2.019789731500431,-2.045133178104408,-0.12536819850084902,0.2604957552476184,-0.1837040821395306,0.480311143254696,-1.4444752581401363,0.2849440823547998,-0.11888698372473931,0.17542213248792174,1.0560397453753314,-0.08767784392989397,-2.1867056721546194,-0.04893438488540774,-0.8460528563404486,0.6816722454652081,-1.5478186987990725,1
0.1773107051390889,2.6905732968442666,-1.728308302884739,-0.8339958898186469,-0.44651185800028476,0.13693788993547726,-0.24320551122897252,-1.0740098140671444,-1.1173001178606108,0.13728851199078113,0.5512251729729158,1.2966220414529634,0.052530421620507625,-0.019236465679085792,2.1769385972802224,-0.45355099916147235,-0.6317292904394818,0.5037432542136058,1
0.5618119442952599,1.7297701323356653,-2.0949898457804226,-1.10465739657839,0.38670521755496395,-0.5398217224273668,-1.0608661816628135,-0.19037005065775708,-0.24137261233796659,-0.29816513305344816,0.503078305928713,3.2372868082046615,0.037743459982734436,-1.412546387361471,0.5695789410172647,0.3901345000595026,-0.6962979997796644,0.236779853103064,3
-0.3688381382287456,2.194806534060589,0.20540356938457466,1.9600511507867404,1.5550451385867046,0.6257068469328378,-0.5677894639513316,-0.025362457503078743,-1.3274527335390915,0.9048329407923623,0.49966056190485003,-0.4515154690463901,-1.2359199915454748,0.3346721946265122,-0.10610646459670321,1.0750581979495386,0.46805082211703175,-0.48112752561720756,2
-0.31483442021522573,-1.0359736897023177,-0.5261817320555927,0.6955202055385357,-0.31952703072108196,2.1328332797835707,1.8156867788747124,-0.008699947165106922,1.478579280805531,1.7772217402276758,0.2910959974368912,0.007672540073877251,-1.4654571887716026,-0.03992688998449105,0.26079260705019786,-0.43862216502299917,-0.2961851645760175,0.25761423472547873,4
-1.4050257701301148,-0.7620351258558072,-1.730542278384796,-0.10728311405107438,1.7032610390561176,0.8792285175758036,-0.19285251279422802,-0.8324791566398336,0.6268277648222722,-0.9240328658777365,0.26130038385887305,1.229055876141381,-0.1527755235581031,-2.310427369808669,-0.3422692795082912,0.17096838212934212,-0.9990961775676017,-0.43854117343788745,3
0.6031256027416718,2.6120122673578887,-1.2237583495275883,0.10499233423216905,-0.26325665101676327,0.20317819895681294,-1.804934702058175,1.7062260758122059,-0.342746936850744,0.7948324996245304,-0.2800175312056623,1.1419368521682352,-1.931666932367313,0.5097589803993989,0.694011061836489,-0.3837202841259601,0.18109625246429104,-0.08223369963037126,4
1.6876885225084954,-0.3238570181422633,0.7164210013658795,0.16799864482714807,-0.7379704292963819,0.7733071388025864,-0.3019526164977807,0.2641258245189595,-0.21244144936237452,2.737435066915109,-1.0094890503661567,-1.016525495809546,-2.003669310486884,-2.2682132867339972,0.09905999982305018,0.9977867967662801,-0.17584933674437914,-1.6592242044907703,4
-1.2314323484951275,-0.09437638648539724,-0.5779963358981925,1.7017062101898448,0.3079864607199148,0.18219202761598996,-0.9511550907214221,1.3397562422918987,0.22327327119738327,0.2822215867081133,1.8620146017161798,0.3915613161816847,-0.5608247321006103,-0.6425241238297635,-0.35090314345011037,-0.25705393732118714,-0.6065167738047178,0.20184035682216117,2
1.815296264670185,2.4735689823750686,-1.8717339826140118,-0.31518220427388327,0.7302593150209007,1.3602059331082135,0.9952414333598728,-0.4400341230213102,2.440562455494559,-0.2274651930276036,-0.19176566625085548,-0.741308857300183,0.943014852861621,-2.1455833596924974,1.035443422148619,0.2653228992982481,-1.498404628463591,-0.861930525174161,4
-3.0656866901647213,-0.2450392271878779,-1.083000835963664,0.6709020356633426,-0.726438480033584,1.3143169070273315,-0.41864467937073446,0.25443025981432194,0.03454057555186969,1.0685781221932515,0.4442560690485974,0.71167347627058,-0.7174694110703435,0.7635819838453162,0.8450830291432956,0.4347405593202272,1.1821823050877265,0.09919938410035009,1
-1.012360982541983,0.8914259173840028,1.6554386778366184,-0.1435538128229841,1.201386455539096,0.3393905975513831,-0.14524197840129388,-0.4926637600926314,-1.6690460099085573,-0.846658875866707,0.13270799714755704,-0.7275281277396379,-1.876661669609265,-1.025299629245105,2.5407957797090397,-0.3836753649189863,-0.6567399991211578,-0.4012088661346646,4
1.4199283435608892,-2.588958468485628,1.7792878002421983,-0.8289841540774443,0.5093830630357069,0.835691487956182,-0.4031692274042558,-0.40933687948413433,-0.029112654607707136,1.0510538102825469,1.0443308523541242,-0.5041296898142352,-2.442044036453064,-1.5894709622741976,1.7814994517914553,-0.027490501116623732,0.34895110033963367,1.2733660794292627,4
1.5271522986808208,-0.7275247229832442,-2.040987895052022,0.6432299718708037,0.515134118778181,0.31049488175023543,-0.19436585144223073,0.6507405926699703,-0.5751334980519013,0.9696925396567248,-0.15873067253268094,-0.5104090057907641,0.09701256328251893,-0.08069166476196228,0.4844903716444619,-0.3067916170496178,0.7300711175378292,-0.4110404750516945,4
4.191882445199147,-0.891963060206013,-0.39608901457306084,0.9207823557273432,1.6329416535249177,-0.003286293308278884,-0.4937139675186259,-0.27997467731043724,-0.2350539007498063,0.4405957551099738,-0.6165513271765372,-1.4095259717622493,-1.8602782832342133,-0.31708030507896623,0.6668679285759385,-1.7999624944670076,0.09423364279056905,1.59256425023779,2
0.27474791355927053,0.31335745491385125,-0.03687428892286972,2.069158331488348,2.277161578710871,-1.734599455935097,0.7496219323741681,0.06202100795719038,-0.07279636854794416,-0.1395155746483568,-1.3216010143431325,-0.6130472753888677,0.21646437071022004,0.6823400425689485,1.4180154292313583,-1.8969775501819692,0.8967020303413886,-0.5389720755091452,4
0.48524531564290097,-1.581687616560046,0.8185846944511731,0.18407003773076194,-0.41302502349402315,2.7257722316762463,0.294813535458904,0.8482021916719471,1.4993245032769063,0.42202716096858667,-0.594815198333681,0.33129633925215995,-0.7251341200320026,-1.7691935188138839,0.3987647079143674,-0.46895718303834627,1.1476626183514982,-0.8669755686041597,2
2.767778311714511,-0.5675550413631643,-0.9123271046269539,0.7112522602194732,-0.2880237270354954,1.3067653237644135,-1.2316250419479853,-0.8422412405226053,1.1357294998494667,0.6407265818016523,-2.1215021515305836,-0.3681836878997777,-0.526282183849275,-0.032656697393959835,1.1892300151241795,0.050193633488651815,-0.31843183037502937,1.3443504026796274,1
0.9186004929836133,-1.2296231261873591,-0.25338236768109174,0.8351968505392093,0.7895051348375393,-1.3009568802722677,0.7033890132010261,-0.31802395591043997,0.34215203236626984,-0.3600304446760914,2.6704295046114583,0.9647172672184431,0.03109216509787468,-2.209967581612892,-0.04643920961121041,-0.5255035933473681,0.9357627198087342,0.155011429188832,3
1.2608501209966247,3.4572187058313633,0.36712573896294165,0.7356066424504372,0.2756525080999859,0.5047110358411547,-1.099901675049023,0.539371187774523,2.7639243151501223,-1.8314685211280384,-1.110019491401001,1.039747063304543,-1.0041782275969553,-2.072301003081312,0.6230568852520634,0.9094370172251252,0.2573275250845731,-0.3418705561135275,3
-1.8435982592723632,-0.6738891381730071,0.002734038683548827,0.7885048406027236,2.6722811634969834,1.4796517001362541,-0.40670311700226974,-0.13317249703280043,1.4027296815459536,-0.3308097035261447,0.4951273810029574,2.472765508173888,-0.1297663279823505,-0.40558901432741534,-0.6563250344498064,-0.8721617227237792,1.2600079531945543,-0.021855048417982602,3
-1.1076635488489786,-0.9824750348184698,-1.4798946041585905,-0.34442888569860347,-0.09511582898157799,-0.26821479727762526,-1.5140367464238602,-0.8964769048457935,-0.8932240332282516,0.8329209794420632,0.4721060419893814,2.092783225024545,-0.02269805308275097,0.11660622917460962,1.0469587717995454,-0.08739147723060794,0.7690307311345915,-0.4077483153855517,3
6.028136109219902,-0.0029620108718264827,-1.9068776517460284,0.7545871043813969,0.19849726360019135,-0.6775223226283918,1.9952054955936145,-0.38464621636157736,0.6644097455298836,-0.6376483110628468,-0.2680250597247951,1.0763628685570974,-0.05876406575689465,-0.4152719665657002,0.7147851290875743,-1.6051056044626546,-0.4863881681651619,-1.9732582261808158,3
-0.5535619694778388,1.1617495670013902,-0.19903399346059428,-0.23933695358589094,-0.45399004951333305,-0.5226992786857004,0.4812197924698338,1.489529298142383,-1.6770406350391407,0.6800149420199767,-0.2520205650568761,1.4520721828203949,-0.2703068942834308,-1.404873543911554,1.0010595049391828,1.1510958238161932,-1.1383439623668137,0.011241799346461575,2
-1.716544151358592,0.8066696068005322,-0.9841587417837605,1.0715241271144473,1.3742262854419858,-0.3989630299935104,0.1892559301537232,-0.428458099445205,-1.9291725931803676,-0.8748745040318692,-0.27815223906600234,-0.17832602375919984,-1.0690605442838805,-1.1275003935873293,0.09868403124707194,-0.5450303992504721,0.44759049521847816,-0.26267710101958597,1
-2.8943611313863844,-0.11023685202951755,-2.11401695592534,1.5110847398379486,-0.710371001108888,0.9457024612098811,0.7412735272261955,0.40117295843649353,-0.304654144394657,0.3761426195752997,1.103069817949992,-0.3236696611503093,-0.6074111230712342,0.6794171600435962,0.48590426804316367,-0.19257605923398,-0.5674206373893534,0.16695805827902893,1
-3.1063091840043784,-0.6976511714143683,-1.78644114305362,-0.4142303134834219,0.7994768749105334,0.9872608829310575,-0.33900162182073246,0.005029107117938457,-0.28561094650975477,-0.8759426858301715,-0.07348353432912275,-0.7211495522688237,0.2071310806676338,-1.3918059681748771,1.4723984256098281,-0.42049642149863276,0.0551904245491719,0.8033791480630896,4
1.8869423547647672,-2.1637806202548235,-1.097590027373807,1.3999704313788366,0.05676469309252363,-1.21812698570614,-1.124228929526133,-0.7999981193420761,-0.169723147955033,-0.10692266054533733,-0.5040182622376547,1.3752623619045456,-0.14420713851385888,-1.1688446235410292,-0.0715439823538384,0.231048655346099,-0.7235184628500021,-1.3219326094331327,3
-1.148232696578937,1.8795056601495654,-0.7745860265099245,0.7506541660264663,-0.557105791673019,1.2043139876864668,-0.27213447238694977,0.7546042441735015,-1.1302323446385176,1.7520789530247554,1.6440531085965353,-1.0763068407551204,-0.5649954472018107,-0.9041248962412157,0.11790687812419355,0.15266744273254615,-0.5052982116709597,0.05087709901777265,4
3.2960136612378297,4.905158396122929,-1.2043447557138576,0.46711618474195765,1.8523809422915956,2.089275346951093,-0.07057845012417596,-0.7233325901126828,-1.001222388443736,0.10281980751474883,-1.084449887901322,0.19300163772627207,-0.3410872338637562,-1.1536293133382214,-0.7423641918222326,-0.5593013464838678,0.3014510220988582,0.23950132247361175,4
3.229501888808316,2.415677526472956,-0.16406996073755345,1.3190689403763987,2.1897327566809444,0.0710092358297998,-1.060329866309982,-0.13265878374418583,2.0488820141964386,0.09879853882402756,1.8802808895859338,1.26304749689382,0.1409709926804728,0.3867276287984458,0.39903807565889027,-0.8688261325425248,-0.6672002937496306,-0.3774470646677106,2
-1.0607281009218559,-0.4859671725159184,-3.051119369179012,-0.29540749697125784,-0.5158842561269691,-0.8124530925111435,1.2812590917996254,0.2817519108879876,-0.17721931174267289,1.347586676978992,0.20161786459108627,0.9534250772204534,-0.798879760939098,-0.9753954736772824,-0.18590063838908924,-1.3604346384657193,1.2124369389981011,-0.6757686199094346,3
-2.4456678865126413,-0.788831494999306,-0.500075814629851,0.16573701588920045,-0.6865259337142814,2.62637290287224,1.9662453972614327,1.1579849605991615,0.2382413052413806,1.0684191942708607,0.5533105734454092,0.1840994130484083,-0.7895000675772149,-1.3764333355853808,-0.08981427305224189,-0.10449749924480513,-0.4483191943639764,0.5810161035827173,4
-3.1309736236344903,-0.4017144112564926,-1.5953836627906697,0.03838722392923315,0.2481825538233223,-0.3565761951318012,-0.6422184153639899,1.4945010497019207,-0.7795987676595606,-0.900697109595101,-0.8489475057311742,0.9870534053258957,-0.11490306451745494,-0.9537633611344072,1.0649207362116535,0.039967057604083416,-0.24399792120945235,0.5049120767537998,4
3.8383969693520843,-0.6039800971894704,-1.3116789363371248,1.7291463785560022,2.5558734001566368,-0.36140079844449724,0.5371170717891985,-1.061851570309373,0.6457706270479391,-0.41735453533293304,-0.5575090323782784,0.3476380150695226,-0.9945228749410558,-2.5261898455393292,-2.1141890441512157,0.1442111780409805,-0.4542564878543448,1.3437130258062284,1
-0.06164178120250637,-0.9412836472077685,-1.7684920282447585,0.1474013099467387,3.0884080332101953,-0.4711564274178779,-0.9992887705746752,0.6768552651214785,-0.9992449059606702,0.9258225842637791,-0.26588595613849153,-0.8765865302387056,-1.0572826108897762,-1.6030481195062927,-0.665655979186369,-0.7656245901776458,-0.6371191813524584,-0.9832724731869154,3
2.6634641631454428,1.823992025370337,-1.9197555413572798,0.11356015556272878,-0.2876465747083246,-0.6262558132757331,1.254386622261399,0.48306995870681496,-0.9140365044166018,-0.21648870438798143,-1.1410090914570454,2.224434483283893,1.0362202533917844,1.5578398704256202,2.4068260564422457,-0.11644657226046531,-0.3171282462000658,0.6853676500440653,4
-2.0409187212480044,-1.3605605833605527,-0.23831050336283416,1.2813222394833634,-0.024491391216060372,0.9658798943113827,0.7029422576302394,1.300911426914224,0.18840471018691154,1.2538809389589767,0.15140500837165424,1.5319160503119256,0.5793849704154043,0.033548233553263675,0.039074822742180916,0.49808322208172023,-0.7253516669047365,0.14306864868291416,3
-1.434713450624188,1.854850319599411,-0.7123010133348705,0.4084498039618426,0.14320004928376912,0.7589393261496897,-0.06295205938487834,-1.0562715527382684,-0.18455150608427098,0.6548127198210797,-0.8624771631119783,0.17805323052367045,-0.06222071355550492,-1.6030590766103372,0.2888344223374909,0.021346892637399133,-0.21256042438493344,0.19671783518079522,2
-0.031481849495919645,0.6075126483035546,-0.834080653229758,0.5197248916994129,-0.41040445243358564,0.454079972339107,-0.6660959644682717,0.1524930202373997,0.8992312277507998,-0.6811437958388266,1.9499001249333183,0.4349194789032561,1.0113218005532463,-0.9834039906024562,1.2422558588413732,-0.4169087896614972,0.8967154660942245,-0.10981771721863802,4
2.216827768028658,-1.16491312220163,-1.993769458300845,1.3418267260692902,-0.6728732552053025,1.6668488908085952,-1.6857443350807368,-0.008009088114181703,-0.10058661001416742,-0.10871155244271946,-1.6213368126061378,-0.7340030505569389,1.3917766272635985,-0.8007559719766221,0.3799522705361487,0.1372902207155706,-0.14608982135506196,0.09825888276328233,1
1.1384073051429917,-1.0320241691101313,0.003875272262816939,0.7240973269737648,-0.27781601789432414,1.7602097985810687,-1.2224208363899383,2.8817317538139546,-0.4029547142527564,-1.1217711432411441,0.16205039880978442,0.2317048426067004,0.4676786672558202,-1.399493737583829,0.520087016812182,-0.4905411326127352,0.9502240938448554,-0.6605978928991318,4
-2.3395645025994773,0.7671983685134548,0.3952344784314938,1.0282276690595105,2.395219977465808,0.8660824857881484,-1.4856696201570734,-1.6564452018694236,0.3442639593152853,0.7609813714011846,0.5093292957973476,1.6080449607136054,-0.38050865330054057,0.31697908158256943,0.20361302102854606,1.4110285996093255,-0.2726913386928734,0.2511094053945439,4
5.219927532716685,-1.316519274961452,0.33177612623942176,-0.07307029619371844,-0.9051976104904292,0.2911695976302769,0.7671261913148808,2.6867985839011608,-2.0039967726661936,1.5896629208300546,0.45511575505919033,0.7122090346745448,-0.0973805983004032,-0.04192080959347369,1.4801453939795755,-0.18647021580071962,0.09056784295826385,-1.1211425291977029,4
-0.33753941690577627,-1.6490245994809867,2.6348805585485797,0.6511064349556466,3.5106254615903447,0.3430231598855256,0.5440018982538796,1.5839322366168886,-0.20017262359942192,1.6263924819032989,-0.46277338797580286,-1.0569582449928223,-1.0210754587239042,-2.5494876697434674,-0.33839694724324115,-0.7878183242521286,-0.45931606934171765,-1.3257892918919816,3
-0.04856722917627798,-1.3869705323401484,0.6477400998657398,-0.3919939795482877,-0.1811108278261151,0.15595582781167272,0.5088617349461029,1.2264071116413717,-0.7547053293630316,0.950589050351531,2.1546921156977623,1.234346598299838,1.155000336063236,-0.6970235216433572,1.8445330055961426,0.14190242860030106,0.7853233825304581,-1.0700712239047387,2
-0.0436492385518323,1.6362213386330087,2.9318703304471563,0.3866581338589779,0.5506891098283121,-0.4600235300453746,-0.3295024425548993,-1.7402444412672682,-0.29894029511415215,1.47179683129673,-0.295672492066054,0.7635872700620449,-1.3339631327074168,-1.0868123609395215,1.7343007534832418,1.996329218640809,-0.03161594236562054,0.5136191318356936,2
7.424049374529971,-1.1801813059883857,-1.2567361035226248,1.4438519125455245,-0.25526466902741385,-0.32404798572849314,-2.115239717913968,-0.1492177338465764,0.03118599206621493,-0.09702456067001983,-0.8865876060719766,0.36627852459041,-0.1738860520343432,-0.4858504998322632,0.2748285963093467,2.4063543968595296,0.5702083286208,1.0754537624355205,3
0.8581160283976699,-0.8595717997442407,-1.0601468676524048,-0.6931956590013524,1.5258986361254931,-1.3103264024893502,-0.4034347101241918,-0.22374209748314366,1.03476255063623,0.8055169290000476,-0.30090920937728155,-0.9882154041062721,-1.2599810148986748,-2.1836094964233057,0.7082475529869826,-0.15303714449129233,1.7349049760436606,0.4562710907252499,3
-1.503369826665972,-1.2635044248453375,-1.4022399349019576,0.5370205568372587,1.4344518233563546,0.299793909337511,0.7213143386913315,-0.25268930556775226,0.35958132091384143,-0.3929076182316788,-0.835810805241641,-0.19875584931318382,-0.939947541019791,-1.2929051842426487,0.05765896902605161,-0.5245718676196515,-0.051021098370568375,0.6382385038024353,2
6.772464740291895,-1.4445511188759057,0.6594420533329522,1.5064373466093712,-0.9496723556835951,-1.700991523890852,0.7371566011231012,0.4119186148624232,-0.19240295459019557,0.9666814358687588,-1.430743024431758,-1.5601553493141735,-0.4452676003163025,0.37480757229518663,2.7390710527533244,0.1372367938010719,-0.8886923941264203,1.9979596222967435,4
-3.4906073390430485,-0.7191395731578545,-2.074261231431284,0.5752502716235813,1.490468128204367,0.003901318999176351,2.6190872434815406,1.667242917057817,-0.6206982113488497,-0.026235541930848354,-0.5172087461628145,0.5230406798967228,-0.3423416629328283,0.7498512836892914,0.6265839368573325,-0.4309828855424066,1.554453747754847,0.06095474983280406,3
-2.6823328392711874,-1.0532158987443938,-0.4550078278671743,0.6890876977576514,-0.53488004635605,0.8378164208465129,0.3245413941963824,1.4131178741728638,-0.07591308599947656,0.7369392882208182,1.9108737676722831,-0.054297678001615016,-1.5421138770930853,0.15017865386409834,0.7967028967209769,-0.2890859917897986,-0.14188290626419123,0.718865122345553,4
2.677143964095372,-1.4375507346972611,0.6736944267391497,1.8421853140195634,-0.040714574123193036,-2.058790735633365,0.43837167206566824,-0.013113128849587161,0.180116890557117,0.40439045452692735,-0.10720020346972271,-0.8473633875842365,0.13587024039827691,-0.1766671637699163,2.019031355375704,-0.017427147313721837,-0.6961219651317982,-0.5774316061025636,1
-0.7336976246069645,1.218337548653052,-0.2738733278485297,2.2172243669982277,-0.3233301575088048,-1.5872888562925578,0.9818916154917103,1.4561047027077954,-1.1915655825978517,-0.010514845706418117,-0.30373199060345474,1.0074973701028458,0.9209788521053439,-0.24077695691801804,0.6082809917664693,1.1155177978803366,-0.9628260995159572,0.09969770329648463,3
0.4443796272695356,2.0448893858226582,-1.287349421472291,1.3587611674314735,-0.9982598779298824,-0.35187238681211097,-0.5146261995550365,0.5483510495768863,-0.4943714022340479,0.7597649361127407,-0.10882158325600912,-0.11987026906101562,1.0141533980457533,0.2748373330260501,1.1133428670463457,-0.21266033941691453,0.9401979583457485,0.10274049966748466,4
-1.3507950862184082,0.24311751224352904,-0.8876027112148672,-1.0279482848794759,0.14584303768248721,-0.548116641262656,0.8675292354509329,1.5280470024537602,0.22086053396725785,2.3563635463453156,-0.3194713025809917,0.22489971901763026,-0.009880514004108278,-2.271912889693626,0.31081128097815935,-0.3174466245382084,1.0126548106082198,0.08726131705418927,3
0.9978153891093483,-0.012582469328146299,-0.41262480673578766,0.7005093287932205,-0.4101650695448223,0.7791919369278739,0.7661781919315642,1.8025320016823763,-0.13152294371823336,0.629327287256985,1.7408545977974181,0.17026748465899882,-0.7120166603293795,-0.07801776285527663,0.6684806303353799,0.19428477752944784,0.9347037154560818,-1.4505588583172735,3
-0.44998617856263023,-2.4051568096332807,0.6254752239469028,1.9812087278534702,2.1098069144093845,1.349193337409562,0.7678049747642266,0.9374679713092515,-1.8313426682521259,0.5786614102345679,-0.5118804167982195,-0.178127048429362,0.7356188437988801,0.48181214369320013,0.12420109722137815,0.7427481373401762,0.5176135492982613,0.12880608174966665,3
-1.2814534072331738,1.2250705292948465,0.8855489924013122,1.5140662721161706,0.9625971112194798,-0.17906022758559176,-0.19897626117102787,-0.5067580461308343,-1.0955298979863628,2.7521550947214553,0.8941900179798333,0.14223306389086648,-1.9509191556602,1.4432992366449515,0.4859027952690062,0.3891412074097013,0.20527909344614279,-0.037382337972273735,2
0.783693023252286,2.0320090339569075,-2.153482588406913,0.25798926940261924,1.2974129479942829,-0.4362310539886199,-0.3518652631789828,0.7390742346082332,0.13366160624241522,1.2139147153476475,-0.45579187427418344,0.036290424656171334,0.21563726690485807,-2.3685786134785722,-1.1268598044575135,-1.2654756591494345,-1.4533014654321081,-0.3667136541283727,4
2.366664447108706,-0.9927920971161733,-0.445743352466341,0.7150343394900871,-0.5629638130993214,0.9338548331130827,1.0116841755456734,-2.0444961048504555,-1.129813945366354,1.1861510809240123,0.6008337799011668,0.08623854053528239,0.4668805321313485,-2.2797933143781237,-0.5188846107617713,-0.014214874333475543,0.7742118078150788,-0.739395399151034,3
-1.1337902098533232,0.04548717061547604,-1.296704069268291,0.11424183176910378,1.8529765908978577,-0.490772907284567,0.37939965903871864,1.9816883548010766,-1.0261875284371667,0.9488670283315259,-1.361355354267205,1.367146932199875,1.055888517104125,-1.3654132301307074,-0.6339192914269189,-0.5052244439802823,1.042770456953833,0.2971733738367942,3
0.8655906237212496,-1.6343331432158366,-0.5714355718728401,2.6040798432465078,1.3361647522261701,0.08115862249809642,1.1728902418782514,-0.14936232307373695,0.8865830250374485,-0.5251516970373601,-1.002001672218546,-0.07988399545043556,-0.18744556708094717,0.1197433292475943,-0.3375969680332947,-1.2882764252373091,0.5756427878574755,-0.1692453454541374,4
-1.152783682566985,0.3566511877990394,-0.39688402115317784,0.7568010720359526,2.414703603218585,-0.1876791305043595,-1.1931772982418316,-1.6647884528722328,-1.0021381269104,0.11682667687122299,0.9781047616375175,1.575694895666225,0.5177834822548154,-0.9985886431042368,-0.18267757147607544,2.3029182461817865,-0.08645995084738152,-0.30574768030563976,1
-0.8245942370414304,0.6309125558077622,0.6316574027867065,1.9955073535300418,0.5058888858697964,-1.0331674843519325,1.3263731674166692,0.4851604494180083,0.7016433289120169,-0.06366953211815755,-0.052484282115839706,-0.38309360058665926,1.762702744289184,-0.7949274303872017,1.447602794461155,1.4590385311071727,-0.5597558445888917,-0.5355934130950748,4
-0.3548248036740702,0.8798922944052892,-1.0565082513103057,0.6314311333414939,1.1063979659797323,-0.705464880493239,-0.28312134372696846,-3.5034082062508007,-0.7053755482228375,-0.10186317404137636,-0.3584827406503045,0.5834182051007161,0.10316809154364089,0.30143790501326106,1.6665988374309257,-0.5818306138773749,-0.43198946183384496,0.5257565238077987,3
-1.6729191597986819,-0.8868716957495689,-0.8096732738585759,0.7499765599850551,0.5195825009870636,-1.7323883587937488,-0.3062729940144563,1.9565471855121392,0.39595066606559276,-0.7239051699656038,-0.708873368048322,0.6700443491318528,-0.6762959354169061,-1.030842245318767,0.8627577734905861,0.13801460974362756,-0.43972424592625975,-0.5147828200404273,3
-0.008333009851406531,-1.5005911426426708,-0.6635199925269716,-1.2447570726721073,0.30594359379963965,2.5424396945496675,1.3279557369361712,-0.042459724604735974,-1.7529957784840986,2.6268842913608927,-0.7588685570811611,0.5167423534827082,-0.9631539148385151,-1.3372549994711032,-0.26595317099601634,-1.1275258276866351,0.40046007266896805,-1.405875824988856,4
-1.6332844406686793,0.30405984234160793,-0.4517710316267678,0.886641156903952,-1.2224131049390918,-0.1836766999761583,0.086350799348961,-0.4215452347520931,-1.0968040707703477,0.743985027593557,-0.07183284843065295,-0.7956526174473771,-1.4542206090653993,0.1555659749352843,1.5949872758263623,0.3522759437058244,0.2820917045822519,0.30887662791387105,1
-1.9319284984357525,-1.14798042080027,-2.3360267703321926,1.630458002968324,0.15475669294171246,1.7489751104512505,-0.5732531492595646,0.35342103323054236,0.4213482420561562,0.9486725438457678,-0.4172692341639244,0.23440307741292268,0.5891126573249121,-0.268438949944863,-1.100257411951841,0.27198374716184115,-1.0148731220130025,-0.03138808363492891,4
3.0953979222673733,0.9240337211389588,-0.15324165103199433,0.356677244286225,0.1199675561428387,0.5348190230980645,0.8724908927746944,0.2611011266600592,1.413440844376911,0.8757363682951343,0.7373856449152408,-0.9881852375103362,-0.01768269158813512,-0.4604068413806153,1.5881799179548333,-0.4164761873802346,0.26355528048908045,1.092180190995949,1
-1.3972138662679485,0.36614444332707285,1.094835330244828,1.9596976460075155,0.8490241338527926,-0.3970127144087719,-0.35659679252831533,-0.6251695125248717,-1.6117679620397716,0.5398177002592165,0.36006421133606137,-0.9872688674394197,-0.5339677409439495,-0.2618149009472932,0.8303136098362283,-0.9979358995440804,-0.6210475721723223,0.05825074518479267,1
-3.4123351914428026,-0.6859120944404449,-1.6232102423249242,1.8090846187775094,-0.1955265322063212,0.9278220313540428,-0.575367157152474,1.5823255756193235,-0.18249489021044119,0.1784559236013988,0.9514852239632426,-0.016188250408145952,-0.16053220933714005,0.0293074635334744,-0.39653363750786425,0.17553018617187835,-0.19451574380997178,0.4049311974502857,2
2.2738261028585116,-1.8745354420743021,1.0843270547209367,1.2656685543696102,0.14978720456881084,-0.122757675862717,0.6018113813633611,0.05061074424560196,0.7087275939595236,0.5273012844928037,0.06110563045799618,1.6049263922783006,2.0052454489811766,-1.2312528659917323,0.8514058256916242,1.1539520256426503,-1.3313371289399238,-1.1261078972040326,2
0.9725108584433443,-0.3844655864320328,1.4830267114665827,-0.19747001488847404,-1.0768735401493654,0.04703494308249048,-1.056608860517135,-0.843586003133531,0.3006462808550366,0.07602209256668577,1.2168391413613378,0.8017455823860877,-0.2979697313860486,-1.5028370030546043,1.9109037112401712,-1.7335235799150908,1.2943745480937259,-0.904932762568889,2
0.6493994403871763,-0.1381692092627496,0.02395923230861441,2.4848856938312065,1.8765133883317133,1.2121275376537841,0.48802094658879375,0.15264810392694106,0.8222287565822688,-0.6246028828053644,-1.8735974451588457,0.3171684410571342,-0.9882233471584007,-0.03159156102502934,-0.9258387778395633,-0.32099925254892714,0.6750702337931618,-0.4155095703099542,3
2.2566045827299006,-0.4840027245631489,0.6346599607869863,1.8729112946277302,1.0052673574643487,-1.5302289880533098,0.42828600030239683,-0.9363142463980535,1.162923392971078,0.2625589541154813,-1.2527861435970156,-0.18713042761933357,-2.3689943555039794,0.08746885266767687,0.7990943171558689,1.7095151457321467,0.17491910743886843,-2.681677724038854,2
1.1111663442525868,-0.9783368343437382,-1.7868368862560626,1.378552440393819,-0.008221523144392295,-0.255891565603146,-0.005946692040787015,0.18760570510284985,-0.5136564555196941,0.4338818722357979,-0.08657696208275173,1.3305281384739507,0.5217150202383836,-0.39457145684836326,-0.6829090718086388,-0.8184298052019966,1.2599901386460255,-0.4692543694670686,4
0.0730137321998193,-1.644698499866837,-0.750020315350208,0.5079026189830904,0.05483610464168193,2.5374254685670987,2.123676621946875,-0.39751766862968674,0.9519734108276043,-0.46243768202066043,1.8586743350575992,1.618025611710746,-0.243218337229108,-0.9813881133338467,-0.3304493854993567,0.4200744895733267,-0.4934360350830303,-1.1787395106172711,3
-0.9244981139845386,1.8644368891240286,-1.1415935033578308,0.7241484956664833,1.1896201956528696,0.2668211323805386,-0.3349031207383776,-0.9833204986286541,-0.053955264340676226,0.6513739689175416,-0.6828662312725824,0.7968349171576903,0.5859165175963156,-1.1459345665704528,-0.3196043016478674,-0.826711876719883,-1.3943422809784969,0.23803219179214,3
-1.4768959112708724,1.934319528565465,0.8750954960525712,0.9397966878152215,2.083287063106651,0.5244456902395814,-0.5589546895173655,-0.22768865094386406,0.7308578951765451,0.21760203647162998,-0.4584943330385534,-0.7519406566612556,-0.5166859308518881,-1.0201933655793143,0.7679215474038789,0.26799129883400724,-1.057140333814749,0.016102301380918803,2
2.7377699544442473,0.013949731714236129,0.3037786629065134,0.15103791863374827,-0.4521393589944371,-0.3016460258068142,-0.026296088036904936,-1.586072109920402,1.93407177755373,1.0016484734952147,0.21994339008971764,0.08821457595161321,-0.18882431640894115,-1.3637683280984951,1.2123921120172112,0.5078842889115142,1.9213452394855122,-1.5696121822346543,4
-1.4719071560427284,0.642471566276839,-0.06290878297803042,0.8664912866740797,-0.3551362958137795,-0.5425577096644861,-0.6781265970695955,-0.9747240285258214,-1.50268826862383,0.5516529636062425,-0.4071454007385005,-0.30137098991835287,-1.5557253079384832,-0.44168039631402295,0.79701776386448,-0.1581662395044807,1.5801842405881448,-0.22667776580406088,3
-2.6272356121608884,-1.5530391412963753,1.7511483010547582,0.09460339419538898,2.291836836308637,2.744405277376493,-0.8789173385721046,1.2832488348889064,-0.8774381070874218,-0.8833541461333647,-0.06593860170448104,0.05520032961910753,0.30756480964211114,-0.0567945744155536,1.8996599287107623,0.9646752733610438,0.15521678741715011,0.8087995742344931,4
-2.004378445699373,0.39719933144951636,0.20701125154636107,2.4371985878240947,0.5932929455881644,-0.2557283206881905,1.6423490907163873,-1.338427098480408,0.6804118022767407,0.7603550095094465,-1.2044884854071,-0.7333719142493369,-1.1778537223808265,0.8379182720267633,0.6161393351220668,0.107825200599295,0.7478250926126051,0.43182729179198287,2
-2.0196358871350033,-0.6666571020724908,0.1950372392617436,1.3861597318803074,-0.17605019773174255,-0.7842378376690006,1.356512269060087,-0.04897258813326406,1.666133399588483,0.9514871617659426,-1.9846378916002099,1.010798918509054,0.005497657124811683,0.755820174817122,1.4707898563852828,-0.3919181242572121,-0.32466916962063974,0.028233084527162892,4
0.7669495729182841,1.5917172917821611,0.7085336910848783,0.8500059835935332,1.04769545487001,-0.9673942253462985,2.058722738002124,1.908020369622551,1.134502283767412,-0.8762978783887642,-0.08039211591573331,0.9261733032420546,-1.2434038356383417,0.9282409322494123,2.227277438844927,0.16104176915894086,-0.3807483763461182,-0.3186684252085006,4
-2.730525051403224,0.014642652251400714,-0.49363963156720714,1.427778104774791,0.20876234564128213,0.9321109539438773,1.0969976051614756,0.8284602317166562,0.4957041539930931,0.19233737351289942,0.08050708158364925,-0.8537947987576268,-0.822742811658301,-1.7610244781455748,-0.6984047494988704,-1.513710158461747,-0.34785873352753727,0.24655466099071574,3
3.0218015794250093,2.1925616312310625,-1.4920259991003486,0.3736971048373789,0.6170386126055816,1.6309934859612554,-0.777551074710514,0.8570149994217008,0.19965348575639844,-1.4559816398832184,-0.049857476729639486,0.7865508941643518,1.648396073436596,-0.4373056437078208,1.0384175776681668,-0.25214850555676527,-0.4162854949247986,0.8897371515465015,2
0.2356834006952267,-0.9442357408931518,0.8100192553525891,0.7409225204937544,-0.040938895353229386,-1.163686608805253,-0.7458264505093317,-0.9511515512833761,0.7746610278151708,1.1581802805535981,0.19202351974451082,1.6544676932001672,-0.0477417101309092,-0.6412664047137804,1.068024607386795,1.8512414185670443,-0.8229580215635229,-1.087239733303523,3
1.5480056736365688,-0.9334941495616259,-0.30851613869929156,1.5102245548885085,-0.554125038290178,0.9599710997088091,-0.2977622919190854,-0.5283475163903727,0.329566607785608,0.9436003276900017,0.042493672134079126,1.5307503546334822,0.7547686201745738,-0.632544659684264,-0.7095457855194546,-0.3188593631985058,1.2741160883262335,0.9141125378029005,4
0.366303349914829,0.49296827917413333,-1.2684363375405356,0.2929595940698005,1.9478278302163543,-0.7222961537312536,-1.8872520752171102,-1.1622506586980923,-1.4851766959928507,0.952073169416417,0.8693885959280099,0.436723070862012,-0.2080733741303423,-1.224096442294427,-0.5822723662498511,-0.41822430488038415,0.7739891070574316,-1.045358206789655,4
-1.165871590792419,-0.353637003816253,-0.6720089126995886,-0.12750654147478752,1.4228218269995203,-1.667325384518614,-0.2073679500123855,-2.7619614905159193,-0.5085217464477447,-0.5521158157636907,0.21668164305768367,1.0979720532531843,-0.637773847623819,-0.7200034806764146,1.5700252692881322,-0.07840015036368216,-0.268648965881037,-0.05457980997450104,3
-2.00121011707487,-0.6614973821687434,0.10074699995108263,1.7391761682663056,0.36491773265108074,0.5046512164164443,0.8976173391287781,0.510839768719032,-0.09534374389042233,0.11332489411803336,-1.4245569026611866,0.40716146407763676,0.3053612690113639,-0.13284048850796668,0.3594032113913285,-1.0126118324900573,-0.4099642313828698,0.40468431748359834,2
-3.492618586741723,-1.2742640219424777,-2.003633126137526,-1.9683499717624413,1.944991336010885,1.6229328700284684,-1.7837482878228028,1.134991389697628,-0.6054793639530077,0.24392165397300994,2.075277622899543,-1.3633945152019529,-0.1939185278565793,-1.2361729868301425,1.4074536642261368,0.001415747864886948,0.9482976818100791,0.27033320437765335,1
-0.20717918184746173,-0.8102902068582654,-1.6797870673940205,2.0738153394712797,-0.443643162951868,1.395208176278118,1.2465973352131132,-0.940985875410664,0.9349077043341939,-0.9340648684920312,-0.9365457759542927,-0.11247983114399963,0.11174459514394605,-0.6243903598818286,-0.32030816031390347,1.3947527560430275,-0.1511369016320416,1.1049632344406963,2
1.1550756302797058,-2.5522033261751744,0.30205623627469297,0.2091224803084041,-1.5491472238174335,0.026568585659777707,-0.34145559824551946,0.00661484293940954,-0.4887317965679758,0.7562668412199944,-0.9178822000339045,0.520906218995705,-1.3812921850554365,-0.33342363663559704,1.6362341005098064,0.4628527824125352,-0.21337220477456945,0.09637737761294794,1
-0.41991606652760877,0.498386214107249,-0.5803664388693732,0.2468365399595595,-0.7915881917256615,2.069377030861853,-0.5728151559477376,-1.3868861240129275,0.13754001187969125,0.508674116330855,0.5848454598172981,1.9622245626055397,1.3048493312136127,-0.5201577823869875,0.5297759357348616,1.2101614782098455,0.42568610011812313,-0.714738723167495,1
-0.3030635220531148,1.601569167434895,0.08184986222884919,0.8958984677980545,0.45370434682765465,0.1952452115064277,-0.03350458748937919,-0.4707909743319962,-0.8499007835773601,-0.05950848191402276,-0.2505307985162345,-0.10612537122206933,-0.9736665236281763,-0.384975308107193,1.0434707175018532,0.5452617813872126,-1.1285852293147085,0.014346145201010652,1
-2.252176041011186,-0.5842925514407581,-0.9443106610626352,-0.3352808363912386,-0.4564263142099073,-0.9369445199694335,-0.8993949384343134,-0.8511813872944357,-0.41867135429757363,0.3812678932932931,2.47913497140355,0.5497596526561407,-0.34742118439826386,-0.15726920470583503,2.0752823361716013,-0.11363678137427673,-0.9349812061405004,0.144710683938694,4
-3.2940672113725253,-0.8630308619813731,-1.5818132590461789,0.5080211003432282,2.281838244578629,-0.5413876682385346,-1.0863667255625233,-0.9571137826966261,0.409757815404099,0.5370958283595609,-0.8099966048100727,-0.19338518511332797,-1.047597369015526,0.2620104916508516,0.47158074540247963,-0.7413452535517854,0.2075106899079726,0.6665666394565214,4
4.846221969555612,-2.329272505422276,2.042016152921308,1.1597699725999002,1.6617062958241993,0.9530461906295029,-1.2420829248793495,-0.4609075686635938,-1.1941861745735833,1.6193490113995435,0.8746436347586922,-0.4382754761924143,-2.1993974201751745,0.7393822005218535,0.536018735857926,-0.12513224335187031,1.6065788454682797,1.7811415742088978,1
-2.135070999108324,-0.32998986281079284,-0.7727162279656883,1.938714024065422,-0.6200228276631203,0.6508827665720163,-0.3222529440441581,0.25052776147286615,0.1387765590912491,0.08954885731062705,0.5928259403592006,-0.33909525899766146,1.181860787549019,-0.17873981495793884,0.6155832618958696,0.39586903869755014,-0.7520881866680922,0.4830855176832312,4
-1.8224550996567264,0.7594883494569863,0.6542724194608891,1.135332704670272,1.8740317583191997,-0.3384592075921556,0.814151889265684,-0.3517770477880249,-1.2373724023279846,2.0238226668404096,1.6803389109890587,-0.6172121942111393,-1.8229622946437143,1.5650798669579566,1.0800326925698565,1.7923524158265163,0.5427178644365256,-0.19878519664328534,4
-1.8077191882573467,-0.2608522342166759,-0.4209579403357788,1.4777981728621177,-0.09476030593842581,-0.6622310359423615,0.7118473177658573,1.1829188514663604,-1.3569394844740554,0.7376101364491403,-0.07124225127951526,-1.1877091925484582,1.1043671446598426,0.8597647566159276,2.1108231791146594,0.6890664704387031,-0.5207830872172954,0.09958315341283637,2
-1.772875681973224,-0.17894425315242077,-0.6251685997517911,1.5925963957040974,2.308490529497703,0.32691711126299056,-0.18259630430955812,2.1971387910056204,-0.8406192475547734,-1.4729219314193736,-1.2079639114163718,-0.42471199759163564,0.4397444101730289,-0.4689684698476426,0.14894556276727,-0.242785485909516,0.8431206350844463,-0.545471734112681,2
-1.3957654565548685,0.6698586110396566,-0.012300575220835148,1.2643016892874297,-0.23183640790660145,-0.30999339911191215,-0.5336769166123282,-0.604032719738417,0.5474876334814749,1.7582515998106054,-0.42873069602490904,-1.4428963835551076,-1.5054226277543767,0.40999005001494687,1.1912739027643282,-0.778295061940221,-0.8901261068082809,-0.3326963510929156,3
-0.6290648837745191,0.6893007364034728,0.23446468808638962,0.7294266062109136,-1.2675543337231394,1.648264190101185,1.7559065453714788,1.1636166045739393,-0.7274481156082716,-0.9032045313841517,-0.18321901100814553,1.5226506858182436,-0.6698135145732883,-0.4092285501934335,0.9327750958657017,-0.013635403751266284,-1.0900305114234383,-0.08341760402472634,1
-0.5992870903627484,-1.5012628815710038,0.2734494349701922,1.4823782199505424,-1.2482070975346182,0.8728764408728622,-0.41334686721836045,0.11048066502316357,-1.1062359768151837,0.018546055888782526,-1.2485535575499631,-0.7234933068399138,0.53880268656336,-0.11563866267221094,1.6086857147146372,0.0818786663046395,-0.5477843886239128,-0.5797151860849464,2
4.779891215694083,-0.9640022503172021,-0.9550881037081252,0.668992364789812,0.04708064555237986,2.4693627712808133,0.4674978538343706,-0.2768741383376596,0.7277590542217769,0.8198813564681552,0.9825576831491785,0.9651916191242285,0.3632852219776198,1.4459499984708797,0.854122001673992,0.10416631613210568,-0.1631110775799966,1.277351329743441,3
7.08508267645569,1.1274210944901903,-0.9082442876986208,1.907970813274705,-1.1759416867379793,-1.0048883113297875,0.19002800326868058,-0.04089753908322023,-0.9411807740407069,-0.6679135970559897,-0.35522229920974646,0.6552717904313687,0.26812726026181377,0.10087499955771653,0.8623020921904577,1.2752826221380176,-0.2786145098912901,-2.1403641935958646,2
0.8726309913704479,-1.5983856052535015,-1.6863888140229066,1.1200670958598213,1.0848983093449083,1.735953517302385,1.12797162264843,-0.4089064823550858,1.0951118788254004,0.3901637408746644,0.19450707188707922,-0.5088575774329306,-0.36163552916021313,0.3990831686148319,-0.037635777121112386,-0.1550467370750892,-0.35280551291796564,-1.2010927197282102,3
1.8879526357230274,1.7711514390283198,-1.2274155442776937,0.16350756941919434,-0.011109063878680416,0.6332953705763306,-2.049903529232161,0.46021965965830536,-0.9066586961792746,-1.014401072027715,0.16382255976513735,-1.3890980451628472,-0.23058912273262286,0.9906389241229793,2.898566594068699,-0.33627373519397213,-0.3039556013221221,0.05320840397389598,2
7.955562210221683,-1.749851678246424,-0.1953110451620912,-0.48535955262195424,-0.06871827699455262,1.0985185900536172,-1.9030413823615335,-0.9120887607542584,0.9422841961516095,-0.00983778865791729,-0.009403459162273054,-0.20881641198463505,0.22219467952777633,-0.9056513337509692,1.8949562699452762,-0.4668265205658534,-0.7853569786534041,0.7456019799260457,3
-1.3796552959127018,-1.0514546049406308,-0.44301769098206517,2.206319129269178,-0.08956818973791063,-0.6166948920980757,0.8518161288172278,0.21849157495673158,-0.14933906416653034,-0.229236342105282,0.6304533456952605,-1.5564287374421737,-0.21700843261215413,0.022505503733129525,1.0013629925278833,-0.7467808643319052,-0.114132869565187,-0.5015264462739112,2
-1.5995420547004622,0.7566090645517394,-0.9558789647600615,-0.6500509490590177,1.2375269090876566,-0.5664512823063098,0.995559352562364,0.4436048003138388,1.0101344484646482,1.7542462541831125,0.5964210917399938,1.5186444904045944,0.9916457693539147,-0.4154261705039322,0.983818587223967,0.9019817469157677,-0.6952459338029634,0.22818304786153779,3
-1.0293992558012088,0.2814590229219383,1.3467584474745447,1.8904633274417144,-1.6795726753454454,2.340428390854354,0.344344623333469,-1.4950965097801965,-2.238577733085159,0.5297438399748711,-0.9991093184976365,1.2641756901747685,-0.129201936988212,-0.08314111593422858,0.22316797596412666,0.574120933042578,-0.6762603321563568,0.2973171921150179,4
4.756060737967478,0.8657429644893091,-0.40596521249588746,1.40143144064403,2.5125207349891636,0.9240581541647034,-0.09677225814685861,0.2340983600377854,-0.7482556106758369,1.413150095801287,0.622474561630033,-0.4645198318043093,-1.7839213358016086,-0.8407843919573075,-2.003250423573462,1.3703126613215004,0.5986600743229292,1.4290818258147833,4
-0.3537391126446049,-1.332417939234214,0.8881500157531993,0.28010777148048477,-0.10163913111257993,-1.3814134288494924,0.9843161700683448,0.9602497814141422,0.8539911240990193,-1.0402819061583075,-0.17457371458809892,2.1318208665234986,-0.8939618470502486,-0.6040587093854775,1.8277021063437133,0.6742728526560797,-0.6279978719928871,-0.6816381314260168,1
-0.8615805137898385,0.5765101845922035,-2.4993001693402133,0.36819324505828094,-1.1470392318282245,-0.3687848252973916,-1.3756600886859582,0.06700733046756051,-0.48532873584138486,-0.1927372169661065,-1.6925352460634344,0.8639207130758222,-1.1497699968438404,-0.12813731698986186,0.5635866163070237,0.9633936484754169,-0.2563252362784422,0.017238957948667488,2
-0.6660934152618577,0.21588269542023888,-0.371803795735416,-0.1397747969623608,0.7412734354229934,1.4798833642649585,0.08791008135655753,0.7838731210515512,-0.4750862119057985,-0.6033811138014671,-1.4298785883844336,1.3536662411053202,0.7614711570891958,-0.18602789600938377,1.4141151421137474,0.9111489051103022,-0.8192745717266562,-0.21606395578927418,3
-0.9830348428441399,2.8519833192176978,-0.0046788717676507505,1.3185490156852464,-0.669602700319343,0.500957071402075,-0.4422788190611543,-1.4182457941737094,0.07066464634018439,-0.42966079257534234,1.0687937627943387,-0.9494772510415667,0.6079955391393358,-0.854408823795793,1.2789923638483451,0.8309681190683638,0.3167323143587826,0.3007026218699802,3
0.2738075373601154,-0.6167492485138766,1.6051798102104584,1.2088093111590634,1.624944919742331,0.24068706234257745,1.5114109444944082,-0.51533934351885,1.5060023039445496,-0.40169663508002,-1.3972489556531134,0.1858729962586596,1.437085593003094,0.3365373823429072,2.331926910170699,0.532239252524235,0.16618102172877813,-0.6417786823183825,4
-1.7382672266595205,0.28012018953519635,-0.9397340376779438,0.3094163311528676,1.0589296103567523,1.2192506426287815,0.2879335489935868,-0.6559336661508623,-0.07629460575613785,2.204300287806996,0.8485249360717906,-0.14140553629944475,-1.347441971638051,0.7750526173368201,0.09498442539506533,0.6579620480590558,0.36659801920445384,0.5794917416267111,1
0.6552828804812068,0.023251651037779385,1.789502360709725,0.09827871396250268,0.2032236410918199,-0.27018828427623826,2.4729190240667576,-0.22215676177823368,-0.2244084187582091,0.18596415452521398,1.8301270855884828,0.6568197142882094,-0.15743773339632008,-1.7987662809687892,1.4254431326858599,-0.847176795097319,-0.9224268385421156,-0.6380458355210624,4
-1.589494595249471,-0.35855410827386014,-0.459852245092483,0.8697921655914479,-0.5447413187334016,0.9222615535880623,-0.42527881953693286,-1.312942590234555,-2.4164976524167234,0.3119106414348686,-1.207348365985643,0.2953326201498063,0.6151047556316691,-0.2243005964540742,0.9378036862923711,-0.6440317138042555,-0.7807283127285684,0.8173549348914875,3
0.14092641375081982,0.8758272706764655,0.6685759571285065,0.8882236018755673,-0.28273367853950526,0.11509462647733358,0.792121851829413,0.8831504254157128,-1.7295766970797355,1.0273103689184588,1.2383286575775283,-0.43723580480248364,-0.1797238384165553,-0.7822957951790469,0.7950657551729553,2.3222365462959735,-0.15841997316826323,-0.08458857759067952,4
-1.122125959422225,1.988230337674106,0.13686110257984477,1.0427685373972992,2.116124539652322,0.2927773782902016,0.7015275287525038,1.3647093245916821,-0.27190884618645467,0.8320673911985713,0.5773597378403471,0.6327296214870748,1.4807830068018422,0.5109910499806665,0.7117348285346584,2.3244131827345877,-0.1284022378687984,0.3063112612395536,1
0.7056506493744652,-0.9618360538274005,1.0771122827772508,-0.4339194833030371,2.08268721319541,-0.11601995816732479,1.2107522553012546,1.491643856662846,-1.257204991098855,0.8471034908785645,-2.559173461716413,2.138254005630582,-1.5994246037887707,0.17596202006899664,0.6157300112190326,-1.287779110061415,1.734991546809828,-0.974641073060145,4
-2.232125637849273,-0.927071261040986,0.6351925727926497,1.4271454443122165,0.10253956402707999,0.7206905384173499,1.102993887161262,-1.1868727669386203,1.0116052437127936,-1.2403907559827454,0.8779584727169393,1.0752165615764708,-0.11539131546816758,0.0358578927070242,1.2067798236756353,-0.4277264104994718,0.1246957197622972,0.803043278384502,2
-1.245430258763455,-1.3688432876737229,-0.4929323759962068,0.6576133043062657,0.5067451039138804,-0.5001155916931515,-0.07654502334223501,0.6439751962456037,0.801198715083573,0.7264448916738474,1.1935303654629543,0.8808693133305423,0.7857551861882883,0.46833442821116256,1.4248778053230695,1.717196188371078,-0.9742429306297983,-0.3470643889199372,4
-0.9465268448813181,2.245366066535868,0.19231820294262736,1.3446871520192738,-0.3928264444839803,0.33829112621642,0.3019723939846795,-0.6601867535975338,0.8522857845075468,-0.6184645944200136,-2.905956617754147,-1.8409176846484547,-0.4273575815702997,-1.7325513284094207,0.8902744089925666,-0.142863938136913,0.820952761642952,-0.2794415864212504,4
0.5973601665355338,2.645714962592141,0.13390923310432748,0.6943258344400361,-0.625198300663568,0.2671298103664851,-0.4121502081699668,-0.6591784784827808,-0.747349216296346,-0.08672827928669499,0.7358220508027745,-0.9619850874889309,-0.9405137402835115,-0.3204124923283322,1.6158864740597776,-0.10574536845460114,0.08123855734826645,-0.1816938711396278,1
2.5003407436824894,-1.3907936647928747,-2.372010091497475,-0.26241454783473384,-0.05797135024863144,0.4703232165421838,1.6937804476786513,-0.6955011860936117,1.4162387255036482,0.5272908052862545,-1.0187214484377285,-0.30460936725450244,0.07949715160663438,-2.3519435730769334,-0.5487452813012936,-1.3271453082700944,1.1688395668717542,0.892098356512168,4
1.2985308139650482,-1.6464902981449983,-1.6254763942961856,0.5094605000192413,2.1309629757368813,0.9023076213669627,0.16582682537032437,0.7133281989421895,-0.4817167942717188,0.26165864728783195,1.9721665869505374,-1.2397263798443892,-1.1429928338330353,-0.043110246752238394,-0.08712728344174708,-0.10957345280432733,0.01980910711344517,0.024721697641037207,3
0.06972889366784348,-0.8797718838909788,-0.6376878783179848,1.6443278817430298,-0.3511707888590847,-0.26589847183045456,1.1080420544308949,0.9751112696291773,-1.045999159137639,0.24078713939444904,0.8453800572826884,-0.5427199195342346,1.7269972571652321,-0.29695260585316097,0.6680049709189738,-1.017108731720004,1.1808770671986712,-0.9917112487503968,3
2.692646116991682,1.0367750242180842,1.3260340866568208,1.6972280113730283,0.44429828300902474,0.9824529836883933,-0.699968530235809,1.0100514791621726,1.2235680900224102,-0.3212188416685994,-2.131118925959972,-1.4626636668762862,-0.8322912905787468,-1.7319358122362254,0.06363316695038564,-0.6155393107529901,0.0675283899904252,-0.3025366215753058,2
-1.6636724486805985,0.09597214612889333,-0.9751166089203859,1.3317442984386323,-1.6200074256945451,0.44169611525854646,-0.857035980346692,-0.236502471582362,-0.18481640007153974,-0.7943739229807837,0.17701608015885323,-1.3363831417699226,0.41364724730077207,-0.6440161429821807,1.5099764600527328,0.9006621939164852,0.15333738252908588,-0.30078559736993254,1
-0.023941510638816468,2.341054682064331,-1.4896996660530908,0.48052415310935276,0.5454608894210853,0.6919879829996288,-0.07254618116090358,0.15812758826543963,-0.6278560195269476,-0.4973802197696024,0.883670267237023,-0.17832221967815168,0.5094291006879242,0.45434746175422147,1.215993738790339,-1.1737190791593448,0.6129747020649888,0.2873257123320602,4
-0.8750086463136052,0.693393386384734,-1.5433533554379666,-0.817773375047385,0.7743764149295679,-1.2342600821260608,0.44854502922282563,1.1131710825604697,-0.09220590448214991,-0.3053192388771253,-2.391038445592801,0.012886617290729927,0.6048375079429937,-1.3233413734278299,1.5645152448412676,0.02920144978401052,1.8817058727217433,-0.4334162215000037,1
-1.6294747262934666,-0.794399607599071,-1.1020619321598522,2.1181863622313424,-0.26841952626660043,-0.7965630362942476,0.9572972157538983,0.2569740524090559,0.5284817018107167,-0.20050737891817175,0.998543120316246,-0.6032393592072562,-0.8969576907257071,-0.5207714175068037,-0.25262413092444785,-1.2302488859101897,-0.38791180147347026,-0.12582345711900816,3
3.761878613855563,-0.2725847114720008,-2.0159382367300744,1.0496065501852951,-0.7005698083050822,0.20102754135628007,1.1092942274523356,-0.6093340484473481,-0.37696903691452693,0.7040727596938552,-0.26652292131356853,-1.1817444327774849,0.05667208315290244,-1.2965434013254011,-0.38536777716800685,0.93370761578729,1.2628735603790546,1.1924646922235929,4
0.41801181964275547,1.1308877342407162,-0.7167442828797894,0.8747137998932911,-0.8961468389140546,1.5723611032918232,0.06129080929196406,-0.09603810410040262,-0.8616020651819172,-0.5407883280316619,-0.8398609086054648,0.1481497443600512,-0.14661628278392116,-0.504668705508342,0.4432332798673373,-0.8957537913759535,0.38227870122295,-1.0822975363611214,1
1.4720343633392579,-0.30868306729513795,-1.2247350109021669,2.0138632212962047,-0.49982227101135207,1.2967291219920567,0.18637269713721555,-0.9502713140077834,-1.8235856648248152,-0.028545717581254414,0.6503771436144961,-0.9813743977024542,0.48417746416648255,-0.4774705194014089,-0.2823884604867214,2.2341767186504375,0.13860749881156237,-0.8671747500833291,2
-1.7403426630300811,0.759570639660024,-1.362862509630358,0.20734054125722776,1.2625645973691657,-0.6392735334708617,-0.480796005057781,-1.636964068668684,-1.4973886069776834,0.6615355836577032,-1.2344100068917527,-0.6521008874225918,-1.4865885780391435,-0.44320564310080085,0.4836408518474099,0.24389127043039838,0.037538146229719134,0.141727466322336,2
1.4076436474158003,-0.3895739777646435,1.1286494067359212,0.5528013743156595,-0.17710897845949186,0.7283885859030793,0.39449912459199304,-0.21661004568537498,-0.16573045234364303,2.030315065241176,-0.17612295567359193,2.169906652035278,-0.6136866609136463,0.17887257651668736,0.18960480598893617,-1.0135400114590964,-0.502690547092032,-0.7736942170478832,4
3.1442267920693783,-2.1723910110424334,0.4732319171061554,0.29659617257546417,-1.0157887189799268,-0.11668425105119089,-2.535188158923341,1.2438461344639156,0.8760129862416256,0.0584744105618751,-1.386659227000124,0.6528579646252893,-1.6570345174207934,-0.04260948508144119,1.387798443156791,-0.5487534219244802,1.0753519917887875,-0.9138003529774347,3
-0.8191964759469816,-0.548433764645296,-0.27310090179429714,0.8033285253476304,-0.8189830235422452,0.37824825196873696,-0.8033713108113091,-0.5693107649731307,0.21430589294510474,2.4377662321242437,0.2225280855170761,-1.6683491560828108,0.23035457717817537,-1.258855127378912,0.27817389387049224,-1.8453969833122241,-0.7139775945457439,-0.02562726642676527,3
-1.6728270317497025,1.2170543240170335,-0.032827415302012046,-1.2178500620309414,0.3471316151482893,0.6606104764209187,-2.1392529450894,-0.8043097986380803,0.19285929560166018,-0.18049589438354655,-0.8309146060789541,-0.551184950678276,-1.064489408339801,-0.5295803435835144,2.7897768747603005,0.699765278550854,-1.2488065982053358,-0.09460047493905079,4
0.6470569528998055,-1.2228779496999282,0.16467682584628013,1.1801240140140812,0.21529553407007576,-1.3116587299497942,-1.3753382353569057,-1.9503062483538212,-0.5243469962356307,1.3232187314503459,-0.7962273438510273,1.2837996304158963,-0.891965150863652,-0.29611213430313443,-0.09415300246663003,0.5748764216026835,1.0131292805730079,-0.23304119855619435,4
0.7534040078166127,-1.3451564670359712,-0.9565986548225395,1.5311863402238721,-0.446663278765947,2.801352314245052,-1.6274509022341368,0.892519031181337,-0.13860933873477177,0.3165843414898377,-0.8134612605258084,0.816649197503873,0.5086816581859936,0.5039348671546067,-0.7010027884549388,0.09110852538134748,1.15930529014128,0.3454228304203155,4
0.9619860937431824,-0.835158616919429,-0.7201164240712458,0.12242323637184725,-0.49093247070877977,0.3189967627600465,-1.4571921088142767,-0.4274409062127622,-0.30406909576567503,-0.23123618236123755,2.5821510432883445,0.40802949403194144,1.1542948386941665,-0.6290302393131311,1.315156756658471,-0.3689394580966099,1.041605147244158,-1.111722814443411,3
-2.4008534535495567,-0.8388557470772242,-1.1424334912416332,0.8640234291195309,0.49394385379730527,0.134436304430099,0.7768577889947343,1.847566502608911,1.0435542572291816,0.6919136115871435,0.08456243991289233,-1.1110360306177998,0.4861157592654295,-0.032675729325284314,0.9808616122846145,0.4996869517029606,-0.431228186219267,-0.08095732065811821,4
-1.2069587367687473,1.5621988876391395,-0.1010298535014021,1.73756421792102,0.3253388592849637,0.1575050629093021,-0.8174824608955181,-1.1574168095000845,1.4690537183905827,0.07793270689966775,0.32657951291666115,-2.101345730644371,0.318109384847033,-1.021494326888186,0.872068200668066,1.3148188828645693,-0.23474578826556336,0.031143025788982762,4
6.654452848264955,-2.4107024301041986,-1.6135359543646624,1.4053702921020468,-1.1143597730011947,0.441634694854074,-0.5032294327395885,0.09426335287121672,-0.021244706893690558,0.8557701895657913,0.13416406678227455,0.13725876393985434,-0.09851041929099685,1.1595162179683687,0.5132100654624784,0.21225391159243798,-0.005745521940981277,0.3460386432312489,4
-0.9242769438695548,2.138417546347704,-1.0289846417567332,1.557414922599784,0.78807412785213,-0.29207766050792194,0.9412238039408061,0.3435957718239981,-0.03655866766121859,-0.3407021567869163,-0.7566411796164315,0.08340126013494538,-1.9408081890521272,-0.5444203820971593,-0.8400686069608891,1.6210071736827987,0.07841492367452751,-0.31257592328669165,3
3.3104918909785885,3.3511998767607594,-1.1345124820928372,0.07742683960033714,-0.854323185650034,0.9380993861602541,0.5121494694878552,0.6787209672684456,1.0195052481603113,-0.8250645702781634,0.03347173468771428,0.5654667359379202,-0.4822155785201928,-0.21984231587735945,1.117163832297653,-2.14546911345177,0.27406260948380246,-0.3718909791122017,4
-1.3337217002030701,0.2651992676543343,0.2392138789246584,1.3548347241660028,0.10408521564918148,-0.45685158214540006,1.957433124830046,0.38104317526903486,1.4344919063796717,-0.24592278974093634,-1.1985172651387617,0.25553151396166895,-1.1535926023154714,-0.7288650633647056,0.3981576317894857,0.45461036292535323,0.1548675451712484,-0.5065940282142286,4
4.09834582047871,0.26501547675765785,0.7704940388879397,0.9707902847316803,1.481109027825191,0.9999532162230335,0.17646076065683206,-0.1818550007401669,-1.4557697015371074,0.08242675219241577,0.42365201503463495,-0.5569459800292251,0.6760541173998206,0.4764448749250963,1.2959902295916668,-0.1822119630857831,1.3470645825908572,-1.5171318639039444,4
-0.2147828848198842,-0.6170047723953274,-0.9623170366428552,-0.35368948907978465,1.7223396996196754,0.013841542790034139,-1.0649469286158484,-0.977495888453516,-0.8406441671178804,-0.38928185145614713,0.9730069809398305,1.7408611176061441,-1.4323222709607448,-1.0940164627444844,-0.25162096177639953,2.8613567217824785,-0.11334002568966024,-0.9441065322308579,1
7.503443967555657,-0.7545750414066047,-1.8524076208533005,0.41074470413569175,0.8359786920327484,-0.9734280007381166,-1.2572870014756705,0.627379028580169,-1.2897030602516912,0.9073717816431529,1.136012087416161,-0.26854887963398344,-0.5591550983654286,-1.4449037803227616,-0.9816616661404202,-1.0424741745749864,-0.05808028299159296,1.8402784010351667,3
-1.6531685342562543,-0.4678869467983174,-0.3153067565716326,-0.09548592997853476,-0.7721258250241588,2.210965890811876,-0.4259156004334757,0.5535973154641823,0.8057665095187867,-1.275079328734026,0.30701021844164167,1.1087985052368743,0.41670581122273864,-1.5107248983890884,0.6246921307158824,0.5700276266184208,0.5796109443849118,-0.04839709869499649,2
-2.0332120250630137,-0.5089428516362865,-1.7559078582619685,1.410947340351451,0.05183821032655173,-0.5027214108248892,0.8118870152491972,-0.7024893105254285,1.6941537747472002,0.5659127007572102,-0.8965813407201214,-1.434305036648491,-0.884445932790305,0.4527989451396827,0.801379288978227,-1.5445556617626357,-0.26755744049665214,0.09237945059673146,3
-1.430119851071727,1.5999572289605413,2.2967356807156647,1.616567909746185,-1.1052237681200394,0.9265142336640904,0.5816340243802285,-0.7921384216981981,-0.4311390416588841,0.8262047766053673,0.9650881217913548,-0.3605205605014329,-1.280215672700337,-1.9831331291114616,-0.18153314138135204,0.18935406139525476,0.015529835998273012,0.14010288804426446,3
-1.3243068847874082,-0.28220038995769314,0.9799283826055626,0.19266160409521016,1.1227587956188567,-1.1938699589156863,0.3911564374138499,0.5305160800848587,-0.44035956090062595,-0.026354226039214005,1.4043091954621887,0.36120352008050377,1.9924720154853481,-0.846950845015974,1.9258242461787711,-0.9956872617506716,1.158829662519608,0.5486713666954413,4
-1.3324030904858986,1.1556186932774275,0.9207530983312693,0.3708012672592111,1.3399212606583475,1.650882120095507,1.79325152970657,0.2534642736047552,1.3056089359182717,-0.22292703991638724,-0.4486118881247265,1.8092540768041654,0.42376646631785236,-0.5208525720431199,0.5778813312527065,0.25283497969623175,-0.9490560388090903,0.1910749239369467,1
0.45929323562535845,-1.4929503852096184,1.5921969069840958,0.16468784488341245,1.4110854556312085,0.675274094530402,0.5272733709743301,1.5847449781418033,0.020553291543161465,-0.2103474700850933,0.16697860133119874,1.8620466689188393,0.1852746995808948,-1.7581190715486046,0.14794600631788377,1.1912219417936116,-0.7596560503999693,-0.05177446900214601,4
3.898539114984662,1.1090138944196548,-0.9140989332738791,0.3282297215156124,-1.269333175896942,0.15931669092773856,-0.20382476718517548,0.6793436061924261,0.167632294197799,0.12206753990270065,1.1913038100786255,1.8553218752020018,-0.9574522227300326,1.4956858523919259,1.3820220880382947,-1.8920124944806032,-0.9074061221462393,-0.08805130040453665,4
0.0973240154146309,2.394218392080935,0.3771624799200724,0.5459850774573007,-0.48292798872872306,0.7103013935619321,-0.9656086622533766,-0.5533422258883,0.8646304954984809,-0.15984609353332246,0.9392550635227491,0.9398935881760851,0.48143063192078156,-1.558247437070991,0.3349472459709252,0.9824493531631783,0.7683436029456736,0.9851380835192016,3
-2.115437301525529,-0.05617386280533475,-0.11111647755459794,0.6713116320782868,-0.2200399995377107,-0.15257314228806934,0.4817050662230905,-0.6592903522142032,1.0006773197264303,0.7118704489886946,-0.5297170392411955,-0.2057224773536401,-0.586564190422743,-1.2587015721988584,0.41493953224236735,-1.342369248868087,-0.5636244636135458,-0.0444823971894451,4
1.5232039704961748,-0.6052986802329835,-0.23268022158040533,-0.5752063879432547,-0.8252437288060132,-0.06902099323719858,0.6183240873354547,-0.8303596237682044,-0.07344111490932381,-0.01155655477714602,0.5772331412294514,-0.9669725363954981,-1.5819667048971544,-2.268457020463487,1.1172586792756505,0.6422446937664877,0.3277006004578522,-0.27217238303010216,1
-1.3440457455614556,0.5049594950085382,0.0671786680339215,0.11500896129310423,0.5328310410848733,1.0810925882124576,0.42662265285663903,0.12286345529669318,2.0701537316277467,0.215897740686011,1.2190562624460544,-0.39205778337562874,-0.8589484766167951,-0.9974437280743024,0.7925687454786573,0.060598473831388444,-0.8276928253263325,-0.10864587578973205,1
-0.5951531121682065,1.7081231000786385,1.2345871531929347,2.8195247714735907,0.04808743930733166,-0.7719027497508514,-0.8576103863293357,-0.40552920502226725,-0.882980881708249,0.6666906769486682,0.5974999455991059,1.0351584663158748,-0.09052641533426535,0.11590182154942393,-0.5321165115888801,-0.5385623521395989,-0.5884918693837808,0.08448334312629278,3
-0.35578853244564224,2.3689629358682707,0.044214146728415685,-0.8445578070972589,-0.5621146401643242,0.594817810857824,-1.3111196652430284,1.5753815781430198,0.304765633751481,0.08769456233295138,-0.8481318989845289,1.8925228299067427,-0.9417919770163654,-1.015115157977241,0.8954433891834392,0.844563172167728,-0.1296374068344601,0.4916214240332086,3
3.261559434810082,-1.4173898829398597,-0.9429924274647802,1.6459875741678467,1.9874628960377123,-1.016703929396237,-0.3204470009130169,-1.7317736322697939,-1.6419064952351228,0.3449703134967935,0.5364574544095135,-0.5871032737079034,-0.8560086117562545,0.7821642664475087,0.1338237589696852,-1.3082279558933068,-0.11091410271866436,1.8024917068110238,3
-1.3477345117093746,-1.2629311431539596,-0.5596338979802957,0.03709771923551909,1.5546612493401128,-0.9609060983559234,1.38916483365003,-0.5755730121594951,-0.20367295775965918,-0.5517598562527483,1.390228161661273,1.0807376389604249,-0.03431521387507446,-0.8980165379758058,0.7987510511815598,0.25388389216610946,-0.5339485031026335,-0.28574466780001784,4
-0.8807804334585445,1.1457511780788758,-0.8389109965229216,1.323058166461386,-0.40276067613315464,-0.3942779517209927,2.2144872562510503,1.0300330305371135,-0.6972661335986862,-0.6526670096163176,1.6104401440509761,0.5689454554361237,0.16470485135520377,0.2831838804015379,0.9264935450217404,0.3290066684360474,-0.6501679492646093,-0.13140336344242648,1
-1.1140991203483146,0.24282219084721984,-0.5422474763591143,1.1399629239491806,-0.2194542046773243,1.287832778991112,1.4601118304433591,0.44757960499888294,-0.8401976691491776,1.037390381264376,-0.5271758354517387,0.842903243760972,1.514763527184996,0.55349778803136,0.2428982174215353,-0.5614154382822213,1.2165564831377145,-0.34098212392254096,4
-1.473589345583729,-0.5280732090394479,0.3054084568608774,1.0774383430900412,-1.0708583024061733,0.5145767845238796,-1.5968251378456517,0.42125644169134224,-0.023461687933399707,1.4834358372339296,-0.3792583302029217,1.3308826374163323,-0.9083953547969188,0.04007038087991749,-0.17467421213043263,-1.1814166304496703,-0.39616048516024926,0.39050167518981066,3
0.4431284258378642,-2.0248804776433946,-0.9735245896473108,-0.04017801023807829,-1.4030542747730057,0.4639298986098741,-0.3471963727565685,-1.0971403842136234,-0.026715055188273194,0.8113788345901363,-1.0718106556991824,-0.7544035327115727,-0.9409339549847456,-0.5107396653903332,1.534819311441107,0.17179615206819462,-0.890804461323485,0.5137931152895949,1
4.258139947452681,-0.38958305563256673,-0.6501359768179583,1.6180361686926692,0.9817659858428697,2.2890369761151947,-2.603932127823508,1.1271683480881773,-0.23103133391353517,0.009999731033976706,-0.5972173550107985,0.9097523173202225,0.549730686779949,0.9511522301734415,-0.5548192995709947,-0.9322565034992115,-0.6444135538952017,-0.18550099699641695,3
-2.1773811689778877,1.1841834544023566,-0.312896997367198,1.0910034647453077,-0.5127975837175218,-0.978011202420122,1.3787803393504254,0.1167494740293487,1.5478873690231807,-0.18443712898747963,2.067526577300895,-0.027906243721373184,-1.1940679167292867,-0.8892323920886727,0.5398295755481521,-0.9043747341176673,-1.1817583002436216,0.15211682660965878,4
-1.5153169098197856,-1.5131014040890969,-1.1798778005863702,-0.751635959707598,-0.039357238067279025,-1.0472734529670695,0.7547483031146665,0.9016186294805377,-0.7369269832302292,1.9311221710146047,0.5626378516262984,0.4396738294104986,1.5872230861031864,-0.3517643104578619,1.7638286470075857,1.0554817059417492,-1.111480051050826,-0.06448483565847178,2
-1.9924693416880133,-0.07180527958772409,0.6442085609817609,2.434005637465503,1.5018868288121237,-0.5693617532173818,0.3793825051453892,1.6088777179680969,0.7347867305500013,-2.476319979266111,0.5881132647285097,-0.3249699310113252,-1.256258501046248,-0.5173544980540374,0.06848741964367856,-1.0143015589181135,-0.07430551118950741,0.022555453097146592,2
0.8934375226497197,-0.6169315408776768,-1.061375208727813,1.0499116241310495,0.7001491021289463,1.6145460517097527,2.095234904175712,-1.0702971294131562,-0.5804276489144482,1.3313647774295831,0.39955652714198153,-0.1490204479608328,-0.6320061182951884,-0.7932863888784872,-1.5531502297562758,-0.34238296814360214,1.0014496828583561,0.453842499686045,4
-1.297285734725376,-0.2227072536893308,-2.5983072211597125,-0.3400922112742487,-0.8753773474872526,0.7310983740205614,-0.3881359443968895,1.239696489048556,-0.4978697647467751,0.17748753201156484,-0.08721594000168095,-1.7018616472633696,-1.4990145971046236,0.21774195667016494,1.419576363714373,0.9330035289356545,-0.05766396300867614,-0.7617449542447011,1
3.7157439887491797,0.9715969900764889,-0.9490723655351136,-0.835340625060163,0.21328196283339873,0.48034239923020194,0.08613438075125358,0.027310657421941064,2.0813757629926504,1.7231250466333818,0.3217456542161364,-0.7511894211804026,-0.709721013122548,-0.7915606887835978,0.8997035923894682,-0.8377364301296962,0.6425638843693567,0.5835521256718916,2
-2.692715474415729,0.4323252570733449,-0.8507581265722237,1.2365938357118964,-0.555274482817426,-1.533165704376335,-1.7701889237333985,0.9617627753996961,2.0916361284403444,-1.1009888017566165,-1.2271628758799478,-0.08551710834558773,-0.9708203272996029,-0.6964035752014109,0.872136903947586,-0.6627528444816043,0.03881949824008545,0.4183773338800183,3
-1.674185894441249,0.8344971027416037,1.2454644443658505,0.4764309249088079,1.1814445229147243,1.2046778294887215,-1.8868435284419531,-0.26608092849450554,0.5371971411210371,1.9367745035074564,0.8916510314738194,0.5458857544838688,0.25419696807257347,-0.545626100743298,-0.19561650829536822,-1.0743375019373913,0.9466432078087942,0.3789790721004766,2
0.156601417591791,-1.3017866710340558,0.8928043345941545,0.5564699449714033,2.5159714534697937,0.4891321548141832,0.42132564057542415,0.4262920141056602,-0.4000823718602767,0.7835503544221029,0.04364753014780394,0.23143411110903014,1.2095462868696683,-1.2413135875323975,-0.035002095879379046,-0.24391262812712458,-0.49317481319832446,1.426267150409567,4
-1.0900750303661193,-0.8008972928841888,0.5100918112079039,1.425814953916728,-1.3765446872816882,0.2702303318351927,0.16396425341517523,1.4480381145978056,-0.6131419047538754,0.5332147122244835,0.9342933705820667,1.2626982865417042,-1.5963299798164903,0.3072970649493169,-0.020384128745778187,-0.523942275210476,-0.06433047373945558,-0.07103086723961755,1
3.63603645876018,-0.8273253706053185,0.03596195971469552,1.3456509870051443,0.5009575455177612,0.6015230308105395,0.46208172575819223,0.9162278694159935,0.3830857966723957,0.37077580390175935,1.2562045648134443,0.28034333490658,2.0345457323762477,0.434805170083108,0.9721583175158723,0.05065902369033173,-1.0050985942081994,-0.15668746540777617,4
2.2039055132220042,-3.2743910042101008,-0.22163562857709396,1.2123074202200017,-1.3977331457847935,1.3578923841991986,0.978663591137115,-0.4548506360647837,-0.3296834059199731,-1.1052312739514718,-0.6842169552075933,0.008841018284996404,-0.1762487172812031,-1.8853450398560943,-0.05827165041696704,0.5768683497009686,-0.6639381382920244,0.48687023974826477,4
7.225030418150587,-0.5066730346055963,-1.7966881490628117,0.4495732634979005,-0.34366523243490305,-0.12630469175038403,0.40414662940979107,0.21800396681197806,-0.05773050468802728,-0.42122103457968535,1.5356408042955605,-0.29361398159885294,-0.6967285558186429,0.5259448157856839,1.2364149809059877,-1.1372572629010635,-1.3328955754967522,-1.1373896835029464,1
2.618250519865591,-0.5837097418909917,1.1727406296699638,1.6775239063774947,-0.04075018676362071,-2.2858666322982897,0.35456415276764386,1.798530825445712,0.18013340191300597,1.3535609251536402,-1.0278926653220508,0.31524082031533773,0.3754977086354739,-0.39544526200346564,0.6677492580441078,-0.49751292124028756,-0.33780222454327635,1.3353139169193755,2
-1.9562335414447487,-0.7425930929883099,1.246333866373567,2.350767570148881,1.304991367247016,0.7186806316553506,-0.09632595342949907,-0.4082320300632839,-0.8189800677012101,-0.10453971078848324,-0.14606141138554865,-1.8118620934233147,-0.18990140326642682,0.8195659847631532,1.0470193299020734,-1.158060294780147,-0.004063128456213205,-0.08098833324020413,4
-0.6977772350307795,0.8184250989660036,-0.040770959607355134,-1.3129761723617956,-1.1347238434605749,-0.10227556527318235,-1.302411618573455,0.6912604794485955,-1.5819847425251186,-0.607688021219237,0.785253537954795,0.3161902685505139,-0.8589485517639018,-1.4616743732066668,1.9343447754874705,-0.1271241251639873,1.0898022952986295,-0.23403862836058958,4
-2.7053718709749925,-1.0288956316743494,-0.9570250874439499,-0.46129269605130696,0.27581990467674333,1.3802569300427234,-1.0943351128036276,-0.15772609073397106,-0.4578339539285073,-0.06507729714300788,2.2413826088750817,-1.2952045571005162,0.877362385687489,-0.7422609035917065,1.6879139050624825,0.3565138887977555,-0.28524370425471324,0.6988108878953255,3
0.46589660915377856,1.478497710702502,1.222672315692187,-0.08239636819285263,0.8959138418418036,0.23280541480698616,-1.6110939719103243,-0.28149798455454256,0.557290601719695,0.5878596088901017,1.3827182679105938,1.6268530265621954,-0.6801203521104483,-0.4939604040735127,0.7161085341721463,-1.163624849533443,-0.4387570248279658,0.4628428651629798,4
1.1555522856856584,0.8794630053496106,1.074522439535778,1.100913793798527,0.8961527955990961,0.647985561555101,-0.45251597036428975,1.686945719710808,-0.041539773230543156,-2.2141112261076055,-1.1651284226227967,0.683555647310112,0.42260890138736257,-0.7159695804198407,1.0742828893924556,1.5122343077252178,1.0694694365345245,1.3302854896956495,2
0.09184595870925749,-0.9455121596589516,-0.2810846663579019,0.5662954898211061,2.0716197037215043,-0.10880233830688482,-0.7993593166727255,0.4533400813710377,-1.4829764516360082,-0.5505374038752998,-0.24163995061190435,2.08854293817697,-1.8673253011656148,0.8942092787041561,-0.1506624960341346,0.07966699886167271,1.0958054326977982,1.0648633347751697,1
-0.850651095031795,-0.770885033549555,0.5928874685167754,0.534328448669264,1.6261510493324691,1.7478630494176801,-0.5182493931505957,1.0323837544537584,1.6512166888144097,-3.2501830832304237,-0.13429145048659982,-0.5627827302327894,-0.9061417110406015,-1.502984014454724,0.9539891437939705,-0.9072230331224465,0.5142747595725945,0.017648650515435373,2
3.383804422415689,1.9020250617514538,0.7427281213432297,-0.09108366659050114,0.6311549705889627,1.584261925546169,-1.5880214548467004,2.4253374750534062,2.251566587952395,0.04410541042300008,1.2560632370498672,0.9482288804159774,-1.007623380597694,0.6705023862143077,1.2764882562008355,0.14672834009498875,-0.49914384737405615,-0.3633715924921595,2
2.2811069460511986,2.770055790387323,0.6820274729601475,0.3495467461912529,-0.20102612403392003,2.33372606413618,-0.3417091638237708,0.6333922450852946,-0.030682420425195315,-0.6540030648650675,-2.253049390308842,0.8712178406581228,-1.3273059444799107,-0.38610005761884875,0.425019378120351,-1.8688326584854957,-0.5316985199899794,0.17614195306915312,3
3.1568102612875935,-2.7901936425772416,-0.4436582636181681,0.8010392868808128,2.2244891230039547,0.18624892389944644,-0.44620918500443496,1.1617768288120767,-1.3214543278095152,-0.8726182832612907,1.8277257560796973,-1.006979889375409,-2.295940386124701,-0.28190448629710857,-0.28374500990662893,0.7843989613967761,1.1273636326557477,0.5132259963991627,3
0.0723050769318583,-1.8376854026418348,-1.3956911415639857,-0.0780098737515864,1.4129278917298593,-0.19818157324191504,-0.29774682652609563,-0.21941979742683207,1.337868828578563,-1.0561778217628077,0.45284589780867635,1.4605711208402106,-0.9129132524443301,-0.03909387143568079,0.4278214678841521,0.14138326556651074,1.1307358831942218,-1.4906088964407653,4
1.0124456421845573,-0.21846156580569104,-0.36120754537635374,0.2512798821290707,0.9822181300776995,-0.16639550079002877,-0.02956418849126197,0.6956858958125999,-1.546565734221509,0.43253630083803,-1.9932334082346503,1.0193543528314404,-1.1100674716084138,0.6330539566151552,0.8084989589586703,1.089537492359216,-1.0804781874766338,-1.5753713588987066,4
-1.132827633825851,-0.9095839219401503,-0.5908832431381205,0.08064937591859388,-0.07724738932320398,-0.03445549824979789,-0.23631310794312144,1.6934369223209125,-0.11864248588107384,0.5972182789941833,-0.07584412122970295,1.6960327952645118,-1.0231754320964594,-0.39020597791799866,-0.12663188915674173,0.16688368156123626,-0.26967747809536496,0.7461238217563565,1
1.3585549269362192,-2.327689157097719,-1.1993486241639304,1.2746269785464415,-0.77258104655877,0.8252557194720713,0.6719113628757544,-1.5519951072592977,0.31813253194014296,-1.330115332583508,0.3403015511481399,0.12041538914097823,0.4198625906636164,-1.4332778519168843,0.06530933377519656,0.7438880364271767,-0.8737206878352911,-0.38252009652350305,4
-1.4183925992059727,1.6597234466573052,0.31585751032055437,1.7077345992743063,2.576269278535771,-0.5457317718050277,3.4370511109217428,-0.18970643005043408,0.018840539503824486,0.17293947026365536,-1.4898669178092694,-0.0005500064406270709,-0.6437070062383348,0.552392866396535,0.220843915567024,-0.7590954226717502,-0.6115911537327792,0.0221573735586037,3
-0.7056080425699097,2.1629634287258828,0.7323503624809321,0.045855789352643624,-0.2468071521337348,-0.7944242898027088,1.6626970899464215,-0.2127369369938106,-0.7501111049335928,0.15789756924978737,0.24575965302050126,-0.01114029856419877,0.19895177352194815,-1.2131501616300364,1.6662335553337457,1.2970597723992963,0.4642146471895329,0.10241486659024292,4
-2.157649121453507,-0.054962735737446936,0.22432379480859513,1.8451344231587756,-0.14750881772976895,-0.34143080429174427,0.03588386177593122,0.29219732994375874,-0.478746176205519,0.7866156455965206,-0.9618785890345087,1.4778935606537478,0.9302869582514233,-1.398262947073041,-1.1723359869685426,-0.3545499149910645,-0.5985836427948836,0.2303226932102369,2
-2.0348977380797924,-0.8416730185103763,-0.8848025430193703,1.8938253041152122,1.114044574714582,0.9182882884569004,-0.10723590156546504,-0.5923304536418351,-1.3363479681444361,-0.14318888237177888,0.23051379057401006,-1.0116692778880885,0.5525781967728223,1.0499604676944656,0.5419498163418454,-0.30501732308282503,-0.2910984967265518,-0.14245330666429548,4
2.415105992118951,4.237462917165313,-2.5837431942548776,-0.08110853471528102,-0.7072843399915636,0.007054653714113007,0.26923165647893105,0.4964463401703035,-0.6204166075094372,-0.6415637751206414,-1.3325165688578358,1.1003397474391863,-0.027559674886724027,-0.5336304248106186,0.3001043422586056,0.2761677952072628,0.06148541599256341,0.19293114385234086,1
0.11562787424301192,-0.14870002674772648,-2.5434173166155474,0.6232451498444237,-0.7798870128904363,-0.5428453555113729,1.1778801882181718,-0.4997131054966689,-0.5439928495042785,-0.2081779332614067,-0.6149801747320878,0.9343440086102682,-1.3571692712630725,-0.7053552223133116,-0.619272495147105,0.516328676596894,-0.2308344325806638,1.0448342163186017,2
-2.0725481440838722,-0.7417447527151735,-0.09289990115294733,0.6550327778427268,-1.6644460071505631,0.30009796490196317,-0.8926213290110107,0.04069534894348926,0.5541733247983841,-0.0933978780540008,-0.8980333268851206,-0.7866442120669658,-0.25272829866664764,0.45975631974071796,2.2213643607773985,-0.742572612216976,1.3227747252547633,0.2921812885520473,2
0.2378265791266409,-1.410711484890754,-1.4840587544192065,0.42059997782453373,-0.38082148508604613,-0.45497802645321395,1.1517789949920714,-2.2511217385403004,0.6755645545298297,1.3649429345597266,1.0035169497383265,0.21372931346550378,1.1970875641487488,-1.0342511202942528,0.06367661937432557,-0.9608247466147829,1.4932691039350718,1.046260761953079,4
-1.7750617411382021,-0.2946961580666164,1.6410364952977903,0.9774252432054966,-0.7429326398643213,0.9162952425357962,0.06556627277581499,0.19592177657277912,0.7917909089929316,0.895372976488085,-1.5168101183359457,1.2024437186421444,-1.0745251779355594,-0.4167473145663137,0.328484057794099,-0.5569633872554759,-0.7087268656307736,0.3139963901348739,4
3.509997312456204,0.6742422570677089,-0.07217422322774411,0.1468918288392068,-0.42986852040543444,-0.5500663985136043,0.7554783115710029,1.2590564493032674,-2.1361097875200463,1.601832252954349,0.1616447326697866,0.6495227544095221,0.7890976965832123,0.012564035586656277,0.8383468827245952,0.2333928557059482,1.1421811361257441,-0.33631211353118473,2
-3.4287393932459564,-0.5150376100710269,-2.181158379917544,-0.17027035477220923,-0.4967163752393279,-0.8335019649358746,0.6923508793272006,-0.014224672291234954,-0.22742309436679364,-0.13367686205038065,0.5465762650281567,1.0587479752958502,-1.1720988782283681,-0.46590602391248465,0.34051637623784337,-0.5839099584562496,-0.09814735284400251,0.4759812248424355,3
1.9335972330721622,-1.6315798578199239,1.9742613981455397,1.5636237274919158,-0.24313376055648359,0.573303338133562,0.024116602009551697,0.8571159287995532,0.3824488266319461,0.6057750591767286,-0.07215848162397749,-0.4371603201904152,0.6403838460181015,-0.08863302996076866,1.0224582624566225,-1.102671898500702,1.5568372126849386,0.063098127006799,2
-2.2168133651049637,1.1253545239372535,1.8732933000369636,1.5294203311362764,-0.30612207917435713,-0.725257651650732,0.35120692525426345,-0.21572826455990834,-1.8868967339951297,0.7145926694092356,-0.4388874203596026,0.5378172033419351,-0.5839597101720088,0.519486579591344,1.1995570049183089,-0.4128184470288704,-0.16008963473414514,0.46591924490864883,4
-0.30196916848045396,1.9472015221667192,-0.5952744074221862,0.419038292091169,0.5241736323299541,1.6599628778091637,0.0802185372051315,-0.2424599647678083,-0.5851365042785113,0.960090361343782,-0.1365963205117757,-2.513729820815008,-0.4243845976327137,-1.4921543142790141,0.055420658392905664,-0.34590691629467885,-0.7349968921046202,-0.18143819895871904,2
3.448928380719527,0.23225311331401147,-1.0886470127749537,-0.22942400144067418,0.6376806205485622,-0.5761842095975196,-0.15055778252370394,-0.6025087231841679,-0.40390703098963,-0.5861525310472112,1.9625340805334242,-0.11345756291386046,-0.28631211849406996,0.2935383816743857,1.7083861647219083,-1.8129805995325972,0.42841978576378326,-0.9731282114074341,2
-3.3987202689459863,-0.7257402632212584,-1.162460785402039,-0.4507738450565163,-0.2121643284176614,0.10980683763091105,0.37974618488116557,-0.8193439528333175,0.8355537118804314,0.7072251103876422,1.1247556260254812,-0.0007680708643244922,1.4732029483291853,-0.726517454436173,1.4118599520990005,-0.36629871800283265,0.8881587480335882,0.41953418463110065,3
-0.6300427307373633,-1.0949133719037332,0.08071644666204533,2.583602124696156,1.086547641968851,0.17971293912404881,-0.31220466299395055,0.4756045477005337,-0.6195146791993545,-0.3249274634130817,1.0034804977861749,0.9526327872468109,1.6530167136795788,1.0727172000122676,-0.010109159014019802,0.006443466211081267,-0.45984887615114406,-0.351242517638568,1
0.8616415503972046,-0.9715597665346962,0.9091420000889685,0.9227648776822035,-1.3336442903704995,-1.3388840304655214,-0.5281572384027862,0.682960535506958,0.8784513190725545,-0.2425642599997819,0.738589375161178,0.6074508082396679,-1.3467404693931064,0.11532863636249527,1.4569756414525843,0.606885694829447,2.0295619586882636,0.6709213709760955,4
2.5418018072615842,-1.3548844251740846,1.898606057890923,0.6795744990857453,-0.0010109797409359764,2.418475370688014,-0.8291631874067257,-0.5478293311294652,0.9577444388112645,-1.6667324357819362,-0.7315155081899251,1.6284075714673287,-0.8239033247961068,0.09067763566666664,1.2937760046917903,-0.483609989710419,-0.285191592631284,-0.23738608046342435,4
0.6728000809664985,0.11130602884320215,1.06452197042264,1.358502555515141,0.2019514383168784,-0.4934449115066257,0.03473011941386393,-0.5764344608445469,-0.7688492889584388,0.6003698487510518,-1.3979316015625418,0.8393399479415175,1.1592181907262955,-0.987772887912402,0.2874492842936486,1.482855237577112,-0.05496796170250066,-1.1800873867707538,2
1.1136738351599615,-1.5865658171773194,0.06435580998824428,0.4676699496280721,-0.34949964238958675,0.4421903319160542,0.6971616749682432,0.42277218530966815,0.6817787469858524,0.21882091575120194,0.1532632575286612,-1.4241286448481356,-0.4562859919927064,-1.066704698293212,0.8205007253056391,-1.000081405562927,1.192500220671312,-0.582985469806074,3
1.278872846051863,0.8611552289327338,0.052685308424980565,-0.33680899904236505,1.6978151149071756,-0.10346243601948965,0.606724540342448,2.7298596903380354,-0.2964807543646126,1.2728301996838693,0.482848231185062,0.665264626237559,0.014610049175306903,-1.0471830453664284,-0.12914805892865358,0.1968192290785516,-0.6656587244238302,-0.5412203193857507,2
0.1857346004824951,1.3585431800410959,-1.8490257688365381,-0.681546908512657,-0.38659602269227716,0.3776390702060794,0.7480774452909502,-1.628644990100031,-0.2199596311243924,1.6864401277229344,-1.4696278417931135,-0.5172480811069742,-1.0622524025225553,-1.1451422168251895,0.24935011281401462,-1.266688822430872,-1.4900097277756748,-0.4199619901667936,3
-1.5839567159838694,-0.46693846801313876,0.301697639101772,0.6452107984284823,-1.396581848595596,-0.05528280817044668,-0.9597857632969148,-0.008343121005171927,-0.30053944952942974,-0.027593451008287334,0.04028678293566201,-0.10869266456333988,-0.1639423561572535,-0.5652034014077432,1.37899598140036,-1.1663540667962753,-0.650870941562501,0.06335476514704333,4
-1.2463366984874593,0.8228737315898497,-1.8918130807124451,0.005653057718867757,-0.2774258575399907,-1.3348559194656886,-0.5192441402540151,0.336880995761095,0.16845924779158095,2.109548641671184,0.35834598103496235,0.7627873257638461,-1.306172725187726,-0.31930238061154764,-0.6227625301628305,-0.5959963625237749,0.1089517435713985,0.23162752583548793,1
3.776780498088894,-1.8755209494774203,1.2354841276920325,0.9187438755282243,1.1141728835198546,-0.36481555595527415,-0.5063717358779417,0.568879849165942,0.41760125034889567,-0.5165001641849448,1.9525635287398708,0.26940821505250356,-0.6234573322101828,-1.8429575575115589,-0.11561094771098748,0.6317561503445372,-0.8975708636058021,0.5121676289258514,1
-2.052516515924067,-0.7139962149515601,-0.0649345895293516,0.7056375656522464,0.9085888778345519,-0.7579725727956155,0.3475184408530708,-2.102689875092843,1.6932726074860596,-0.12257663787117207,-1.359953408218798,0.9674315289163141,-1.4755207913990667,0.6832153900839357,1.1494030903155323,-1.384227796665628,-0.18506217492647645,0.5909063256690524,4
2.199051446664545,0.13842687668177617,0.45802033612953524,-0.3693249333431118,-1.4324946055301175,0.24227310529040447,1.3055237421744859,-0.5612483522597036,-0.08036693335593988,0.14520378800351746,0.638898950623012,0.5089535059192045,-1.4699775727825877,-1.4745529445356804,0.9067427891567248,0.2218990267468957,0.713722849342103,1.251729959841057,2
4.6378410485508175,-1.7078404909758125,-1.1436608107763773,0.9452431420654278,-0.49210092439493136,-0.1330503478744348,-0.5437502997056971,1.5718476804617292,-0.4430479870984282,1.2629573169730803,0.9346279755251081,-0.9322330908436337,-0.6594011791787944,2.0891552781006406,1.4584649196315524,0.4119719366591489,-0.04841848895103989,1.4065865646685107,1
-0.2294753520498454,-1.6127639662007889,-0.8616066209649044,-0.5806246994636448,0.9563804962076358,-0.7176723358136576,-1.1205856446959426,-1.7041235868836786,-0.45214354275236224,-1.448573716611934,-1.16217713349504,0.9826909790552004,-0.005246690308416211,-0.39176463438061887,2.0671832934138226,0.3936293983254205,-1.0226558078602443,-0.7947619771716463,4
2.1229350819614323,2.851132562804061,-1.9036792483744016,0.9446279171768538,-0.43501510089992285,0.6768028491459606,0.04387474090023718,0.9019872370392109,0.294855395949668,0.8641769632364206,1.2803645312099976,-1.3289700591591098,-0.16682705500458847,-0.29399132400768313,-0.19591168757882516,0.36704931466698076,-0.34298309646109454,-0.8894647366146133,3
0.8045821257802818,-0.01567141158294243,-0.053493948689012215,-0.07719707792231847,0.6512727509446392,-0.9060215322079658,0.05934482021512715,-0.4219760820641151,1.4293908806066304,-0.5562907696507735,0.1862231324525645,-0.9859344920022696,-0.4149085978254346,-1.6521068054690837,1.4616562503628594,0.08601662649581764,-0.750335932774859,1.1164685271835642,2
-2.083010662794557,-0.5525298333408604,-0.5939530509605532,1.2685361750310586,-0.3035129438368314,-0.3449512450309251,0.8563925503513661,0.3482353992721296,1.3673479749244264,-0.9950980972368686,1.2696913730117205,-0.18806472374204913,0.007043964120300101,-1.1737074449076785,0.3192886862811435,-0.48360713718555126,-0.28701278507272393,0.2161145774976038,2
2.171160338238959,-2.7796366512516726,-1.876919497659059,0.24725996742916576,-0.7985991847575173,-0.24395211574649703,1.273002443322217,0.8548327771299677,-0.296583821757614,0.9388136013482348,0.20545179520309104,-0.40965178393060436,-0.8577031045652582,-1.2391504833922384,-0.5864079934806196,0.3116759473992284,1.1737373252673602,0.6630478017155111,2
-1.205622107910587,-0.7596717183454482,-0.6490063684078957,0.8184080298021915,-1.012648227966742,0.9122683567446538,-0.44063633108561717,-1.035933831358293,0.9930613617174636,-0.5621834706584319,1.6199701883601612,0.11754974174987473,1.8848440888334703,-0.43435854496664883,1.1380870898612863,-0.5002412618948564,1.0621300217091503,-0.4028428045904134,3
0.5482710381311698,-0.29664001558096403,1.1759219328101336,0.6773563043878026,-1.885094572358905,1.2700174387078116,0.2021955259111929,-0.2824455916737077,-0.8754224283634201,1.4118291945641734,-0.5581242787714179,0.06482366289813286,-0.6737823472266845,0.0835455524728191,0.9086654138042399,-0.517359077691392,1.729341843006339,-1.061469357005749,4
0.0513242875204714,0.5897010958155455,0.30548948285187943,3.018563274816315,0.309066266432299,-1.966633145500564,-0.0786963893518393,-1.126716617401297,0.6413913022467557,-0.26597541710721423,1.1645049465976434,0.7831757987394391,-0.7073739706079087,-0.2695932470877324,-0.8990059019251223,0.7066140391250328,0.3811967039435367,-0.8165867016284564,4
-1.8288488853547975,0.527121084253761,-1.0692160524944019,0.6809207014196459,0.15512140475655914,-0.5066115944327021,-0.9587630550380728,1.0787247242766855,1.0394446108747821,0.3882073588386695,-0.9354926272766605,-1.6550633428317156,-0.8670736935565562,-2.970938772819752,-1.100238053891263,-0.18812416230670095,0.018008809539494415,0.4308589573695233,4
0.5279531235094816,-1.5913841830522457,1.167617991679901,1.3850515424036927,-0.5156038573168733,1.1442612299779127,2.0955891629244583,1.051125173668904,-1.0629963105944409,1.159638834928072,-0.6084428897965364,0.3169842347713377,1.0780519167931637,0.029697950811249332,0.5361107528172471,0.1567569746186824,-0.5633227153186874,-0.9107021041992773,4
1.785309585094351,-2.1768952785174576,-0.0591858056656085,-0.5012175505448149,2.8618312500909275,1.3200940076572745,0.2768552994947403,-1.110997632862921,-0.09095370375264417,0.4727749054577257,0.7878226150823989,0.325052548818982,-0.5285035942658562,-0.239753351244289,0.3125331169897774,0.23546636929096695,0.11647717056857838,0.881670526412046,3
4.788876173646552,-0.7411616672603085,-1.0945900374605966,-1.2707753938127326,0.9185824348240568,1.401095132503076,0.63609363772826,0.4276014014863298,0.9713350139689754,0.8204480441823105,1.0033471433915109,0.9031620671069656,-0.3473202058355877,-0.3410876139065184,0.5280294532028116,-0.11255794500765826,-0.14348109407608683,2.8920560485038083,4
-1.4226934603643793,1.3853896837435025,-1.0435596770249065,0.1739204253445693,1.2184639722957873,1.620013219309216,0.7358193604110742,-0.7409983474055364,1.2752065657843252,-1.3048436345117447,0.2293020437437502,0.6796819099177275,0.22962286981294092,0.09913476188868327,0.6714392604076072,0.2599898856690105,1.172031841650513,0.07890680843636595,3
-0.6374036198170618,-0.44678232527672945,-1.4721983297521728,0.14250261907325304,0.17403280699045495,-0.10119913769065562,-2.0306702045254488,0.09028758651269413,0.8203760683704112,0.14991850921558936,-2.2840305345937537,-0.22011451933993167,0.7300693047618235,-0.01421941472348906,1.0756617481748805,0.14368679668070658,1.4429839419200448,-0.7884196132052488,4
2.1906596314512057,3.5298952805669326,-0.3806472109593248,0.21160278875364577,-0.7619077084445941,1.3613115465292527,0.6699543599741339,-1.1500616534194232,0.5383868408018859,-0.37111601242231906,0.28361655353013654,1.496529889368442,1.3630879581906359,-0.9370348692755608,0.4472252231146176,-1.6925646788829902,-0.5583536914416904,0.7504417010996322,3
-0.2074624484129657,-0.03442733523298731,0.061162752257084854,-0.5760410698855062,-1.0875038514066377,-0.17041053250052463,-1.004614403707275,-0.6322521913833636,-0.5451441454965409,1.4160001859693805,0.5959220401126873,-0.13330870947350054,0.7429886743873281,-1.1681472086552867,1.6491342004114609,-0.3463938890905351,-1.25052032292968,-0.2374213916180994,3
-0.930269676349423,-0.9082315300408211,-1.3082274216836378,0.24403189649900614,-0.7106613462864333,0.18723021109661747,1.3710174789971488,0.9892710265253413,-0.3092585557563499,1.6809263218041917,1.6796953315523735,1.0013841334300502,-1.8648908554520673,0.9535971496914709,-0.3092169866480734,-1.1692965683713947,1.198782182725273,-0.47598920401927214,2
0.25403414808019403,1.556193495368174,-1.3291920002547963,1.1077718770022642,-0.37859552508830246,-0.45587924196677204,1.2475299563987343,-0.15910232975066235,-0.1359003791759039,-1.10223642588467,-2.6023286431198778,0.13687442731445318,0.8267977001038778,-0.41415138526397344,0.9554958925826292,-0.10417007610454274,-1.248756018333998,-0.6302866422133756,3
-0.4904777625849586,2.9164949389985444,0.362775483784654,0.6048743802904325,0.9186248904041747,0.654519223482191,0.7419029659499029,-1.5754953795007371,1.6060207328385652,0.37083541607829257,0.28924306359146773,1.1997718549484524,0.052782900493649185,0.2230566621232287,0.5846781708566193,0.733808868534062,0.3184123275657274,0.35148594274755063,1
1.8216396130452868,-0.13523647649093465,1.7565835309424802,0.11240286997662721,-0.9509523503346186,0.014158115151372273,0.3931273202663215,-2.1211272493623765,-0.214371708474977,0.09670855306201596,-0.010147655186740934,-0.3695414175416317,-1.0823768021171432,-1.3358191579516427,1.772783571040892,2.302878809858733,0.623435381650238,0.871019269646171,4
-0.8248071445899575,0.4424228594041799,1.024611256329163,-0.07392142029322105,2.3222288404940157,2.4082185261352342,-0.2890856773404171,-0.08412625228047944,0.7984661199121845,2.123252675202234,-0.6378128524722666,-0.3675760445905749,-1.3639587693726514,-0.5599663538874382,-0.800796298935489,-1.389823663333862,0.8996334353881892,-0.4918131089763786,4
-0.8829796531590205,-1.5908402804435096,-0.9137382031005782,0.4919799766242519,-0.5794371628912224,-1.3799419230598884,-1.3533363119523665,-0.08582728195593886,1.0459811313561682,1.7077719826848254,-1.620825512418411,-1.7090117759029586,-0.14631652794082214,-1.008272795010231,0.8434319441374928,-0.6443365314946614,-0.446530550380002,-1.072785435904118,1
-1.8099505689762652,-0.6046376869874571,-1.2084395094303906,0.46365776913961276,0.8401403126689665,-1.1433472513601728,-0.6405792202644494,-1.892378504530417,-0.26037648817980497,0.8707383839859691,-1.0568017951281483,0.7300312109489748,0.8632188855442375,-0.9796707358588699,-0.09716311189753256,-1.220399395643521,-0.7332255460623113,0.6210168837848259,4
0.12942475638681855,-1.0913508470306763,0.3116231810700745,-0.47475470269552106,-0.8746304817319388,1.7677233493460767,0.5166414736590214,-1.612388665236546,-0.053045482548657215,2.3096474448541575,-1.0800964794239523,0.9883716962869938,-0.2986897087041577,-0.05947516748834049,0.5566393378944047,-1.1608909567112098,1.191414512601419,-0.7210365975558165,3
-0.03284966246011523,-1.2663112472514613,1.056254360261579,0.5007027532989363,0.7265308216438294,0.33306568149325166,-1.37695310920406,-1.3305770773422594,0.24485183266138652,0.03466247895118617,0.4057264598813438,1.39723885082881,1.2762974408789765,-0.6416838880438114,0.6371370511296541,-0.6824149567921003,1.344970379265618,-0.8946465743534219,2
-0.6169433082863307,1.306009381094147,0.3929722747777846,0.9535865015050476,0.08100506973889642,1.7949946949485756,1.8275872894854417,0.030022366860388366,0.3823981094063882,-0.24776031532883888,-0.09411630074785639,-0.029038457545445148,-1.4228109398702364,-0.38516549565916486,-0.07888063634709164,0.6047619966920356,0.37118337978060717,-0.4736230984402728,4
1.9242791307295029,-1.3871549148677882,-0.18297788788164626,-0.7769546045248322,0.20302651933263713,0.1266952242203529,0.1031296235753031,1.2687109704257995,0.22906095998591863,1.0177043144145765,0.9299139087265208,-0.3028033545049584,-0.2209721773925104,-0.16417695932468573,1.6924951395543153,-0.19902333118828627,-0.5884460954716096,-0.8742672139665174,4
1.6318684998249773,-1.2885138217794443,-1.3335199962434177,1.235650497123025,0.22899917642389103,-0.2573178957144224,1.4555186757268541,-0.35344657489471315,0.6050829004322478,-1.330387786492467,-0.39462140082261893,0.810147512020557,0.030240876565937547,-1.3688325262052836,-0.6715574109455006,-0.8219757424616558,-0.14627180569349155,-0.26595125442615003,4
-0.00026728696790166424,-1.728490089390061,-0.5031364599019608,-1.675863009736171,0.18137383986941788,1.548753122172514,1.0061237985102216,-0.581081095502482,0.6991855423523146,1.8398790635862934,0.2730721190834005,1.3349438990524223,-0.43304231312300767,0.6059730800274425,1.4891404699577317,0.20054687428908038,1.3225215424274552,-1.058356733798513,2
2.0481621624468604,-1.1786191200616105,-1.3231924034093463,1.283038343447392,-0.8893009122875628,0.3933387687275988,-0.8084576815851935,0.4222653779771243,-0.6464591053245132,-1.5499513681319774,-0.599023034083279,-0.15938085406216218,0.7242072353677897,-1.087025546425331,0.11100434623170945,-1.0903463344405706,-0.7510224801363417,-1.577363548301147,2
-2.423785140291662,-0.892792597886416,1.2999896870995495,1.2996054527396008,-0.11914815265324342,0.9481847566034416,1.9356162079173989,2.2463623828803416,0.730566234946923,0.8749890740848015,0.0449493760454039,0.2736691667076168,0.5331376039973683,0.06432592744796573,0.5434350780437995,0.20930717006908006,-0.25468111263619103,-0.03396548421838056,4
-0.4995793201816849,1.14815215725398,-1.2666606258917317,0.595454831550726,-0.4556352268407593,-0.3189947092903879,-0.13482654329276694,-0.20841491972224793,-0.8039745423701138,0.8245140847484164,0.26205932420131955,-2.1913546148535796,-0.4057214331537553,-0.08221585296327696,1.1828181850681974,0.40765714267605263,-0.016042447396343768,-0.19633518921862514,2
-1.9586324692386259,1.2177361092589158,-0.5871690766277637,0.20440241582292953,1.4701888290570155,0.9672865786282054,-0.4813892825721885,1.619751703812042,0.3037198227496247,-1.3012576289715247,2.453313559383048,0.019919151267483722,-0.17669702902098897,-0.7387224770520572,0.17864724890760822,0.7792538841015966,0.3363670557528767,0.07000780465161194,3
0.6585824098212475,2.73747442207407,-0.7709517192888187,-0.11770801131220884,0.9946269309546422,-1.59141707636198,-0.37387826672275043,0.4272303046496259,0.172124631461301,0.17359852791945082,-0.26711199199733654,2.4910070244165436,1.8905908216526415,-0.6086021208989052,0.5720492314197714,-1.182635737979512,-0.8611634008975785,0.7412258819771347,4
-1.4661077929310216,-0.35563951658668524,-0.095944126470704,-0.3028913031135462,-0.2203233951828503,0.8862271389893436,0.4863258435588262,-0.5984270935334245,1.3614629467676214,-0.7893398518650242,0.4567186554100257,0.785443150212203,-0.3574520287001452,-0.29338461174378727,1.3038214342315444,-1.0712757310147825,1.2820373175399984,-0.19182142866934412,3
-1.9982655551116448,-0.3649580260865611,-1.5392364705756003,-0.4348965912807482,-1.1755474272571553,1.6326847531158484,-0.22619815223951362,1.3513784741862087,-0.0520259808132383,-0.5960630200247757,-0.5007079428288981,0.8500544287869888,-1.2759816492370026,0.006053808954272855,0.642282994820694,0.17865701283486254,-0.4387017610225474,7.619061633824179e-07,3
-1.3160444007641807,-0.8434408353642654,0.35180856537471095,1.3236720894539071,-1.1337585973213313,0.9281617117906986,-1.2786952660439126,-0.4306969199839949,-0.031340897366098415,0.06336633327987756,-0.07354052817204586,-0.29779868340820964,0.16197875515507185,-0.09378022389607425,0.8342670081419201,-0.2007410646697134,-0.7131108237329721,-0.39689725970926426,2
-0.15851659494249273,2.248584257624843,0.8937190815457823,-0.06749442758353605,3.1992981801204343,-0.33789331870124995,0.5146933978236861,3.644306084809649,1.1889705955747898,-0.16619653392413072,-0.25858190777744444,0.7089620611001086,-0.6569251333992369,1.0506389606007656,1.2925907964752663,0.10413239528421611,0.6519300028395257,0.14543964397998183,3
0.9052532364489366,-0.49269901185068643,1.287783005256801,0.9840448026676476,-0.6718437414162489,1.1584839086324037,0.9354354816556589,-0.996202287189916,0.2787795202670687,-0.8009382165255126,0.7458255189843997,1.8358902945931743,-0.31522949593056293,-0.9550748877183348,0.16455608002151237,1.105287429396601,-0.1682632187394652,0.7989604890892352,1
-1.359021112221001,0.6145468056106118,0.5602807196829404,-0.13056187649274417,-0.9264763674740907,0.16902298555286463,0.9413739240293842,0.21812563136551535,-1.2524840525275063,1.7191530321230757,1.0441778897137939,0.29053938842292704,1.4341422591325208,0.22148079116932562,1.764293696688962,1.7384987068824211,1.749469126349239,0.26998197384079536,3
0.4378828849737227,-1.8860731873364043,-0.1986528142571665,0.08847694191582268,0.11242814349419875,0.8540712324305108,0.04125420165915996,-0.49864136788921426,-0.20261802686428923,-0.6260761216611366,0.5979501320800266,0.8228296120437911,-0.6784647194309387,-1.0249786138667665,-0.056522039821504146,-0.4326383526824889,1.4486935754928385,0.7123590108543253,3
-1.0899262891573331,1.7368261542903773,-0.19675479874422394,0.12305898414215884,2.2564940493236376,0.4076253172158218,-3.167995208078718,0.6895244853763014,-0.4046230859478686,-1.5268677582486163,0.35132531579354687,-1.2812915165308618,0.2585679497870294,-1.815663096697933,0.4453519963098656,-0.49150490802987673,-0.4449881405883212,0.3250601033572076,4
-2.6261344144500063,-1.2892312342328005,-1.4771526286693017,0.6568773507288452,-0.5105098882455947,-0.06819908004027253,-1.7782228185119873,1.57393429271911,0.9499678450443496,1.547027014511009,1.496295994614176,-0.6288125764098577,0.03823925292093984,-0.16052424979326707,-0.1778538043900159,0.3076025588298155,0.8771747307824824,0.08109442515189144,2
-1.4256112346236525,1.4635646409846865,-1.476903376663686,-0.431621745543141,-0.6239835667745687,0.5621461260838091,-1.357077912077908,-1.3278021578391075,-0.5057488672045256,-2.0832523685500286,-1.149247460930368,0.3217022454570166,0.7116573396848705,-1.1443667833996554,1.4315947911498699,-0.6744461128139377,1.243105685842229,0.26670983703507445,4
2.4037306034445645,-0.7769887211012234,0.03611511996821754,-0.40086868485693455,-0.26486715073398065,-0.5687797687606615,-1.4155209855129305,-1.3867903555598078,1.3762611898897907,1.563070245134708,0.22701849645105937,1.5780735476519872,0.15618311050815994,-1.2423562603207312,0.09318016234231927,0.302707435965932,0.8416623380190638,-1.499600271343312,4
0.12995975674935087,1.7287364458346475,-0.368092158831393,1.0895700668704358,-1.5313905094631,-0.5449198791706205,-0.45988502099605877,-1.2615612274621282,-0.006312712622083507,0.44367491704315454,0.8135934121810292,-0.77405117546547,0.09981060869180683,0.4146153384019226,1.6504024868949845,-0.7644181200275002,-1.2433975556455303,0.12113102780105721,3
-0.15876776671336654,-0.4154283876625344,0.32482318485422185,1.2245947190884567,-1.1749550630952568,0.350615299621727,1.461726696963758,-0.7853693444144096,-1.023326610570774,-1.6197296453842536,-0.5192657670895212,1.056652700106349,-0.26703177101472075,-1.2807289000665898,0.29461827180797046,0.20365772110824504,-0.6218691120499967,-0.8043306391706437,3
-2.443181974274824,-1.3717993628271474,-0.6441069293472018,1.6478746959104074,2.8247813768947685,-0.02476379443182735,-1.408477273923534,-0.39625679809096154,0.11016392739194453,0.09672487499694858,-0.8124522358837971,0.7315388848338856,0.2940680460445081,1.3012935649672457,-0.4876208720818163,-0.056090918498021586,1.1774385716700626,0.5048819060549041,4
-2.6979715863021108,-0.08066339615854944,-1.8606151890128622,-0.19047034435288332,-0.4703664096714812,-0.24255946369250148,0.4353093475020121,-1.656981326223862,0.15535852571469125,0.29227353216647173,0.07482596415756158,1.2137308029420908,0.4401152921100738,0.5776748639341339,1.182140292447559,-0.5041823664080095,0.7687645983882292,0.1635696808165601,3
-0.7373996524574076,0.8945025617316235,1.1798831001496386,0.5094532322282626,1.0578885851276627,0.25836985911455773,-0.055667767585975775,0.05805109217367582,-0.8819463050011105,-0.5926946485552759,0.9909029563272144,-0.7587920186533205,-0.7969104103739151,-0.8868261001813235,0.9840996285365502,1.093662139270201,-0.13953576142120866,-0.42747365536589904,1
-1.2571220990943366,1.536279307024287,-1.2572953657410881,0.4294136219144726,-0.2890736615380695,0.46051807898355346,0.190037532557471,-1.2186748948092092,-1.2467508494108746,-0.011500928743871926,-0.057188757251498794,1.5503426479215139,0.94498006404454,-0.8227366544573478,-0.29555024660280205,-0.5232095213459604,-1.3055042993891364,0.4139104593854743,3
1.108838027629445,-1.4164708632990868,-1.3683530589992252,0.12537405457923453,0.5276783387553047,-1.017849154776381,-2.5070662243645594,0.12138596332975175,-0.6124445222675045,-0.22742838516187042,-0.823528393457513,0.6967070637661168,-0.6398420196231639,0.2595547509495182,0.5628474639119884,0.12008449376153803,1.3170630063584308,0.5740475059860841,2
1.0141754757299055,2.3968640120820677,-0.6982338801778731,1.3835932402539044,-0.15732163082870704,0.02047487236155365,-0.08634148970339205,-0.2680861885441934,-0.45231382985589336,1.3013370468825827,0.7581181724065345,-2.3274908390638065,1.0236475629903332,0.28658090987361984,0.9585979820072532,0.1226242216810423,-0.33478971386374873,-0.2438674477127009,4
-0.7233820171131736,-0.13128755275679574,0.8094961557328413,-1.5787754833806091,-0.30501344607723374,1.4370374109589252,-1.0932368330133033,1.0986322413083602,0.49712444369160375,1.020634060273429,-1.2171818087428978,0.3716563044852582,1.2309502835045953,-0.26152060784755593,2.5831904906722762,0.632520906840208,1.0260201166648233,-0.07185849607683725,3
-2.0582161137316084,-0.8616893642082949,-1.7544259258354107,0.1299588332768965,-0.01825251584536042,-0.42542894833924205,-1.2064885272111177,-0.7926619680288692,-0.8931421369832429,0.22961664964806167,-2.023443030713094,-0.4905870025746518,0.2970764713577108,-0.2703782404339267,0.9442759685532893,-0.8450489757202208,-0.6924738463516301,0.448731232754565,2
-3.0544457116008794,-0.07137211916371917,-1.162256725632971,0.7628688676549283,-0.4110345118535402,-2.208106283598775,1.6349217046823092,1.0223600900171417,-1.314727145563045,0.1070008877553395,1.784604601001785,0.9180207278609969,-1.0855031087185723,0.4032533252611086,0.3373154222503638,-1.156231438893004,1.0724712236823035,0.31445647927658144,2
-1.9148649819102908,1.025222852301899,-0.7866296897847403,1.319651755557878,0.03893986097271218,0.13319447240978097,1.2931496075075426,0.1188399134252517,-1.5896719999088498,-0.806087382216158,-1.3167602702944377,-0.7064717514443771,1.0139512913296342,-0.9331419796187407,0.24689288398510853,1.9545711391122174,0.5027333500929629,-0.0433664723097697,4
-1.259521951749305,2.4215959199045254,-0.7580581023634593,-0.157549100576736,0.6683606053823383,-0.35792784366455793,-1.054498971616565,0.3199924583952958,-0.9773949846539806,-0.6895644621379471,-0.12394577064532046,-1.915001886764895,-0.2774750343457215,-1.56370994393455,1.06000135025266,0.8318174627659666,0.630024814154578,0.06112041325898629,2
-1.8745337655532752,-0.7013113814769182,-0.061361425771645196,0.9252261917024005,-1.1606638000033456,1.7036096781830843,0.8687098525578667,0.10772181460670704,0.5989966404128201,-0.30667659436112366,1.7672391297224628,-0.03288369214037587,0.14457685703849005,-0.7802464638189316,0.23191044567927568,-0.1569937127670024,-0.5229283507464118,-0.1044165260741387,2
-0.3916481167261124,-0.6737074103245544,-0.8659304089980836,0.6934761039707611,-0.030979242348867533,-2.3214208986592477,0.14428546809253903,0.5915923940803247,-1.0358445293491114,0.44565140619091764,1.2193594433205368,0.221032958376751,-0.7384108932876198,-0.5393420587480506,0.009515120440022775,-1.467535325390171,1.0321886011914299,-1.0322952203855806,4
0.9577258287614764,3.2395168804994894,-1.2764305054666742,0.7218851333765485,3.061556870736383,0.7553134501681157,-0.48057671342328645,-1.3627893222056413,-0.5782796890311775,0.41304400356155685,-0.39479908233698513,0.04915942380396274,0.4748567668952871,-0.14395599492672248,-0.9223079206089967,0.7685044235964414,-0.36131009605765146,-0.19270521738169402,3
0.9874279344296949,0.6245307167845879,0.7237358778646596,1.463115522052905,-0.6491672440923101,0.21058589259681415,1.052246359047117,1.0481284459514204,0.9120175966331349,0.2569433786048644,0.3676323468332559,-0.3087521067907272,0.0894802937743766,-0.3388716676517053,0.4086091296744525,0.5023603297472298,0.5686519798048535,-1.6845551257996783,4
-1.703251723906726,0.28074650963803693,0.32062716175058037,0.03202651113799376,-1.2261921693094318,-0.04858525274137985,-0.1101591020325935,-0.6342768334272928,-0.08647088519610757,0.05371776595318589,1.048984291774504,-0.6896629371662542,-1.2455190836676653,-0.23102416266968298,1.8911411821188469,0.4397771102809711,-0.13085982675400523,0.38866101949298604,3
-0.8066774979132336,1.2508889150178921,0.5514677668021607,2.2648224612577255,0.151968957112277,-1.1079662603749687,-0.6879827665150948,0.35912475662509674,1.0402982494127826,-0.46484025882310354,-0.1944851524918502,1.1421705575765013,1.783477173301444,0.005842222840551556,0.1597522143066655,1.68843636012667,2.065569729410468,-0.4727812442500932,4
2.577318530878441,2.9497763840445197,-1.2244909312378234,0.8309423068672663,-0.22761730195900715,0.46947967363953574,0.15631716612003002,1.2570406573863795,0.2476543992116191,-0.757435262034424,2.097900006739257,-0.2948192376221564,0.25916607024342214,-0.47374362710188017,0.20222045837836766,-1.2307666116529599,-1.1892085044879777,0.04605884002231576,4
-1.377880363727407,-0.21705746356863764,0.07990601672386424,1.2272611397946542,-1.6934850457470951,0.6274907338299809,0.14812363360287925,-0.5246411602311739,-1.6425239042909818,1.026978791905067,0.7576208072414298,0.06951207579808041,1.8103654857802112,-0.5596314531646008,0.22909887692213188,-1.6278176352847569,1.1998120524118996,-0.1895208909863665,3
-2.9531182075960993,-0.527439652592339,-0.4088194076662319,-1.0543574003165215,0.6100148277420003,0.9876057532384439,-0.338912895546482,0.28462711543351676,0.21436640610842203,0.028448294379292742,1.4062046556942682,0.9363507397972001,-1.3669457734870094,0.7389362661441301,1.3811360547047369,0.17588884289648607,0.8060146630988659,0.1500016558044139,2
-1.831933536149383,-1.675845075538633,-1.0362257655486677,1.1340519794107609,1.6671795373210045,0.3101148248425197,-0.42048872228532036,-0.373082349606346,-0.7041601173725452,0.36524772736572486,1.3611791442329355,-0.4353399828338801,-0.5588872639137528,1.6505773802721753,0.438181740103219,0.08220307145870001,-0.2878555023487666,-0.3181910677472399,1
-2.518071613501858,-0.6318781905915185,-0.7669846884674303,0.253790705192231,-0.21421196158376532,-1.1699916546333877,0.6689681335887995,0.7119463537358312,-0.5600445589363469,1.2167078534059768,-0.4161549001298655,2.16437602884005,-1.510647178418222,-0.4673504736470134,-0.8770260573726416,-0.4532768768856063,-0.5181413813358661,0.42444600076534267,2
1.1863623714840217,-1.2426675851203652,0.0927869055333277,-0.7166680514616802,-0.34800086150586296,0.676161002967075,-0.9754454037987053,-0.45937729470953,0.7919299121480299,2.604951511901073,0.2761920019430856,0.7577718346103213,-0.9547745563453416,0.4404859004173255,0.6308035230204052,-0.0419123454629509,1.0906241511394485,1.70534891298026,3
-2.7138001419582953,1.17449185952716,-1.0432853892212821,0.8361666768315479,1.544354991666735,-0.03189799506259689,-1.1745563383988293,-2.1672297653448362,-1.322589027113055,-0.21078733184400192,-1.0294301140859332,-0.33702908434325146,-0.5176774412359898,0.8181049801410918,0.6217701522377507,1.721094091610371,0.8206632476196897,0.3107849100796465,4
2.686518324793376,-3.066683206306128,0.6504391314770949,1.4353436396706163,-0.8633716134107436,-0.6221543201639305,2.414799477249393,0.8059512688409236,0.33331207998992396,-0.9366467713080061,0.354787644704623,-1.2617734579782676,-1.10323854794775,-1.8585144147666897,0.3491674045764425,0.5304819621715865,-0.2855876752592742,0.584516615447448,1
-0.388119611631802,0.962127557974613,-0.5511032365175448,-0.48077241720127045,-1.4705903729062022,2.1917616456567637,0.23140884343915796,0.1441017483692793,-0.5071099017566216,-0.5491833526055246,-1.0614894471363585,0.5645517442070811,-1.2363691673792514,-0.6616339809360823,0.5345636084987779,1.0198083202351957,1.8023608948584968,-0.7410936447960677,2
-1.301758573734446,0.45118813204552,0.2974217734890019,-0.5417671485018007,-0.41308184590584607,-0.7522467391487726,-1.751100187715341,0.29190388571518194,-0.4335406687908916,-1.0796536299095552,0.17942153344781728,-0.1778100282817457,-1.9148564889072914,-1.3079378772284092,1.5705442278464141,0.09780047813608149,-0.5351629114765071,0.0008573551259971162,1
-1.0296270938193623,1.5868439849904432,-1.2834904637462587,1.5851250292637822,-0.3008469957236782,-0.4194425580716539,1.244484477255913,0.13294412670796232,0.5052107812549491,-0.6957153031412151,-0.7256878516383986,0.3514808757524993,0.5161044448985848,-0.7744465609430996,-0.4677072895673059,-1.1994287173377602,-0.8098558976080362,0.07246322587852766,2
4.412021265482096,-0.8474964352823455,-0.1611792197772072,0.6614944331509796,-0.19419165220701592,0.16345637693074183,-1.4323498136691508,0.5267410941492173,0.8412298474976727,1.71267881564998,-0.3704134712858755,0.5774382968545396,1.0422039482407517,-0.32187384068286995,-0.0315697085663205,-0.21639275096430807,-1.1267970876054898,-0.8322995127413365,2
-1.044541631043283,2.0167248716539214,0.2720162680709942,-0.3981951155938213,1.925261943733023,0.41972259206737833,-1.3189811206664852,-0.5957229742768341,-0.3172116546883821,0.5619975767267844,0.4178336383458726,-0.5822715138102542,-1.3177667662675254,-0.4968434041367287,0.6147511569559349,0.6309524898398264,-0.36332234052419937,0.12429972237652014,3
2.520089536565588,3.2265678062482674,-0.07711858859842124,0.808897652386181,-0.3527912877303839,0.8185617275043027,-1.9213966757044143,2.0647070065259245,1.6947477762798773,0.5439003288074409,0.027258551747501907,0.5120644226138465,-0.18516626736508357,1.1925716120102625,0.7481690656806226,-0.2657015332789632,-0.5929115360559326,0.36009386293361334,1
-0.8761887533300061,1.8254887647526814,0.8811556937547469,0.3672039214260646,-0.26183899012134715,0.7590794481228574,-0.4409504019986882,-1.2692064946858426,0.2608338028606978,-0.4912597251338534,0.780565210310927,0.3708957700405344,0.6226809391751508,-1.6368036881139456,0.3744494950331772,0.8826242214621799,2.227746704081607,0.031096236910687497,3
1.3285395271762583,-2.768616964592464,0.007190487541801698,0.9342938023925988,-0.14899125520406192,0.4905718737276273,-0.9050893891399194,-0.27308930869504316,2.4129378492336344,-0.40621953363180385,-2.26681041076456,0.9220451277342577,-0.6554663578759258,0.8441565663624427,1.0333491345010244,0.9178939923197433,-0.06998192216828174,-1.050631844906753,1
-1.3892136576759766,1.0629756955402963,0.9307705991930754,-0.4662242724886943,1.5550267694682034,-0.600915614026274,1.7915246243088359,-1.3551535970599569,-0.892105346695186,0.384143031743213,0.34321048641100804,0.4775029817506873,-0.5514897129350645,-0.04375705454096867,1.6979571326088623,1.7223775036446423,-0.16401047809421085,0.09355231621326673,4
-0.7777740238178641,1.2925043413042754,-0.09198209976720575,2.248743437343101,-0.711893752070303,0.0906857698315129,-0.7296276449910293,-0.7670822931041978,-0.610922905233925,0.09116796232060881,-0.20330112126161742,-0.7905686777019759,1.446817464310811,-0.2896943880254466,0.16802131387644065,-0.32537201937674437,-0.4217534666827078,-0.1080457233027921,3
-1.322490727609424,-0.9178929267290888,-1.090365527714392,0.07293822210249819,-0.5023104859141597,-0.005394698710016433,-1.151017772221739,1.072610946535735,1.0475949036979963,0.7738034089851148,1.7465298997389949,-0.5491340900789962,0.6703236558264232,-0.7474999150239516,0.45336499787819956,-0.20879594789229428,1.0584947920707188,-0.27810670119575953,4
2.1515065398595943,-1.4198834933757019,2.3584021682448593,-0.019474383878170888,0.3750048802194186,-1.060041424411862,1.3226388010873213,-0.015135040545836915,-0.44049195176072353,-0.2377116202147952,-0.09522800407349871,1.1613301890659378,0.11006097347622107,-2.9302963161980875,0.4599524146971697,0.7451129209200049,-0.2769236402729766,1.489505835723715,3
-1.8843871655122737,-0.8524311704130647,-0.6101344952592552,-0.40828575357982916,-1.2094162579576122,0.5565256770106433,0.12441196778619842,0.4606155629872052,0.06328251004456296,0.9554480491724633,0.9036337468887287,-1.3963583371942294,-1.462761384501626,-0.32784005786534626,1.2815229493172684,-0.26973118883413877,-0.4204431235266039,0.528773782388863,1
3.779585194796017,-0.032641821651581665,-0.9874123199053829,0.961774103956227,0.11451938473638815,2.28377133986203,-1.0242944574695725,0.9152351139606933,0.7438807430082508,0.6702109487316632,0.7939541238875657,1.177455951705143,0.44989551624737,1.3986940099724083,-0.3730370637494165,-0.5458311028673757,-0.6266112501415722,-0.5058874355418476,3
4.301585337411477,2.9772810041797806,1.8829568517865913,1.8178090987642388,-1.5071277112528438,0.1767318512247653,1.8528881500025187,0.36952990725830126,0.2642754027401307,0.9190916172084084,0.4925023970153705,0.5576703022302403,-2.042175495682275,0.059617902626827035,-0.3438234963839136,0.4192273272937536,1.4595303524628442,0.22134367646635889,1
-0.54588163563304,-1.05225215703101,-0.8656110135868063,-0.0672658891002106,-0.8232702787137185,0.11826869748537908,-1.4978675093187772,1.864918437292574,0.16379932797710203,-1.5226551574565907,0.05049663821218507,0.3413777631374294,1.201852593713412,-1.3700305495496314,0.9310555845104462,-0.1267386386639041,1.0634040540047707,0.5162043129733107,3
1.1141951187518908,-0.25660819930410755,-0.23620356105479348,0.6547997590394797,-0.2141551704849189,0.07048851810200245,-0.17219552988667686,-0.09321572621620652,-0.5562171077590217,-0.47065242297560483,0.580681762734624,2.269565017995069,-1.0115351766222693,0.2916021816225828,-0.3315411896789122,-1.0456925112987847,0.9374425864408655,-1.2035629753645338,1
-0.5630809141257771,-0.8084392079604553,0.11335626603937848,1.5739761549223983,-0.7396564122797584,0.591163026110597,0.8955060789179389,1.3572915316445124,-0.42511698049753444,0.799887056278235,0.33186906627221646,-0.012202311692738875,0.7643914100607412,0.03156141945934574,-0.03835627844636321,-0.13506534044384577,-0.6504920134346854,-0.2746062741950103,1
-2.132596402784475,0.23259697868216128,0.45825793934917564,0.7361316320785698,-0.9277858701506169,-0.03781821911921924,-2.447198094004751,0.8294229034450462,-0.040555275966539364,0.19904131317064838,-0.12349614642117952,-0.05833087116099313,-0.717370304544049,-0.5707408056260167,0.4975623975912917,0.9154935978985013,0.18775077228746187,0.18109073501192857,1
1.438741292195336,1.4384467817459823,-2.2255915416264087,-0.9845224729770328,-0.08822193860061829,0.7831072481595593,0.06129982285661973,-0.4768454328750596,-0.13803248828461945,-0.15976674001839405,-0.9481005063630216,-0.020379137797987976,-0.6192885494914271,-0.043591053963922585,1.10535436078934,-0.3714993218194684,-1.4473284255528331,-0.7657381493164811,3
-1.6020348980573926,0.49631410354548944,1.2117621517525345,0.9751291121825634,1.4960915539610444,-0.34194982244414435,-0.9094787885851313,0.6317331441269446,-0.3804251681480708,1.010472061865004,-1.212641751934703,0.22401486097212198,-2.3706845665332446,1.1533569607267744,0.36158125091117793,0.17761098416270646,-0.5702974787298948,-0.37773736565092847,4
2.5009178942115446,2.524728256222084,-1.577646550417946,2.1200511516732607,0.29157793707269136,1.7615053037173027,1.2652741877578408,-0.04497593376618454,2.1204605539504677,-0.408395719122354,-1.012931608328898,0.1874226598912985,0.6526821106718363,1.6638882799866934,-0.2489641510014748,-1.2711558860541496,-0.8767334671243319,-0.13783741086198698,4
-0.27586753606398423,0.4054470716808462,0.9117302329399309,0.06809433070301453,-0.02627367006606055,-1.1371049021313098,-0.2618948146284094,2.3587860767296256,0.20394879330239302,1.0174443481685342,0.27378600852247253,0.9535809852692435,0.6985124721106202,-0.10716073174614409,1.4347047912177102,1.1906780640693548,-1.2111062104740316,-0.3470485067363408,3
-0.8194807235128999,0.020534432991309696,-2.5510447731206187,-1.2860041596076885,1.9997371469171932,0.02007689177135955,0.35715786847575876,-0.7375389319063699,-0.32630440817799483,0.7592805020996766,0.003403843263927914,-0.4282747616247255,-1.1525596726548728,-0.9478703223823859,-0.23775474951449888,-0.8062052505312193,-0.4550809865908657,-0.46472879759625096,4
7.068338734907157,0.5266341547986831,-1.1441553727151266,1.6403864690235808,-0.29644058576077376,-0.7378842527531424,-1.7183272884778906,0.5739283912437166,2.0741706051082938,-0.08475380191117012,-2.7338969593741695,0.12080220424553985,-0.687322880734894,1.247388611057592,0.44922900614376765,0.7477583932492312,-0.27571933398560744,0.916418662269817,1
1.1164504165382396,-0.02140749726253452,0.7314402040491075,0.9878558250534585,-0.050547638387089366,0.7077538285150533,0.5954622032744682,2.053025418627722,0.15279083869754664,-1.8908565125209158,-0.8143380374573321,-0.6617892669656854,0.19929085317643902,-1.6071096127168025,0.6574856597392321,0.1340793325124956,-0.8265132970432671,-1.3513368674813282,3
-0.30433503825152647,-0.26917416047729215,2.248039403175757,0.24381155610984176,-1.6156417483534118,1.3594764747059138,0.16991520051094658,0.7982168486818207,-1.9490571135691088,1.9336290810412577,-1.1876824357308762,-0.7780847785373107,2.057974134016052,-1.3496579523593975,1.4215449093708186,-1.0401411404963385,-1.0742565915602942,-0.40601164746836854,4
-1.9172080514431833,-1.3231758134336233,-1.3435140893996667,0.7034779441968965,0.7458343636740447,1.212045596718088,-1.17225686535986,1.3708073851476643,0.5885028496211457,-1.0760724382726805,1.1297797665157618,0.9392939568770554,0.24466106633660029,-0.8152113033405682,-1.09046441087244,0.6803253767076567,0.7886626064029107,-0.20080287165366237,2
-2.323462989580041,-0.707515840122681,-1.883121969028369,-0.720984420034119,0.5610978066925081,0.9563247161429744,0.6270095268528096,-0.45261752501113894,0.536782614891794,1.788707843424993,-2.0240461656677686,-0.772396503452314,-0.7707685886934437,0.3032965631215385,0.4118685295875092,-1.1896732974779873,0.7412879970851747,-0.09806390419308718,3
-2.737431439604072,0.06568057449159653,-0.04299970688322081,1.1351420059286694,1.5883093106869035,2.484354538549781,0.31293309054918117,-1.1308632431094923,-1.0491903041493995,-0.6712149421891345,-0.08867595480715014,-0.02891107486757228,-0.09174767568792418,0.39008990286664086,-0.25451085956535763,-0.5691799423926467,-0.6746716178021711,0.34582686190476253,4
5.103597294075574,-0.701335408526079,-0.6417736968850674,1.638764353180757,-0.5447340012276146,0.3491862151062179,-0.29761917515159514,0.12680158908959058,-0.2954232786843267,-0.2344234181066783,1.2943767343346189,-0.03152445557965927,0.9742915503396319,-0.3405331619585617,-0.5028950322125505,-2.1948340889983333,0.33054221698758496,-1.709375856759372,3
-2.393811060933773,-0.6316682729035322,3.114426876228027,1.9149506717007134,2.541765073792692,-0.19566514022928466,-0.6059292552505658,0.9034345619643374,1.2479560278622546,0.11580275740942836,-0.706415511839038,-0.14023289265494138,0.5113005385000573,0.13033361955104544,0.7243773899444379,-0.5248645952337597,0.10409129505728801,0.20541663928335335,4
-1.4187464044457803,-0.05493496532320615,0.38363785107495646,1.8741200031271172,0.14237957491239656,0.8061873553815554,0.7935809627936073,-0.37244473593061567,1.6782780790671332,-1.0216897839305097,-1.1070508280661975,-0.23889681182763986,-0.7821146215685797,-0.656588574878798,-0.4390644977695954,-0.0718976123283103,0.13057656199131484,-0.19913461377701372,4
0.5840430382957992,0.21442589426208264,-0.6559912460573271,0.18701996612869753,0.9015508064280258,-0.33718509848823375,-0.6320912405431691,0.615950883288801,-0.10327655624579926,0.20760862087764242,1.4329174051954494,-0.44639384001314086,-0.15951601027774354,-1.2189366950671414,-0.3085314175338615,-1.7894615419193922,-0.39382055419607,-0.2412450363694638,3
-1.9464099663722831,0.5810726094112844,-0.151569732570731,-1.0860059523079204,0.48279104079609675,-1.9401924870557576,0.6954293704966532,-0.680327062917089,-1.608171407886299,0.9125475555157762,0.13718393703824786,0.12338064835972685,0.944535606220422,-2.032445069955735,1.1970416492612836,0.5735544043496094,-0.2285023288364787,0.4471516374330516,2
-3.2202825053348114,-0.7382168048481749,-2.4625364007737853,-0.7121265361906491,-0.3455009596590621,-0.09629389257894777,-1.4077657398150016,0.6424437765629951,-0.309928091341584,1.2832299839377646,0.6354617143828724,1.1187184030808435,-0.11196887418989915,-0.7190768301512536,-0.7282887346235181,0.14815263745344734,0.06557414927432167,0.3009338716371101,4
1.5676151944688532,-1.6424747977290568,0.21894928102461186,1.4180358542655982,-0.8627995288113373,-0.3846090816231465,-0.04392662840154124,0.11015481573532591,-0.2649548213736661,0.3522369173268108,-0.27628354334986477,0.23885445939750627,2.856243198217516,-0.5193480320018442,0.5562436220695494,-0.6727202832036924,1.1312623971760638,0.7662043316364404,1
1.7490459169778565,3.5491586904060264,-0.6218929239204497,-1.2382420309824649,0.9355562496375041,-1.1392378877783864,0.2339962389089497,2.6079172979735548,0.9478993610840559,1.3742590742422542,-1.735919006692298,1.413235537432541,0.2979769584791239,0.016038353210311537,1.0564455288937182,-0.6015760348754405,-0.23510235388687512,-0.21160369447528374,4
6.103011877739798,-1.1689221494323203,1.245061446502023,0.21359352193391834,0.9286568533030934,-0.8690905948542043,0.27330431492519824,0.9612067146397909,0.12578277030097487,1.3790020676643884,0.18099721241876765,-0.34328102046071024,1.6991073166299544,-1.1562036473530144,0.8879378035990936,-0.25689683137283265,-0.8879178300854338,2.595629912965818,3
0.14475462355238142,-2.2326730196708344,-0.8416021980121328,2.028492094396174,-0.16395012409545967,-0.15261213494179005,0.24364974592712088,-1.254916144089382,0.9698994859727185,-0.33842512543778414,-0.2533754751300929,-0.17616101887372365,0.13916262736554774,-0.015663776060763905,-0.29188203478051555,-0.04397396065772874,-0.44904016464499835,0.5491639294791647,4
5.080235620117732,-1.226640704212089,0.3587545066128761,1.1382737534720873,0.7232705721591806,0.35441912320128444,-0.8337712621931128,0.5514306666204635,-2.466856047252017,0.5960156371096561,-1.1366069887326418,-1.9749708461625555,2.511358078944628,-1.0616464115644997,0.4504804286406137,1.5622413815585559,0.8356083262384818,0.7340588237152047,1
-0.041915866718321725,1.6723820999057148,1.5184296644431896,1.0263368320468287,-0.5836476741838081,1.296005438054536,-1.0237979433695061,0.11353550811156424,0.4008395252329956,1.7178038682845589,0.03905037119042673,1.1189300984727304,-1.1922253766146826,0.13394314379272387,-0.4486151985947693,0.8002330714848402,-0.8733935919190516,-0.43125853650373247,4
1.7579522790231374,3.460525944412099,-0.5727034901723315,1.9587873791738823,0.5655190947680083,-0.1579852658370674,-1.1422424961302684,-0.15625761647409123,2.798192363955084,0.5407311111901443,-0.5378391433828622,0.7686523253232157,0.22050292271982588,1.4100311405669013,-0.2649638466867322,-0.35085987437353666,-0.17564714058592554,0.13982803569846003,3
-1.044171892716209,-1.205402134755877,-2.0165013528187057,-1.355914980783508,0.80329606947728,-0.9625875755809987,1.6596480548142782,-0.18650071124758866,-0.4225935596076792,1.4874478693924966,-0.9838435895916027,-0.6462126642235888,0.2769234369433675,-0.7992695422876818,1.0639555885173373,-0.21099984900507376,-0.9459145720658556,0.4055216816047644,3
-0.5255290016401356,3.051939389186331,-1.6577273555168568,-0.02879976770245473,-0.8435417079079791,-0.8584084209694757,0.4975282452695343,-0.6044407092977973,-0.3053103187725702,-0.7494654335945714,-0.8498657000018962,0.6907752581185399,-0.5083214717525234,-1.0680771018609703,0.4400143175834321,0.9770485695624465,-0.9411501500862275,-0.21880559477507258,3
-0.14453785765413155,-0.6229222961982241,-0.07480494376000214,0.9204033959106046,-1.1557712392944859,0.8005737623699583,0.05933173516764535,-1.6579317076008853,0.11802917420873807,0.4040837948319799,-0.38144349492927954,-1.1535658883357822,0.36036988500789296,-1.5267027491010157,0.13830242056220646,-0.07909485566072187,-0.536777570379263,0.4472405369748968,3
0.29187993360325876,1.4848492557649104,0.38222775274920046,0.08382641472725763,0.8648176871260201,0.8745157945737684,-0.5782474778084643,0.6561531914447052,-0.4883226091534384,0.7662437330624603,0.5925405402317644,-0.9901500215494605,0.6279361465464188,-0.39585274513618673,0.6455855718885594,-1.2866922505322693,0.8557957458801654,-0.14999676996541078,4
1.2766219256493976,-1.426849946812928,-0.8725878751857726,0.39838281864391917,1.9546595915655423,3.2041063655347664,-1.2208933728714713,0.6362553911356899,-2.6242395327580246,-0.9371321971207137,-0.8688865302703287,0.45835725565584196,0.3022915520581438,0.8906361905781427,-0.2934020039010158,0.21124368506796756,-0.3833741651293586,-1.164484383645759,2
1.8702158875389576,0.4820650515052967,-1.576598263145495,0.874206258927503,-0.3107633672743976,0.875329507422454,0.9981112422026026,1.7445807246728078,-1.1705912656658273,0.7267306701422239,0.8016128172749843,0.8909205897003857,0.3927104227663904,-0.4325048732988363,-1.5122179032080565,2.1452904340003043,0.23549255617927994,1.0381220161329856,3
-1.4958658054075924,0.024867172630141314,0.8644173091642847,-1.1669593781394936,0.6735733825844195,1.509200823682424,-0.5334936660460916,-0.5494056770945521,1.6043697176054068,3.4456972392298244,-0.6609904632757907,0.981485025159583,-0.7668781284928066,-0.7558784494188313,-0.14840111137620188,2.611674789330092,-0.209197144452085,-0.23668081930757887,4
-2.2179655674581737,-1.1902119560996753,-1.745703239757459,-0.9170157445275009,0.007180664912284987,0.6721589329329621,0.5904820991133365,0.13108097586594636,0.4442123315180764,-0.5622240136467397,1.1736182526134868,0.8568459770563981,0.024431012340175754,0.6376355292957795,1.4298272134910623,0.378060483924145,0.7476985038205601,-0.08862484104727832,2
0.09930439466109452,0.8667963163595996,-0.4209370962489733,0.9813536265978068,-0.6186183559541986,0.3767648350130931,1.3101266092917898,0.2128728718087356,-0.25532882251276195,0.04300222928622932,0.6916886908349179,-0.07376373765758297,1.411522316804717,-0.27381485780977155,0.48153603728939043,-0.02751550051757621,-0.18258669526425098,-0.13328703072272682,3
-0.8999110945932368,1.4598644478966536,-0.5588247520692,-0.8576534415531623,0.5867730987648851,-1.2623571920459287,0.09351862882477899,1.4523240871744674,0.8116739734601618,0.28566026836363656,0.9577638743672732,2.235159931425681,0.6471024872252862,-0.5927150000708387,0.6220339070186732,0.28151774725765705,-0.3723412060698055,0.7085089226768307,3
-0.16235290459867527,2.2613616006883737,1.6012080236576904,0.2747189216529,0.19392679000323515,0.7529936695557715,0.7644460055560202,0.17699734824535393,-0.6226220051262226,1.8121840217655503,-1.2528973200978437,1.7581115956048134,0.32174558233285055,-0.24433327776383823,-0.15092862183501377,1.1139446006436204,1.1120605460704678,-0.0010290371090382873,1
-1.74120974119877,0.7490927277746324,0.8085460863293018,1.9449770440322043,-0.14448431215779348,1.1572358076009142,-1.2764268134976935,0.9641709395740211,-0.7665034992674448,0.039484889480272886,0.2288231972128275,-1.192607504762709,-0.17793958067639148,-0.2733922622794533,-0.3127251732305289,0.6515814885062217,-0.4453247838517245,0.5082070375973936,3
1.546164449117333,-0.7346158723512834,-1.6418793282251587,0.9258996512959073,0.014807210292780789,-1.1297366861876292,-0.06601344104718837,-0.04417291582992725,0.23357429360444001,-0.24797728456410614,-1.7998375841262981,0.987861799056075,0.060168145342359196,-0.028201168240549707,-0.45158287132743175,-0.971752912861205,1.19082065572822,1.477206929342938,4
-2.4703164365293713,-0.27479312803327544,-0.9080696020462847,1.1853531446597456,0.2881213059504206,1.1376193771926448,-0.5475388828887597,0.6360616344151026,0.22462352088008775,0.6898456893893515,1.454387941842432,-1.99797431638895,0.5583554616873503,-0.2211162984372365,-0.1495649254269424,1.2615573672847005,0.42779964546642435,0.24606441721410882,3
1.4954140929788897,-0.4840332065576196,-0.005967057243082916,-0.9754987725163925,-0.26201115974548633,-1.3700743367431638,-0.2343857263611288,-1.9309907968515998,0.2240000030190883,-0.2362999644196325,-0.16782549845963232,2.130354573601571,-1.2058498472039292,-1.5462967055228372,0.4859547445518405,-0.3216715206632106,0.7553366973534081,0.10388648110532164,4
4.897596316198141,1.7079422449331336,0.34302184022810234,1.6308722731399852,2.3094322285404814,-1.7653235500246953,-1.106351448357243,0.2529209428457582,-1.5611682045992568,-0.027923995919039477,0.1717730486522874,-0.2517129729040845,1.012711646511533,-0.3254811866561602,-0.32760838177129653,-0.9857389886551228,0.11703407744062033,0.5071380776192729,2
1.1391951945229628,0.15370793481598685,-1.7587621168903735,0.5202424644692664,-0.7013473025469502,-0.4276439762792999,0.6094478028229061,-0.28014878692899076,-0.9679196849454673,0.2295929416232989,-0.46789949933688163,-0.4169152865707,-0.5384308802576276,0.8244859754628556,0.6805552820044136,1.3942558664250495,1.235599232369273,-1.607545364290095,4
1.664036251436843,-0.12715455945121817,-0.5338098664356051,0.8895414260439295,-1.3026905272389364,-1.1619537002426508,-0.13234126000460686,-0.20940595251612182,-0.034312896695784245,0.27118247643081606,1.069647515814725,-0.21503987359277743,-1.1955517556914144,-1.2284443665201503,-0.5344253692615077,1.869999012439893,2.1460636366104846,-0.45538190435432946,3
3.993261302204157,0.18624250943861606,-1.2998866222546117,0.24336825304219095,0.003011466995454871,-1.1636732512022003,-0.47085309611015125,0.4008775542397618,-0.307532268030661,-0.3195815540254117,0.5568207411687836,0.020143899451200813,-1.1766865351280187,-0.2529612906609766,0.29544798058497984,1.2658579258537566,0.23993695934886444,-0.5997420977294552,3
-0.8529203286300255,-1.2564277187306998,-0.5054626845697012,-0.7037517517659659,-0.5359171976819035,0.8940141430076725,0.4674171970447033,0.19885462712344176,0.882758465811905,0.011052719637774431,0.4486623420844024,1.47202699154519,-0.7093449460047475,0.17857992829322628,1.0574375060564907,1.2359029626236493,-1.063972029986115,-0.8809961130718377,3
-0.4594310432091246,-0.257087650836006,-1.3831145041396626,0.813389823047968,-0.6402680650856167,0.3803194645562792,-0.9872752386550269,0.3396484945111388,-0.5481918435801025,1.101566235854963,2.0664405325135315,0.4219500730287706,0.3828461106423307,0.6643111073160259,-0.37744193310404156,1.0390195394354984,0.9752521759221547,-0.9629575421040397,4
1.7081924765228682,-1.3386921034705466,0.471731056556987,0.5697433402178501,1.2467035693282735,0.07162781878108021,0.3145757818108882,0.28023050928834886,-1.2966048632884257,-0.34597027956639864,-2.549693834695258,-0.6946235875041855,-0.1478580191524326,1.4001099787422837,1.9596779226198227,-0.25148536485054757,-0.054735888003221364,0.0628521173255278,1
0.6462886153807084,-1.1111686337865483,-0.19049851881398697,-0.7083392727413776,0.043668874741614065,0.892227224047073,-0.165642816873318,-1.14748974410346,-1.625703687471508,-0.37482032614447286,0.9463883651623112,0.5727294374308829,-0.5184277436337626,-0.2703928380515125,0.9214076995875938,-0.5937251528529081,0.45411629538376236,-0.5272147903196089,2
-1.3623917152311427,-1.0184796830227432,0.12727506109308268,-0.22858184487825392,-0.2911136754003903,-1.5957042836892172,1.0780075184975366,0.5380522276731508,0.9702129210709258,0.023961995646568264,-0.48997645604112294,1.5718165481582205,-0.3654343640145211,-1.1602965175221098,0.5292949173216698,-0.7755769220233969,0.09546338418659181,0.09983165063255696,3
-1.226545653578276,0.31653731581835687,-0.20008954049620092,-1.6065394558586277,-0.8834287056869901,0.4345847981460121,1.827246747727599,-0.4582543673815647,-1.367288888192539,0.8745320237714793,-0.2830832566621119,2.144251862572289,-0.3015574628584475,-0.48139006932221395,1.1185046018855285,0.6541501430045731,-0.21507994073644887,0.20042083198434493,4
1.0016578002710217,2.1635363942458894,0.7073068366877541,0.9317232592298144,0.3955291393124038,-0.853097776209705,-1.170928492743413,0.627407452574042,-0.7948104047533284,-0.975237287696124,1.571767248673492,1.3055964929853612,-0.9622911528798793,-0.6442459562233334,-0.3559690820008978,-1.6969686450766535,0.274800537779018,0.35542385558781686,3
0.05699221664981659,2.090640480042847,-0.864849688254168,-0.5750882345360727,1.9592923559835158,0.7949407329458432,0.6720397933549445,-0.18392996536748346,0.03482924068602926,-0.0916787993796369,-0.9604231925869184,-0.06355550136684986,-1.289130588597182,-0.5821325417461966,-0.3367908253447197,0.17366314743429118,1.9224341436902563,-0.3646960373114154,4
-3.3768197529650203,-0.47621259583255654,-1.0308728266051101,1.645174477492121,-0.48775236250279436,-0.02472980941349492,-1.0244371127659615,0.2865501277858432,-0.36219740354380636,0.2866579740047733,0.2294147894891876,0.11624319374308334,1.1882334097365772,-0.12565278241729594,-0.7351421031729684,-0.9697773950706432,1.2153328460545,0.4587075301858112,2
0.05460747475555026,1.9544389249464371,-0.3261308173324164,-0.7720522516725269,1.1398189306676665,0.49195766009033254,0.8224657424450812,0.7942293823823805,-0.0472580641144879,2.368632750608468,-0.8482506447665862,-0.1935932836658739,2.263540260322175,-0.6382920093580802,0.4398098383391526,-0.7264144451101848,0.44774942813499613,-0.142347653842783,1
0.4374778190820534,-0.5512609163461221,-0.43702682636133594,-0.10681744014570535,1.0230014670493428,-1.083508208775948,-2.39366520807618,-1.6436317663679356,0.8708954268828684,0.5949560165681965,0.43331872408649025,0.2918481241131327,0.43341006052797854,-0.5945368570055876,0.7003896316779886,0.12469901894497945,-0.6505258202310533,-0.9115385155346519,3
-2.0703013012241795,0.5313101036164599,1.2790867459820425,-0.674843403267286,0.07540903531008394,0.6970119534676308,-1.269569758948628,1.21754210122248,0.4697409928236432,1.043182289659809,-1.530856898840163,2.327565670746914,1.791196632120278,0.1806208621551168,1.3217283481328055,1.8263458174368443,1.3225334284466728,0.2523972625892539,3
-0.9928604578131945,-0.30459496585695184,-1.100344982129057,0.8173642566314543,-0.17032805365855352,-1.3655108070475686,-2.2191134816999605,0.3357287135348485,-0.5656923109438373,0.70056264964472,0.3267583671742395,0.2264979623869068,-0.6553625125780926,0.7919506536379789,0.1391971009555492,-0.7435795155038284,0.8322032754285892,-0.5482507334523503,3
0.7962986700383565,-1.2457681400549454,-0.8272927357693467,0.5789468875436248,-1.4449405177103571,-1.9847546640118796,1.2667852382607623,0.6673799561730673,-1.703586325660217,-0.9305458625463314,-0.34264260588587014,0.4273953473341973,0.1843615835406644,0.027060739128669666,1.3313029079724705,-0.5201093599735078,1.088588598140363,8.891757348228187e-05,4
-3.088171509536202,-0.3408351328083521,-1.0509230898025996,-0.9782579289279798,2.2826510430536975,-1.1534810224768246,1.4276199024243983,1.0712862853529936,1.7468046343188492,0.2518019109630462,-1.3929873707726639,-1.1402940142945897,0.1650806025526321,-1.0074029617304188,1.204850003394566,-0.5784084231048986,-0.04585083709627262,0.25460601615652817,4
0.20043064878182332,0.9706981653311749,-1.88793763569171,0.2725978780366226,0.048368558758127726,0.12190691958308016,-0.6990924898379475,0.3097620773991826,-1.7693266802095307,-0.41750986859549666,0.676752864814025,0.592757902977105,-0.6079006525423054,-0.6314564949162773,-0.852429497592416,0.0571446085848514,-0.33216198506069566,-0.12616421297941974,4
0.8793246219273263,2.2614989268816545,-0.3571367252631204,1.7985762179883251,-0.005161779142199918,-0.09398884636611092,-0.5543410417166645,2.642270384790437,1.0786438805407341,0.8803311871612026,-0.23640907070565753,-0.14476688656457987,0.5953693578836933,1.190229813463672,-0.008022658672549714,1.2381392090571977,-0.645278054503859,0.024510277348728092,3
5.416190974096539,-0.013642398256632854,1.4470100969748123,1.3447114845720294,-0.20286876384584018,-0.40424322521849704,-1.129062111540172,-1.4031243715369395,0.06466229839205302,0.1739766999201249,1.2998574907199008,-0.36106685496491764,0.29676788873100146,-1.4228827016881331,-0.20731163192710364,0.34759012688855784,1.6434351842429036,1.146374653100175,1
1.4054829491583827,-0.825077479012612,-0.7248582628750194,-0.633845330128105,-0.9692033777654754,-0.9214771014592746,-1.8159805580705883,1.9073891021403278,-1.0844433153472572,-0.6367267863804309,-1.6471685242113199,0.8665124988567731,-1.3225216441607845,-1.0442958124594222,0.3678740279481126,-0.695890448122547,1.0777196231097548,0.8038717860189644,2
2.0465079909044164,-0.643744064205972,0.7249509763713666,0.1025858888248119,-1.1128487616075313,1.3408795576263697,1.1990291843249832,0.18775710100156445,-0.007007109410711093,-0.4637914965533516,0.6399732118770095,-0.21769993403571505,-1.1829532702081205,-0.9602710649298114,0.7532942173829484,1.073224256965429,-0.7571811738246451,-0.15931936378252687,1
-1.0358935921613444,1.7423285887262359,-0.5424706008626199,1.646194712599096,-1.3924131935546993,-0.11257140038900457,1.7688771202138063,-0.21796666439325843,-1.2167190185015255,-1.1883678252435406,0.11781996563598042,0.5319927835476953,0.6648964119641003,-1.1251101688930676,-0.7553880546100495,0.3077946944454991,1.9008869924870317,0.023010547909665217,3
-2.298301464500884,-1.196822112404198,0.6661240397603648,-0.19723176143252136,-0.7487815842612305,0.573510966361723,0.9611926102046854,-0.28529733304890476,-0.876842382290307,1.2765289095523757,-1.688265498760481,1.300830921255922,1.0068723939452247,0.68100719215273,1.3517536711543703,-0.5377250097319067,0.6385148847624025,0.697140325961579,4
-0.6892830214645443,1.9466388307477964,0.3022872945712942,0.46363382230683403,0.755934769663265,1.5927312001000276,-0.10245277557717287,1.0762058022029195,-0.8195772797805194,-1.1281242029559981,0.13902293861212006,-0.06252470590412476,0.30274252519642736,-0.7366560981313303,0.0750428510690554,-0.5307780898150425,-0.49544382800834935,0.4565292618049432,3
0.07109351210647466,0.7266241537677451,0.30274083378311606,0.3799037618436801,-0.63870054720121,-0.968688524970751,-0.06936881792931543,-0.9191571198954603,1.3065430976317383,0.06648327990633111,0.002994776313814155,0.6292056759651523,-1.533829622672084,-0.800870230686823,0.2776872424209595,0.4309162291498817,0.31717792321235033,0.5661807385673031,2
5.710708789083244,0.153781150401988,0.07468392918030546,0.15347622311496917,0.5298282948757169,1.45547271089694,-0.8512804533049776,-0.15699020456340443,-0.35993921617422836,0.19264434549002687,-1.2513218294560136,-0.7638028590531915,2.29036837898069,0.20320216929483045,1.539362000413536,-1.324551869194104,-1.1611910992387036,-1.468803490680889,3
-1.4627623178691136,-1.2362556527073998,1.9150903384273164,0.2239973516783851,-1.0824143045467147,-0.5982924028560862,0.7165669724756487,1.807500944931742,-0.46569167733966244,-0.2910164216054571,0.4148008224054942,1.6491925707985409,-0.24042212605761595,-0.7446122319000439,1.0687814195605616,0.3485051545068668,-0.3893425352543425,0.11443774007792094,4
-0.999741178775189,-1.008944245594239,1.2314706781762077,-0.0738604939234343,1.04270888115753,0.6287334178497049,-1.6511214002852905,2.0642318374515174,-2.6384914826765398,1.338931588965418,-1.217368147722744,1.2060120367038938,0.9398018185867895,0.647310680218915,0.4431048745420249,0.022127254719913624,1.2485110134807909,-0.22497606065216366,2
-3.1082735376368027,-0.4392823710980732,0.4154167372003496,0.48584148141914124,1.2799378879664511,0.6506331996623473,0.7215697247157202,0.5258102691813417,-1.4078322503877931,1.4946598298987324,0.4130722276438768,-1.7074772366398299,0.14147533399200937,0.6375336005138977,0.7769894945419346,-0.7909803661685796,-0.12294514714325128,0.3529752332856747,2
6.108046486766168,0.11674571929256047,0.4319868773770422,1.3945491678716324,-0.7926421901158004,0.14346639017460022,-1.4870652949503826,1.2760411355520378,0.8342141259760387,0.999666710084339,1.495625733984195,0.13823409436771855,0.34404760967206804,0.04388947399711006,-0.4069498106245831,-0.7954881746534835,-0.5606720577307165,1.6409383127738473,2
-1.4518942313312457,-1.556540994129527,-1.6567204256639536,0.10348490177834102,-0.2110506234438059,-0.17825959302913216,1.5215117612822593,1.1929904798547302,0.1748953481803685,0.6066216105638396,0.5602582766807457,1.978715066169795,-0.3564043194184581,0.004075334112356243,-0.9642152697057914,0.6441480167647156,0.2780881139473607,-0.924778955938413,3
-1.86301158426378,-0.8824335293422205,0.07609591417705504,1.3173279890737433,0.06369368345766199,0.5341907548620032,-1.1988961453060645,0.7318201745906567,-0.5580986363243112,-0.00032586990286793044,-0.8441268663059146,0.7164289428732077,0.016119155005212445,-0.7705069539820449,-1.122701216174023,-0.3354013854279851,-0.43642919816324754,0.32099210330597316,3
-2.7435276442888505,-0.004082670687292737,0.020178024618074674,-0.8391193095204423,0.5138940053530346,-0.8457215625364862,-0.6610771533493444,-0.17661065788914515,-1.580470271935455,1.6547010147415961,0.43436930872151874,0.387969442716046,0.012963268988120308,-1.0588965725927872,0.16256664617750255,-1.1089526301588575,0.3214264411265236,0.3289464732859129,1
-1.258567539530337,-0.8305923407602179,-0.8851994454863035,-0.28541698089054685,-0.661683965113937,-0.06294277154417012,-0.3332646775785599,1.2174799533571572,-0.21604799962454263,1.039899743129345,0.27146945839670594,-0.49992392361630217,-2.1486100771455083,-0.5877406685377229,-0.14899076647646153,-0.3264437229826875,-0.7982885595078253,-0.3931735682405356,4
-1.3124375686175844,0.5407954512301413,-0.06065407528036658,1.8277837752869004,1.2288450042281283,-0.732071764378824,0.41758369667373496,-0.23776401682969106,1.5502477360524096,-0.5408762845635143,-1.2184279759228747,0.5807804839913988,1.0215206941859396,-0.17251113543973057,-0.5852722353544084,-1.1922253185625167,1.2609050414170155,0.2329071606464429,1
-1.3633048235531116,0.45929676881632386,-1.323542738262711,0.17314633836314547,0.7271169713346911,-1.0690105642845351,-0.23764191196957682,1.562006401987153,-0.44524340569202153,1.5465169338081204,-1.2256515352989583,0.31180418335245946,0.7402593489820122,-0.008204982876354355,-0.13189247629789513,1.1980157029699674,-0.6040345107461879,-0.36058424760204627,4
0.749979785498191,-0.7197078707103142,1.4482611929676292,0.9845950910171658,0.34533388805588966,-0.2627282245495296,-2.3584309162723796,-0.5696090384573363,-2.972272304394391,0.15507408039309278,-0.4926467793400636,1.154923448273045,-1.028516416671485,0.233651952236162,-0.21290127272993312,0.1642164989653134,1.5233007040350965,0.2625370343077954,4
-1.8311650547026408,-1.0084354434268417,0.9998973612243782,0.44207418696732265,-0.632614160030751,0.12680214675058096,-2.1891566323038836,0.21295758821345265,1.2282303530459289,0.7756373178473982,-1.9310407341010332,-0.02104588083550971,-0.244183666521017,-0.9714015905632114,0.4300063882316173,-0.9031426345033242,-0.6033281898295862,-0.09930333276731051,3
-0.49974422464340895,1.6709535597954979,-0.1109731652000544,0.6023689375858723,-1.4461114797545562,0.4502351398806453,-0.27047758991929916,-0.5447635609748072,1.0322977805277365,0.6284062206646673,-0.21560811298579768,-0.380643010146809,-0.10312524660983659,1.1898829453176263,1.4139608116503033,-0.8314607642120486,1.4641114913254167,0.22993630606609516,3
-3.084143016000107,-0.21912313976827466,-1.6270904618742168,0.6958192616293831,-0.9361151560895627,-0.06725296801603406,0.7407051035028149,-0.8896400651104749,-1.004622746108197,1.7040165076214147,2.1011297503094304,-1.0019083478299804,0.4648159363862219,-0.44131626953003433,-0.4552416707738684,-1.1699456637998924,-0.519671295716517,0.4348925794008387,2
-0.26254811264579747,0.0869543286442216,1.2881801131500905,-0.02325934870538587,-1.2565442686411283,0.46760000469533514,-1.3788384097470734,-0.743117611554479,0.12216799327702883,0.1269611628999161,-0.01047378916932236,0.0889926656041243,-0.49814541242883387,-0.3063075061706195,1.5818682750762445,-0.7948822978976512,-0.6791741114698492,0.4156490464460678,4
0.9571977412555499,3.1255433578933034,-0.43246993608858575,0.22440883505890685,0.3572012812032107,0.35264325476872316,-1.2775367102276467,-0.515042157636561,1.4410941105041706,1.305885804050414,-1.1971029393690658,0.3101653804014153,0.636757428951778,0.6172193439356887,0.5149018592125925,-1.3386872686036129,-0.35773252902965436,0.512879826632602,4
-2.4282536846856266,0.5637440816581327,-2.069204270394539,0.8857348075467026,0.4797494677858681,0.3134315802443363,0.1735247557371447,0.0126468460187309,0.3423424946784312,-0.2283804789130143,-0.7368097983553656,-0.08386379793088447,-1.5476897028303256,1.614593484674775,0.047738926804524996,0.5116338393307107,-0.44212523893762545,-0.10713675833538895,1
0.9024573424752317,-0.1606592275404112,0.5688066566106567,0.1752639491753051,-0.981822956911177,-0.24256670307159203,0.7707991452487202,-1.0008964803959564,-0.4830838014163081,-1.0428854492602098,-0.017984067823039903,-0.10658562532156818,0.03726445158780117,-1.8650080874088732,0.8884067557713914,-0.232643440166716,-0.515261737687992,0.2220741750194151,3
1.6004906695812866,3.494153256290951,-0.41674150286372125,-0.3365792808770166,0.021093926154640414,1.4555888280609315,0.8471669008990843,-1.1473440746513206,3.2057342731836207,-0.7567340318126113,-0.9002118770095265,0.11553662109276515,0.09885010803833608,-0.9497198561457544,0.6850088012262115,-0.5094591857619465,0.055874193124482,-0.03167924890876574,1
-0.6862138074735443,1.6624887980949477,-1.6477490687493115,-0.541356935491454,-0.2077010253260706,-0.6461929146737856,-0.30926445841677225,-0.5019684000794383,0.09962927527636312,0.4874650540990795,1.3739620946339852,1.4239705396335378,0.24879904262360686,-2.631142351383666,-1.544882443475747,0.03537706501148609,-0.6825805853415767,-0.30716942371775036,3
-1.0698214557909234,-1.0361670765792164,0.32339079538115933,0.253529147909863,0.0194280845253301,0.13247391773973602,-0.17498439249502565,-1.018028700151796,-1.3598891842808676,1.3569808963061198,-1.9421646821311656,1.052861723027598,-0.3999809741047834,1.2515844180067084,0.736077825518875,-0.5383192451740282,0.4514986261079731,-0.8453584607052986,3
-2.1781129235561383,-1.019723928246798,-0.16009418777863005,0.5218365692522898,-0.9926370207920929,1.8083350939442442,-0.08060202546002576,1.1368067050134578,0.7987535247531575,-0.1305649925998714,1.7185354197920462,0.24567489958712538,0.44617398366615635,-0.3082286177000985,-0.03436794839391478,-0.12690397649302365,0.7658174744189923,-0.25547721077231395,1
-2.4444556533469117,-1.0596055121736347,-1.5298954525019066,0.503904214780976,-0.18350489332099026,0.6053242706770607,1.9292617209437168,1.7717932466822799,-0.055906047039627454,-0.04391211461062964,0.41117927104180163,1.1703708756911753,1.5598498201390705,-0.28939517438672074,-0.6572188111856682,0.5224003869176359,0.6846377084056071,0.03296044565432763,3
2.2372767544644643,3.3831947292893676,-0.55090864416126,-0.6507710310220626,-0.6160739194502651,2.0781717468997285,-0.04622637794005963,-1.7230997163379174,0.13879648955748647,0.21017737288489005,1.1550241301849173,1.9982098082495496,1.918420750251957,0.07114103969601382,0.6796787865174833,-0.960577211134825,-0.6864957641485422,0.6328284196406866,4
-2.522937126304083,-1.4314784254071447,-0.8281817883509195,1.067294250456809,1.365767756506343,0.11694304966435744,-1.2384931372763912,1.1815069639562856,-0.8290820998091493,0.49762087751919,0.37944247932019703,0.28238286235927257,-0.9116419790456658,1.2469816345499736,-0.6610067638862362,0.1541443507239075,-0.3563340682448111,0.6278060706395174,3
-1.0630120052185985,0.332355710606662,-1.5592324524919239,0.5759182371379107,-0.879778951843191,0.1690147272078281,0.3081827760727073,0.12524639998100645,-0.5502284069120754,-0.5525232781713348,-0.7382247667920733,1.109224510701268,1.0446284186775545,-0.7697848752144566,-0.6734585182871132,-1.847422513237168,0.7626861780173979,0.13925404842565062,3
-0.612463882690101,-0.08217539107207306,0.6344575031990055,1.2265685308405874,-0.6591425890651124,-1.6322052242109761,-0.23556374229822893,1.274555979886565,0.5622924784758558,0.45657835159790305,0.02261655622788307,0.27090960602792824,-1.0465106800243407,-0.66730696431935,-0.2552274398105007,-1.3998074340924045,-0.46760103387762175,-0.3789215644019731,4
-2.8605539666371667,-0.05003107313786938,-0.37270633322506475,-0.39854109635236407,0.8544037923921449,-0.35671522834087016,0.32524521945479096,-0.19389444882521037,-1.1935219185236252,-0.12107474503301408,0.5549948142728198,0.3476384233400445,-2.0772100597238876,0.13188144691450196,0.45546374267077766,-0.8915366527443396,-0.38405357375718036,0.45760158775991194,3
2.721078819677456,-0.38570288724243534,-2.121742669730751,0.5539605916726046,0.5521978120551853,0.5796813072229923,0.15940800844944858,-1.8548119432111407,-2.234521023575332,0.7344694989124801,0.10823341918320854,-0.31143404227347293,-1.1527191408291857,1.6957996408412652,-0.1809091992811643,2.334977814143132,1.0752090043211702,-0.18755656540778157,1
0.7900991116516158,-1.9713917287319584,0.5705633307470276,2.274473194754976,-1.2329558841209582,-0.1449301451826789,-0.8547194169546309,-1.4011537572178152,0.5155792784559892,-0.6835260184498495,-2.056799635945554,-0.020911076384856227,-0.10951861647958724,-1.4735560544720763,-0.9711114495860561,-0.6165862231185735,-0.38839634620094404,0.8446752252601709,4
-1.3943650137646126,1.121908002340512,1.9314643474779334,0.1882200484416649,-0.5752930604928426,-1.619733599556903,-1.5074452821583573,1.8531486977701255,-1.2397397615294303,1.5710814346927287,-1.2315960205068655,0.3091914983794058,0.3003750471056853,-0.0029329189922953675,1.3728323814209455,-0.7380050963995339,0.6382473862609793,0.04504087226521877,1
-2.293260676204023,-0.44710038446472555,0.07671833276405667,0.5963960677047642,-0.7766605778289751,0.32991075936683406,0.5904304049248573,0.0886258794375866,-0.15133448058395205,0.14677007187442628,0.6696701957617097,0.40847612959184215,-0.2860096555116112,-0.6151919453431728,-0.08034440906524998,-0.6711825010053319,-0.48028009689611,0.07265738614794649,4
1.7704103384504009,-1.2337564592261394,-0.5667554455038022,0.29504812003187836,-0.3025884006679909,0.3290376676317374,0.11749823447934564,-1.2933883699855788,-0.21819951517108535,0.6582068705170582,-0.3089831504278474,1.0855706286173146,-0.6445086082794315,0.6561817184361733,0.060652950253689365,-0.3797724285763698,-0.24141060281911128,0.8000247831139564,3
-1.4501237384308754,-0.45086902575706544,0.4715943828530843,0.3788066830701936,0.02499464741813259,1.6233451853774385,-1.9460887107447404,0.24456170498679355,1.9554545927910127,-0.5491060725906964,-0.23293408195997767,0.7380042406156123,0.8249223811954599,0.49866945111023836,0.8221363684214001,-0.09551499615380112,1.146929314172098,0.325261257014243,3
2.59305117418125,-2.3206795914618987,-0.9182926289477982,-0.31591949966792376,0.1876181453993742,-0.8333034199382168,-0.5130316935594104,-0.16090674707884528,0.7671128423422366,0.36847015539303307,0.5128100806762479,-1.4850856715685437,0.19787623177482094,-2.863850566206295,-0.33201537508208145,0.20452732003443472,-0.6289729830027727,1.2195882983806932,4
1.547840764130651,-1.3093190442604652,0.6595464734101077,2.1964137593625486,2.308024251150087,0.7427234146693692,0.6648385937250773,-1.8421762761089406,0.9706466052947758,-0.5365512508925415,-1.374344919534411,-0.10510078221247773,-0.34774775987029244,0.7663933699917747,-0.6927920456104594,-0.24072415880731557,0.38356774489981055,-0.2615956139009825,4
2.0916524663137057,0.8607463159641118,0.8171867007808444,0.0215232689561942,-0.43611744821261045,-1.1873728569624429,0.1891373154216933,-0.2756779677719466,-1.760136441394745,1.6343989327379158,0.8908672210513322,0.21712115730674714,0.5342586491436373,0.25053778033930035,1.1869324097178093,-0.3160227622656424,-0.5154757108190977,1.4304783147708802,2
-0.6472971272093645,0.6828313929080222,-0.8917964177518904,-0.042700689893148215,-0.23036947978690056,0.8571157237251567,0.09525802793114338,0.5015903991146834,0.6928742189728234,1.591890141921643,-0.1293999702907979,0.8001265310629042,0.3084437426011275,-0.08526804977430147,-0.46470836912495045,-0.03203841058772469,-0.9679704651350113,-0.07608574634600457,2
-2.139792295997668,-0.38827891067608894,-1.2596508311634576,1.2600069352583159,0.04513555535482991,-1.2420580448692828,-0.060979690245743276,-0.5790557573202179,0.24213856576585388,1.4433781818814908,0.4728227414754733,0.4758641921911906,0.2551295696369868,-1.2594776744365126,-1.9412384220039645,-1.2806439491589539,-1.0677534354669116,0.4208882863752177,4
-3.261432021915015,-0.9707814596363199,-2.578354819829799,0.4717453982655244,-0.9446409473687325,2.0272699334424744,1.1457477883640244,1.4386140312699576,-0.48277550243682926,-1.3965586420035676,-1.0902794786933312,0.398447748349883,0.5966361464721683,-0.27711244774970684,-0.5771434827397982,0.5406124038247292,-0.30918299818341505,0.541194135639592,3
0.4375388549222357,-2.4389426705184873,-0.05491409959919706,1.1978175171369074,-0.5525584138872558,-0.8686082480422235,-1.66218076779229,-0.87180137720823,1.310514967972207,-0.04750199773967551,0.9658691571448178,0.41978919005498,0.772057429440546,-0.8559354599240703,-0.04901169563040094,1.3243995852057489,-0.5162894671007309,1.44262442827744,1
-2.7310612601445436,0.008546598623458012,0.05795135145355024,-0.6206420544813939,0.43449773741497977,1.3358407612349257,0.0008732602566684773,-0.7780838345789315,-0.42727301116091565,0.7537799136296545,-0.9630716065013574,0.37674501178285524,-1.1156629061787118,-0.6480329563586784,-0.12624341382061527,-0.8732879955966278,-0.7817839592343865,0.22719153328679872,3
-2.3021678113473065,-0.6381607198425564,0.8813451191482148,0.3609017938181636,-0.11839694899687965,0.24682720081431697,-1.7946531019946887,-0.7270571569631546,-0.5689578268269625,-0.31519145649383007,1.2773790568540004,2.407891877435092,0.2174280151444604,-0.06299224475471994,0.10769663707343077,0.7438984814281029,-0.48671297092137045,0.4534963690740025,1
-1.64864137001291,-0.6188679343468371,0.2142656718014958,0.285296040722773,0.7912000043463613,1.0714047999635248,-0.008922752077122198,-0.20107835208445848,-1.7377999174299517,-1.5143367139726311,-0.06100214626544145,0.843685830536208,-0.18960109179083126,0.9177685641613638,0.7647729061250739,-1.4303427135153517,1.3930029917370166,0.26870083401298844,2
-0.18741891336713237,-1.0404815517236017,-0.9662708146215768,-1.198737885488161,1.5320247872420378,-0.6696384352077769,-0.09056535916621655,-2.4711323853011753,-0.15911513133867347,0.2041715881538825,0.3596414081273444,0.1567753473920016,0.5649952989393932,-0.0031359539755747025,1.4759754151763902,-1.0438463732558754,0.8720215623563382,-1.0870084972398664,4
-0.2031548103862848,-1.7956270849323144,-0.4594310699421373,-0.2733705785597495,0.3627009099881508,0.18527952820342503,-1.569077084535576,0.09505266772631932,-0.6762381854226255,0.3288914143751372,-1.1107865546888374,-1.768625907681491,-1.0865429390506605,-2.2521650251192944,-0.48899857170031696,-0.8279277766380392,-0.6180094927199187,-0.7448664107478686,4
-0.29741673661882617,1.140382772922141,-1.4443908024844905,1.10814623343378,-1.0018462602521716,0.5912339883177793,-0.32112490683166006,1.2800361629990855,-0.3311022293585421,-0.4556259636310077,0.38693707285687645,1.3313439228871669,-0.6417056778288731,1.1638987545427442,-0.6833455383492646,0.4430055117857545,0.7613415225951279,-0.102219085583449,2
-1.0785004699945513,-1.0342748275566547,0.9941200617903887,0.7228190930200247,0.5848142304769107,2.8156847173950252,0.5576230664663981,0.3215395101760338,-0.7627513230621094,-1.1771805608197303,1.4146365216165633,0.755699539242949,-0.3051931145666056,0.7849983856929462,0.11281390392004015,-0.2806186394151232,1.3720422361019335,-0.45996475275652976,4
-2.4088109548829713,0.7240230104310885,-0.001973224344838801,0.856890245096247,0.3744380518177326,0.4282397349089041,0.9182730051720288,-0.29649099840112914,-0.029765783873338225,-1.5596946979655628,2.097096273434334,0.35449468379193233,0.7469271819115579,0.4515204192781615,1.0092172236179349,0.7307420821335207,-0.4234375932526094,0.42791376452488594,4
1.677379477028062,-1.6899651239180813,2.8022300806125866,1.583599725477765,-1.4686940751596156,1.5855377927283911,1.4927167929382794,1.0384175415298935,-0.7192692936947204,0.7252209163839393,-0.6348261983906286,0.3750313942689837,0.7811737391876467,1.121478771047429,1.4306511339184673,1.548803356613984,-1.4118146553485644,-0.8084808388481056,3
1.2827198975321465,-1.2120134036193162,-1.5993085856527325,-0.38165290425379916,-0.030450237867069012,1.3724982939382202,0.49332361603212904,-0.701514334756901,-0.6366268541488341,-0.28160119007250917,0.599086712556346,-0.03147233902551888,1.737067661979792,-1.4426772301707933,-0.1805688008564805,0.2007527268709219,-0.4518417600346556,1.0189714952620685,2
-1.8333845677317564,1.078304253184365,-1.2284376998307553,-0.5871535729162128,0.32501718364721705,-0.40760343513434644,-0.7271299148730098,0.5187674602077664,0.8062842176085967,-0.5613158576000735,1.3054739990059498,1.2451655544254752,-0.6260800975870686,-1.1145382968054707,-0.5513466092519281,2.235921485644989,2.2720415496950497,0.39106991731902985,3
2.7617254686792703,-2.2507942213353584,-1.2457920616304985,-1.1627472006203583,-1.0439123532319223,-0.729985480088967,-0.05633857690859676,-0.8261167536101346,0.6467272365589722,-1.0213149659071534,0.5712414449574672,-1.1790512338184231,-0.5395222711802722,-1.958302618834419,1.4981807990569747,0.46447562298905004,-0.4045805459278405,1.1400389647133917,3
0.29952530562613633,-1.0176363599368166,-1.4493978717740452,0.9868065567295524,-0.743968601990098,-0.4125280504205856,1.7332819641586414,0.2611301099648945,0.2299905831924839,-0.6440736484103853,-0.3313986392418145,0.027911953407436726,0.2287569893118323,-0.16084563954209732,-0.2344496519194883,-1.0904812677641946,1.1975178206644201,-1.554741685566194,4
0.18276816561190362,0.9297801511059957,-0.3797649607449518,-1.27171304512473,0.21524841055889637,0.6363616008243778,-0.3753618467502906,0.693048691266511,0.5022162530243112,-0.6157719055297082,0.026185918648189754,1.7040959483419835,-0.553387287713446,-0.4596266712300481,0.5751506430436066,0.8322997000851349,0.355566661616422,-0.4030133010568787,3
0.668894498692399,-0.8767923911187269,-1.1561626457910072,1.191420410346713,-0.5702246397696713,-0.6447630714862649,-0.5419158990427649,-0.38682493803865375,0.6380423550138181,-2.2725755183764527,-1.0140805905906327,1.625257100098623,-0.4626805566624925,-0.19666225651433966,-0.2498137248398997,-0.7998460667254922,-0.5603090555138838,-0.7603967524441013,4
0.3819376234923752,-1.132547180891185,-1.3008299043979565,1.0122653360767306,-1.379554227264001,0.395547221502567,-0.7220058463700845,0.1350722793978499,0.03865857669325292,0.6119924047150597,0.4822735213009113,-0.046842136341923836,-0.013229905965302845,1.2251246383966627,0.23192905244966208,-0.39116717938046724,-0.2534797386970454,-0.8938185774851143,1
1.3928060212576332,-0.8485248304553276,-2.235296492180307,0.4662935603249657,-0.3759927630780032,1.4920669815842391,-0.8480217064719949,0.696123432450897,-0.6960173328706734,-1.539504865201393,-1.227519864373132,0.004641077026854456,-0.10546962485502329,0.014075601070476692,-0.3810952867886717,0.6521805413571772,0.2910130108074853,0.8222905456440853,4
1.1592993450313989,0.15802254834424811,-1.2397404408337656,0.733351615493505,-0.9912844112303576,-0.9612721718142414,1.0327667111169205,-1.0261670268883156,-0.9141420379767321,0.10439255187657727,-0.8588244135435126,0.3349736275191586,0.9893606946779891,0.009454845583998919,0.32916673483227854,-0.5680687581517463,0.4423488905006326,-1.3457171448047394,1
3.497114499418196,-0.6485837946023095,-0.40571845008824636,-0.6745584175455815,1.2827445514780267,0.21639009262067482,1.141638417428144,-1.4831226358341896,-1.2139971071662472,-0.00675325418807362,-0.15744565542419173,-0.3056137267583476,-1.1582483210873795,-1.1358383403505936,-0.28423136455136666,-0.5150733719920721,1.1820183177975383,-2.1926406063822164,1
2.2992069103572566,2.8990038169168453,-0.5461053544561894,0.8709282732810931,0.7154156089236281,0.5428997364941612,-0.3984898405604726,0.07322068114576419,-0.6854691003509066,-1.2379086038950888,0.5033458813561147,0.9252601033870353,0.3219634088861873,1.39762335177327,0.5236237144882588,-0.5769884074088837,-1.0075352718944501,0.19100135618108294,3
5.054900898483645,0.2013096231001251,1.5038224188760132,-0.7137215154256182,0.32454561789764264,0.044926063004053295,-0.3271419772308462,-0.022309792133337614,1.3659247884834067,1.9267383799368571,-0.51276140674547,0.2978306843639469,-0.8884181211517874,-0.13067281038923997,0.755679971989925,-1.067848573707761,0.8106548934698157,2.307179834267022,4
0.015985162638245908,2.9479024578474844,0.19935788232687368,1.809316158955777,-0.07905291195498389,-2.048239267745855,-0.22582458656548163,0.21084862536691196,-0.7193539783713148,0.7901379129452193,0.26222070954779136,-0.13720622390178303,0.8157797852706569,-0.9404091250475997,-0.9272968549122842,0.8071085161831388,0.894667482728535,-0.2749883687376374,1
0.5352871095241094,-1.4898403674808247,0.2485510795693324,-0.017076009866433296,1.2461782543435307,1.5014550838582832,0.105637381504218,-0.8176741761279208,-0.21765562115305873,0.17215536657991004,-1.7372187114491855,0.49828700681271204,-0.8526891623390761,2.1481746565782003,1.2611494554369673,-0.5792864488799294,0.300623816267236,-0.559181952202622,1
4.517331069960425,-0.11388214843433396,-1.359248224392352,-1.6830939687301085,-0.61747596595239,1.0376828486103478,0.0971836023087073,-0.03159321470378168,0.7104286895209025,0.43606745557930765,0.5780689194182668,0.4043849475852993,-0.5080847960875331,0.10556937418320612,1.098233730511299,-1.4012334822950243,-0.08763317170064586,-0.8165933456244556,3
-1.0464785540253785,1.630839734323341,-0.028763937390111804,0.39928197246764324,-0.9807474570991775,-0.6844803836119021,0.6594275097487983,-1.6917443651298283,-1.3626776335684159,0.7626020995852393,-0.9931063559104499,-0.17094377792337337,-0.8624035640304438,0.15797009024171996,0.5754740556830726,0.26833584859475335,1.0736619098018934,-0.11172565769133903,2
-0.5438532414287728,-0.9799712523180216,-1.5747631634569408,0.6767066458891122,-0.1723532209175733,-0.3460174726886147,-2.0912621434655807,-0.2908767235346255,0.48070517033908167,1.949327138653623,-0.757338232940836,-1.8213060500129052,-0.3984641561853567,-0.7912001721541123,-0.8922177761591885,2.159523303911643,0.14585190493162745,-0.6101097691942329,2
1.0423517714389468,1.4530278315176854,0.6473398518563567,-0.1418461972668335,-0.026228298875644016,-0.8188303167710577,-0.2998007742462947,-0.023433396437900385,0.34328847996135603,-0.3985062169256693,1.1541064659814342,2.3767752077350113,-1.1261944560217165,-0.26788595377703067,0.10952326188717776,1.8859730575527545,0.5654077072318483,-0.5876728085936546,1
-0.8962540240211565,1.8173710331065647,-1.941650023102573,-0.38212921630477936,-1.1156462003443945,-0.29833033384303903,-1.2900768345466422,0.3960965004777888,-1.6732056110340785,0.015434301164269627,0.6340329234726342,-0.2704825049821095,-0.6972648506650617,0.5607646942059056,0.8737963495110661,-0.21884407006008907,-0.34671124553454585,0.2524768363762948,3
-1.0361896502472379,-0.370652213132628,-1.0086576736062962,-0.6224395698168614,0.8095272137328751,-1.099179714778079,-1.9542956707975885,0.4400717998136959,0.0862496258156947,1.7488643578037766,-2.448683986829363,-0.5684389700994249,1.4522211513729861,-0.40222976764921853,0.8979607684008525,1.1196066082555791,-1.3528140453513995,-0.31826790017232626,3
5.017759992614167,0.8185561467879694,-0.20302874772756635,0.6032292502675467,-1.394211526077441,0.08554954002400231,1.0507492055650312,-1.0810812246277821,0.33254311639451806,1.1019596475069555,-1.4234202311609394,-0.2539140844541485,-1.9302068353951771,0.9253093538849906,0.2951427231719106,0.9272734538969827,1.9136240780396079,0.8184727052377309,3
0.9088154136466637,-0.007328145766527648,1.513553214117169,0.5653817121191785,1.6190110686517825,-2.4756894162746095,1.710678510274861,0.640867251257369,-1.9107093668113158,-0.4229739503724599,-0.7472891886731056,-1.147968740395323,-0.9823882484945317,-1.2600132524411694,0.40526920036336017,-0.14634301315813034,2.7319186683559176,0.42830281413330606,4
-2.8832463540202746,-0.1795371220532966,-0.1929429247166593,1.1253613108427707,-1.5024371059675006,0.5311691636882965,-2.046509596499913,0.9721999119906033,-0.08457802222201899,-0.8717686321659753,0.02908334928173219,-1.2227878588950802,2.1310408583777383,-0.1957777789968139,1.162308263551168,-0.34296031436853774,0.6565902574647027,0.29125934167250256,3
-1.4416837440094008,1.1475205818094383,-0.4668749521811295,1.5187632272885407,-0.9206698343178252,-1.042646790634452,1.6277381567892242,0.39712945499967145,-1.2127347105951323,-0.5655667232723602,-0.4790953171235689,0.7094117081098342,0.14780017899619421,-0.15493721433069949,-0.27366555818911253,1.3745734178175708,-0.40027243307853116,0.43132724141465245,3
-0.6875630605774976,0.7097646118180122,-0.7027061240777679,-1.3315330562029843,0.5752681953125556,1.216654995083402,0.44287697299155565,0.45538387697352767,-1.0727205754527458,-0.4980065668763461,-1.594812312402131,-0.2097697199556673,0.06464685521413524,-0.9109575705317615,0.6407722164211539,-0.36733400104245906,0.8294447184689517,0.03561016405139934,4
-0.6301710222567877,0.278314104005178,-0.7171227083560514,1.6786351074128179,-1.0231681294092545,-0.5418763240350337,-0.5870515416890513,1.0655422021382361,0.017753761876141857,0.8996926614125627,1.0729239172584917,-0.7176558068378873,0.44258582236954286,0.5857618119436716,-0.2209719454080251,0.4961007229277418,-0.25619382667323004,0.9095109419980755,3
-2.26339266320585,-1.2812908207632612,-0.6899873438323484,0.6773245569385143,-0.5190514901743449,0.9919238943168921,-0.4723758104157843,-0.05628256406590746,-1.1762825567697488,1.987097742912004,-0.05023651741045911,1.4307530892121645,0.15512737711347185,1.4478739019661595,-0.6692879430637289,0.7224990703583715,-0.7683426924821267,-0.04565982494301412,1
0.42716318598323166,1.190887018981551,-0.026552434554889138,0.8310906606958675,-0.38417364077481747,-0.7117543004896214,0.8388956204913254,-0.7286639881999304,1.031659480811974,-1.1806747192676779,-1.5330331698231527,0.7342520609476226,-2.5789518152940025,0.8631918505691959,0.42966166471786654,1.2486877142791333,1.51766031615544,-0.23347205879111596,2
2.747353245743678,3.114307556900686,-0.4873552812236236,0.8371462451463654,-0.4364805660857865,-0.6473441534029858,1.2936127382836549,0.5344891309969899,1.0697759266414582,-0.03787307195475342,0.7256600262377192,-0.24346116277713983,-0.4223415850128282,0.027578918495861734,0.13873682691886038,0.5178816635080538,-0.587301331378148,-0.40990900879243775,4
-1.7331532715335594,-0.6211202716474185,-1.5331236559757702,0.6875557964910125,1.4426777243044542,0.61754871531698,1.2577795806652292,0.8045249753602564,0.014640145093871987,-0.27322099067717254,0.7032138918368851,-2.1912592013707197,-1.5281236970424168,0.47333054208473146,-0.17362588153246325,-0.603432407333151,-0.6960160896432986,0.0038729690017599815,4
-0.1564490068692843,0.34808253742597856,-0.7317234519846129,-0.00887711708042698,1.8496867314448568,0.054561480060004865,1.7934165205593213,-1.1294125386124823,2.070596392673683,-1.2410146618677376,-0.03283944881868694,-0.9339114646714154,-0.5230125877629295,-0.9915029362217292,0.21506837543583124,1.0670003773630543,1.07256431816274,-0.9719953049437257,1
-2.1080853876528916,-0.406305715024885,0.7717145405145848,0.6103977078687746,-1.1463189256291935,0.7549290535832748,1.2214516157675952,0.4655043078265312,-1.0863702906573782,0.4785569048211019,0.295722586760592,-0.2683624420150746,-0.24381179690697824,-0.4874255086945618,-0.027648624493524645,-1.2907820306260018,1.033700140959669,0.2710347957534791,2
-0.2855326861487429,1.1405468816096915,-0.986007185942839,0.48507096201661,-0.38888589445164595,-0.5079307508091113,-0.5292705559491614,-0.06873467949002579,-1.2491783728870054,-0.6109350212903222,-0.1711600720145083,-1.538769747550334,-0.6427924762808606,0.8320129581050077,1.4821668023785823,-0.14450343716943265,-1.1107122686189672,0.013514809409502076,4
-1.1893328709378328,1.2206891699582803,0.22998424074647564,-0.102779568395163,-1.3515003978959308,1.043252509282694,-0.3306876630312662,-2.0209469930858797,0.010188336694714053,0.2385202053861351,1.470313262685301,0.822256309401004,1.5342425141185136,-0.5115466644920049,0.8816329038110367,-0.47937785368362945,-0.8835144679562437,0.5559427710335805,1
0.7161821154577579,-1.3063952685045137,1.56001581576172,0.24804439800314793,-0.0870113711120035,-1.7532300327980344,0.47591784627565864,1.5355750902174368,-1.3003899996149009,1.0847032478954863,-0.6642342354449076,0.9435971876953855,-0.8651475927369823,-1.0114554619138028,-0.18982646398210667,-0.469401097687167,-0.5374473593272229,0.06686158734063873,4
-1.951977583295393,1.9205001847775849,0.9310480971592219,0.4700897828436104,-0.6551603803564412,-1.9687893120209963,2.0092759858939124,-1.4295969337481156,1.7000824110569435,-0.257505181907442,0.568355490422161,-0.6632574886547643,-2.180410046014224,-0.6656083306935167,1.0791256066413017,-0.8370454257421223,0.1881604628211928,0.2349197504137838,3
-1.6277337881715888,1.1803767881746738,-0.2070665643615223,-0.15516890230903238,-0.541710152573732,-1.1225776301375796,-1.1926887522176857,-1.710514900814708,-0.37659038458842725,0.7601282462176433,-1.556879340776847,1.557622259566455,-0.06079061472105819,0.29547884329207225,0.7078263420313399,-0.7517217906456701,-0.41742905594886487,0.44343871391021844,1
6.145599444004338,-0.7073967724777867,-1.5412782587803235,-1.4030197626163958,-0.5558823418510501,0.2543187568233205,-1.087107768860782,-1.7011868195143112,0.47160131817218287,0.4320036562230482,0.4162593393458595,1.3050223092302402,1.3175410352034607,-0.5583955840579243,0.7126301009848879,-0.4820781269867149,-0.7496025890508601,-2.152760641057377,1
0.4867771377786569,-2.1844706959964566,-0.6656759938680953,1.4155188457597303,-0.9685060058876354,-1.3301118866193269,0.4910053395496691,-2.099231999765378,0.6722730690376292,-0.2796091780912366,-0.20533064532454293,-0.9503730730904958,-0.4228868131856298,0.17735440188811083,0.6475619531717522,-0.2451355822880277,-0.07158895723568164,0.5671467011585966,4
-0.9999983974265767,-1.4589158265736508,-1.066073609612613,-0.5040241245917331,2.967802948859473,0.9492882337341986,0.7676823635137132,1.5490613881679736,-0.26770275543933314,-1.7987741695667305,-1.4176146474516338,0.9019297285377118,0.9225346447038779,0.7996401102008787,0.5635032261568494,0.6426385691263375,1.4581299300340702,-0.44327645479944294,4
0.04930965448102471,-0.7206104448099087,-1.8123970756473624,-1.186366603882655,0.6972703628541965,0.8768833897855348,-1.0519678963854806,-0.45936583405518033,1.6792198448905944,0.8909356215223576,0.4487039750037181,0.03710401992349553,0.9655419936646417,-0.9874785382737464,-0.2051298408418241,0.10403242884180094,-0.21463798106661897,0.017248535111455316,3
-2.680374025807062,-0.9361501972629295,-1.0083759662979344,0.963361022576982,0.4753441893338602,-0.9018018488077146,-0.669830311251096,2.0701881355744325,-1.1086053265693148,-0.4455223720447272,0.7529392915471169,0.9331439294926372,-1.2486254708465863,1.4657611302319447,-0.28104697984768506,0.5551389499320941,-0.23863507072346488,0.08956267488232633,3
-0.28020528711327375,0.7783085420243753,-0.24263885444468852,1.4876329398009533,-0.5549315259332851,-1.6569238917509772,0.6135162328886576,1.6701255880285317,-0.9747613990885149,0.46619852083011576,0.06591589188548239,0.7772217214353431,1.2214165800525714,1.0998648767460872,0.29736792667113404,1.031067243176863,0.7419328048306171,-0.4524994548599008,3
-0.568262616813394,-0.7082343525940428,-1.5370989927184873,-0.6840867061077269,0.9835140210151743,0.3261744451708937,-0.7728484126599194,-0.42491723879666404,-1.548148285617308,-1.6932369500525777,-0.26555597438616324,-0.3975980260511939,-0.7700184725492702,0.5566884136108716,1.0356532571040686,-0.8906735616537274,1.2845795230493122,-0.5240601460279625,4
2.9735743631197202,3.638740222504158,-0.9009858651932602,0.00666778120391194,-0.8809246021559153,0.9219292499730816,0.7361428453966771,0.6850253233659871,-0.41024246922958324,0.21943330306857672,0.7597919618313191,-0.09438275185351823,-0.7882443013353978,0.7204583147056749,0.32525429211147877,-1.1041718884446117,-0.48703655011608316,0.18053887392959525,1
1.0538690386101779,-0.5645182810002289,-0.20689270988318367,0.5901254793220793,0.8154377634279646,-0.949326997573584,-0.66209905193968,-0.13479349966387102,0.7565761568525129,0.5766607188961036,1.5091139411085146,0.34239570528081564,1.519373148950494,-1.6881442245649063,-1.1893333202193532,-1.0461343716044795,0.4851409534097801,-1.3035597471995612,1
-1.0195522939792472,0.1872788690468637,0.4397198457987591,-1.2577018845958217,0.8869403738809029,0.05745122180646825,1.5809656708587523,-0.6271868265523488,-0.7136305817294105,-1.4478373845046908,-0.6354353567532418,1.267024312339307,0.05234049853102303,-1.1468895280617257,1.2453676745298392,-0.38108736042059543,-1.4825746815942167,0.1699227042271322,4
-2.2207844052347894,-0.43760275731903436,-0.22357723893074835,-0.9573418601630713,0.6558307305112033,0.2565849491618054,-1.6148595761906477,-0.5743959300991663,1.7533796841798388,2.42798715186309,0.9431503426562946,-0.1906416024080579,-0.25874704004973026,-0.6739551654890524,-0.07365145267905279,0.7849171730322517,-0.37300964451582486,0.6704931821736829,4
-0.4630536518492135,-0.097119912135885,0.88681366504691,-0.732437284214666,0.33893004286019174,-0.8430627940151919,1.2794605464813598,1.5248396392356416,1.0901917169786517,-0.539398741529439,-0.4836446723405448,1.3528067759147513,0.2225397941899816,-1.104543946630061,0.9222339388961761,1.123602534595214,0.037680503957102485,-0.0079525762487833,3
-1.2919907800230117,0.43754483673890177,-1.1752196007693236,0.8780367315150528,0.7226211036279219,0.42144804200362856,0.577426687991349,-1.835847073870896,0.819841139616893,0.708484049195968,-0.8202017529293221,-0.8024656852213127,1.3562549953937493,0.37092004042075555,-0.24870098047334513,0.14617086918373365,2.009166283265188,-0.13671245523508258,1
-1.3862215266656748,0.08844822209348795,-0.5591632066990077,0.8491580135100829,-0.4453466682854071,-2.047759919895615,-0.7443539090539322,-0.8668171882390425,-0.6806717536866012,-0.7509804199026962,0.8259156802640462,0.8189537977537308,-1.2179601706419125,0.4556802051449672,0.38102968532065096,-0.31438121276675746,-0.545665205377742,0.1157147663447324,4
0.198453056627668,2.2989212102059247,1.4290510351969015,-0.9731516645880546,-1.5132527956153274,-0.4755194801863304,0.9573776138266141,0.4410109932533013,-0.7818108052791661,-0.4531192686241856,-0.49331629699692076,-0.5301218361255893,-0.9109606983113332,-1.3989300110584988,2.1111392063362358,1.6044988853948445,-0.06235785637599371,-0.4192300876474022,1
-1.753427188955537,-0.7228744397981598,-0.08613787139567025,-0.6970576145250266,0.8266605545809683,1.2874240211182748,0.3189596838704722,1.6147964251162448,-0.3496634103615179,-0.40739196346290124,1.4797044928774254,0.4685049518456691,-0.5141776002546009,0.30168222598082917,0.2740273878392152,-0.573456294845922,1.3064091493123877,0.1220217985663707,4
-1.3332984053455135,-1.1664903787769396,0.6657818919580015,-0.23223275234740756,-0.5503460355245726,1.060696501914557,1.4494324800417022,1.1168421133965156,0.9624927952785607,-0.2203420019791534,0.293770925274694,-0.24630507286201864,-1.4415649231172396,0.4406537535878593,1.2881164772157054,0.19888137839089157,-0.5067315827134813,0.570841946380432,1
2.0795255376997677,-0.347606435127863,-0.9079015322104595,1.1678885923916473,-1.2445649820896227,-2.6864497299750627,-0.15054975464902695,0.2562717328798584,-0.8289346915475772,-0.8797978974166057,0.5345830408588279,0.8122344222021951,-2.1327506322228245,-0.8267608821386533,-0.8982384299438939,0.9603435316595408,-0.08665470218617781,-0.7857169792987082,1
-1.1172484676097694,-0.7107146465527424,-1.1149213098591992,-0.22056183739033475,-1.2834012280973899,-1.4464250215384546,-1.0861474808876366,-0.7828509345693855,0.13487206893445025,0.7638554012287456,0.2486462762441083,-1.164661894939474,-0.34976379570840654,-0.33846271994881844,1.1653638597304268,-0.52589152820109,-0.7357883978478614,-0.1303535415974464,1
-1.940485952101892,0.0236868823567314,0.7678088343024814,-0.046487866128119164,0.6144582927628158,-1.8455530881840463,0.04871878312664224,0.0638124400737939,0.9146508908563215,0.1942256206252827,0.4523876922519839,1.3205868548911013,-1.2413401512316549,-0.7004103647136916,-0.13565673323588726,-1.1351695455193274,0.47635777333448315,-0.20007994004866989,4
-1.8961248090079272,0.16615374224170837,-0.31479760177015914,-1.2369570703021366,1.5468339103293134,1.961150789551643,1.1670974636039446,-1.3370286932091469,-0.5741236806009813,0.9327193838114096,-0.5702457312052583,-0.625914561403467,-1.424260148224666,-1.4108657874452815,-0.8173208553287482,-0.8522487536886949,-0.41272842765343626,-0.24564088593363734,3
0.30881454333067304,-1.2172468780513428,0.1440222706936193,1.5741490061175416,1.399909169844236,0.9490092501607357,0.12372710650617401,-1.1751863916208267,-1.8047630159876744,-0.5026594477239469,-0.1656435201519707,0.8328251958147753,-1.2723433061879341,1.762006193892278,-0.7142145104662182,-0.13601803140670646,-0.3394977230318837,-0.13990392638281895,2
-1.1012392828823825,0.9014761359886098,0.8271958459296683,0.4631362476272,0.32769377706709807,0.5402510807797958,0.5194873736208203,0.14927762342152875,0.021468951135052924,0.5674356076829935,2.0524127847917875,-0.07532343523725232,0.11184358128233521,0.08088482107907898,-0.005616714296272186,0.2909647338963186,1.4387865749404505,-0.037027769417173256,1
5.640850516431965,-1.050191191935512,-0.25833548328411754,-0.17599625501584648,-0.08707447640879445,-0.056093349137736254,-0.5888599732318538,1.0062292236647836,1.3923693438675078,-0.5221923623527909,-0.4039730784549883,0.5341351890006021,-0.605857287777029,0.2211353424842075,0.6260565749508238,-0.2801577883347591,0.015197080215866604,2.495334758070725,4
-3.1967269116411137,-0.2696598692585838,1.8488139858500825,1.5999166811239116,0.6400017801249557,1.1020296586713332,-0.17399559990130367,-1.099414633563644,-1.0833311089711606,0.027665070385961603,0.4281536897399302,0.7709050880644391,0.000669600427048142,1.0600785937453725,-0.0711977973713405,-0.905980662233425,-0.020679845051779954,0.7854068625660097,1
-2.9292320923751474,-0.20746728051174554,0.6626088854708915,-1.0509713450714246,-1.1629231872956527,1.8383886422171816,0.5606839006626863,1.0777054451984507,-0.05160371888146728,0.4615732946188109,-0.9808792608217392,0.4359144480142832,-0.7083085998698351,-1.917782964794799,-0.22519234399571378,-0.8956724812749661,-0.48293788418786165,0.36891915913953216,2
-0.2541131042652855,2.0931591109882044,1.315370250024024,0.3113122529047099,0.8536724950251237,0.4654761000242101,0.8473921473689796,-0.8286303714634491,-1.1233672177574265,-1.477612952609035,0.38113116782086415,-0.9660435786153575,-0.29234837424278665,-1.566219858520662,0.4886455154729254,0.965935452888393,-0.15893058289244058,-0.30646596027104694,3
2.417027144073279,3.1355811714072495,-1.1311366734890913,0.6846141905433029,-0.09242682617694699,0.5254656089712076,-1.0402947357664791,-0.21889024320279007,-0.43078151995900626,0.2578022053443648,0.06207863428710994,-0.15784402059145322,0.09793540642070821,1.5764598084243886,0.33102300316491234,-0.4150166711418985,-0.6870509041592268,-0.16959975146578155,3
-2.8982476009490883,-0.21682763694498147,-1.0460231973849734,0.6057981318294212,-0.7153225490885214,0.6020610854265352,-0.0504196690497556,-0.6714329828800164,0.634353059802464,2.4269348621437863,-0.32455897967421243,0.6647607279421426,-0.21919821489584587,0.4016564922139152,-1.2540406658648047,-0.4411856136614571,-0.8163456111252814,0.2817345895999982,1
1.9886105943658166,-1.1120862730898848,-2.1357114973070077,-0.7897132723224884,-1.3547290625408714,-0.25481818032357706,0.3120131037991652,0.7213778772670747,-1.5334178677421972,-0.038769978594554604,0.15487066223370574,1.2358736423800973,-0.6346199018155428,-0.07494055033823067,-0.10273625553478918,-0.5818641140822172,-0.8217399569392742,-0.21972860032849348,3
-1.2949009245524024,0.8677277890872938,-1.2181669926863898,-0.8025999225924334,0.3405484912604686,-2.041640421311353,-0.3044004074081942,1.5355212813935597,-0.6539183965808166,-0.07641492973158072,-0.03851810720210716,1.1633392750658844,-0.615136873152386,-0.5367755084349377,-0.007746465779371484,0.5767699099399836,1.5892232833455364,-0.4671467023093377,1
4.358510198818467,-0.19279022989796935,-1.277318488683365,-0.2537025138943004,-0.6970825486458726,0.8240873479814127,0.18039116182051018,0.049845886695452944,1.3444257598322453,0.30415105800552467,-0.8406871913922909,1.1695835011479747,-1.0569996254484688,1.6213898358852832,0.5418136600288616,-0.5178555784683152,-0.7218458518065789,-0.24553687772338154,4
0.053861208892723264,-0.9213963309308847,-0.4011669974608217,-0.9304416617154799,0.16411352796841902,0.6945982071005539,0.6617509581987284,-1.0827399308725087,0.509700741596474,-0.7400815142847557,0.6694898454980218,1.8979354758153295,-0.7472138190216637,-0.5989741938213626,0.04952241597135045,-0.4613310520668959,-0.8313345401807811,-0.7376351313905938,2
-0.6233442289207176,-1.6224112380833862,1.525516528594237,1.084765294521213,1.9277657975950084,0.39976747630803117,1.2422104628383208,1.347183749061115,-2.046201217368283,-1.648066814879711,0.6156929593384545,0.2517889743433327,-0.09887469312871221,0.08783565295555897,0.036872719232186935,0.31618318087227515,-0.40087984107531394,-0.9374941107429142,3
8.197470854586621,0.7045597293924636,-2.559657123251933,-0.0517294919772624,-0.9686641079560384,-0.8070038538892707,1.5346839811779518,-1.1520599288389406,-0.6209972220286475,-0.5474549375280734,-0.6280045183648111,0.15106143016033333,-1.4236878552554557,-0.33557104455797315,-0.43272326683728446,0.8415449903712181,-0.24225929477210997,1.0408511861931893,2
-1.6386677192560994,0.5111526637483976,-0.7696711217877457,1.8568550176950582,-1.0148019220290476,-0.4540800183870766,1.580068935672178,-2.363621757968644,-0.3076968860854245,-0.8198988523429577,0.9211877686612718,0.973163414305411,0.3875831279881982,-0.07612590904023159,-0.7802776090097838,-0.3166935802975439,-0.5371661210569953,0.5214286213519195,3
-0.6427058838341577,1.7000742797966684,-0.8576519891302457,0.48561476658648894,-1.0168851217343637,1.959284354167359,-0.343165262485841,-1.2745349329037146,-0.18326964716427674,1.0757033548415542,-1.328791352059827,-1.167075778690884,-0.17395985758057098,0.4296789423591553,-0.04242297320958446,1.519521555494602,0.13889717813172678,-0.5730592106449325,4
-1.928099563366052,0.788483232625231,-1.1492110959029869,1.2914888168826644,0.11570595051535118,-0.5807022959171118,0.2017220064680214,-1.1232912203876475,-0.06072986353999125,-0.9591211375519255,-1.206691347980367,-0.4411375543758352,-0.6776625616216229,-0.32005018175930317,-0.7007531039798831,0.15125226744471829,0.4704167914440447,0.659238430286879,3
-1.3542120584882886,0.27502103198550715,-0.06863846397046314,-0.30752606238989805,-0.24222737678605313,0.3538121533187961,1.5307689394474975,-0.3471912337279821,-0.05994936783014482,-0.4131457206388202,-0.22538842351850866,1.549090680668574,0.023053112074976168,-1.1742788323800717,-0.49042616000338274,0.6164992993343632,-0.04075584489608516,-0.5452499875746877,2
1.9219857325820406,-2.1689683766932095,0.17069819915378198,-0.002225627812533837,-1.0129256012968704,0.1711068907290944,0.046488492883285486,0.5656807703014464,0.06469893635359011,0.3301583564875259,0.8905338331237814,-1.3447337272136801,-0.7335615146617929,-1.5163390715758662,0.017711369387700772,-0.1427598498067508,-0.3214654426132841,-0.1455243672985322,3
-1.386654625143426,1.8030015403532798,-1.186729921681063,-0.06748735351948425,0.025693571149065335,-0.7509804529961277,-2.1403276403977713,0.7398613732207711,-0.6671347844016491,0.0609977250636397,-2.5819083917967816,-0.30807490341136995,0.8092676095600388,-0.917650545787446,0.022775978911806626,0.9089836934356879,-0.5300359412083065,0.203620401872837,3
-1.6009772382729728,1.4695461644141206,-1.204503106779111,-0.4257162924341351,2.7419282009245323,0.8641416880821978,-0.4064340924658694,-0.6370515083437553,0.40124352039636185,-1.3643087690243154,-0.4563907042875168,-0.8447708079078443,-0.5032426843369827,-0.2955422068572179,0.01601016431111382,-0.06620413249412192,0.2996520197491491,0.3353104022599759,4
-2.4340133468846163,0.49566510256807333,-1.0316614269343658,0.3543028100010124,-0.5403896471577164,-1.3087739204130735,-1.6892779122477126,0.12435749628954343,-0.20222689943760033,1.1484349660455468,0.2751216894787662,-1.502934745444793,-0.6513133914088426,0.2951310044457132,0.5765592225864501,-0.5860952763102579,-1.1020832184270355,0.033103497368288035,3
1.1781657600366178,-1.3531716861228518,1.5998966115852309,1.494812496461093,-0.2746082861399183,-1.3839314894320291,0.6692621048122994,2.015278555923579,-0.10305692013466795,0.42197459969628637,-0.9188397270396208,-0.8107072311176357,0.5021335832933528,-0.21673940395662586,0.5188021763503465,0.21271895617186173,-0.4532599439379572,0.4799592152254102,2
-0.5312691225629319,0.29475719931078503,-0.06174701941942265,0.14843681549250518,0.7437606494031332,-0.585303391548676,-1.1345177279906098,-0.09434987286293406,1.174709975844108,1.4851624143464095,-1.639785833734544,0.47903288887233775,-0.03032774711459303,0.4989264071930532,0.031965037209588314,-0.1919553288285632,-0.6422731033633649,0.027102185371553438,1
-1.6313875456146902,-0.44473134469126274,-0.05655368266001888,0.24750749357448737,0.16003987129076586,-1.4651441222415786,-0.49648179313152635,0.043202912665076816,-0.5603686585896979,0.4590562775761271,0.2754661635531244,-1.7125050752642494,0.9056297137034582,-0.6865368298046064,1.0773469771404758,-0.5524545293846665,-0.7432335413925423,0.08365141424504649,4
1.8760182320386225,-0.9821833922406784,1.3448267347559955,-0.5367788096026873,0.3677333442811559,1.5496725971695822,-0.5332174643781571,-1.3685300510035827,-0.8820010754608462,0.34590495511454566,0.2480311917134094,1.4594771522999161,1.2129898935178176,-0.35325884063492563,0.39218152318811,0.21381891239300094,0.8507198145326191,0.5959002504818828,4
1.0259365752983425,-0.054886750383273925,-2.0126224456502353,0.1509302002373287,0.46455643783959766,0.23652178410035116,0.6886366699415102,0.04658252415812843,0.6075665382607657,-0.8028198822074709,-0.7022508792635497,0.17369254822558575,-1.5346411178435737,0.7938461089759734,-0.3557620304741327,1.4005882560434832,0.905005568050365,0.41388501664193034,4
1.293430035184161,2.941592114042073,0.838748485994249,0.19010406752946746,2.2419558624630955,0.460757954579926,-1.3555884512292051,0.9505460674086259,-0.9923594868392327,0.7837540582568059,0.7980570907787949,-0.4009774095367016,-0.13023061457556404,2.044430450917413,0.9001606545188239,0.17441700370334076,0.09019679059407176,0.6217768710417769,1
0.8987535810766594,-1.4684556733937317,-1.1885646818990983,-1.1503354998884767,0.572577429230714,1.4312404485624048,-0.3834664182633057,-0.21892837787091857,0.6140698192013286,1.2883879916133874,0.19620413101414957,0.6914584122688356,-0.27303992640468916,1.4164239223660267,0.6055383774116319,0.11997855027550083,-0.12116772926871719,-0.9891281535642052,4
1.029528826013813,0.29169358010433943,-0.9642758065778829,-0.41277099722342503,1.4474835019238106,0.5176132584366292,-0.40788479858143445,-0.561354473787532,-1.5656094583739841,-1.020069139134009,1.268547467643914,0.4819956303551664,0.5127694134726555,-0.11726517329092741,0.06822117713550788,0.14879806398896941,-0.37188925892886604,-0.3492761568237885,3
0.2970356292142884,-1.6123414224136294,0.6597813156834476,0.33658622213121553,1.1269768374453157,-0.9427591597742075,-1.4241709725143787,-1.6409307321186404,0.048788694448462525,-0.10686539200020134,1.6087766855728018,0.1557090786889006,0.40798648178344515,-0.13808072955108608,0.36780644114268407,-0.5449931620002522,1.6772240813668955,1.0671011570840727,2
-2.0445262562411703,-0.41154628550341255,1.0774094665461742,1.780068146908601,0.8523340305391529,0.025245622207702757,0.25583184020641747,-0.32217739901374,1.624934652290302,0.5874744875478838,0.5649808466131595,-0.9140238854472739,-0.759090152911341,1.8366335140578192,0.3398273357778638,-1.3349377819111636,0.36513342495502826,-0.1317711899959541,4
-0.8938091959816782,-1.9424673914986237,0.29039628563722913,-0.6976178591271692,0.10636797191152769,0.5620585862112639,0.607066556750413,0.21139147758302404,0.8474631827594783,0.3345796993351395,1.7549859038786488,-0.39864480521559276,-0.5120659822018016,-1.2808385030976708,0.19448731511093,0.4691383066279283,-0.5061090256722903,-0.5352777108130622,3
-3.0550952845224573,-0.36017745274648966,0.793997800429561,-0.7468951467726278,-1.8922344514425284,1.865355131499966,-0.2101184961489141,0.20674565787058877,0.4207634479379674,-0.6471377786628898,-2.3915159011063656,0.4107721011493425,-1.6590232018424271,0.04869717806098066,1.3352014147561595,-0.8235284966338361,-0.12577609941815876,0.4972871379193575,4
5.3096833762605335,-0.046761528805083,1.580349783712988,1.5411187160858018,0.6011325377701391,-1.1423946013926716,-0.17117682642255547,0.8482053173350816,0.8624531809965031,0.6589095791144869,-0.8503983969930375,0.8404686756467381,1.866675283984716,0.012421798228347106,-0.17554545679362077,-0.5614255855797807,0.20147717190111317,-1.1891705583823158,3
-0.2515685127710344,1.9013230413044622,-1.200803883736919,1.525597751787198,-1.0599802565810972,-0.49135933943312166,0.6812096367220782,-1.6032273873639966,0.4623968706281353,0.2873912959859683,-0.9735579145903209,-0.9023228986534563,-0.33994958701216094,1.0618955542031643,0.1681798117997779,1.3137807075220598,0.37377442079663453,0.008056296379473752,2
-2.183244613863557,0.30163286903108694,-1.2594876138363538,0.8551651443571481,-0.3733153636290804,-0.9914988273183549,-0.36036259920638347,1.1756302055276002,0.835590869941205,-0.8319855747632623,0.2929176788128967,1.0378953712153198,-2.190952864236275,1.0942654394161537,-0.4319590019374132,2.183008048213703,0.5065296626555098,-0.16324290759286636,1
0.1354032868794457,-1.5256864441021945,0.4743337167666667,-0.5456342725950423,1.4709587296208304,0.30790774916619523,-1.916068508740721,-0.10644873279194594,-0.6202784680597548,-2.359244106442009,0.13099129415250574,2.2174645440999297,-1.2049008033569755,-0.2234131526831229,0.034505649226653855,0.1444618089725712,1.0036659793453915,-1.2145694070729927,1
-1.6205814506455942,-0.8524853430457519,-1.197530918061271,0.9164569926290972,0.200153022386312,0.4134523783593833,1.746229463232453,2.0197910466014086,0.6988521149121578,0.405364379707512,-1.3967295525384957,-0.6779788765391717,1.5525494982922887,-0.10844302757384629,-0.42131677714802906,0.8282516743744057,-0.9228108656517294,-0.23651678949531948,1
2.635768735708346,-2.499823024382291,0.3081734727089574,2.129021913837872,-0.4038012125866436,0.013226638065157026,0.026823305539177257,-0.6880479370646541,0.9200815449350774,1.2051791772790947,0.05814988551430899,0.12559822829986222,-0.549734448279352,1.0160168140117687,-1.2418483929762896,-0.22340517340880536,0.825179586567593,-1.4330028824820373,4
-1.017531821001779,0.14247908977842472,0.3270868070198387,-0.019118509332488823,-1.018827641631903,-1.737155837021571,-0.5716491324165324,0.3220053042258081,0.7287005506920925,0.6186939000995317,-0.8862325187511931,0.6157832137569531,-0.2883070907767977,0.3564407149442075,1.0412993066771998,-0.9275006753773402,1.0602977602570627,-0.4330803909733438,4
-1.1848248163949235,0.9691026757602186,0.9836588011773655,0.8569088719059071,-0.5263875553161892,-0.49940513845908163,-1.0184394578740104,-1.4200812683115407,1.6455233114250032,0.8448219968486377,-0.556174960024454,-1.0466368156351544,0.14054600721940633,-1.1084303459526177,0.08751487495779489,1.3817932377822977,0.4023711238917675,-0.39820202356042145,4
1.9511196291768764,3.072955189709769,-0.4060791372172629,-0.3283607118270182,0.9612773120906353,0.23481716235353792,-0.9570839793814642,1.5632563033840865,-0.44553773104006983,1.107640075398049,-0.059854271382479056,-0.32465221130725824,-1.1065355056157664,-0.14898376360053606,-0.8262525222815641,0.5359206243710888,0.6705429439467252,-1.1993232130003553,4
0.8331308001747945,1.9107799861275354,-0.27270357198913786,-0.11806879585698135,-1.0251200945420635,0.5324895582467294,1.089161433625203,0.31994940464002203,-0.27946977819690255,0.08536674936835854,0.7031733529689009,0.2054315351968267,0.30011978614263407,-0.05936928173567126,0.35193230211189064,-0.7019637321078667,0.97086118465362,-0.611645433334014,1
-0.8852404116694412,0.5878236731018548,0.47437285923288763,0.8305342517857491,-1.1286842311867182,-0.061479756280062095,0.8063689783934401,1.4154454594686963,0.43431967176718744,-1.049382521208083,0.4863322269174096,0.1356256134592152,-1.4649777139051507,0.5051912774758072,0.5356425573089967,0.7665676546791438,0.2490226038284518,0.045844108190517555,3
2.716392274120527,2.3233130746250126,0.022579118061088463,-0.6149235222754021,2.4532110733665604,-0.3936268499562885,0.3222846275336994,0.943168098930626,-1.3353975546626902,-0.12666165978944158,-0.20924640743315862,-0.8972122609319592,1.1546850825334523,-0.38105618791387796,0.806353715923743,-0.7326239898923316,-1.1029909733311878,-0.3175534540306115,4
-1.2735782088045515,1.7189494415712325,0.16092009679605235,-1.3442606232945145,0.4161179014700515,-0.14016325921918862,1.4717779054030262,0.14469394044383577,-1.6795728851329539,1.049865130992647,-0.8680615228755505,-0.2537088294337273,-0.9131456519582797,-0.6585041649297395,0.3964936622456494,-1.4758933446850373,1.3405581238145055,-0.17772906992836607,3
-1.7473249589148419,-0.6633230107241616,-0.9349837006389602,-0.3352373217755696,-0.5521668991745511,1.576021413397562,-1.0715738991407384,2.114027907397068,-0.3512337936284806,-0.40808113497543236,-1.3113025165289924,-0.34643372439515424,-0.0626097515483649,-1.1264374918050473,-0.6892905186761432,-0.1564139798922651,-0.1359656518394353,-0.39137472623022324,4
-1.72463119708848,0.2697725297895131,0.6761110001227002,-0.28489285357182714,2.430870067314705,2.4178567032687184,1.6735901306599335,-1.5503333856965467,2.0786617513148657,-0.40816985562342445,-0.5372762432624181,-0.1363072052051391,-1.2920083805297065,-0.16572366621720336,-0.44472739413938234,0.2010322967187595,1.0885657119091872,0.4779650498717082,4
-1.3715611499606972,0.7215909741909311,1.9244381244912545,2.0806955356070165,2.0144729573266265,-0.9535992836121058,-0.9831558017120405,-1.0300359653621889,-0.34934624006216797,-0.6802213594320071,-0.4051659727928121,0.7466385003397437,-0.6137927096240624,0.8676297258938488,-0.3766819781912025,-0.6706599004918907,-0.706992235533784,-0.0018239396629349271,4
-1.6845217784996627,0.6153102615051251,-1.5348644339158666,1.844127918424871,-0.11220814920962713,0.8402613202420757,-0.0749396838163174,-0.45413642621598416,-0.009114373620263167,0.4844558596845532,-0.21922217557446463,0.3020674193637387,0.0921522263169343,0.8475377320036608,-1.7093431937829193,1.6511483889678304,-0.7632529912235639,0.2742496328019705,4
-1.521522222961718,-0.7270880697725094,0.2653310840860013,0.7914746900128723,1.8800709555886002,-0.1093806026755346,-1.6866073254662373,0.09482206484376143,-0.35818531067547144,0.3672613466828979,0.3811079377501825,-0.6820562996999806,0.7125674905071642,-0.551696317475109,-0.8843855744126681,-0.6655785510183442,-0.47316796862159777,-0.449822185157105,1
-1.5713946105419567,-0.8764134731622598,-1.1225312450945217,0.043224052353643246,-0.04778236066572694,-0.035087014321217976,-0.5315820129079888,1.3495912006102695,-0.9299887260418902,0.41860565180212755,1.2980424565048962,-0.7524883670896715,-1.1849286462132627,1.747270233390171,0.5026572243814769,-0.5602727107096709,1.3602676639858533,-0.5352129625841312,1
3.6889132459392413,-2.497754142494738,0.039750808631002256,-0.9436161959916859,1.3910514487491712,0.38463394455500116,1.3611201798459118,-0.6229989414347279,-0.5827032788047797,-0.15844083048645355,0.781559589484532,-0.550539988349122,-0.9224066801482607,-0.831545452908038,0.27903826647426927,-0.30681632970730993,-0.2412354326996757,-1.1324975364702843,3
-0.1460102707745233,-1.6220918802525575,1.5373558848000708,-0.6972311473938686,0.9189737446132119,-1.9941527958037164,1.3449177314595593,0.0036943307688152164,0.0003280324053086096,-0.8294984267540763,-0.17083858853909606,-0.8174218783666972,-0.5200083561129771,-0.3751397263627094,2.5818383663459423,0.14288980523080475,-0.11383113911334608,1.116901636925564,2
-2.3287085569909474,-0.4999036339063869,-0.3196607506782527,-0.3987232234840877,-1.2458313633867633,0.034084084052388,0.22123098492224363,-1.3323357061641485,0.318173285583879,0.39335045323713086,0.6093548101115518,0.46841562504504214,-0.5839523031162345,0.6640207342187191,1.1555089359036588,-0.705915778658657,-0.8018039638559595,0.15219906716423634,4
-1.6185134525914013,-0.8333260764487225,-1.2331816862063947,-1.5305557765080435,-0.3482984584034559,0.4835620485510598,0.21174631869421418,0.5032736023258179,0.38910393721359543,1.380014470462907,3.121477510163273,0.38587635278997434,0.3798502107730845,-0.11777749447331679,0.2459051682379084,0.12834960762268743,0.949752235270268,-0.4381222876872739,1
-1.2683696488349152,0.6280634079122688,0.33138362317313824,0.7560566664049786,0.10801985156757368,1.2964327077037423,0.10508488483858971,-1.773157105850497,0.27495768167410717,-0.35585795965135253,0.10366249867994703,0.8539250499698825,0.3370589443850876,-0.30470513089722956,-0.5952289378778444,-0.015418707143683845,-1.2251994951503546,-0.1702718906581718,1
-1.8045958751385704,-1.5813092944738483,-1.07267536284416,1.501359642282504,1.2532466148077108,0.6639877837199372,-0.3817810863970107,0.6228911430247335,1.2372243858033272,1.044035311095347,-0.40437829790387214,-0.15467799644337105,-0.09187534286397248,0.5201659093624981,-2.037298294760987,-0.08414105778942685,-0.5602615314623143,0.4008262076192567,4
0.4464248195489869,-1.4573628404503391,-0.6194516459101524,0.2965507353000889,-0.670545774092089,0.15439998539365973,-0.7167193701695387,0.16831216713007963,-0.4723197432468149,1.0416759232559711,-0.6216152265095644,0.843465908612476,-0.6911326766719246,1.0397823102754147,-0.4976655383814577,-0.1564840573720967,0.9504632590907439,0.3349900609835842,2
-1.8933268509247816,-0.3385020382047296,0.359838936111353,-0.22648747856219087,0.46282405194743537,-0.6549336754786705,-1.0998493171853225,0.8654274047887691,-1.02744556788252,1.2368380286686784,0.08254582413951858,-1.0952666121406496,-0.7484588596219799,-0.0046219308441336334,0.27029216472399675,-1.3228021396324654,0.5026244236829434,-0.13597362529510001,2
-0.15524920569062803,1.024960735159492,1.1086012676537622,1.2438642715330537,-0.616606834291042,-0.04380038949062929,1.3387799186349443,0.529741735535286,1.1083910953140004,-1.3796829504189334,1.871682627391556,0.36137959964986355,-0.8515728108919899,-0.38337095354909334,-0.07797819160109191,-0.6013171027060342,-0.6999494720932018,0.01128423140497883,4
-1.4687977399771697,-0.062064824422165155,0.7910878793924518,0.3188320644891421,0.5967273545649118,0.4979419533649208,1.1811210607641667,-1.7069259155557879,-0.6509984686196159,-0.6388722976528594,0.04970709117004525,0.3578728143497337,0.5072362218233025,-0.7177007606916728,0.07137626662085753,-0.2774576904384974,-0.45080322040412885,-0.10494880506410008,4
-1.9723886457412447,0.5077772558831222,0.5579805022977715,-1.413657499604416,0.48018893691490167,0.892182382819311,-0.2191527460392451,-0.3820023732706342,-0.6667075081816318,1.0741981230225306,-0.9873667509222183,0.6328021330844358,-2.4871834212839983,-1.0950210647102312,-0.7373806229175089,0.20305874009325856,1.288741411716753,-0.34952737394125943,3
1.666387148067151,3.308248091903348,-0.055895358457672774,-0.3331925712649374,-0.009854432298290082,-0.005429388828858837,-0.8485316382968622,1.5506650100081567,-0.014169967387599763,0.054343096932435025,0.2582617973498624,1.1244380732911115,-0.325865983262691,-0.35299646861789274,-0.5411178840293501,-0.24652741152755617,0.6653070866974024,0.11578735097650508,4
2.2990935710339606,-1.002432750931135,0.24857227111990648,-0.8183630547866264,0.8855797264029547,-0.5230060910691682,1.0805526265227545,-0.34933593672140334,0.17558910911323752,0.6962374482746355,0.7918953296766271,-0.6572857889863207,1.708516053564816,-0.09299253792420031,1.6263363875186942,0.7563777845950898,-0.16318842588088897,-0.2089177864408586,2
-1.4199055671688798,0.5372646669249912,0.45535170595144014,-0.20246296287505053,0.33498925043210265,0.9004573408415927,1.1795899777044854,0.7612934879036535,-0.3914148478934886,-0.3879285713958518,-0.25543143290594367,0.8148551204113322,0.8366726580995969,-0.6657002442212202,-0.09516040332065762,1.3893960640082887,0.5602901679054598,-0.2884674709290457,4
4.2704068992125634,1.8916004268230018,-0.5890949264241678,-0.3345399167627127,0.9127438186195007,-2.269980421367586,2.2466120295504615,-0.430319403012753,-1.220751739479381,0.2854688167899941,0.7289959699531017,-0.06091985827940786,-0.1270617534611295,0.47148430456801754,1.0410234882903782,0.35534560050630026,-0.5232673744208078,-0.7779545683322847,4
-0.3343719828262799,1.0089450752439582,-0.7202186495165469,-0.5580005497030901,-0.4454864023481356,0.34611690685877494,1.4800249923890472,-1.2493024966654684,1.0910904577207243,-0.5987877893752502,-0.5558531985525503,0.9165577779951283,-1.512111235266577,0.11051702104009019,0.31868751974507026,0.00181707721663404,-0.31413975860081933,0.23803645964111061,4
0.7633884488347759,-1.495285634099858,-0.2190709940586204,-1.1964058969880844,1.7695083236211673,0.4981519836298033,0.32338278267673154,-1.4126404565010384,-0.32314719736383185,-0.36817232793011095,0.5025312623606555,1.4020059077383509,-1.4550644717284225,0.6381159761842367,0.2848260893059464,0.0067456129403953395,0.899550731999573,0.42628532816282255,4
0.3404736451217888,-0.3292527973184683,-1.06972608628072,1.463182501160899,0.25072591310398806,-0.23900948019915486,-0.42475116179454664,0.7321516954579802,-0.01589117297733574,1.1356980862727335,-0.7699502427949435,1.58531831834489,2.217114863964404,1.130596248729264,-1.323083554048783,-0.07242600624448264,0.24720972209268888,-0.8835881172120973,2
6.131175952135856,-0.42466542098818755,0.3971608316493314,1.3943293777622212,-1.408132602130962,-0.855609184575055,-2.0489345004319306,0.7041610098640405,0.20371023780889497,0.831812468582015,0.4015748429950199,-0.6334536934910683,-0.21367371515554978,0.05746512434866671,-0.33838297562249653,-0.7916683613252322,-0.8125555351900526,2.5096691599697416,1
-0.12155931844355054,1.458939251443229,0.43051253042549104,0.3811138827535752,-1.2912434324554827,1.940900575538807,0.6734034503806824,-1.8527754111452377,0.40414745872170826,1.335180498995975,-0.5392404491778268,-0.32847584845897987,0.29348861951546673,-0.7754265202855921,-0.7353388108008924,0.8081625626244006,0.41961657688997545,-0.8181405790500237,4
-1.6560720928583184,-0.18380826008268908,-0.9051790069286029,-0.40722408181090697,-1.770954071112101,1.773212829604475,0.39802547473886357,0.1790924663275717,-1.1669092534120535,-0.612383632271704,0.3883617183656801,0.3242075729095052,-0.07359270270907198,-0.7000661369876049,-0.1960819202808559,0.5739045552842219,-0.05491356711734896,-0.5083434372702894,2
-2.7261459421825944,0.16329843205773834,0.7570324395585031,0.790035944239692,3.1254259608151056,-3.163230506818944,0.34385558937977634,1.1633259163833454,0.3103748347410873,-0.6333528033205302,-0.7373163348578324,-0.3323346495736103,-0.5336924346278118,0.3244550494733587,0.49221532999522233,-1.009098085750781,-0.06942423647863785,0.33820157192208716,4
-1.7779535967421942,-0.14754474571273793,1.3926809501420296,0.06872510633379461,-0.34050699112483507,2.3165067850232344,-1.8783405659532706,0.876313122101596,0.336070815633375,1.5936469593622422,-1.287234528679199,-0.0818363979504276,-0.5988750247639723,-0.2548683479685754,-0.5586064311336439,2.0160698583091112,-0.0631336932077156,-0.46119618915901295,4
-0.2658458388041395,-0.9727428366006077,-0.4988129024155789,1.5504034584495436,-0.41730468233654555,-1.1264307752143328,0.7333156747656248,-0.3932341252442952,-0.18444116356075133,1.5685234181666408,0.616103923617717,0.17838573973927563,-0.33340046969319603,0.85899754367866,-0.9572211267561147,0.48680009404492613,-1.0950781687852964,1.185824035629993,1
-1.5481543613188622,0.07729829675285128,-0.36924023250475263,-0.2795142943001799,-0.1764591630902681,-1.4132028084904187,-1.2443776059145302,1.226671733696319,0.15172380950995132,-0.9590135061076944,1.5312601035483335,0.563280117431891,0.07898703241121315,-1.3916314360516469,-0.24385645404243705,-1.020035919989978,0.9220012545728777,-0.012178407210984139,4
-1.9175014860505935,2.364531355366902,-0.8302821428909001,0.575470905184168,-0.37944234389055137,1.27680625564704,0.9042393421022941,-0.3750094560942687,0.6271830764549479,0.7373507839893872,-1.2265339292625987,-1.818135099557419,-1.520543924860981,0.5071854003071118,-0.18594867963574227,1.8766979584771943,-0.28586701321792996,-0.44860189326656075,4
-1.609905448907901,1.4930608939065608,-0.30300596230707855,-0.9939521339244775,1.4256648255035993,-0.7586759776062277,-0.6176532303131557,0.10118098509352537,-1.9981132112091824,0.3952111130722144,0.4554076538630394,1.5222690441650881,-1.6531235287964625,-0.10113140429778007,-0.5580965435147789,0.2153660328290032,-0.6531795497626482,0.14819483087751095,2
-2.6877115641296294,-0.8281397397175734,-2.254856359471698,-0.23910890259299272,-0.34751385507053045,-0.4316924204252046,0.3594174969202516,0.19468256321312213,0.6452186563287856,-0.03228844824389864,-0.9647832656280793,-0.3551849363795519,-0.6999146750795807,-0.3903577411463509,-0.632794738378538,-1.0721279047539114,1.010505019609847,-0.2030800666720308,3
-3.3780421472138595,-0.8453703565362791,-0.10604032748824654,0.607445391835472,1.6161932846707217,1.1592671346502519,0.9546579941623333,0.2189901980101666,1.1483562244676215,-1.0097673130450115,0.6394134806357078,-0.3344599624535658,1.8689557815170783,1.0342445332346493,0.8867507419685072,0.6339136543829726,0.13606639870182843,0.5733497072009595,4
1.7385769305503045,-2.3422156569614248,1.3393838631235768,1.1526164403677566,1.0961288313670932,1.2171223580493842,0.7034568260488171,-0.022418194801209164,1.6645057138697672,-0.0603075458334108,0.9175653598730685,0.011206949554811904,0.9966668914411514,0.9378378739729321,0.3152874928695769,0.7289562714936615,-0.5695232503154166,-0.5242222700047694,4
-1.544733129540158,0.3255085691971062,-0.2844957004871554,0.06301121031092745,0.985771899367171,0.4702377804154858,0.08744777790968117,-1.6272722720608888,1.348714123312029,-1.396854676683938,0.3134601114696727,-1.1901353927743015,1.0580874453323383,-1.2520766651936375,0.412528893505678,-1.0608494250437461,0.21005234147717802,-0.08579048364496435,4
-2.077037355863318,-1.237429626507868,-0.527679233414753,-1.0957319422503495,1.045197551665318,1.6632207063934978,-1.0774026774675844,-0.5493173923214903,-0.27365005202682363,0.461773336468488,1.067887427112931,2.1332154567095967,0.053327948399915996,1.1147235126376263,0.003901173671762269,0.49868766287733496,-0.4477871929006403,0.2621224250893544,3
-0.7776969452015173,0.5510515622420207,-0.19320952124555407,0.1470342006701238,0.251856581405421,-0.4069728752606365,0.5749434270889586,-1.0142212037662341,1.6046318962870159,1.3699977883785137,-0.5303693549231991,-0.9434274114329577,-0.6296986552084314,-2.1423883421889958,-1.388132290409029,-0.33498475895656776,-0.7115846173657435,-0.326165735395693,4
-1.9729893437310368,0.18382147107043503,0.9647344908980451,0.5405794593658244,0.35305583868454915,0.11469211814790915,0.13254377022209354,-0.8865741951354087,-0.3335226624730919,0.07091565060986077,0.7855193288426886,-0.24917710151116407,0.04101512974079414,-0.16288260299622515,0.19325182480107728,0.8610598682702294,0.11287598152670647,0.6015307598000705,3
-1.5643891642874925,1.1933979668346761,0.42856214203180637,2.4639638337611145,1.2709255218380755,-0.1690733315476308,0.8796011237590109,-1.4122014147099773,0.5198636041747918,-0.4981227281097535,-0.9436268512546967,-2.1493377304704793,-0.5155150370551885,1.1576123765855786,-0.10329033174882339,0.4913861686286461,0.5316200898001078,0.341625695893761,1
-2.8948408015126526,-0.19061571761777563,-0.742555484571385,0.3367430323899007,0.7389671371641368,-0.9791275227230825,-0.40183139952441366,0.0027371982531097304,-0.5629008647593647,-0.3685839925210622,1.0633909201651763,0.08750728146292967,-0.6411147425705847,0.04561546261175277,-0.35565573372734116,-0.6011503479413729,-0.4113800067886978,0.33431806834010874,3
-2.655935276498578,-0.1021550183437457,1.5153893580052191,-0.18594139765075948,-0.6033850053070048,-0.14026601821741205,-0.9734421537636746,0.09813907854653725,0.10241949350473752,0.7820312754869974,0.24284124992253303,0.47853106531464135,-0.3366022723292623,0.17391558867182685,0.9527316058105625,-0.1719703184754844,-0.6266709027251999,0.6619211947159006,2
-0.43235918456586137,0.7523315437109368,-0.76973546437096,-1.4445458215421114,0.7338193840534255,0.43523324037938677,-1.655577071232432,0.03375326361358165,0.15880833991387822,-0.4346289524740585,-0.6098185097682401,-0.8614545487156612,0.9437055691229476,0.1169032672784374,1.7737844767844642,2.2028838847110985,1.316906952092116,-0.8452447022850117,3
-1.9172555946868657,0.38313086467018365,0.002977839030225661,0.8779611750113525,-0.9735619369426955,-0.821613046786218,-0.4671019156858946,-1.45425300796643,0.9843906178955644,0.9387994610526108,1.9006685820852465,-1.5057661437896042,1.1629942455113733,-0.9187182379366104,0.139526541375721,-0.36947166423168193,-0.5866478726091604,0.028567928203450242,1
1.3210754726228437,2.199969244675018,-0.8710032350455457,0.37476879313766776,-0.3681711405033768,1.4684766099460038,-0.3010932878204194,-0.46245202970722277,0.11906173871962014,0.8042232495237602,-1.1889423351578239,-0.09659080493973299,0.8140447528815127,0.14888492628522834,-0.5818212163974235,-0.833113204003916,-1.6155323590586272,-0.49659555583643195,2
-0.34772667365973337,-0.9488450137662553,-1.022759929746432,-1.307093567580748,0.02673023881055595,-1.311115291265953,-0.7116096923288827,-1.7777339264236438,-0.7699453803922504,1.2358338315474864,0.12058633855429945,0.8497108230475523,0.004328154273500894,-0.9016036943857525,-0.15779042687397987,0.5468786141772616,0.3757838680996663,0.5354825667877723,3
-0.10210084265689982,-1.1168336720208027,0.5803907198271347,1.3841647885352157,2.9053282522528234,1.0392406037454744,2.6100540806091175,0.8777421536917777,-0.017996871062880945,-0.7512507021228345,-1.1527597974410098,-0.6886392980968814,-0.5841892178769423,1.5814933856762192,-0.32325833411078086,-0.4361071721046197,-0.0443009825022911,-1.178989715134986,4
3.4308620116070383,-0.12631605650204308,-0.24170172378564783,0.22026084794421083,-0.3548012011457505,-0.35120479731529247,0.0046657959989357,1.1970716676911917,1.2993551291787433,-0.1177536929625567,-0.808482776249058,1.029417707684765,-1.466110799312013,-0.03464263418935941,-0.5992909176561934,1.1450550521564649,-1.0535650084710126,-1.6154115247240564,2
-1.623505322085247,1.7287444362531226,2.5394532262988534,0.5941608646204948,0.6904820176412699,0.7620952088473477,1.3186173458254218,-1.667085446330244,0.8100129731880729,-0.25769943933468964,-0.919734867073073,0.298934546761588,1.3333013530994018,-0.27487212264406685,0.9920960665658246,0.20978864694577656,-0.8776213182260252,0.34414523348382176,3
-0.3612185541044114,-0.4065571173896057,-0.37099531263798335,0.39402465946094645,-0.24383152906762873,0.8895721566641891,2.620472195758619,1.3179561606281893,0.02826510702619763,-0.1432949951719817,-0.9091803789549927,0.6645838589337908,0.6056454358582714,0.15808151219979713,-0.6192749049023784,-0.9306003741249145,1.189794078860151,-0.6988656961408075,3
-1.5101149242353415,0.1504594492621009,-1.131560209481564,-0.8797626911268915,0.2043295580877508,-1.0810490440645002,-1.6303509279402224,0.5231672640002636,-1.1229566567828004,-1.8697394778840468,-1.1038056110032306,0.05142610176006591,-0.9679736846254505,-0.5631252085341645,0.8051811522243827,-0.16871434255871576,-0.5791725627968684,-0.05690038893714172,4
3.2491981633404374,-1.4441518371920365,0.3910296025001493,0.3368536595524792,-0.996772797897761,1.3875216689475298,0.28399460299323337,-0.2872834469180537,0.2938185276604379,-0.972901957906296,1.3276971806793383,-0.3521983316607107,0.24293775729175074,-0.6358198214447682,0.13551901923230808,-0.40998402909674114,-0.22501523873842036,-0.29174228130140906,1
-2.199214597082023,0.7119327521833871,-0.15041610194372157,0.8016608457984387,1.024657772537285,0.6273880538092328,-1.0750521466837202,-1.544245067120262,-0.3803022638743418,0.3389502090499695,0.17728145667641937,-1.6835077434335388,0.28787398446961865,-0.12700288420830277,-0.3977327269828915,0.606734166220031,-0.005573493190882339,-0.025799680786901473,2
-2.958371849793298,-0.4332524691191401,0.9453504410905074,-1.1922332273453635,0.8587031997594684,1.6121021360020458,1.4522035017526504,0.42854494930768416,-0.6274552317860038,1.808733940364185,-1.1298590598437805,1.1829392191129133,-0.08784194202902824,-0.19422632432219944,-0.5056037081227845,-0.7704354306071465,0.8972526851705352,0.15433927884769555,2
-0.5602244950725431,1.881675314161081,-0.061252282972584185,-1.008974646481902,0.24188633443990543,-0.9887592474150688,-0.36474383194081095,0.8555090505050577,1.7157432055847575,0.7675179549853257,-0.15167631708852092,1.0554887419481949,0.05571772074961224,-0.97536867644496,-0.23223918500340085,-1.5502299235466404,0.8751438426986854,0.07286855908328325,2
-0.4476702333367244,-1.4322090442340862,-1.2253612314200788,0.11610771754009172,-0.41656265135543563,0.5075138152014373,-0.1626575726122088,-1.0922646140923997,0.9058813570577656,0.2834997485697244,0.8155188645763198,0.07178850004138501,1.382975579904565,-0.8176446907409851,-0.8270407912281755,-0.4771553928515934,0.792821008810229,-1.0273209983468021,1
2.6447137745332356,-2.870387140484709,-0.681664530120002,0.7870063568438602,-1.165827671102449,-0.9651951345301748,-0.05999767247431265,-1.7693358834335753,-0.41743213373977317,-0.1375692232785144,-0.2434386157997141,-0.8127665597186087,-0.17073180054545242,0.7763254938787192,1.0186520725764712,1.1813024023684187,-0.8977902374231295,-2.3091162867707737,1
0.6132345050869253,-1.1754099627960088,-0.034893208646275424,0.7378461248607562,0.5571562916132256,-0.08914845626172783,-1.8507305387247146,-0.8630726301821622,-1.4084859930276818,-2.252939005148435,-0.6072720917434088,-1.7213866195476266,-0.3659672815325601,-0.7378393912743354,0.4564676033942684,0.8554744909430142,-0.16100210851019608,-0.6393092200802128,3
-3.1921099000272517,-0.874702598882657,-1.7063513392826024,-1.7123619402530807,-0.23709336486379815,-0.2609745963387408,0.48592962506267795,-0.7559495021665699,-0.9351025662011381,1.0646096433466983,-0.37213702794886233,0.6839332567197828,2.137390327803362,0.030322630712217576,1.0535018316845766,0.03207957143420315,0.6394091000953911,0.3453567263688314,2
-3.209944492519051,-0.5254362786504707,-0.5255833883283163,-0.3087316607019035,0.9485814053777519,-1.8075702393429456,-1.399331290574233,0.03509479710501863,-0.007191534936981607,0.24101714227025903,1.4391648745661876,0.5497490803067401,-0.7941522144115696,0.5021512427295541,0.23388849553430016,-0.26398929942464294,-0.03469614758511685,0.6345845362428977,1
0.7004116174548715,-1.6248150385947933,0.5754744213243043,0.3504404638079812,-0.8377443361518901,0.2644743670445361,2.3288517986697777,-0.15081953554351676,1.6069441891100167,-0.007625524440483968,-1.7323271875127344,0.5009067009584698,-1.056448719832213,0.3615149771130209,0.29067713186834765,-0.8034772595106373,0.08620050107749493,1.3525563765973363,4
-1.993399011998496,2.126206503349628,-0.28681221048709465,0.8341028721696724,-0.7548675272119497,0.7029721273839268,2.022752581143335,-1.0812269216337744,-1.1504548730110244,-0.6690141246762329,-1.0833941759106422,0.19874016171641487,-0.0664925762575641,-1.4383186075677266,-1.3781097459482934,0.5389138871167344,-0.18711673575797844,0.17072776914430254,2
0.3709752075587773,-0.8358044648129359,0.2993511645809179,-0.20153008335093298,-1.7087602740444443,-0.5753257487220879,-0.37921965948658914,-0.37305400140942363,-1.2420151370991737,0.606760883635278,1.4192040015219625,-0.08704574912858208,-0.5027966824157759,-0.5558544972458498,0.33355168266684093,-0.5976405639296198,-0.4077180170033325,1.247995124761119,1
1.8308502491299767,-1.6298981251333788,-0.8547096640825524,-1.633312204106997,-0.7255597351544546,2.047464548554279,-1.8170046819955614,0.2630879062050757,1.443879154226054,0.34500508002721036,-0.38429097253898564,0.2149668319608694,0.5455782831782945,0.7245224433743928,1.271257917396049,0.7556547445053491,0.7554844056442597,-0.5711800482759118,4
-1.0973397260331095,-0.3406416896418156,-1.3232516026152716,-0.6789346347168694,0.5058082064045831,0.4745978251712794,-1.1216199802376117,-0.887741583783376,1.4040402568682449,-0.17562038766443663,0.5109069545138073,0.7578484105618201,1.0334085908941166,-0.6203217544658501,-0.28971454348577913,-0.4342535219913675,-0.8406469111147347,0.2420540191197554,4
2.3005153701621763,0.23970821328058536,-1.0844957651249412,0.4748336800529837,-0.05864913617427632,-1.6284937361944405,-0.3269325850731529,-0.4208558115088205,2.763113330766311,0.6005928007391256,-1.3143140429533497,0.03458101696193195,-0.8518703766804377,-0.6716152323808965,-1.2770783006446587,-0.2133390107721668,1.6343641836432137,1.8203553354379847,3
0.31057430924245305,-0.9725253940291261,-0.8697079326940216,-0.159774654680173,-0.5117628318967553,0.5980477130075783,-0.06504103541002704,0.7391060389990907,1.2586206221288907,-1.9916236419758424,-0.5194976487098951,0.09784989782558136,-0.6310628391184628,-0.24559847820806596,0.4400453930451904,0.4806869633881215,-0.9152264866951014,-1.3149782952984692,2
-2.3502927554182294,-0.4948216894664693,1.0607850669886385,-0.22458832829366038,-0.1870885146414338,0.8027192955670392,-0.19304349484913624,1.425482781551102,-0.5137952186996191,-1.201025544315279,-0.15762364889946773,-0.028739517085703995,1.5097003993939504,-1.071084937692755,0.6434143823095194,-0.19496112903056292,0.6396211070145155,0.0428373462787719,4
-1.3689709531366911,0.09394244061418218,0.5861660985205402,0.39203764080566395,0.2376502644360299,-0.019685556440566302,-0.39238470637052764,0.40569364459573065,-0.18939109868135043,-0.18053941232940499,0.7336154203478772,-0.1886239391480038,2.12432468399152,0.2539215131416031,0.7723261624504772,-0.3924181665363152,0.7518694952223308,0.3828166834756329,3
3.9737870334475125,0.6649111421858418,0.07920929278592738,0.38963446639698596,0.08573521184115131,1.4134227945012314,0.8166999442479429,-0.18477524877282175,1.431338023148377,-0.513373067155089,0.9816323209442446,-0.3005144598657198,-0.44465290468208357,1.0032942443871748,0.34014036109649187,-0.39827292592683117,-0.4539665983826886,0.6752291096779411,4
-1.7603707176433916,1.6139006891169818,-1.042138367652387,-1.502447543870764,2.02334971779773,0.008624400502441041,0.1032872044647717,-1.3891675903363592,-0.9501844763635781,-2.4397748337895635,0.1659872230874256,-0.1338713262273656,-1.5351769858893394,-0.11480400676520176,1.192947805834975,0.7318912151843225,-0.8331359160653168,-0.03905151005984712,3
4.905137142461163,0.2448004117922657,-0.7076280152836937,0.3206353454421025,-0.9444625439425725,1.9857999853514414,-0.11381288142249131,-0.43979365627450256,-0.9005167139737928,0.12806398457009854,0.3547768582248678,0.3321904152777762,0.3181248026306847,-0.2787845099788477,-1.256736318051458,1.7038001766193673,0.774377529853105,2.6136293739343057,3
0.9019264433293699,-0.7106387599425793,-0.3199581109342839,-1.3165375765122653,-1.1927585692371216,0.030538791127067942,-0.09690235170386739,-0.7190301256504457,-0.17354121996109137,1.1327477370504917,1.4167963109448891,1.2628568750672453,0.09120242354988374,0.46819592354016937,0.7527073542962706,1.5613375229043653,1.5994203568000351,0.8246836324026299,3
-0.7801226997636838,-0.016882385949883068,-0.9124142869273679,-0.8045907963158547,-0.42827568340526695,-1.7207828871868591,0.7693245794556746,0.2738451425834179,0.005788685314626013,0.16226850091792475,1.6559656665088842,0.4648308478778348,-0.22652940913916225,0.18646747175430298,0.7495798741975763,-0.6256744107486398,0.7397126822450765,-0.25058683103440776,4
1.3764120917595764,0.2615239757380093,0.9046626774853344,0.33923442078076294,-1.3076690378694262,-0.1442574650848329,-0.04783105014012604,-1.4112933289986576,0.052703770600581554,0.09543877352809939,1.420462866544189,-0.6510298843080659,0.39061397642326706,-0.295468814004707,0.7088059988752926,-0.02914570423484334,1.5992254988111219,-1.4188330311336803,4
0.8687853068828266,-0.34310401015631936,-0.3260549243824453,1.7189888507901732,-0.018685703975349334,-1.346021484611052,-2.189264856894472,-1.3432788389083135,-0.9513989442855919,-0.7739475281791887,-0.5770356535076381,1.551057950984034,0.858760301154207,0.7388207379549816,-0.9314398207045061,-1.7530194934986858,0.5800777605174033,-0.9430997219377621,3
0.5045387082033232,3.1006752303340015,0.29413997182866036,1.8217712555462295,0.622822073032759,-1.0301454294416459,0.6668424268227884,2.601394167294789,-0.061590444554682086,-0.8082561859182485,0.6820503943488274,0.08351185192158962,1.7550346079235506,0.8221503560211868,-0.31710629984967986,-0.9201720952041792,1.179096530425205,0.30150395819008374,2
2.1927739131775734,-0.977463368713814,0.7158428776030318,1.546557035786933,0.1621126185950093,-0.28311652931308207,-0.32669145242093,-0.8945790660304728,-2.246313339769627,-1.196376121539099,0.3699201042230459,0.312301255970628,1.7665107617102243,0.07979975305568969,0.038669867985341,0.22305987191914312,-1.3626133047843234,-0.6954739713174501,3
0.38413493818872835,0.24998734789926874,1.232998851289161,0.5500794603428076,-0.9995338678130392,-0.2758574737735057,-0.37541751934735057,1.3407189603975334,-0.7704824221256817,-0.1461472466844293,-0.090427434418109,0.504380717567537,-0.6789567677785062,-1.9903525301948584,-1.5520740610600015,-0.525593070518122,1.0016420592908644,-1.2944134077337646,4
-2.278520076401998,-1.0906192035872575,-0.9548335619429442,-0.8859267397293881,2.645533275851607,-0.5752199437269095,0.7945707804301049,-1.7094234278615976,0.22745085776415488,1.0758162008738066,1.2690537901095473,0.34122438860968896,-0.0207095781196832,0.938939616911983,0.19694171599674373,0.06980491254788732,-0.779126980733227,0.367486080986892,1
1.9512472036740258,0.18369200445352118,-2.2054565238412898,-0.31834769557641673,-0.7859943334434504,-0.06131895996522394,1.691223755481533,0.682699866136669,-0.5941743824763309,0.10648530840090084,-0.3626572931304124,0.9932701887955274,1.20536543158301,0.6991768352547924,-0.24120895715711824,-1.2329536394215608,0.7742328978329238,1.376679686634873,3
-2.855609679657431,0.8308400610927487,-0.4951222678898171,-0.13639186955232618,0.8767060336909563,0.2624498775856565,-0.7034047324001618,-0.17354586216541376,-1.0440231229131351,-0.6706095560562146,-0.14242200053182688,-2.580709946570989,0.41111907156257965,-0.3753012091546457,0.9341207060489852,0.7251243062168629,0.3815565927440717,0.26680779332097626,1
-2.153251880947424,-0.46537321099318824,-0.8972623445417609,-0.8950681136081345,1.2699078541181457,0.05593819994337583,-0.518566302717892,0.5449953207855739,0.24172033398919768,-0.8680996806815803,0.36839998617603376,0.8881092019026737,-0.06993057347748084,0.6391443686883702,0.6439130751420983,1.8599758339001125,-0.46843062096941884,-0.2008608679136991,4
-1.1646073115847748,0.8566293300445317,1.3047226406941188,0.9697440490396606,-1.593459501675398,0.3523804985908747,0.30459603078687486,-0.8886670644301332,-0.931106194601653,0.28292088365127177,0.2532489648316769,-1.1813200139560553,-0.8975586789091228,-0.3897426924670274,0.15007575041013252,-0.8049531589174297,-0.7733847948652358,-0.28633569571395623,4
2.70626811855137,3.6835718357418665,0.2872315601427962,1.1826981386977373,1.7215578037713561,1.5607323825944128,0.6406363265373237,-1.2033542264765302,0.3848802630196229,0.163808238146983,0.7437013966135726,-0.9391942370271231,-0.535953464134107,2.0435006217456135,-0.18966694619835414,0.5200325343168102,0.23489580352097295,-0.1508675056522044,4
-0.7233915547266752,-0.0931492457225825,0.9171925016569278,-0.10777791296209638,-1.0523865913926527,-0.29356272866320465,0.2262794767587953,-0.5197481312973193,0.23601532180288323,-1.3730753704412315,1.879962490685621,1.2008065208863088,-0.4724165914375361,-0.574590408293146,0.5352634410454788,-0.838591160002713,-0.2593728181337284,0.38468446651185206,2
4.906430131318776,-0.6324389648421687,0.5741684703502217,0.05054888857977441,0.5922125977226804,0.1880670580198686,-1.7239030227855126,-0.2620638253441034,-0.576143902924285,1.0480214591383772,1.4077189293702803,1.5490321944636969,1.066495889806822,0.7342859396256911,-0.3204355535449431,0.006713201092735612,-0.7134146917994026,-1.5688718019980497,3
-1.8587098006110838,0.9711873279349925,0.8010756476704657,0.30049938717281194,-0.3113365448821666,-0.11558828204791857,0.9746354217191299,-1.6958012297062364,-0.22432434420439668,0.1358540609170809,-0.7654020611182732,0.8416095675769047,0.8036178960186925,-1.0220258950826944,-0.37906753001878846,1.8009756970219537,0.5764797321852463,0.5032112342537624,2
0.4193797865845813,-1.1991368689544333,0.023459293300418956,-0.4312735887478889,-0.010088020924604512,-0.24111620763304561,1.8789745989920417,-0.11141001066531175,-0.8893543169229476,0.6211763170010917,-0.8037496073151686,0.740016351682033,-0.04045341437026853,1.113300380496706,0.9274477969503102,0.5343649621333714,-1.115136222512637,-1.3992431084544756,1
-0.2998205313512951,0.1302790055445706,-0.6051609776837081,1.025995339655637,0.13364485637052279,-0.214187996895049,0.9420516051332022,-0.7471932698775604,-0.1916358866978753,0.4453208778248141,2.090737372789339,-0.73363266278962,0.429164771180363,1.211240874379346,-0.06763311007020191,-0.7483557504696784,0.26533310258136134,-1.023439772993832,4
-1.9685465061040954,0.004314590086838518,-0.26204155102972515,-0.43184641485934333,-0.16231254120380184,-2.227011736194379,-7.1690915383374e-05,0.1325297161120609,0.3680881077487453,1.0210133262880445,-0.4223411342993104,1.732563190203621,0.4384351763390342,0.18601941849025494,0.3436558860524669,1.4312246598955298,-0.5747655062162313,0.04382745581970557,3
3.1742208514611883,0.9458961016726335,1.2743799131042883,0.9498451180906193,0.29828369947573186,-0.02227107725280375,0.8424126955225496,0.5526281885874056,-1.3654532685615535,0.8511395786396936,0.33025494326566196,-1.1566457860588826,1.2574322604844237,1.3446231140733773,1.0356373870638758,-0.4942249124272085,-0.6574472764114373,-0.8205810111215396,3
-2.3138395637537776,-0.35149004715584947,0.8519703553571173,1.19879130818537,1.0382370054621457,0.9782854043389384,1.6376010991436674,0.054801681664238995,1.2889724441669401,0.43483063667547633,1.2284466333984985,0.31613812572113964,0.21226963037497637,0.9924894055016149,-0.6512996814981971,-0.152640745801178,-0.9684102032643208,0.1347977803991277,3
1.4376329668209291,0.9862709802095871,-0.2916102511606547,-0.8620217264392825,-0.7146858551128352,0.7901811510986151,0.9790221012793812,0.4223425944510425,-0.06746974306720162,-0.6873588177099862,0.8293477204993538,-0.02116132329841573,-0.9369030315661171,0.03323441636931698,0.753750597868741,1.1491915588822341,-0.20786833908305077,-1.1206766185197432,3
-1.5537880672487598,-1.127247936203382,-0.24830451732436887,-1.7113242567076878,0.20792546070033266,3.243448204106724,0.6454491095561241,1.5254777202111058,-0.09495970675549778,-0.6492123454612848,-1.4651097466722314,0.18058711047133297,0.5415274908699486,-0.5906943707007752,0.45549064105001585,0.6496498252298947,-0.16051525244401946,0.7267454947421134,3
-1.8165096280021678,-0.07647292454514469,0.3494001956201722,0.6278394581717662,2.5974153155991737,-0.7220310991677198,0.888686978456763,-1.1653752416732892,0.3182866823593441,0.3916705302552818,-2.4260804808862084,-0.834666585139865,-0.6375312492522466,0.6619738208836683,-0.17647601719810194,-1.65155799292462,-0.2247477896995017,-0.11466369730050277,2
-1.4847450264186457,-0.46698928962582914,0.12306636628933984,0.6607755572160907,-1.03386731474258,0.740760632045649,0.34121189023372045,0.6853811437155604,0.4360084812989662,1.0416887468124882,2.1648041675862326,-0.2968433561271014,-0.5789350884151605,1.0484955344012181,-0.22255170438723731,-0.22263733078585568,-0.4603010679505202,-0.19728840333321607,1
-3.531322618520692,-0.7415335404777673,-1.350807615182578,0.43875580902641503,-0.28789305819342575,-1.057375539520641,-0.3619383872264675,0.5368126257367027,-0.4856585178272542,0.646712703820372,0.6732180159471779,0.0987787831989127,-0.7718340544267113,1.104164308013053,-0.4270161931182389,-0.28957815627646066,-0.20711127832031953,0.4215171818821466,4
2.5197531871130456,1.998658946659099,0.6817555777774698,0.8951751709922985,-0.781610800629065,0.5092189785646279,1.0851790340953515,-0.14571634166044276,-0.05937204281050312,0.18879528626625763,-0.2412310047699557,0.28235991494183776,1.095993892211796,-0.5119581399345465,-0.5144958757078082,1.5150797241796659,-0.5978639674084202,-1.4215123851127096,3
2.424135753287956,-1.0692996963582866,0.5766523226228975,0.31956410761990073,-0.7110444205069129,-1.062532325659628,0.801909167759786,0.27803457745747473,0.4714563636701879,0.43026499444422905,-1.7119935751669897,0.25462419829235583,1.0336067717890596,0.39858548894302465,0.9829038481597999,-0.20038906597598224,-0.0728982401549575,2.1352006174812113,3
0.8485092091653773,-0.9599924259830939,1.4673724999999846,-0.2866690629678477,-1.2555263166849735,0.5624354910325301,-0.24287947155548423,1.8520748121258075,0.5925234877886336,-0.17936223366320625,-0.5290962020906201,1.6643669753308248,-2.0580830917497557,1.3782564932716068,0.8066142428386215,-0.8291862947883464,0.020737194595079673,-0.43829951494298286,1
-3.229287789654871,-0.40063873120528504,-0.37543276041221096,-0.7337640657380201,0.3362829816602203,-0.08924178152313113,0.833480880954126,0.06305531602330601,0.565003694793626,-0.2572107212921866,1.9695147075998927,-1.16287281166839,1.1702538172417045,-1.0542444489374494,0.7720139123575812,-0.37161238045887984,-0.221419080992712,0.7039407952552222,1
-2.2108592782525265,-0.8975896514545287,-1.1567483693730949,-1.4933887459439752,0.7337311975538331,-1.200414601415136,-0.347891527323515,0.04645319525883468,0.14489425796131178,-1.1748696495507158,0.7493797936905318,1.1730953187304431,-1.0602940540806771,-0.4140344795603257,0.5025523541744392,0.11953319339321443,-0.6422960971620456,0.41739075364528266,2
-0.5647316985540248,-1.2347196134707166,-0.698825000512452,1.0467592280782685,-1.0772392986338901,1.1922517990614074,0.41831707624033926,-1.6657324697292875,0.4547351000867517,-0.5608591323499447,0.7112415918443266,1.420110218292317,1.0906650196454644,1.7163324320825841,0.03403817643015393,0.32221685039382686,-0.3524469615423685,0.03664413819714447,4
-2.4666194806410893,-1.4945955711574344,0.2693843425720933,-1.4009969453327258,0.8781151466085175,0.16301158021388232,-0.9399474521891676,0.7363526070100691,2.312900787625765,1.895820891529675,0.6712118669128111,-1.2882223854521335,-0.6490194556918586,0.4145600978133663,1.1066893981124,0.5199147117326544,-0.20198057546173417,0.1420333644227247,1
-0.20843179248343657,1.2984163319860296,-0.8653312472072939,0.3548020944915463,-0.10098222337762147,-2.36844976551518,-0.4180342110231019,0.5435746545223861,0.16711491846420617,2.0248991423921066,1.344975222130434,-0.7631192348539261,-0.8140806402304621,0.11945966497111071,-0.6670905106366161,-0.4193498944526775,-1.2900076731890215,0.04765209945871126,3
3.592763301239901,0.9108541386779321,-0.567484863960073,-0.0406230853607382,-0.034157471293854644,-0.07491352739941108,0.06378518679543516,-0.5755054917841532,0.3716559605327685,-0.9986378161385623,0.8213605234971771,-1.3043742560810097,0.3955942749816048,-2.1547597367539413,-0.5541045614016835,1.0315111166046902,-0.3479833383966054,-0.7236828541819044,3
-1.0380192067143332,1.033003560228858,-1.8714017662805191,-1.2423911821329476,-0.4531151860770209,1.0847334592360824,-0.1074086333685653,0.15104302636572342,-0.32154998386368105,-2.05981135102177,-1.0276176926433827,0.051035176744450406,-0.30993045897438803,0.013128603486338595,0.9714177642833345,1.863368877061063,-0.042794145662037264,0.312126720920022,3
3.8090816114582644,-1.581890019618305,-0.9517141665623139,-0.5454569391603877,-0.05228363335445641,1.6196204511935692,-0.13382110982875375,-0.16223339265603592,0.257264775670669,1.1628934624669307,0.37231431551741057,-1.149213583207185,-0.7396922998266652,1.5276336141557587,0.4516295363039036,0.17587900304706902,-0.2755593615423629,1.4900935786253227,4
-1.4886437982075118,-0.49080678030780706,0.7815378312700265,0.507888785454345,0.6755908829855528,-0.07010847399494743,-1.5113646709576076,-1.38749801384332,0.33945367882381244,0.3581107635051051,0.28797568397743767,1.4642862036487423,0.4516777099649075,0.002455589432949754,-0.8310726725269069,-1.0747183213231435,-0.4811921919400844,0.8426753207341399,4
-1.9525530649396008,-0.546702114891643,0.8679769929443433,-0.20597050349801702,1.6873440160979225,0.26842117762281703,-0.8912292564790862,-0.7703922752704316,0.8608310737333337,-1.0120941808490362,-0.8980351304740444,0.8114653097015687,0.02619808119901412,0.3831979251033088,0.594231550275806,0.06604938712221015,-0.3750637507176307,0.3176563549136726,4
1.3672631614751691,3.4019882396284316,-1.2501856305231773,-1.4235311772250423,-0.9203335984122767,0.735318380528976,-0.943420831287156,0.34727571618687514,-0.5245769916040922,0.6929287172694618,2.081003760430926,0.0955170999392468,0.7647187505918165,2.0062671441580635,1.7287853356290261,0.02293189644593238,1.0646749026041153,0.38274883292500445,3
-1.861024045646875,1.4168114726016918,-0.039056062212345526,-0.3630372393913345,0.8309203639061221,-0.37528329846016895,-1.6228991497299192,0.6182703048140691,-0.2557187018610079,-1.4537533190486038,-0.47930693758735726,0.4356179827002358,-0.3514530507051067,-0.7195819601864903,0.012778798692966137,1.0810358109244136,-1.0597427164273483,0.03263880551858161,4
2.677716148782312,2.399771430443353,-1.5641192239264807,-1.674276787577709,0.15995604678251213,0.46027416131660065,-0.6553868384008108,0.1861121989709578,1.1014312634598806,-0.9517553054947787,0.7467047001688037,-0.32798433123822884,0.12851029651074847,-0.6574543796930297,0.8614539043223215,0.11791043431941535,-1.28385141745718,0.4935875117127358,4
-1.4030196974742069,1.5620835415995906,-0.28888009050446284,-0.32684197035531626,2.09426336175413,-0.07343389978224418,-0.07755062099411891,0.5148493667254124,3.590037727545447,0.8761438215724916,-0.3228399651224611,-0.5672738293689947,0.4843387735378706,-0.675195707039915,-0.6477577575433765,0.9059582058417084,-0.27766385952035705,0.1521833926092269,2
1.9039384833280046,0.12816551577613525,1.113490969234071,-0.2019782836914947,-0.9502750970303081,-0.9937081820082992,0.5212618838696063,-0.1379677351619106,-1.44984156067647,0.75816571669836,-1.7460694333915676,0.08987704886355409,-1.057817089388444,0.13817819056509184,0.7561894418490895,0.1928670296446656,-0.8770713847505194,0.35404804734043116,2
5.346822562945564,-1.6416854933316372,-0.4113341639142981,-2.3504248769789897,2.629288558300439,1.6661050328603126,-0.4342201410325348,0.8498125793569196,0.18794068441707554,1.4860532524187313,0.2623354183013114,-0.007098542572295138,-1.4882937329053472,0.38307814422659053,-0.21226868934751383,-0.0798369901456334,-0.3190193447050707,-0.7982130862424605,3
-0.6876213382766182,2.787683406494146,-0.8555436325115834,0.998621047558744,-0.6774664209811188,-0.8727831837058249,-0.4355757948239299,-1.8364421148547612,0.386529640032463,0.7516491570523565,0.17108356774873193,0.8063179838268295,1.03761889821097,0.1298524888855992,-1.1194387255645855,0.49236549641825617,1.0323854768644647,-0.08204279353552048,4
-1.4315570738934607,0.5893309855587638,-1.4628020604083198,-1.7621657550335554,1.2524243821571235,-0.7780547009600989,-0.6535128127269537,2.6156303092218733,-1.2898494592939387,0.8408954393305165,-2.0075605726504944,-1.778055699732988,0.462040516527282,-0.7581398964526833,0.39579292968756097,1.9208658879739386,1.9850159903885118,-0.05203925239136206,1
6.876722513151892,-0.9100107500666155,-1.9831599683674186,-1.6781566808303603,0.7934771030005134,0.7727244859242877,-0.7628648200449778,2.1161837876865275,0.49155215828478654,1.80135737160521,-0.10424930427408946,-0.08491276120320247,-1.6454547002572546,0.017046417823739106,-1.3694395349576365,-0.35824191042604314,-0.009709152148344483,-1.0074463822264328,4
4.501564812262273,-0.728164794193855,1.253014421358336,1.1544723180578782,0.43323502551074633,0.4513525888650594,1.9643583592015752,0.10997517637833303,-1.4341883691411572,-0.6342616710473309,-0.3169105039921137,0.7315603053383197,1.887180092159611,0.6119734160011808,-0.04648970779579444,0.503184411237454,1.2557261142165517,1.0729749213081163,4
2.3408678353064167,-1.2715069076366803,0.21153147805689793,-1.5643349861768914,-1.2657996579904198,-0.4133438754318684,0.3441294708810548,0.08192991537575847,0.346845693246153,-1.111406307172161,1.6704032765876955,-0.039853338102526115,-1.471474569310366,-0.5736429180273277,1.5423974405022238,-0.506604732750262,0.003057883959588491,-2.260122255997126,3
3.1279074069113335,-3.7686341965182684,0.2416728677921856,1.896044695850358,-0.21002002147938742,-2.0597245197528187,1.3068999336677636,-1.931206685993721,-0.9975874869893974,-0.692308513314643,-0.21909022371751707,0.43193787537150713,0.4729649196337414,-0.15891264879245,-0.5977226690997586,1.3211114096239893,-0.27643398660075214,1.555530487409044,1
2.589032164544574,-0.7334632765918165,-0.16858919992952529,0.8009961458727978,-0.42952543914385505,-0.6779544252718426,0.8528383336179262,0.24327502026298836,-0.36823837761975803,0.2893741085343298,0.5323451235396656,-0.7343008905842153,2.0390488616073403,0.9814101265001648,1.0119251420784996,-0.14412811991045527,-0.9078150241743121,-0.5134038756005994,1
-2.2191044361219716,-0.7727384108916103,-1.059607886571399,0.6414513278071261,1.4261280154728349,-0.06825853632708272,0.3881015147867739,1.855889802262161,0.4466509905413393,0.22266545053880216,0.6667597039302484,-1.3962670659414225,-0.4984634607993627,0.1761660912803017,-1.2760920824049677,-0.6039868930488642,0.5204622706907032,0.0002951512386867963,4
2.2298897533014452,2.0613079908527836,0.26233447034655155,-0.5486093605995371,-0.8908485870669204,2.1041204455383813,-0.9147383818457767,0.8182208849675555,-0.5199213215967965,0.1816547779205576,1.5251959046398966,-0.186465068147523,2.00844484530274,1.0679568015570298,1.264904384182215,-0.18268668747264113,0.11345938862674547,0.2289839664185764,4
0.38560259674645037,-0.2786484709057915,0.5877716903318867,0.7008935389945545,-0.6178056846400823,-1.518459523473177,1.8755660623957366,-0.9533016571518895,-0.5964261273015937,-0.24878281459933324,-0.31566252513766163,-0.7516543778583612,1.8857521113832214,-1.1844713788755914,0.5778238915885918,2.824144209905923,0.533677183392276,0.7731179831151705,3
0.9535609199733112,-0.3643557947800865,0.1182382580228725,0.9280282078646322,-1.7282352239305891,-1.714449907005365,-0.5277508998545583,0.21029451164029606,0.4950592855205288,-0.10950449965062636,-0.02378293555002387,1.0262651723953935,-1.1877955783719611,1.1663943460468473,0.05254819250444318,-2.0305161198559967,0.9138253557052383,-1.0688718066060963,4
1.2846175595718827,1.9304712095963352,0.4142270956993456,1.3886053166526022,0.282692329852046,0.3544164128133829,0.3697277411021734,0.27118281056443133,2.393616811736084,0.27391450334983153,0.17683765428634535,0.16530209129718026,-0.6657922030044774,1.2896815397406989,-0.7888052148061383,-0.8397073033283164,0.15278597961268253,-0.7815242469264456,4
-1.1244362367292082,-0.3670317525956246,0.19435394449722315,-0.34818859771364,0.8958368763605818,-1.3943658211370482,-0.27649889260543753,-0.9546401853615823,-0.02764756219351422,-0.5305423855973651,-0.8730573237084669,1.4610765145267546,2.0183323025660984,-0.22592173688435344,0.7121341528863726,0.5811564505586737,-0.7935208122492216,-0.44114479130974077,2
3.7858201233032203,-0.5934978988241871,-0.9042483172246498,-2.1742002937522917,-0.30224987674430964,-0.2089437974948225,0.5975129018237314,-1.0477532744151647,0.9271756595426316,0.34412589766261076,0.10919745117731511,1.0778064092974902,-1.2045443504011817,-0.8314469667677038,0.19753922933051757,0.2773735409467598,0.23346690828856576,-0.7982493865897635,2
-1.6637353002017263,1.8325333483013673,1.1697823645051686,0.3493461437938627,0.19292560319618093,-1.1020784718500232,-0.9198777089129824,0.523093123443351,1.2136567522293473,0.4545424691007342,-0.3629482812987713,0.22521962042210136,0.029413191807771747,0.26866986867144854,0.4315275025878713,1.292291363333566,0.23214088056190446,0.3240318580125004,3
-2.072781806249266,0.22078804755690978,0.19189772127408933,-0.28222240605156623,-0.2517758988974636,-0.9748003571140978,-0.6515510416837833,-0.7030027911650873,0.40233377586788177,0.6257714697668794,0.38581511031079324,1.2259668061057565,-1.4021720371781652,-0.3049760193603752,-0.6790232939976355,1.2049249327399163,0.06883864435501567,0.31225084239863754,1
-2.4942229551075705,0.4853692707442756,0.9302435463411102,0.8283126166954979,0.16953826637815964,-0.06820506194492294,0.48070474906588884,0.2698277678839107,-1.3809048475915568,-0.32438674268412615,0.49726711080621744,-0.5403422121355385,0.24253301701945154,-0.7443860692597289,-0.7673115974294964,-1.7679963958361273,0.4871776756770285,0.16879661665756146,3
-3.1707449164466612,-0.5843776621130596,-0.5302188363457064,-0.6526555158275995,1.5408607205582057,1.9083512115845458,0.08969283671809557,1.1613546954034917,-0.9807525668793713,-2.040859756684713,0.614852028888056,-0.5917228684394363,0.24671516975863622,0.41847732729467246,0.42935910954431983,0.21644550667375081,0.8031547943930408,0.20755532251134412,2
-1.4967158600722188,0.25765708274693233,1.0275059788275438,0.3573470829170482,0.010687268090733332,0.41893896012964577,-0.3814304328141945,-2.6706768687122824,0.4872400767734716,-0.10589507407619234,0.22055735970638626,0.7340431034435557,0.8114647178370235,-0.22613018389485667,0.020330638880730872,0.16236097707218955,-0.6404716237021894,0.6713883496659899,3
3.954009605643743,2.333748856825291,-0.004031835332325204,1.3846014957165416,-0.7864297720705856,0.5017326317887243,-0.21743523861649405,0.454144405881669,1.278268234488388,0.07057620729981856,-0.3307155779778923,0.3569139768835771,0.3991874826711381,0.30069159021664943,-1.2099457319982132,-1.7868525786685758,-0.7629396000117925,1.5512413401584566,3
-1.2047319696705223,0.35416770623063365,-1.3683928596618613,-1.027103317063615,0.15671060348530608,-0.370918056428789,0.4175253878351844,-1.708942364050267,1.273823255413902,-1.146995453980641,-0.3804572116943714,0.6575572017131849,-0.5012390811076676,0.9439208438137199,1.3191716601187071,0.25669835984891237,-0.08069494831747369,-0.13778637049631987,2
0.8677759774124784,-0.9842233609919756,0.742582845062287,-1.0266512699311894,0.08869472728582654,-1.2438014639486754,1.398695320087365,1.3956692562385946,0.2910362255056969,-0.33836901466434727,-0.6848013033221324,0.5178667094246618,-0.05084962204278849,-0.08846696853951695,1.1743392975125349,-0.12898384155541653,1.3479787046802112,0.7112537263161807,1
-2.0248009631368347,-1.3221939723268104,-0.17658343334485088,-0.8562905217089936,-0.4071790083465141,1.7878568829900192,-1.221970248448538,2.018593282495443,0.3949531229588759,0.17040798094613946,-0.45553471147899605,0.22269870043132087,-1.4815979197642617,-1.0105197107438006,-1.1820840123672685,0.5694014267348987,-0.6405156624220696,-0.06558656617694637,3
2.537932089536821,4.375952754415264,-0.43755226279850845,-0.5497434717535824,-0.15604578807898142,0.5741363300597795,1.6577876793719717,-1.3587611158586093,-0.9289835975337912,0.9370169021583202,0.011994736377941498,0.9677609351843631,-1.6434591507821021,0.8297027605461449,-0.7043504975502101,-0.7630810686311866,0.3232987287186683,0.615602227466214,4
1.657214343602788,1.7578601802520797,-0.25781971403671966,-0.7308065538200202,-1.0281695780781959,0.9909313390002583,-0.9679762557649587,-1.4803614444934694,0.7372127512686932,0.2680405346148795,-1.057073785331035,-0.03623707101460853,0.7611466724404712,-1.0248457479975321,-0.11351349934056361,0.37754726122272564,0.8522928709644074,1.275628561453615,3
-0.24692397006966485,0.7326984703458789,1.2813935876301072,0.44584568700013955,1.036571921376528,0.34312893693187013,-1.533040728501455,0.018575319896675845,-0.18606186947509848,-0.8275314062954181,-0.37919718731796653,0.44311283226050074,0.1491793069769743,-0.5320686065836463,-0.3975078501297853,0.7104533946377692,-1.7173348478827604,-0.4956752819801567,3
2.358263430688483,-1.2649669114312863,-0.8846368112836368,-0.38874085136565845,-0.41982125115449925,-1.158343138087156,1.2640694244898063,-1.2324222164883456,1.3039408312665546,-0.4076427043171849,-0.6439111060460577,-0.4420000186499459,1.014554187924327,-1.074296595433359,0.4743153389719282,-1.0995645811534,-0.5137587116846719,0.7185540623556373,4
3.5666493669173467,2.1263189295473146,-2.564616339450858,-1.6711259197064743,0.4522369906065683,1.330252122569667,-0.3933734846717416,-0.2748975860708046,-0.23415679424212457,0.5742699979802304,0.7002618649685526,0.19153014820957553,-0.24069283781090467,0.7756120632149764,-0.1540276794069967,2.158552005868259,-0.7081174147823603,0.7798594047357039,1
-0.05147145374429461,2.297987059915137,0.15690205721075487,-1.269711611516633,-0.38073682399181313,-0.044806472731408524,-0.9823194596889944,1.2396322191025075,-0.4178956024621594,1.1646317509054005,-1.4274725702570217,-0.6781948389138429,1.523010720612823,0.6835291748610286,1.7526842349807576,0.29125121887098004,0.8166980928236556,-0.0083234796234125,4
-2.681558509826917,-0.97070619930563,-1.2260290634167221,-0.616323244346416,-0.42652706068827073,-0.08928511386218026,0.6518013783662959,-0.487991991238518,-0.14820912477262846,-0.8374160272947524,0.3656320930916476,0.44280815595224565,0.9160475256347075,-0.05964325115192294,0.37043228641518955,-0.45081442319128334,1.2069542965146374,0.013652017094604677,4
-3.2147385709975684,-0.8220170657467715,-1.1636627031405773,-0.8633690056727182,0.30974602698840403,1.0423968206412804,-0.5791403416891429,-0.005090282303935972,1.844101988025436,-1.7762726466631689,-1.5279938438388034,-0.05478219727348217,1.5535094857211664,-1.2630295586905276,0.31861464413246887,0.2588792839650208,-0.15069650622151515,0.7219739422176781,1
2.177352056271122,0.2285815528328087,2.655468599953859,-1.0246391203813006,1.6041968877501127,1.006270367458588,1.2430717834827565,-1.9811069693382275,-0.7754757983993975,-0.1903128097674984,0.45263421781917706,-1.0344374907379306,-1.4292359324292416,-1.99846801593236,0.18892821233408902,1.0682077758454536,-0.04858476463092069,-1.5779766448908181,1
0.3640742344815455,1.7587389904937538,2.001857935598135,0.6824055246797754,-1.2924536703098743,0.5698646150118752,-0.629190451242166,-1.7842627296725346,-0.7729358635282811,1.2819027456148055,-0.8753444349785691,1.4906508530721785,-0.5677554345266884,-1.571292009922207,-1.8541133834439694,1.857257054634781,-0.959053174414073,-0.3557318325093921,3
0.7441495245276893,-1.4136349509106352,-0.02765694698804532,0.06567969847075673,0.9546036780071576,-0.3883801188371015,0.7137971847786191,1.185050136281957,2.2287020898190835,0.3821338303670723,0.6480124705920651,0.03357736999655686,2.4227913700592976,-0.3655266689960718,-0.036894597605556995,0.5386120584170301,-0.2039174219943572,-0.6797329779290582,1
-1.7431963819796183,-1.2239989450244229,0.708466061963773,-1.489342729081097,0.5672264058854332,0.2987490607452626,-1.1873852260782989,-0.4519385380371584,1.0982204013195662,1.6782635761925584,0.6395294181160008,1.128589226641793,-1.436502690323286,0.1539522053894094,-0.09346917015073915,0.3461156574514571,-0.6110941868511135,0.13677021671465922,1
-0.8560646048650337,0.12232955215051514,1.2466879932842805,0.9714957422557564,0.27051038263394356,-0.2738576365162442,1.146468275937555,0.7540689509053904,0.6526005459771242,0.6231804924221093,0.48269068603626597,-0.08552246779069547,1.2148594491251543,0.8525429029728585,0.1980658545785399,-1.448753997531537,-0.391854513771688,0.23789585069183564,1
-0.16683624111315343,-1.2670856932631545,-0.7207399966357034,0.5219044806535762,-0.7229702068528506,-0.5465805481326246,0.03279703708094802,0.19199687275323737,-0.327971635481899,-1.1030070218876817,-0.07320152930423651,1.57185494057123,-0.7459544646694068,0.7456264970579135,-0.4125635480264656,0.8665769060587423,-1.1007171079724982,-1.22175607443101,3
2.3226938859014843,-1.7937335441008013,-0.08420827908541328,-1.9205884546380418,1.6418782348210836,0.7008588566293527,0.7274698698155674,1.5818923166321253,1.270010018170028,-0.5216365004295471,-0.11335686352410929,-0.010650000608772029,-0.7429092559851395,0.33686755829130255,1.134957305842209,0.44816984240180047,-0.6804953465108143,-1.4421058545480276,3
2.2705659250317662,-0.03752405748262627,0.8001010030213309,0.30684393698096984,1.1679755005311965,0.36464774848835185,-0.8572144193846756,1.81526365376435,-1.8260921841894893,-1.7355816190912738,-1.9399563088267722,-0.016500942862763684,0.27381830515904854,-1.7728439723132987,-1.3112468959988246,0.4778688369587033,0.2454823091441796,2.303114428217755,4
-1.889361764167355,-0.2735281262640549,2.4538224116446283,-0.06566602634702116,0.4278931381938942,0.5589107382186639,-2.188851042994013,-0.017957519034307787,-0.5984733742218473,1.909626144868435,-1.3888547610930249,-1.4088384219696086,0.04605443550543248,-1.9261695417694253,-0.9122942714171823,-1.876579868300357,-0.5096917307336012,0.42296965769527667,3
0.9360034356995603,1.9195533824865718,-0.2111221350197679,-0.46383634114761696,0.47077190749385883,2.529482694543629,-0.09579475917289677,0.30970541599476226,0.046589777838690914,-0.9872005621447585,0.6682184238103646,-0.27217737387317587,-0.2412290113361093,1.1841241133634546,0.5006996723926543,0.41131145442150724,-1.0566888907980763,-0.017442905510920804,2
-0.14480508213332396,-1.1122636450352228,-1.0227243697901032,0.5534295222595671,-1.254223554908451,-0.12372361241221116,-0.8194534805066213,-0.3810434002849258,-1.6629739175830165,-0.09382716788341257,-0.23329211877629674,-0.2513802782782521,1.082028674886872,0.1815043865485895,-0.1765042711871842,0.7442333351607119,-0.3676302600589692,-0.7231559450007511,3
2.802116195461717,1.3147048219746849,0.5321833935923687,1.5764816003308613,-0.40901776347781743,0.6374528419411756,-0.6552643181485058,-0.30706479354005195,0.3977204340191016,2.190103859342882,1.072810648875997,-1.73333404537567,0.10138962409207747,0.23738461125871654,-1.6088379111683757,1.4335131874902978,0.4158613886968748,-0.5243141170003722,1
-0.5422757916320348,1.0078696889401326,-1.2387533911788522,-1.1672625595777233,-0.037889515611344626,0.8882234976157836,1.223153557125592,-0.9071210969753392,-0.13247879429573503,0.49787396422787317,-0.431180077866819,0.2914118469698117,-0.44213320313460336,-0.16217621332588217,-0.45065860851089923,-0.4582926197267459,-0.13699449031886898,0.12756929732981104,4
0.9953838954683893,-1.0534786789684978,0.0759573685261123,0.030608017599089054,1.5712979926564679,0.3833393742800743,-0.031777533479265596,-1.06834101601066,-0.17979174754391586,-1.1501901375134422,2.3134097036898087,-0.6682388006618072,1.1551754922840747,0.41712518992225023,0.44221227730339757,-0.9985801866313647,1.28301692945009,0.20385394177112656,1
0.7901239747662359,-1.8096927419738245,0.553019910709308,-0.14474999561945762,2.7124483902982033,-1.6149554993015816,-1.414986494952919,-0.2544224583169817,-0.7070116036074302,0.2644957476056068,-1.4036920863892048,-0.1440301784123405,2.136010603488567,-0.3453515267050049,0.3276474466962958,0.6904585148919786,-0.7320135623921102,-0.12767604439384173,3
-2.1092121414621636,-0.898617206826231,-0.09076009106965031,0.3782412624017488,0.4222871499622034,0.15646349846502705,-0.445052003910385,2.066320117505559,0.10715860615162127,-0.8466058200490093,-1.9848378668843423,0.5689124000819016,-0.658059509440109,-0.0402439620179018,-0.9273419856065074,0.21055723784264166,-0.38678767134843123,0.3093866196088764,3
-0.9412340535951338,-0.43647186742894684,-1.6100760184703304,0.37524399562892974,1.3302442931121907,-0.4257815699339176,0.3491867051554643,0.9490775515588692,1.2396292859120992,-0.04873524857916998,0.6531423423410743,1.3174305299071145,-1.1143001372667494,1.2620127723581687,-1.5731235332721027,-0.3562255975832099,-0.6866859101682773,-0.34027455814292407,4
-1.3488826612175533,1.207852000829098,0.9720754769405655,-2.3629169319000627,-1.181349038799408,0.8281092871248585,-0.02879960237504733,1.0231569940523506,-0.8643731472937408,0.15703974363128492,-0.9814110829827384,-0.6445066237878894,-1.156604869324845,-1.104578654923948,1.3781055723646403,-1.695617543407485,0.9378204391695503,-0.025078045608945856,4
-0.7118292475947134,-2.5085283003028525,-0.28988304884704885,0.10198248670113139,-0.5629266129516693,2.4182792757343035,0.16290584814277306,-1.4420217063132517,-0.584378760506554,0.3222592894834449,0.48968163423627864,0.6213253723865819,0.9408649030354722,0.8409222552412853,-0.3837349539391102,1.3322514339060578,-0.338390337128118,0.5903634454183444,4
-2.900771061943747,-0.11322666910329239,0.8657321428864424,1.001855869015464,2.3470395794811187,-0.6851862542886928,1.4922296635493808,0.2789394026168297,0.27262493049748054,0.385690562862849,-0.5198258227844064,1.6106201891426368,0.45995692346874073,-0.1035316467943713,-1.9234368029587343,-0.5386371911992375,-0.449393214804636,0.5320201200374629,3
-1.976749511134707,0.013709763413078052,0.47518347445714076,0.5645576449254079,2.587445170914696,-1.7136131546953566,0.23504121246529291,-0.9160445586993029,-0.02712006990449955,1.8484469733105588,0.2740839077742256,0.1812046522634685,1.8130649710993527,0.06725561595588467,-0.8359364359908711,1.1910413296815356,-0.5338057205715158,0.5975227828951211,2
4.668150760724481,-1.1506569514819347,-1.3474840718855958,-0.2610787467709934,-0.16893390424111537,1.4027565388215535,0.45058130142155184,-0.2375321635702293,-0.7061095401925614,0.07253877948254765,-0.6803588965932467,0.23999562647969913,-1.0036422985141873,1.800604364613257,-0.25242881444296766,-0.6478630977731453,-0.39160602116521875,2.4144420493085095,1
-2.921880348328331,-0.31530603972865584,0.8942567198002322,-0.6954730334491944,0.4574350175778836,0.7950044650448289,-1.3040091900987163,-1.1557093999441574,1.3256754731250642,1.3846189049443334,0.15597242444729445,1.2825362320905231,0.11392357824525676,-0.6118395056910716,-0.8431422510761414,-0.17363794140851246,-0.7323127449845684,0.6768157250049602,2
-1.4444795518837632,1.9047447581760393,-1.1149808092993956,0.25921827917543727,-1.2500965306666934,-0.16390922819120077,-0.3693872763055321,-0.14470119886678126,-0.9804299530399593,-1.2390167352570853,-0.08193452157556254,-1.181116261946965,0.2540161546437661,-0.28753435377056086,0.12162168812410758,-1.1856966484639524,0.7028879321246956,-0.012659051404671523,3
-1.4989111156009187,-0.297085881262695,-0.4020209724447435,-0.32850894916847034,-0.05376442419825069,1.239805879269812,0.4987293598743796,-0.9373628890085229,-0.6578521984682173,-0.39144136701659177,-0.7375916778175421,0.945213103747586,0.5908486408516794,0.5436646294702541,-0.26396888139098384,-1.3268463774357842,0.684318555479827,-0.18168683906106672,2
-2.273693647357357,0.9713854529226245,0.8040987871500789,-0.8713548123523971,-0.19858732425459852,0.9055721273776755,0.8192608413074636,-0.9402769633817274,-0.9078106145884731,1.0963139264272668,-1.3476976170467208,0.39621663294004134,-1.8205031937459184,-1.047350875309264,-1.1318128708306983,-1.3021521331297086,-0.6377973317758502,0.22669845227169613,4
2.2376347896039444,2.4820006706181013,-0.5941501909798111,1.2153705856688264,2.11674665091494,-0.004817631490033136,-1.2499363002133874,-0.28966787799919685,0.24364408779582367,-2.15970746356426,-0.4372909922322433,1.5639113760633372,0.1148987287179275,1.0694587340625656,-1.3244412060752533,-1.3552444729046844,-0.6645483030803623,0.8054994596874235,4
2.4236700515187968,-1.4864976776621013,0.2806834817959453,0.30660181729578656,-0.6067838682341256,-0.688775523261485,0.16901545758992745,-0.028361921948136776,-0.3858893801045179,0.7321740501719791,-0.42900482938268475,-0.3413536206239561,0.010688416171599819,-1.6008857595594308,-1.4487796392112366,-0.7772671522864284,0.2009344366326203,-1.3024193345965218,3
1.5608457332859291,2.3810084167662713,-0.23615307254292736,0.8005766888462421,0.37238670852863837,-0.7806502352579515,-1.2481670486205148,0.27752651972667236,-1.2094995586025037,-1.023320620308154,-0.12149691891000737,-1.2750126250575924,-0.10321672299173532,-0.34622846058129775,-0.44539766335702,0.48510393609907937,-0.13838221799724895,0.6173524830971446,2
1.0837891400223143,-0.7083547572029678,1.2293401009540657,-0.8277510375796846,-0.43222794080695487,0.10593333935931602,-0.2853173775932327,-0.8045634905841184,0.293344638074691,1.4628685743808583,0.25552566404959,0.07952261588082712,0.8437169526458809,-0.3048626709811215,0.4970043747049979,-1.6091146182936122,0.8904018182288161,-0.5673390365744752,3
-0.671577901988337,-0.46508325070952294,2.1729162585229695,-0.3923126885173627,2.120383446664822,-1.331534881038926,2.0645114842371197,0.17507182309155558,-1.1012533416549857,-0.9905785935515955,1.391253256275817,-0.059320391696423,0.429758228080038,-1.6828491892509092,0.26951968228939,0.5814843619472804,-0.1574095841877816,-0.49787880609091484,4
0.5883821553059696,-1.1124736734281935,2.367131929388324,0.08320423991405106,-0.3514906368464242,1.5797352846879045,0.03404325868107781,-0.23183494430600465,0.7508049376463505,-0.1530293818705009,0.5013057504988133,-0.6209909414514582,-0.6770576305616706,0.6278471323876279,1.0105431938262468,-1.4495157918983304,0.12203253865757001,-0.3615648013243357,2
3.8026864293030505,0.18828024630448764,-1.0348617686039485,-0.16460272267413867,-0.6483744426250839,0.5634283816913715,-1.0075092483172614,1.527334343196067,0.18883674975771625,0.9776405588109043,-0.03407709650360158,1.291823750055975,-1.0184462078536771,1.5194424051345232,-1.0859194349385652,0.32935910015659503,0.5444522586498991,-0.6586583144814201,3
-0.9220853886916771,2.1486359953756136,-2.4306576775498354,-1.1234995048974292,-0.06171787659650394,0.11170972253115034,0.9317022046363737,-0.885500950662453,-0.48208149782891424,-0.12257232657043994,0.052120618265090894,0.8118070801508421,-0.8645039464529597,1.3663123316720702,-0.10215253354944033,0.5272707477263012,1.714975982602446,-0.26446908469330765,2
1.2213189988544935,2.2148291648919867,1.209767667332255,0.5223794565299194,-0.6504330847839026,-0.6068761118932096,1.5564640473110625,0.6913205501834558,-0.299596033090549,1.1444343528004957,0.42240130841707724,-0.026675984636348665,1.415252674992917,0.04819872566789441,0.12237570086773016,1.2599721328217557,-0.20368363260238628,-0.4213621544254634,1
3.640512136186508,0.32726509263263165,1.1348505177351949,-0.251760842391749,-1.8419227797947502,-0.13458399142410532,-1.5203272540877506,1.008519547487856,-0.2848637515717369,1.2867460405619213,-0.7630134371620171,0.06034184908093008,-2.413632822402261,-0.012017233749343721,-0.4199439711723216,1.026106975318253,0.6304277126713532,1.8927854081516546,4
4.335015011668167,-0.1501773697339905,-1.3700386188189617,-1.3394911921847437,0.6989519796360155,0.8891449788132026,0.28849526763136096,-0.14813561894175256,0.18580362555750476,0.12079859423320735,1.3196167793510958,1.024112111529108,2.461020014580929,-0.5348906112524354,-0.3362162798134061,-0.2205401769197227,-1.006856032836948,0.12912411226582313,3
-2.6555263817261827,-1.414555789223002,-2.4539229395370645,-1.3094406280981792,-1.468764957199205,2.0477968986721637,-0.47331305718888333,1.3043496520392988,-0.7592488706588464,-1.0345857126659954,0.4266337050812737,-1.140636970650999,0.17881219637106316,-0.8020830392517347,-0.06236356235487174,0.7377376728623254,-0.3606381070560336,0.38318587270806836,2
-0.4697530460011032,1.6016301547803882,-0.3803105382834216,0.7316652080694034,-0.08332752418500732,-1.3654862625328998,0.3372532601932545,-0.8689892065790995,0.5413729317752557,0.03235686996382646,-0.17320511795524687,-0.8317801464446777,-0.4498353575475626,0.881343599017919,0.2576074092862842,1.483598677900653,0.42761669051212614,-0.5490448352726462,2
1.3614294516473788,-0.6897921743490649,0.4180552649252978,-0.7668753931761781,2.188305999700908,-3.0514494115267525,0.5653083858091991,-0.17134406343055467,-0.26434761934860557,-0.19527228884290082,1.8454156240788597,1.1840215937603595,-0.39997675449499287,-0.5232970856300742,-0.05857756316178845,0.12989775527422417,-0.7499253163016187,-1.3001092315470677,4
-2.0335805994969496,-0.8345611747489172,0.9081388694677105,-0.8967159128701864,-0.8529395577723576,-0.1840226712665085,0.5657139256028278,1.010201142914238,-0.1740930828455348,-1.620571204545039,0.19826477926556824,1.7104061228878038,0.7574200256306735,-0.3281625827826033,1.011860843699066,0.024866581824954864,0.4291161846526564,0.5719079928008801,4
-1.9358851112665327,-1.2117416647859895,-0.06715214369505094,0.5041435775995226,1.9825383979374143,0.6112526729908887,0.033373620343755385,0.8713845867648481,3.414470677944149,-0.6167571029271939,0.9526723229761993,-0.12740981365436416,-0.26147797061541733,-0.3106749126984752,-1.4155175138167082,0.023398220145312957,-0.6184297298550246,-0.3865590007345085,2
-1.252201248949848,-0.01327130874569797,-0.6812938207984086,0.11468141349107056,-1.412967284891364,1.2725929820030522,1.1068935025868565,0.84812408709032,-0.5498423953274832,-0.05319340788240327,-0.3977018388143124,0.31071656574094947,0.7722771778248695,0.34206546189641274,-0.5514080575340107,-0.8159997362256293,0.8693353354355473,-0.43465074866675174,4
2.671213344393376,1.7999081957873895,-0.20733494144734002,-1.8667535290330453,0.1876048957135517,0.033336034896950244,-0.06978644249245475,-1.380802530082491,-0.27102797076710883,0.5580107931328925,-0.4111385715858846,-0.2596168043817652,-0.125314821114476,0.19894308330535598,1.1058556819849008,-0.18143366241782566,1.1221376635869964,-0.5115325280343188,2
-1.5935624648647513,0.2957236582853444,-1.0281793578720353,1.0901053869713748,-1.3927245884378743,0.1907036508872214,0.5473811923318552,0.9454459466214734,0.6905584292366775,-0.7830166494078686,0.6405072779808241,-1.660528225463264,-0.20442497519950625,0.7499004573062058,0.016142959883838685,-0.579524921639879,-0.21553848281356244,-0.15784632383691322,3
-1.3909007675700835,-0.8784512977903669,0.5304185367437132,0.14332368331867568,-0.8319119038476857,0.011850315025579424,1.6864323031829123,0.04897079616853955,-0.07187641340126358,0.20198497862749434,-0.9133545956000512,-0.09646123128921093,-1.283824112047676,0.529386629079908,0.09633909977187917,-1.267441042121261,-0.4814956534853899,0.019984783533308726,2
-1.2250454103651258,1.2731178542092632,-0.4908459593291503,-2.2300012873148383,2.3578931701524826,-1.3726953822330585,-0.3621397547037149,-0.01651723150758615,0.26129063743268804,1.4054794227639211,-0.8999359143041014,-0.3387816127999683,1.46237082520704,-0.07239784284700143,1.3379895359989185,1.2805552412798324,-1.0386462292116585,0.09062259217333889,4
-0.4531272902283235,-1.0353311234941343,-0.04934630937471307,-0.12636713391132787,0.5647943909822835,0.503830545927636,0.4571887136301712,1.4672165194735032,1.2567666942723335,1.0044276302636195,0.4388652347783479,-0.5522530469839115,-0.8815502291135133,0.5596859479333873,-0.6554112531266154,-0.028101880471773977,-0.4252874994382184,-0.30542808871642124,4
-0.739495064513814,-0.8161665567528182,-0.29097036432328877,0.555892131748911,-1.858250318051004,-0.023857876567190933,-0.29298485368753735,-1.571810748507012,-1.7642635465908876,0.5147704289918636,-0.10181819723845886,1.4250419674666703,-0.5100299303181361,1.314067929955296,-0.5667376682438854,-0.055643124982973725,-0.23967176036937296,0.9864342632161378,3
-2.3339866183600964,-0.3838230318536289,-1.0482444849112118,-0.4572620856975984,-0.33511706293676236,0.2830874112420846,1.0095393309914968,-0.2708464853063198,-0.40484178393745485,0.7051245835667674,-0.7624704470144947,0.2097570981033469,-0.5845899494731669,-0.5527088575968226,-1.2580669520423478,-0.9428291466980042,-0.8164133372951897,-0.026051066384005183,3
-3.5378542138879427,-0.7446410906357244,-1.5155025166289897,0.38692722104882227,-0.815657679380382,-0.9949520192170145,1.1590916483005482,0.7622967397312197,-0.1428777934305787,1.527023924170933,1.5544197926918977,-0.07498889630075294,-0.5415507553729579,1.802469427912175,-0.4389031504170205,0.05731809755894475,-0.20232893381249312,0.4899757146019448,3
-0.9291409276735081,-0.039279716608850185,-0.21772386591002477,-1.0513440676263774,0.8203073729351162,-1.5983954119299115,-1.3790386566634771,0.4131503976936823,0.3530254845536671,-0.8612357828215875,1.1414832075254695,1.2093427859505201,0.6750748258497029,-0.5763735906222645,0.1786173105586408,-1.0417769218526665,0.9614063221844549,-0.12489366769125651,1
-1.9376264739065006,0.865629038691574,0.477088892779477,-1.374162798281853,-0.8896563274730764,-0.9099012845542712,-1.064391473781923,-0.8685992952978426,0.5860550237841601,-0.010642661528583945,-0.9480075846336032,1.5112258559263003,0.13384628754640251,0.005579333174221443,1.2988474675113493,0.5327278037584928,-0.9198010227685092,0.36358161164254177,4
-2.1769791963148535,-0.7497459092192985,0.8276991149266784,0.460857169842282,-0.9980428088864582,0.10931896818237462,-0.5633651068341631,0.6145060600088869,0.5891522433411686,-0.430480353661845,-1.596543305732084,-0.5682452120307725,0.6505457752803119,0.4618057945674043,0.8657946142385204,0.012880866937082444,-0.2837758324183194,0.7359071301521317,3
-0.5769122295203616,0.9625336400278495,0.43611935548394515,-1.2687093262486098,-0.10680617721921715,0.06500238075538856,1.5553090535198184,0.6206728165679797,-0.3888906345198415,1.8815659711406083,-1.152721614336562,0.26828742248149934,-0.21501025226803305,0.09385031987238464,0.20142815150644644,1.6522678366708272,-0.06318355341727334,-0.23513160331986638,4
-1.968990671552461,-0.8231101148463842,-0.3583304291255979,-0.5991449904785755,-0.7207254703876217,-0.5556018681929027,1.2875283055348472,-1.699858271690338,0.13343205400842714,2.102797756196038,0.4107981221357808,-0.18874117601944324,-0.540873788891515,0.7057929484428453,0.10994746521273813,-0.7345280221818077,-0.6098638082249267,0.4385811744771165,3
-0.8495364782037643,-0.8677256687939883,0.5888816051150321,0.6409978652793068,2.0108366967485476,1.0202615971497233,-0.7965514029093055,0.3021230064828499,1.4561414411068725,-0.761103012170353,1.0617618272477751,0.06257899440552304,1.217730736253501,1.191108569574324,-0.23520440061607842,0.3407231422418939,1.0539725487259275,-0.3167107715594416,3
-1.1959654461681606,-0.4566747570036201,0.6971512061710007,0.8410801088206553,0.4406835688354052,-2.093970980936434,-0.01918079789216902,-0.5797133467822652,1.6508146237164656,-0.8146140739308713,0.4755905726321455,-1.3510964035251427,-0.12787843649188227,0.6897749680097023,1.0614459524888833,-1.0572284291404574,0.4798986500570441,-0.20578111781654776,3
1.1847146871393728,-2.212693694952473,0.02765568823147406,-1.2642052542479836,0.7377734610229785,0.4360701467023313,1.737273982813023,0.5764518761475089,2.6583689893094715,0.5113686214502773,-1.1591693978893107,0.11944330576742809,0.6657076977249461,1.2344597690044867,1.3262345688438557,0.5153985045813858,1.4725848089353735,-0.935369174214595,1
3.341935419315273,0.7422529874843454,0.11922358590451208,0.8212007777630728,0.35548358704757366,-1.8462470949128182,-0.5821968222302916,-0.11800559849302673,0.30328453362723007,-0.822821347188246,-0.07498173390827033,-1.1058649758600445,-0.5688382065317532,-0.03642505947218816,-0.05107682521200251,1.2560090047315877,0.5731001618296284,-1.220741851552078,3
5.082543276599835,-2.421499079745677,-0.828535789211549,0.3224387019353562,-0.2606601417412463,-1.2799898934592686,0.30788606856385764,-0.9567069036854967,1.5124656659330764,0.25825825442020905,-0.4064096150133622,0.4188702701016076,1.0023114377756948,1.3507423325195604,0.3808342010193061,-0.030103589648883006,1.01592351227903,1.2360908362971232,1
0.014061221918357075,0.9933875025953299,-0.9881403066993408,0.5277306436633303,-1.3410969324349422,-1.0284265836549804,-1.658907272275431,-1.6915774678974653,-1.4821341760024143,0.7050069873740801,-0.5496543098913005,0.3699494278866809,0.8420880829894173,0.2459651844405556,-0.7905951592072635,0.8670365457611713,1.2152922471114684,-0.8007473879189498,1
-0.8586146114360497,0.4406686809915994,0.12215971972008109,-0.5087972340244041,-1.070513293110709,0.34680011706187563,0.735219520553103,-1.9065549419093382,0.4484305675364649,0.16664811209565114,0.08883768083351055,-0.6953731402444335,-0.2702557403156141,-1.4167253757660827,-0.2852236988456091,0.5850246133589628,-0.4146893467700648,-0.3746499881108116,3
-1.8309318211925494,0.37199317382939817,-0.29377209160754864,0.576655283252657,1.3881295914530323,-1.0498638283915223,1.1869735563849886,-1.233076278070068,-2.1352319019236203,0.38284000175248223,-1.0671075296224453,-0.8005631588500751,0.6259986118685728,1.4100813168273272,0.2362638833186548,1.6115663465390735,0.666436561831515,0.08039267560213705,2
-2.9753127405140654,-0.27218650752175233,-0.7176808920293181,1.0216645054477873,-0.7879570225210101,0.997490111090102,0.8923442933910379,2.491322034163108,0.7646614433889212,-1.080096796768215,-0.18062567686958797,-0.8158637079752236,0.4501524676976691,0.1163272914551882,-0.798334654787119,0.08912253286783407,-0.3691396469955269,0.21183405111612844,4
-0.6767889192551154,-1.279948681516472,2.1436763656911233,1.3753561987023015,1.237669368715616,-0.3754751309780117,-1.1288236448006033,-0.6292432735619107,-0.694614290372646,-1.3694393528130466,1.4990319376411372,0.828555474845405,-0.2000458205223265,-0.40420102565907845,-1.1738292796901462,-0.49969589439261236,-0.36263133694906596,-0.479328309141158,4
-0.33175277147751703,-0.8038536018273937,0.8524032876225196,-1.0266477625694839,0.7248350206572386,0.541784556816992,-0.977540488316777,-0.864492510129083,0.5145412939057059,0.7739961192686572,0.5823360114554927,-0.24796161729476257,1.3274022557330711,0.2674624954288347,0.7729177058842865,-0.6061466371242306,1.0920014798571638,-0.28621803189380196,3
-1.1955500402417225,1.3938111080248055,0.5870149501021161,0.23643125849649638,0.3393177987187097,-0.2955468563725058,1.7678017682314409,2.7124280296522905,1.228283764755751,0.3834471943591656,-1.4306888877995558,-1.6265356918525598,-0.01162111972859704,0.18608226143898263,0.28705891302767245,-0.1577322117259872,-0.610948149766219,0.019547927249559244,4
1.379527290006258,-0.28945630788400467,-0.7458480632595152,-1.4783562636251735,0.6101696760366696,1.022772125332759,0.11193184687221779,-1.0965208099733426,-0.7438176992192711,0.4505118673914191,0.8537847161095813,0.5125714439954896,-0.1800731441521575,-0.6411316227286509,-0.8256630796723858,-0.1758837233975355,-0.5320810312439207,0.9416845981712997,2
1.254611045979995,-1.9042974676010427,-0.968510409942203,-0.6457543600399654,0.8549783767755208,-0.16249892534326985,0.3429018764753776,0.13079975433785274,-0.9477769029308202,-1.1175110818850045,1.2561469602029118,-2.179320402812932,-1.0830058972122578,-0.7319683855439543,-0.07105675053371056,-0.7502800692897369,-0.4244616918849397,-0.3922187789958353,1
-1.89529512854779,-0.30235239303557293,-0.691814658392647,-1.9736497638614507,-0.8714273767775904,0.303964523189971,1.0938201496242108,-1.2664152756523874,-0.9027431448805835,0.10547819041823754,0.3790090807252113,0.48243137665020736,-0.39637822646608833,-1.7044041160472974,-0.2606169070079528,-0.6435044370316494,-0.97920313622243,0.5081525902756001,4
-0.5987403019575827,1.5935164391674044,-0.10630972369823452,0.18067087397528178,0.7031582292473905,-0.8581830737295723,-0.857700294365163,0.0432768471827066,2.1826665173888466,1.2599619778356388,0.3013244061494274,-1.5723763088840303,1.2568409413521846,-1.5455996159896133,-1.1935764058217686,1.1430998825556054,1.5802441874396855,-0.6151708265399606,3
-2.790212862152022,-0.1907988611493472,1.0553434406997853,-0.44706568018809556,-1.4702421213466872,2.0620731825080227,0.00248695889662526,1.0031017466281213,0.08768461085989622,0.7905593985878449,0.45500334575591495,0.40638692453630815,-1.0765957226654996,0.6390057055461805,-0.27468014513336264,-0.3832028302169215,0.5403449753614863,0.0557799137773822,1
3.3740763598429635,3.7118485511683823,-0.35274130840568263,-0.24101331136279994,-1.177202353393925,0.12235666616547584,0.4472407563833347,0.5089985438333946,-0.5629995651290094,-0.03176610141394681,0.8238341222724078,-0.7003881361987172,-0.3472009072578624,0.6179225820343096,0.37371635696440314,-1.6307967395768541,-0.5357116852771882,1.0497735996025492,1
-0.46354986709664286,-2.1386101998454388,0.17420325971423192,-0.6218149369262602,-0.18507956873231862,2.027434503339092,-0.329470479690105,1.2826390088317103,0.8218560178476391,-1.8097150513598574,0.36127175058394134,1.012732603011218,0.0007243420735211465,-1.0362872850250149,-0.722986436619303,1.5436086462039187,-0.7848317929738158,-1.1771457729178672,4
-3.244072870409405,-1.006429771994635,-0.6672310303943884,0.07997695886736167,2.08343504513678,0.3690068354546119,-0.9397983958878435,-0.5600166939812508,-1.3137051823094192,-0.7597953156456697,-0.17533966241686394,-0.39991163849190603,0.21787562910725455,1.744384557396188,0.15816182134162293,-0.07790304948404897,0.032078429890243426,0.43437874721634817,1
-1.3797768696037491,1.251303125785422,1.440070750735318,1.2855365857711167,1.0978174544286803,-0.1805621160527417,-0.0694362146568468,0.7031864730269413,0.5140946089687436,-0.6858721299975197,0.29873229876164814,-0.2631913415690102,-0.6683829286464277,-0.6998818505491929,-1.5322930398079952,0.05282649470195026,-0.6746965779776423,-0.10859899273053747,3
1.6208267775679777,-1.6700217287475956,0.1939292135581452,0.01589066573642078,-0.41428963331366375,0.6859771906419506,0.7538392838523935,-1.5047902576625647,1.6747760365193805,0.1527546205230054,0.01734195804129715,-0.8251258194234301,-0.11757365461959882,-0.16845785431278523,-0.07313261378717287,-0.4333704790781072,-0.5734363057552678,-0.9084724739968201,4
-2.6084963011784037,-0.9346461677094977,-0.21958092372898586,-0.24783412765388768,0.16640226375589146,-1.271376673335772,-0.9819179351781592,0.1493357874340475,2.517905286210337,0.25441117604043534,1.307842140019022,-0.2672887061471471,0.19950995926168336,-0.7276491686639762,-0.3480421754767288,-0.1477278995379543,-0.23188908455870014,0.39844977893712497,3
-1.272622834710329,0.07279245972573456,0.10168989342314697,0.6870375755950586,-1.4352938462546867,-0.9873337359467314,-0.7031183068300074,0.22905148030465403,-0.18537948367222554,-0.9816449658644053,0.3105876377565809,-1.2066645224162251,1.1238392312170744,-0.6372644855566787,0.5357051964329205,-0.34472153413352286,-1.1136018798496634,-0.21773969025721115,3
3.883227248424898,1.4659837897558006,-0.4848854170748625,-0.9913652352703426,0.49722410928164446,2.8352400647189815,-0.5759826649212981,0.6946393242911583,-0.23382199911141718,-2.0275941177027246,-0.5334780417595166,0.07377113096101946,0.6093922253528915,0.7154555070101278,0.6356294535148753,0.22921499033470175,-0.494775612389679,0.22091161785937313,3
-1.8332509689714889,-1.416083784300178,0.16229298279796922,-1.5838096720203383,2.199774536977349,0.6615506641522073,1.2195319553518245,1.375504743546261,1.8669435740779239,0.606230354990035,0.5375725749395488,-0.44251167201011626,-0.41207654602012433,-1.0420624872396458,-0.6051424639765279,0.25526871661169126,-0.7966485098655687,-0.2613547490260506,4
-3.096494656219317,-0.6087297191527449,0.06323575763396365,-0.5105789417009117,-1.1575734396111852,1.1867192956608283,-1.4832315903436626,-1.124124704799751,0.8329141770878432,0.0237162965922624,-1.0373361156123786,-0.10068912160703042,1.5310190573646756,-0.7833858509541585,0.09949097707113666,-0.9683440623431352,-0.6035531138374357,0.7993328182051195,4
6.614139364663063,-0.42895066261243997,0.1820536931742171,-0.043493677023091246,2.018841325158056,0.5835610478224103,0.566815333682757,-1.0666056608166843,-0.30598084137236264,-1.780711635815689,1.8136914290425816,-0.5571874133679829,-0.3746626433887257,-1.0550225009746366,-1.25101374970501,1.6761500506233145,1.8992284512040096,1.6582007281440658,1
-2.2398049948058034,0.6083554750131078,-1.329963972865382,-0.9645484310346504,-0.4341417769931879,-1.142717062492669,0.03823618695911145,-0.3464056575853777,-0.4319545716449519,1.9256904075060643,-1.114252535363875,-2.2762287685429468,0.6762935940555791,0.5790782052391542,1.1783098471150064,-0.1680351044916268,-1.1928390944112994,-0.08814514441579659,3
-1.2889949672408019,-0.6998501812863462,0.4862079083466773,0.29847684610009945,-1.432037570967248,-1.3118188871838465,-0.9664901031894477,0.2445794635042672,-0.48550716786390363,1.1503138446010428,0.7962384040099981,-0.48093390742841946,-1.293027150588755,0.8726807611921242,-0.011357222663118728,-0.7463855697123494,0.05058725591494324,-0.28930701054076297,3
-2.4240025984132245,1.3876573871614504,1.1138134680415552,-0.11374267740570827,1.5431295147434538,-0.6052784035512955,-0.045635826745926415,0.7725901129734665,2.8736488077070614,-0.06766726309491977,0.67578252760642,-0.9507146655465976,-1.44549172209407,-0.7269002027517707,-0.5169269607733877,1.0389964354951284,-0.054786050479475094,0.06171354723945083,1
-0.9237903023614701,1.241168299946097,2.9070363354781885,-0.0533334239387531,0.4111263898873576,0.5074253437782542,1.0106992462320468,0.022645084694359673,-1.5639601529640919,0.43451927563837406,-1.435092290033434,0.4124699915643962,1.1041342084627215,-0.8145140163984368,-0.21564059687838708,0.6109206344553653,1.8314359090288017,-0.4986972650377305,1
-1.5582284201071563,2.085335499221299,1.4033662249172538,-0.082175894369821,-1.5298237157671741,0.7980119407967743,0.3891368306882686,0.33550741808282414,-0.6143576943696593,0.441674965418196,-0.4986508150007415,1.0541821381016203,-1.227466424313238,-1.379580640964459,-1.8366894011895152,-1.038937209739122,0.918638713829745,0.1112568211680194,2
2.3731919288300034,2.6919807194099614,-0.2785513952303487,0.09051886020191327,1.5549000181859445,2.559387166969053,-0.18451768481317887,-1.2238972304659754,-0.6693872114373772,-0.7951628235188514,-0.3933545400071877,0.39763908419682237,0.8070112651406094,1.5379909145520267,-0.5065325304048636,-1.3229068464850908,-0.9535920142303966,0.7861924603184935,1
-1.0994269723762198,-0.9615610590753322,2.350945820779967,-0.4058567725028574,-1.2103813132996972,0.7509961365940476,1.4163323335758076,-0.16095290945556487,-0.42290022096461527,1.409379367505024,-0.6073960653089135,-0.6824600067917602,0.6130370244880234,-1.2435981582279152,0.1359097312640033,-0.8224791900016248,-0.5437201810237346,0.5526636418993053,1
2.3486293029442185,3.0287797120301883,0.17988236694185097,-0.5920446420774529,-0.28754829801322934,2.016918228752841,1.0126335359314744,0.09183689109564747,1.2240356800156973,0.08821069145201131,1.0306393974578583,1.1279812125300357,2.205814252419182,1.063041170329301,0.44998325969296493,0.3023004916145373,-0.5864697505917551,0.1063822492917801,2
0.9310439275682811,0.2902525260314457,2.630123188306002,0.34364527125899913,-0.8692866801427643,0.4199762633935862,1.1858252092218144,1.059163119629272,-1.2581239352802835,0.41514176975310496,0.12691524499081205,-0.17449960439194045,0.007072143041914389,-1.1552751498807647,-0.7922368064592026,-1.279002008951429,0.9834114387360858,-0.8865862448864642,1
-3.1902228110223882,-0.5382084772019031,1.7040768773612025,0.41198345625697613,-0.14506676771692506,0.19300137754948649,0.7421967098761458,0.5071581482937493,2.5236479816856696,-0.35059149788755095,0.27224156571205405,-1.0645596861161053,0.973635136767364,1.19591282389391,1.7800457268461884,-0.04992234362440347,0.18519572498271838,0.571749429386256,2
-0.40016954629205065,-0.6825848174984628,1.9529571094644542,0.10195710615413059,-0.03238185635336595,-0.4954687984424914,-0.15427094744529424,0.9046055811340811,1.492976012456441,0.09844437315937551,-0.05762002801910195,0.5256494360800806,2.179882217819544,0.1195954641427719,0.7986403420060849,0.06681351337510523,0.7464125233435918,-0.35443521642116765,3
-0.5005512580079978,-1.3889562765810282,0.054629131270670296,-0.6306802105241766,-0.42439563293402116,0.29074969281784196,-0.9802835605306948,-1.1940503368072934,0.16807869296600697,0.9017148250574247,-1.1887989204454532,-1.5633677629167764,0.5716343274286331,-1.2873248865419744,-0.12395714608018205,-0.4408767795722114,-0.9630109560814648,-0.9010189754745986,3
0.8988745457279083,-2.1812140807469076,2.24098886013331,-0.5424319071868247,-0.8844580430444267,0.7107306177266466,-0.003666293970200611,-1.1832851626574592,1.3010389583725632,-0.6525207363302772,-1.2994026824374987,0.719217542564007,-0.6235947981070369,-0.7819401489428676,0.534907394617642,-0.029155232032449678,0.00790098663356282,0.9927955320090849,3
4.021866560905248,-3.624511825645755,0.30948136132841564,-0.353787200407862,2.3959977658955784,-1.9549398146126438,1.1141085304225808,-2.1602491683297167,-1.9760198383914986,-0.953622675487197,-1.6246145555182165,-0.2892103157915369,0.651951098339125,0.6731803948633449,1.2062252134662435,1.3316030333655524,-0.43612623617741453,0.7016149829619743,4
-2.5137529014931723,-0.996281866110631,-0.4432285923428348,0.9818978510869071,-0.0625474081545189,-1.2379901541396767,0.5423822245145277,-0.3867543247456497,-1.4668648823846735,0.014789897130969818,-0.6490431543173569,1.078800315653472,1.477853956098959,1.8733252865664825,-0.16442998081865334,-0.37098265354421683,1.2236805877947203,0.5485805373795549,4
0.1602963780783729,0.7616809177891755,-0.37377911803395725,-0.61063762970515,-1.536861675558353,-0.6462381444090917,0.5806666176651368,-0.74923668497326,0.6550516853601578,-0.6545886742751647,-0.8399933986295482,-0.11447971224097626,-1.3280984965452487,0.45284564527864785,0.8868639120684665,-0.9993837880455037,-0.6206219086567871,-0.2884786679544223,4
-0.30093494209674887,1.716261707011291,1.0498805221144798,-1.1904303373234104,-1.2866329592587706,-0.8078458435483895,-0.5960575283860391,-2.1790096831180117,-1.5615735106017234,-1.1683698829203446,1.2115791534717149,0.6490946483398061,-0.6503575337251788,-0.02542271137229997,1.5189963215301154,0.5696802672068447,0.4673360916896108,-0.0840427403615435,1
1.5180425362696284,-0.3743765486284205,1.1100910537891995,0.1891129617953806,0.06050672342203579,-0.7983888517030644,-0.8618290461877643,-1.0654585950150715,-0.6398007133674835,-1.2504696163694715,-0.1427964353143828,1.4986293849830352,-0.013395224229821218,0.4040609189946568,0.12972044645045844,-0.6419805228460547,0.028954318702292918,-1.4071475249384289,4
-2.0800618079472937,-0.7391845005125823,0.5361832873894392,-0.8723198809527438,1.0510747275959138,-0.8133173039114396,-0.11462788784838618,-0.6205612782596694,-0.9356292058643096,1.417212112960561,-0.1092656116912614,-0.9394535722789434,-0.5834130420456926,0.8117890847509048,0.6349988969069191,-0.4727317642178004,-0.3935001288024801,0.49064918839586846,2
-0.0736495117933756,-0.6650913723533002,-1.1799843299320654,1.675962331121315,-0.7573098895129542,0.9523702067693126,0.467163350098281,-1.686407563410848,-0.23426551334462972,0.12018470898166865,-0.02773377481639335,-0.5356073962860174,1.0376537202759482,1.275184020156053,-1.149769847808542,0.6519562244216197,-0.33506049805336097,-1.0331863316583991,3
1.8386973410080294,-0.6813877735402657,-0.17500699486910512,-0.9247082338280471,1.420660032062784,0.17681106176971023,-0.844365146891952,-1.3176415180162686,-0.21965151522259216,1.895978063809952,0.3593961963592582,-1.9837943572355576,-0.7069678190943987,0.519540758778671,-0.026972140087311955,-0.634686636853558,-0.09313058472362871,0.7631802271766963,1
0.9898482521916624,-2.965581081176949,0.7359294168491979,-0.5289773759511867,-0.7522681355249722,-0.9642774062932439,-2.1118181607358832,-0.0973029655079685,0.16277635138596472,-0.08672471702022218,-0.9651717854715104,0.7268996249014442,-0.5815874811272793,0.28412536703419,0.5994659063767119,1.0505384147236307,-0.9361701127442293,-0.5193951593490584,4
-0.5855993980845432,1.30864862678373,0.029540430181204485,-1.7634704844367306,-0.8952471592293275,-1.0501461313632479,-0.8294608468446717,-0.20167802385349345,-0.49791339635704845,1.911832515642966,1.001650864117249,0.035666552611558607,-0.14403517430095808,-0.35082428380778663,0.34449066428191255,1.1572971882456555,1.1088325446254825,-0.3312303196065033,2
-1.5040589365011674,-0.4219266775467813,-0.6789771049243098,-0.4617491855285571,-0.3219989231875873,0.10685805971066961,-0.17869481139077742,0.1405371083445539,-0.032679495434135536,-1.7633749610217846,0.15867252018912967,0.6039994870612799,1.7428106953381455,-1.0263001780701189,-0.37173237502818046,-1.1807414075283966,0.8871363918786359,0.2620250810354661,4
0.3117053543178797,-2.321737353014562,1.3249346231012638,0.45460846470320865,1.0797314467686385,1.3601336464204565,0.40536929287964235,-2.1220263827604713,-0.10199712733422009,-1.0817611255086605,1.3484676684995345,-0.4187710035241417,0.3545063138646933,-0.1237600664550501,-0.3264781183856143,-0.11119992870475394,-0.5188703090111791,0.4346080458959021,2
0.3105461142635234,2.53673892847975,-0.2005018688227128,-1.4027019597478199,0.7839360069279406,-1.5132348657765455,-1.4192315403259619,1.9010996439523735,-1.1793056937654176,-1.4209632581986087,-2.0313594369012367,1.061781101356271,0.9411888187337627,-0.5026550394744084,0.6608006314972308,-0.543849624474824,-0.8182590232491719,0.6469021363257966,1
1.8716250008049862,-0.5612954504539267,0.1387011417807599,-0.6321474506094098,-0.8048973579126154,1.5130295082080913,-0.9202650302546737,1.2814671428516662,1.6849937112666569,-0.6617614514610908,-0.8448689525049501,-1.179340351064389,0.7252584646965357,-0.4235069870842858,0.340079893444757,0.5055165354202198,1.6103714981712047,-0.5706538257330044,4
-0.06450303641355294,-2.201292830973771,1.3812254210585801,1.1389082215058406,-0.2489575007392113,-0.17155251890078138,0.22485073689397836,0.4759175629368463,0.3729594375853859,0.2665929540246043,-1.933222868808766,0.7984404900625098,-0.5307982735942041,-0.35772508334142694,-1.6852223116508744,0.08611518181837097,-0.3626001613624866,0.42900610374661285,1
2.143195232239862,2.9414676866534624,0.8754250254202245,0.2873200176786308,0.6983593700784515,0.22209739163634856,0.7551652612877834,-2.2157820660707213,2.315632217337473,-1.268520046366093,-0.3669805210308866,-0.4244515708847477,-0.416209705580279,0.537958550504594,0.5965214232521193,0.16630913252887575,-0.31164031521057417,-0.4248520178315377,3
0.19143419858498406,-1.5963261600562195,0.3058263433612081,1.2576501012952288,-1.220397883817305,0.7570405993325616,-1.201945451334253,1.8695638543946438,-0.4790824830128784,-1.4386501924522646,-0.22518704221753277,0.32413476343125536,-1.3561953298009641,0.23559979270736042,-1.3864806847186917,1.3208932793552004,-0.9222653977921677,0.5973604789891461,4
-3.253553194122591,-0.8351989246965149,0.1696159864830446,-0.6956038502811879,2.576460704250745,-1.3194615574432413,-1.9624261942106969,-0.32047399356579415,-1.42396612811667,1.0849330916829525,1.8360310373716173,-0.7483987602460157,0.459578838646226,0.2663929278544647,-0.1915512559473964,-0.0966589279193109,-0.28581129737048433,0.7001367295496856,2
-2.1025034239432197,-0.6753269812254873,2.8560532805542826,-0.4276218620954281,-0.6735373095626253,1.0833903650004166,-2.7565971765222703,0.3094308689069321,0.7081814819445957,-0.13313898722319195,0.5444488363770431,0.2639859300589523,-0.47192822616849833,-0.4731248464512619,0.46091364265547136,-0.06365326349715204,-0.3765434888505937,0.4884971161642466,4
4.273218281771472,1.7221606461427859,-0.4469498934019862,-1.1497944282210755,-0.1312231557847719,0.12458583146025538,0.6777155943313079,-0.05992106301185406,0.6750964698377998,-1.3010752308793343,2.26859727872093,-0.0038583651218904074,-0.13922759023200384,0.20031693826376756,0.8100199888317942,-0.2356977347420311,-1.1561054538461935,-1.3777999545018498,4
-1.010901845953515,-0.05775903047778646,-0.32795936653999747,1.2616677151529208,-0.5930028874599805,0.2526412583167912,1.097702386403752,1.4250114877640094,0.7170246987099829,-0.28641328423757356,0.39452426673120405,-0.6177035018487861,0.6287654458116735,0.645695665035246,-0.925118422875406,-0.6927091180013969,-0.39066782406233597,-0.035862094646986954,1
0.551656477637471,-1.431606169981764,0.3819826062719007,-0.4039295121197997,1.4514169742089613,-0.9042826685386376,0.8204101951556639,0.7982870452619021,-0.42937878550328507,-0.08963628813108306,1.1504735569819868,-1.2434484274133624,1.5469256017510826,-0.7000560156068564,0.22447245055657936,0.10294785915295693,-0.43366076305928414,-0.8579663554599843,1
0.24440251547977548,1.7530467180579048,-1.7299657758710028,-0.5775476076804318,0.25987185545449715,-0.8385796009137467,0.06474646872245748,-0.9677875737999221,-0.6515522443401134,0.492736135789434,-0.5465204091721182,-0.7048966914903015,-0.7879563547485112,0.3038693693337916,-0.6811098969813272,0.05719530678297563,0.18152597770192738,-1.3123651818033848,4
3.4074812154756886,1.762861010078927,-0.2280041336099761,-1.6771379522699452,0.2921438173683028,0.933486319833763,-0.23995585531548363,0.6448955226114091,1.1270413719776633,1.1643721386178931,1.7206974975785894,-1.187727482169648,0.24101491039027922,-0.5897551092441283,-0.07075334555593336,-1.2502941313395328,-0.6601513080662094,-0.8189051052382046,4
1.6361883355688245,3.2587834939846236,-0.38685417183976123,-0.8370020851702957,-0.03774865681190289,1.2571190257795866,-1.6847712874727292,1.6319796730687575,0.12414887694655045,1.8223999893608231,1.7594576677533498,0.4760390286103642,0.8731767019979175,0.6995855326102489,-0.9454653176543689,-0.9708747148359866,-1.3517580316966498,0.6458613704442472,3
0.19357041817501255,-1.6424583730067999,-0.521542372293532,0.6538242346539852,-0.8415583865561915,-0.9086233738205353,0.4003858329552884,-1.2815603254287056,1.0069891745443003,-0.17566999493321625,-0.48042012746705054,0.12112056703717601,-0.48371782128707086,0.8284073003744656,-0.28573800611727707,-0.03319822995901376,-0.800708944728015,-1.3053711186100247,2
-2.0386729262718104,1.5733594603527232,-0.6311596664612932,1.0292449677836122,-1.6302271689493488,0.2606480555604965,0.38759691021835224,0.2534095168002795,0.6515430389769324,-2.176713547439006,0.021870699467842206,-0.7869703054348864,-0.43141307266593576,0.9327008488328956,0.40450481228743956,1.041127822197053,-0.3897060447754849,-0.04398163622847775,2
-1.9613425573720238,-0.9709743326845683,2.390723343026291,0.507114810118498,-1.175512720936865,0.9944885757467284,-1.1110747121187392,0.07485719079911043,1.0635067789807582,1.5004141955581267,0.8222431631052397,1.0105363177099242,-0.09806010223052757,0.24385807176255256,-0.7915831171848811,0.1463809597293288,-0.7027403600883897,-0.09204592331167637,3
-1.464257727738594,0.272056594229384,1.5492055403728657,0.319533607720997,-1.324842063852107,0.9951762818411002,-0.1834191055054795,-0.24439312708049984,0.7530047663463758,0.7576382006782438,1.0510963512932179,0.20181432267303015,1.100598226706021,0.3424914208810812,0.06078550963975172,-0.8846258966611276,-0.4422013897676494,0.849724856815811,4
1.7464326295141848,3.9894658354459303,-1.9189387703860141,-1.1995803935076856,-0.9922740000336098,0.8666126147138193,-0.9661860103261006,-0.36459326353252913,-0.3714415578167853,0.7774972039756146,1.2090148952163235,-0.9365196649769071,1.1395785803881164,0.9369779924283778,0.5219780690601598,-0.3398246721988422,-0.616658960548084,0.36046036425771416,4
1.543794158346272,0.1800669995223122,0.9586328473853076,-0.5391859542554149,-0.4774563360012384,1.0123377996852267,-0.08052620314462802,-0.7819756511474716,1.6729639468372663,1.1550616506756974,0.8147737372241456,-1.0680722434401222,-0.12875084628349542,0.9670166876843379,0.7799182712362351,-1.2399627210624293,0.5349919350872638,-0.32007117177628486,4
-2.7094133772172824,0.14970969161283287,0.6201045057550817,1.2072522413445208,-0.06183675731851814,-0.25411163269359,0.34669903401333685,2.179014120766502,-0.7310154306331411,-2.582343524219449,-0.8039454368679856,-0.6259397851804822,0.685863303634872,0.2904855494892808,0.17432575324781588,-0.7821717194612527,-0.4741587438580182,0.4415831162738595,3
5.108716788221826,1.0175626512807756,0.5019547616339104,0.16954309067805504,-1.451762053915771,0.735194312060839,-1.9373242699586173,0.9772315803528759,0.29209561644343324,-0.26581445788408803,0.15446588563772476,-0.42154861520692105,0.674140265615505,0.23482045495416468,-0.09725560800382207,0.5876957087618101,1.238497301571725,-0.9291454114093446,2
1.1242641254597507,-0.5148577374378617,1.1771768578264612,-0.2216889368978982,-1.8475205300576303,-0.6478725306504745,0.7743040237966,0.272719219509232,-1.7386437558068326,-1.045522866596244,-0.10330340706126204,0.5986521156699187,-0.5344690345347427,-0.06032680124772433,0.4532090457924431,-2.486979112935565,1.268823440767001,-1.1582190566153936,3
-3.020543228944075,-0.4911964442122667,-0.7785616623764035,0.15810649999678186,-0.7503512666052078,-2.3335089088578322,1.1839349599257547,1.4229758786682114,-1.1276027770933996,-0.270304650283029,-0.3716357801221985,1.6073357530084575,0.32915461581214095,0.8836710908118235,-0.19444567574609875,-0.09114083250682913,-0.35483083561293666,0.411577764436575,4
-3.1082365218557055,-0.6487438570121009,-0.5492686250805261,-0.27105011230605697,0.8638421673548502,0.7518600418420452,0.7998864883707346,-0.9139970416902367,-1.4833934492507657,-0.02971403782327098,0.006406088603956139,-0.06892079778141534,-1.6840287042533584,1.5993057281200123,-0.5535973737139607,-0.8776118818041687,-0.18215503678240563,0.2307817386223989,3
-3.1798000097519497,-0.9996340230334297,-1.53491897110993,-0.9740544195069286,0.3171797495868781,-0.04471687515977624,-0.07341290987714019,1.7194276357657798,-0.28070184667148396,1.921199581223734,-1.0112142439973368,-1.8038408926085006,1.6393001052948843,0.7074006478194541,0.1835596761823504,0.3558194267079948,0.5401211363721631,0.22092017598505584,4
-1.4677403119796426,-1.4338084648925682,-0.5547738169885051,0.3016289506443412,1.4907858399355556,-0.3374967628679091,0.28463738857330984,-1.1035384563147175,0.7530035395311492,-0.6695779557679209,0.4438108766184607,-0.20295995022307722,-0.4692565595719215,1.4769551655660458,-0.12791896394267402,0.10525187242470944,-0.20856116644895759,0.2013354155040686,4
5.091383722757976,-0.04521626252192147,-0.21356356362606566,-0.39582180586463234,1.3395670842905896,0.14889346412561594,-2.26972184706838,-0.0926596003030867,2.0093020549756844,1.2944043893831998,2.231303246999036,-1.1335785741089095,2.206510712398047,-0.49050822910484515,-0.7503260340344632,-0.6770160609153512,0.2778366707190711,-1.4968011557078875,2
5.700907804260447,-0.8084594137879847,-2.118822673684042,-1.588351125547131,0.012097682484858194,1.1651100383136783,1.5273896935820461,0.9018746602445878,-0.5147308666161188,0.5965868799033072,-1.0843189131310695,-0.5457847190784294,-1.6542700658490803,1.0287900689354859,-0.40319147751779966,0.48340333382692374,-1.1154093457883125,2.611213117406699,2
-2.607203144367948,-1.1850422909029512,-1.344826482546583,-0.5058092500934364,2.5754370840568073,-1.5253642921789057,0.5947469253550413,0.8700310560189919,1.564845567240585,-0.11420398475854482,-1.0465546174158613,0.07125192365252885,-1.6422870229959488,0.38261018465881147,-1.2785505397872483,-0.21558590803586275,0.1282522200052534,0.4174838431695875,3
3.498887365748382,1.286485330876482,-1.5751609368198953,-1.754575975019833,-0.13988221755819452,1.1890200408839393,0.2667800842000177,-0.5720271230731654,0.41200122497065333,1.5143406751431614,-0.19205972691062864,0.6750313455346092,0.01118404529354783,2.1267606205123073,0.3359705738875656,-1.175939725066864,0.2898826340510488,-1.1240823681735805,2
-1.502372003037576,-0.1817431616562812,-1.1722094993028591,-0.0787745022495072,-1.614149730560786,-1.2033785293930435,-1.1157792106766091,0.10223762508524703,-0.43429765739528986,0.4457899854151576,0.4594822215779825,-0.5774433569077463,-0.020585033907645822,1.498060135218755,0.5575697926511562,-1.3613764519998846,0.9929194424067681,-0.361928166431845,1
6.802266925357724,-0.3694240561929915,0.52666243527933,-1.5878024041073506,1.9867934535995617,0.26823466048372197,-0.22745579355847353,0.1608591725232827,0.03603260146526771,-2.0574402953999438,0.021341602145669072,-1.0830961827943164,-1.2381889723958361,0.9725765735923737,1.7253197878913098,0.07956740965011044,1.233189982691907,0.9631561888809637,2
2.7529554596512815,2.0219451721071593,-0.4208109510245643,0.7214377157368871,-0.9444867018603263,0.14679641101038585,0.4243292599132871,0.932924914011904,-0.20884837830033176,-2.471457419815737,-2.2433908630417543,-1.6893437604254704,1.1853167622014236,-0.7061343859514658,0.28433111505989783,0.775786573466977,-0.5907619475997868,0.23713314473148034,4
1.3994689694610998,-1.3459384965937848,0.44934126312020833,-1.3708546746149874,-1.001926314383931,-0.6054559384974908,1.411523258674214,-0.10398265260094737,-1.8393242724268173,0.79651890032464,-0.5685092288147975,1.244468470724022,-0.9461042979637351,-0.3819564005176257,-0.14782361032690733,1.4087689906117067,-0.4810844061561876,-0.2107038229118638,2
-2.143518935057096,-0.6346490310650001,-0.9849064428153466,0.7284062566193681,-1.2839297354155894,-0.598278576877982,0.5362326103127579,-1.8220953063494585,1.0491317600129668,-0.49329566306022504,-0.5804642452450807,-0.13610634070091818,0.5273242532921849,0.7235554095085166,-0.07039872402471534,-1.2017116084232824,-0.6548855464893416,0.16766711625304984,3
6.427716169468485,-1.2836790647365348,1.0285268477254572,1.2730625523893093,-1.1296977843682405,1.2565234240969927,0.08603517450995252,1.898688380509203,0.31697363084489355,-1.3240181652581544,0.1501392553554647,-0.61171140627886,-1.079758846135515,1.138795138116168,-0.460337362673866,-0.536700626301371,0.18226514057806745,1.8246465852221125,1
0.8750053193951528,-0.8846617343012486,0.02918517318892656,-1.4617221870119348,-1.7575159513323122,0.945044591633201,-0.24210282873093447,0.6303004829892873,-1.6395001556786601,0.5411660572255473,-1.344120515789703,-0.18178749429647859,-0.4473223255970012,-1.264975641991027,-0.5467053918428773,0.6045332996359363,-0.0750690214944853,-1.3305534030857975,2
-1.9404424123470887,-0.8929739434544702,-0.818384339098065,0.7384214473167685,-0.6932018029299221,0.4794944799916967,-0.28854310968876523,0.39126345187492934,-0.2648787287673016,0.4145380059478169,0.18191272177268905,-0.5518044968886461,0.10943644585463004,1.9014521671490707,-0.31296360880485335,0.14666397451935428,-0.918454765538784,0.36694657872237835,3
-1.0803744730869091,2.358909205206544,0.48211008885743767,1.4130357126081563,-0.6440659678238094,-1.6609461624998478,-0.773840342633798,-0.7150453273396407,-1.04510953687192,-0.1876956299394225,0.16477226468926012,-0.0009501249193303482,-0.1904377322327446,1.2085487854712746,-0.2580529313979345,0.3947876234858181,-0.5508396732237818,0.2969709166879999,2
5.057526183738878,-2.05827079117495,-1.893968511605691,-0.8562142573490198,-1.1491054188454217,-0.7832563662541636,0.34918345805308165,-1.0527942885277726,-1.750476286789464,-0.03982215986698748,-0.26234677073062507,-1.2467608242877266,-0.22585800015011392,-1.1288375496883851,-0.7796964553668605,0.23585581172022352,1.2007409826944178,1.0056987121873113,4
2.8774348256821054,-0.935595473091964,-0.6382788615949945,1.264378887123347,-1.8173861759405343,-1.7082844835072397,-0.15020647629014947,-2.484401610756392,-0.44355853101437487,0.4801200274812926,-0.48526744006887473,-0.8969066657251047,-0.37864972392274693,0.23326973737170434,-0.6915684730168414,2.0585206520420276,0.43195575725644825,-1.1726170257092365,2
0.9319258052247954,0.045623385365210725,0.4475604903558535,0.24654001677859247,-0.8628560820900736,-1.1273711472260994,-0.34285532822713294,1.3654337326513661,-0.20819074407411461,1.011570160751837,-0.1423716397810025,0.8149392855943978,0.06950696153531978,0.3756442619369369,-0.7747679733649243,-0.3671654909454081,-0.9916689479952016,-0.686953271719344,4
-2.0871552808974383,-0.7996067116476621,-0.6363762797000637,-1.6209384065482269,-0.9765723544814119,0.07608504423361744,0.6745533966159203,-1.3286131973171345,0.4960092400280514,0.8868667049125719,0.13103255290714802,-0.018883100252322045,-0.7461924095040661,0.13212766112659133,0.39130839194254863,-0.5023706060944708,-0.5423430508642613,0.5583882334851025,4
-0.3408740621301838,-1.3036920068211362,-0.9167609458638938,-0.060464620646446206,0.27254900727044196,0.5706013900571261,-1.9042862257510509,-0.23362944975941494,1.6584231625195374,-0.8624996996814256,-2.1204676018222797,-0.8650449199743517,0.7184392158130741,0.32800638918781366,0.12872404533409496,1.112073795888823,-1.266181345384512,1.0091443194857275,3
-0.2645192418289765,0.04076570464246375,-0.5014408153816795,0.4617369301923416,0.3596432108817374,-0.03489965951035845,0.03387883385241334,-0.14195565401471358,-0.6520323642102587,-0.5355343706380062,0.44331535130181005,-0.8902827133763711,0.11089310536364483,0.6637025162538565,-0.4299768826121288,1.7385041533212684,0.3638320572664886,-0.603166915009547,3
0.0025872101507389295,-1.7013263111061834,1.0434132952149426,-0.7256532381422734,-0.44255689138054055,0.1179026472139024,0.5204267934079181,-1.1073748070584983,0.6721930370634359,0.06481170765719227,-0.005867517847796746,1.5547079935929453,-0.5944337775442213,-0.9328834844146037,-0.7838189797656582,1.3044669430112075,-0.08730307455064516,0.9052189426839325,3
-2.1963602712964563,-0.4470243062154829,-0.2848916135994723,0.5345357193508754,-1.3144068305900054,-0.7859432180396151,0.1841992975904977,-1.21836929829801,1.5109309357657565,-0.35400863745086886,0.9599035864562429,-1.0833978464987788,0.20822262794868196,0.9643492070862834,0.7800671827661386,-0.15264753315193946,-0.11777542009732475,0.27623128516026363,1
-2.4815885863775162,-0.7563426844904658,-1.7340790422572705,-0.04539486001190168,0.06913650811306432,-0.4427317467603068,0.7588548622937494,-0.8827151880549886,-0.2584966521451253,-1.1561332249751683,-1.1225958722812175,-0.3889380569593802,-1.3333493474813858,1.1177098438525528,-0.26386474555925143,-0.7966947480850801,-0.03615037330904983,0.5892624909775317,2
0.4173276328272941,-1.2936294438603118,1.0674017387789354,-0.4790964273425118,-1.426035485657505,0.7805496598890972,-0.7458263316738374,-0.186859505038282,-1.8959845587589879,-0.4489588923811617,-0.08617498631283105,1.5102671449350675,-0.04971184670485329,0.7921900727971435,0.11988551311797517,-0.25939505185573414,0.7190202205264232,-1.1176886313770282,4
1.330125129478284,3.113179674995011,-0.3917280445983153,-1.043835339497609,2.2231322622460676,-0.8585015102988116,-1.0837016146570786,1.9154772673273357,-1.2716721609647519,-0.38555569147577934,-0.12748534208321127,0.04966427221807225,1.1372022001054922,1.968882059537955,1.1362881811637664,-0.6434253423000188,-0.4193252063928991,0.7522065283383278,2
4.504639314025518,0.3888659492061055,0.5598671953504445,-1.061525624420096,-1.1676013291851266,-0.2226930085210506,-0.10015517890365593,1.035384530961809,-0.8451476331073372,0.9291054632372805,-0.9343440496519645,-1.6617142044701714,-0.9229816375925476,-0.682744176244617,0.22982116198570995,0.2624114090503274,0.6651408133276064,3.2239803744963593,2
-1.213991811513887,0.9004491928792051,1.8150577810512496,-0.07700753153211508,-0.8930918953883706,-1.5092684336915072,0.3160081959502548,2.080702725685043,-1.0684287431507227,-0.00326371645800774,-0.9475949413502583,0.3380661972481261,-0.5306141466365151,-1.4896958963798097,-0.5760377013343485,-0.4150850837567341,-1.6566901007562147,0.16513547071716955,3
-0.7840819675061009,-0.48139293365773306,0.5472259029524246,-1.028761615612579,0.4862058253700331,1.3247765200435044,0.8076710213328097,0.30780870819328765,0.15487375003461917,-1.3223776919401562,1.5261788659534865,-0.13564236275835456,-0.046068061830315366,-0.09398363560870843,0.3455844870206093,-0.01120743917830011,-0.4952604065279865,0.2345968163357429,3
-1.5926432468180989,-0.3877063956922528,0.09223138299004884,-1.2754968597359764,0.002399877400175392,-1.9900060578880894,1.0726043220323636,1.01302502742105,0.12384926092104295,-0.641609863942098,1.315076823596737,0.19542897125151742,0.6609424754062723,-0.17632763833855802,1.3140452835115224,0.28018215969566157,-1.1490852522436668,-0.04111561227292479,1
-0.002867052524727818,-1.6188487016208377,-0.0964245152300588,-1.6869734344327467,-0.22207428860359843,0.9943793752359723,-1.6709615183260331,0.9168272921445575,1.1590178168499117,-1.168432379264332,-0.8970176468954627,0.7986392532000902,0.3031681671247092,-1.9660939417556638,-0.6409627162070569,0.44443623643421243,-0.7231757765131189,0.9775506608252839,4
0.8021370418778259,-0.1527752358916246,0.1286840624035419,-0.602746944292019,-0.7477405362803589,-1.460582742784745,1.0590302902564455,-2.208218828001595,0.6329905372568139,0.5669272725479203,1.46808788394335,0.5775311937680205,0.8329003775170026,0.7434504332064055,0.9462792984407009,-0.02084225833701313,-0.21834862404984098,-0.48453169334699947,3
0.29883011854446645,-0.1898749681092783,-1.6903872450673307,-0.2691445116126577,-1.4330122448292757,0.6825797226451182,0.8191132607405204,-0.9437476739863825,-1.1704247452036718,-1.054083886458702,0.48188259008674356,-0.19932587104242008,-0.26097084988960334,-0.615977302767692,-1.1100307710800468,2.070650345270885,-0.02632905095397321,-0.2562906362001949,1
0.5996816264681741,-2.0743487394108504,1.1808879773671639,-2.0273332986673744,-0.9810928159874946,3.1498653309855276,-1.109692667831822,-0.10161807536343898,1.3637693615958995,0.03855423259967136,-1.062821521947615,-0.5997429813094646,0.28391117247173375,-2.396882598967064,-0.29625289256971,-0.171099320096039,-0.4717931068757719,1.0746870236922303,4
1.96143800702545,2.9962096202713986,-0.5637494435340304,-0.8089828044175981,-0.016184472566084344,0.40426645220932816,2.294998218647882,0.8531213500131306,0.20641182023676832,-0.6276402349437237,-0.0418077385711799,1.1610904026085598,2.5222230817662727,0.16789991907161395,0.18394733168946642,0.11442903747284482,-1.0499972795132186,0.29390230588481125,1
-0.035613364937352,0.9662421562291095,-1.2902637254311415,-1.7037903073679022,-0.3370706841456002,-1.588303611029102,1.4845338775609422,0.200203297167006,-0.47240381717282737,0.8306170194304908,-0.6443724019021091,-0.02723687941925682,1.6446219370301747,0.04889333871976801,0.776752299920698,-1.0081373896261148,0.9093843088349052,-0.025295446142183084,2
1.9594623893201957,1.3029414716041303,-0.3634492806469782,0.7398184452084128,0.998586346129173,-1.0132804371420185,0.49522741619019445,-0.34672303033159213,0.3262797666197963,-1.0618800375879607,0.052828734257989785,-0.619283207076277,-0.7804731041490842,-0.4007621703972371,-1.612424715224814,1.404205126457901,1.843466785619255,0.22156257952582414,2
0.56705138295977,0.32093595211523196,1.6586012852249703,-0.5090983795436949,1.5089604123332998,-0.6659561819135503,0.40580344140731417,1.5841064521453765,-1.9419918527776328,-0.040414208524813935,0.3808133821283759,0.0725996215749161,-1.0690378624710186,0.047121449254936575,-0.5069930668578163,-2.0326500673512466,-0.15324397831393902,-0.1985212086644873,1
0.07338547336142097,-1.701547115252123,-0.8495285853897068,-1.2785842348525598,-0.1413739158594721,-0.34156264162487554,-1.6129106637621689,0.8936331037215033,0.8302578175604297,-1.2110400721661807,-1.2589753711770815,1.7675355506630857,1.2480166713936847,0.2802171619340782,0.5454927656042076,1.5423319108796703,-1.1519821241256052,-0.8242333853578292,3
1.7021252864435148,-1.58548508534862,0.46978710180071276,-0.9977125439700095,0.2709363821891278,0.47866574562172376,-0.7711612251804281,-1.4600408865913435,0.7171858671793003,-1.73630040035006,-0.6885344101482305,-0.2884708272776519,-0.06309159788288779,0.3790621926339861,1.1263227553485373,-0.829309851972125,1.8437363550566637,1.412181709232574,3
2.1723423300679534,-2.0598152625252437,-2.1596439735928983,-2.8048531800496046,0.40007865894867545,-0.09296520533807946,0.058185984995561296,-0.012839876787993837,1.036362131610855,0.1930059556120471,-0.684807028967161,-0.41704737369000283,0.05385649946763648,-0.8120075575612905,0.16754680074289452,1.1232215278728725,0.34235231123793924,1.1834553485270418,2
-2.0538964832095936,-0.7536671018615793,-0.9459113916778525,-0.6170989950907247,-1.3366081889482775,0.3304593252216787,-0.008415155247140755,-1.8772344148695788,0.0236477612936693,-0.3153609352544751,1.7051798741825888,0.539852725080481,1.6412531627654277,-0.09236898136072184,-0.04442963130224979,0.10516485618152872,0.3058797425194705,0.523158711780331,2
-1.3475987611491065,0.806865817631209,-0.03815158024225556,0.08122538600317006,-1.2343416091358732,-0.6473630930010974,-2.0090087524347413,0.6132680547310779,-0.749818603054796,-0.3347126450594347,0.8684877724510116,-0.24093237535823378,0.0443986815266933,-0.7564703521508521,-0.7821457963591633,1.1425202796917677,-1.0704355310384164,0.04707568070729506,1
3.8106345825221273,-0.7002065242856809,-2.2925300906517543,-0.32216429085704973,-0.1888714852542456,0.8027990526106568,0.958523027875156,1.4427472103773107,0.9368798195361244,-0.8331321319669669,-0.36542806981368164,0.6792590049075827,-1.2128920644316594,1.7657981321508673,-1.00243709578033,-0.7884512737228535,-0.8002772564846259,-1.010207368302246,3
5.682892705494328,-0.012381133040189863,-1.4110030171847232,-1.4831526707941707,-0.5984840729311817,1.6097675403799512,-1.047383756386569,-0.06726215274277213,0.0010481965612307033,1.3110539513064075,-1.4553354921597574,-2.115830179583207,-0.5812515413759023,1.0798471825585045,0.45093423081682055,0.33697479423582466,-0.37832158716458775,0.432737755659676,3
4.639045559813367,2.82826847791802,-0.2200048443739885,-1.2659189590028923,-0.5952556534294147,-0.9237822714521084,-1.2953064347445782,-0.6533902545742505,0.41136773354565725,-0.7296722940538365,1.08467739776947,-1.1046491278466626,0.7930541555831421,1.3182079531878903,2.464728142719871,0.40005586673806465,0.20977718937611115,1.1050183373773843,2
-1.7377295371979073,1.5610944102931898,1.0193453245174937,-0.037072923373749185,0.205247644790642,-0.9520457866270288,1.3253328395308688,-0.9668805900405195,-0.14333214444647377,1.3501413797218034,1.0658744255849468,-0.08760842576213539,-0.33172055929528227,1.0052669557935185,0.060967060474771975,2.2281591881706553,-0.013507973680819818,-0.12932952883545615,3
0.7618814151271645,-0.5104563240124131,0.6280476312194814,1.3283785912666999,-1.3210538828729494,-0.46015902928184804,1.501689602158335,-0.2203587644099086,0.8098718864274969,1.0250680951282103,0.8528398688365666,-0.8151105128293552,0.4551551854876303,1.4167976394907333,-0.22717081825897317,-1.6722921441314964,-0.396119070235245,-0.48163323139651,4
1.0383854414255484,-1.6134043651434002,-0.6856779426504946,-0.23006841334109018,-1.2325066599821277,-1.0042039070730462,-0.3633011797384618,0.6496973845395247,-0.401622206210244,-1.4853079376210974,0.8580901279683428,-1.3196623605556406,-1.0505950936526731,-0.5084857454610364,0.08563658660083925,0.25819277022089476,-0.45585445490853843,0.7524508735023298,4
0.035090978226853996,-0.6253510474083503,0.32293820150954106,0.8717227319776013,-0.49215427038993104,0.2740954922787184,-0.571013558520693,-0.8856519729954464,-0.6662335934897317,0.4343561510628289,0.1949099894036696,-0.3488450944893144,0.2814193417571616,1.0269278223746838,-0.8726947477657314,-1.3899715402353559,0.6289758316819483,-0.8234375466733149,1
-0.5435291412439689,-0.4618594145798417,-0.11661598944874024,-0.037795996113719026,-1.451573631905626,-1.3710242502961938,-1.1257629611137503,-1.021878119432466,0.4289963419995324,-0.187323785248277,0.8791842405675073,-0.6078803168847644,0.7388863844609531,0.5300347435018795,0.9542278042402607,-0.4271787403432243,-0.7610659781907807,0.16912086920435673,3
5.2900006750501545,-0.211009981687054,0.2402097227830721,-0.5192078454528031,-1.0526230612978178,-0.08922375603361599,0.1976435119529153,0.4103100621453925,0.7225464498737538,-0.27724004232278016,1.5578699598274335,0.1586044075214965,0.012179403768962671,0.27353300653522905,0.16847169762761965,-0.7223587990190918,-1.0782347323241734,-1.9253256998474153,2
0.46430983695343164,-0.407842906456921,-0.7406019320218867,0.14031897912594826,-0.3642865824334567,0.9144574882284286,-0.10685256138492151,0.07312468808134273,-0.4245740565125981,-0.2658119815198999,-0.6830739459216381,1.0058476613170062,-0.5063443845950404,0.2455075840397288,-2.025705898210201,0.1620012405863648,0.7581489247845142,-1.232369450765863,1
1.0672445338856644,-2.031754558814607,-1.7013421324417377,-1.091763828748533,-1.481898006643574,0.001643137984999055,-0.533731237999749,1.9048257513495188,-2.0439797668181656,-1.1417085218863667,-0.7748872310520685,-0.2773739574248081,0.33322475307931343,-0.1524004569753236,-0.07927413660795021,0.9966506583501383,0.9165983423833829,0.9392304169122366,1
-2.0727814049919138,-0.7056822813264749,1.8219931439546029,-0.4042606170551464,-1.5286620147669574,2.356956530697014,0.30456524226227577,1.60007092133752,0.5194364562346432,-0.06331717643198664,-2.1427093618382997,-0.4876038784027023,0.00543801301969195,1.2101062283842812,1.1321444526959905,1.0505058341815265,0.09343447040059333,0.2083354971456443,4
3.7785536562462316,1.6818124910610135,-0.527189447384764,0.6338591256838838,0.07449503647309301,-1.5994593349922681,1.3860410788889874,-1.5841599582862276,0.7051999796086164,1.0929010594594148,-0.6590065041456294,-1.1700756918796587,-0.5854864240440801,0.11835910697917984,-1.1106599518940858,0.57413555321964,-0.6890631706870451,-0.5243746603141302,1
-1.498934792912091,0.3503767776328066,1.3311071476271816,0.023789968533057752,0.7741030281632496,-1.0468659494725137,-1.7243655014856758,-1.1471754303369863,-1.1086304687080468,-0.13156772599161254,0.29442848355804097,-0.8430472584145488,-1.3631378004490045,0.6430467989201903,0.16504207086446535,-0.4183914093589796,-0.5187057059615734,-0.2230746724069518,2
2.071154074334292,-1.871601821243119,1.5750055308827582,1.9265105010816506,-0.5325994622484074,-1.7251282111005912,-1.0055284320430968,0.06254273928359569,0.1132513057219704,0.23658261667719277,-0.12494336754041512,0.11675938187726367,-0.7125974752059236,1.4769103636220944,-0.8739143966884947,-0.05522409513447935,1.4153942022645865,-0.4988122567469442,1
1.5216560852237393,-0.2800799379877392,-1.2589175764263745,-0.06237965186772835,-1.2013079801223012,-0.11307268033087978,1.0182127973064556,-0.6168510436022143,0.04581879612700901,-0.857649761908358,0.6000390607772766,0.03510343840320293,0.3208416117583879,0.26128479754041867,-0.37044389751433954,-0.45897678573208545,-1.1114826842738368,-1.4058955559773534,4
-2.5473568635848465,1.3189873846519422,1.879459053516706,0.7294369571440289,-1.239872967928752,0.3558411607459881,-0.7893008216312537,0.059514552209435106,-0.38956071047197716,-1.052600075268832,0.7393353756934706,-0.3982798720014425,1.0003739795691347,0.26582310390886627,0.37269721559116403,1.4851899997131932,1.6453671840263355,0.3468753008000793,4
1.8044167604773818,2.632032557360529,-0.8356345695833981,-0.45067216383169795,1.2218898664020896,0.7130353476572023,1.9020005621231775,0.8983400018348107,1.5163638527083958,-0.60211756671419,1.5040215112404431,-1.21613249143691,0.9177689096870579,0.1692491527078769,-0.3391966441834141,-0.5415056515519555,-0.9576415183700969,-0.436143926468081,2
-3.4322348802461535,-0.5370834488279407,-0.8591357112064335,-0.4782332320146912,-1.2839170628390573,0.7614798171690482,-0.915201435867169,0.500317640542542,-1.5214308030045094,-1.7257796276981934,1.3140687056681344,-1.3317772859835648,0.5822356198980091,-0.5426804496876036,0.10706263735145,-0.4686286758065267,-0.16161345830455184,0.5802844758406028,4
-0.4606328111577504,-0.39328515773749445,-0.06185963666038959,-0.7249625499972994,-0.7288855292032146,0.5268714389882153,1.1189737391589394,-1.5432328358633904,0.8919495590579768,1.258621574126153,1.2879852148186295,-0.12328234167577992,0.21689208865433357,0.15517925723129006,-0.3661729314997513,-1.0045437560779826,-1.106090777215467,-0.15491669844031172,4
-1.6054632210478985,-0.20326460058203052,-2.2989274572033103,-2.071487681852512,1.8383600643906879,1.7082762062866865,0.3882324707197013,-0.45319152129952744,0.26232655212004946,0.22134202098664235,0.4188005003176387,-1.0595519601846366,0.15430584135177827,0.25208108641835847,-0.7585672280597106,0.10237864506198464,1.0857603015085104,-0.3722604777634833,4
3.980140308988357,1.4636851613842121,0.49285569362761805,0.804687023038014,0.3794624776991123,-3.0212785489562006,-0.8433402049916656,0.25940780546747444,0.24113193104284503,-0.5290714395407412,0.20248004162918537,0.3508297637239532,-0.19423306891169356,1.388314221964238,0.06120440349711462,0.23972865252547326,1.324364689124767,-0.8276541827047504,3
6.455321986299265,-0.6037599471484485,1.3770082018968273,-0.06598223864239793,-0.17231624080357633,-0.14619422844303576,2.9917566012133983,-0.4820537777127073,0.43680029714510415,-0.017558504518539932,1.3142768514650793,0.07063943999222926,1.2592129019728144,-0.7417103955705073,-0.25707890437571146,1.5400858890174338,-0.6723992065755755,1.7458788224529547,2
-2.0531011634819687,-0.6697478851360431,2.6238501337403015,-0.5770230166075891,1.7829978179837196,0.6350832403185087,0.33174909376445155,2.2905275334585204,-0.7128194362387518,1.9052544895921006,0.1280874972041079,-0.2623103188395279,-0.2158078731687928,0.05892680188894286,-0.7909955936946963,0.4203984298683449,-0.7841353161096064,-0.15412235090639775,3
2.2817579311443152,-1.3419803618613366,2.970120118166804,1.1389019157625961,0.6167367331297604,1.116831525294195,0.8204022701429128,-0.28174043771994506,-0.39726579484620844,0.2833887636347901,2.2633730091492086,0.291067963815038,-1.973518912815119,0.6929407370000311,-1.5701386160737336,1.8843326094876436,0.4117683001617106,1.3574186026241266,3
0.7946058284367576,-1.015739691848089,2.3993094964126747,-1.2476529926831368,-0.12772102590652618,-1.679272494166213,1.4204722851908593,0.7554968184941121,0.0062982316867589835,1.068332260702486,0.5994360891144377,0.914178818804016,-0.14291756952657397,-0.3566258591061065,0.6745635763234438,1.6204574841377615,-0.13884028674398977,0.9461908778499835,3
-2.5787184117204243,1.140009894724878,-1.0216894468618065,-0.8022094917772118,-0.9051860562030063,-0.45242979195362854,-1.036245149403646,-0.5237704543776468,-0.9720382545862105,0.6349819771857371,1.156107401751171,-1.5364879397567224,0.35727137846970436,-0.5612850359446524,-0.4265537486462955,0.9310234418063149,1.0865652988341368,0.029015814228110386,4
-0.979366091232645,0.01732350769406353,0.6639551775016177,-0.4439512189985768,0.6075928368222377,-1.3005259932052524,2.733920295409769,-0.08510726501201642,-0.20730010732989307,-0.03291798043866295,0.10746545188435883,0.25776949995942333,-0.07424354123762242,0.13217893194243546,-0.26368235524700134,-2.0819203192340257,1.2324366464801055,0.5943122708861649,3
-1.6981312684109695,-0.1254417235899951,1.5013457008336801,0.29341131537654735,-2.3510858405733743,0.6479821248192706,1.3934238877026048,-0.3387932260128616,-0.994467418201265,0.057391227160457456,-0.5250675614579756,0.9420911938173919,-1.2037607657250524,0.7993181026963222,-0.23746221159680303,-0.8367580362942596,-0.8474433002419306,-0.16243916100614172,3
1.958142213475833,-1.9438334681238814,-0.4472026620746458,0.4934067827809802,-2.217490461216173,-1.7722705672411012,-0.8708726114319686,-0.8042756668169234,-1.381763203102838,0.4757878880786776,1.4605936651795712,-1.14127429640857,0.1109420487477207,0.21943377204073103,-0.09278215684958943,-0.26343974431537687,-0.5108302108448307,-0.6955675884656997,4
-1.0944203414374443,-0.42550287771178397,-0.11002891624055643,-1.3113108783824488,-0.24373389520616867,-0.870524701125552,2.622168672688522,0.7220138859562286,-0.05044838787862641,1.5914874228087283,-0.0586222070349621,1.0962747758928764,1.0643597677973604,-0.5810548051552522,-0.953040386518495,-0.8398887883230065,0.5271941604963112,-0.6270666452094228,1
0.3756337232761903,-0.8035871561048977,1.6132887079257379,-0.42797131782970105,-0.7679757672691113,-1.1708782967878975,1.674113981272881,1.34227931729908,-0.7085365255579948,-0.13647271676205977,-1.053993449617649,-1.1462785774047173,-0.9612292401894798,0.17293462223750844,0.9365085856718343,-1.1547722562817864,0.06068628506536099,1.06331714440483,3
-0.19690756240854804,0.41602045756147144,1.4578222143063988,0.1776817973849039,-0.7136719634729989,0.13916393897363946,-0.6402221459910277,-0.19996209696855158,-1.0662343508201693,2.437760713574977,-1.153238887460681,0.9202533451896372,2.320661404886208,-0.9065783921340275,-1.8969664668838209,-0.35955128389520824,0.19884290554068487,-0.4005964555430649,4
0.7375320339306135,1.2293060232911681,-1.0801898626292443,-1.3043057427637483,-1.049932324568863,0.04985078696980044,-1.7184016992423237,0.3246101395461007,0.5614254404966997,-0.991832290878994,-0.4451714748617436,0.9561354243074439,0.30701971398681227,0.3864041723683321,0.11795880187206127,-0.1972946920823151,0.5214322774755193,0.3893815465351789,2
-0.29305325686538924,0.3848967474595279,2.1020630228261865,-0.562614257648295,-0.156687027250807,0.7436882156439657,1.1239978815026652,0.38048814374099854,0.9394235957980905,-1.0627266847842933,-0.6970456913373204,-0.3530526314993242,0.9512832755985573,-0.1841149927282042,1.2149324175155034,0.45293371378018366,-0.4215408959294401,0.6254185508887787,4
-1.2037869260670153,0.39891003886549325,-0.36299965698494674,1.7483446700286234,-0.4181882850033008,1.0613275183221114,0.31067364084863924,-0.7471534010194693,-0.18868253078316297,0.3624673972279493,0.28449046147206253,-0.8744417575279341,0.48046027093656357,1.2097287291064471,-1.7228575693732597,1.9367336211832342,-0.2623253132470076,-0.39373844554142595,3
-0.5103841592093193,0.6381646042944629,-0.7144803002475789,-0.9867633052897431,-0.2036826412911311,0.901665658250901,-0.16973795455096144,0.320926589500722,0.17013668867982107,-0.03448150238833062,2.2685628759347303,1.268474750842271,0.7817030989723149,0.05787654488636059,-1.2446378693067905,1.7988003296374473,1.062476384290935,-0.14199212545172024,4
-1.594914311679695,-0.7433767780852645,0.8448257811160386,-1.8706213748069773,-0.47050496937591907,2.0616818612693524,0.7409679946147304,0.27990204697335086,1.7583299128426322,-0.005122842088733298,-0.34611742119746575,1.987797548236025,-1.4314872360448956,0.9893758967515769,-0.0313109450567045,-0.5227107801479733,1.167657164176436,-0.10338700116288274,2
0.5478527594821194,0.5656950904373411,1.7889352718397318,0.41954381556816567,1.9022090651546428,0.9053002865509786,0.44393731776373785,0.1736225721715619,-0.502864486564168,0.2971991472492374,0.6272868230294814,-0.06841502610913601,2.2151266803828027,1.4140033516212214,-0.0029577134029931786,0.3569602108434834,-0.4068312457953927,-0.29053431890142817,3
-1.583460919207254,-0.2520298981673316,0.8335469401571733,1.06220791999542,-0.39555851178817397,-0.27171896789702943,-0.3478153253706049,2.6063441690555926,1.5908670342220224,-0.804167814502827,1.2110267325717932,0.8401873576869512,1.536464716777068,1.139221359027621,-0.5931749807613754,0.665989092456743,1.2655232402026426,0.18187314916677358,3
1.648585110255708,1.9145079672126173,0.6550522209039314,-0.6414441015231226,-0.5827656306336126,-0.14227803632346162,1.466735515806996,1.219705143088704,0.7188295567991927,-0.4084385624369787,-0.8089281308279525,1.184092803656054,1.0598398625297378,2.759296092876815,2.0386999243590065,0.21597878724294536,-0.988062047676733,-0.025239009032651177,3
1.5674055666739166,-1.1103240491997246,-0.017744438518727344,-0.15180395850548298,1.0484456215882814,-1.2361807762974282,-0.397595466443112,0.5069705688888598,3.139221792610359,-1.1877995868188824,-0.058951529669794216,-0.6078093393126014,-0.27882139968558467,-0.8880696762385067,-0.5442036665599377,0.2394009164906168,-1.1414056717574035,-1.2117302514047863,3
-0.7085035015277729,-0.8290181386547882,-0.807179628279624,-0.7644072949768393,-1.6842216774307261,-0.9726734842372162,-0.16287657719224644,0.433846691100481,-0.39156237353224776,1.2539435374654793,0.22304844456994447,-1.8413598613625022,0.4699581924836095,0.8525223456249094,0.7820297429805095,-1.0513770327393992,1.4061859551139795,0.4329636725111224,4
-0.6074695078511559,-1.551004131899572,-1.3904106622346795,-0.6665264124128394,-0.9449193984527308,-2.2100827007198616,2.1016850497427733,-0.215562049682283,-1.269887072804142,-0.5399882228944883,-0.7999232154877389,-0.0789746277583213,-0.5292597206177531,-0.21965075367010628,-0.1365688690632228,-0.2404347574506006,-0.34109880775089646,1.1106613638777043,3
-2.1751325109333797,-1.2672040672681069,-1.8835517522962766,0.3360436922687123,-0.26592249668045004,0.0785474424064951,-1.1451161372161145,-0.019657076864677853,0.7607607994064652,1.8180121735508525,-0.29940610221874797,0.3365697757237574,0.3367651526238595,1.5054367240875888,-1.8580138334620382,0.34047796232581207,-1.025798319724433,0.1863747042680679,4
3.5354369336535263,-0.286098189228759,-0.449814213661189,-0.7261087792563671,-0.4041640275683987,1.6130968308737217,-0.5286772411425986,0.5215990258818066,-0.12791471111345515,-1.1722521373915133,-1.2208923537081537,1.1274495466477534,1.1527084702941324,0.5638028787192251,-0.3969469507575048,-1.0625904703310258,-0.520536962019146,-1.1894902013781337,1
-0.35162496400883514,1.9695806354467043,0.02083721132904601,0.3801280916352083,-0.4439003433580936,-2.1276539047090575,1.208708476389631,-1.2627326050211434,1.3967916405117542,-0.8526551080686526,-1.545832550045862,-0.6610389151501975,-1.5250021046762763,0.1496212821091497,-0.03849657631751642,1.3327332658047788,-0.05449629831239339,-1.025981394045733,1
-1.7426723387930338,0.5012883529930651,0.7213198147121482,-0.28602551875799676,0.8140725348234454,0.02584366722413311,-2.1751898342170897,1.2966162543295816,0.13612664247994072,-2.4993690961287953,0.48788017360743086,-0.5570101361924062,1.057996632439096,-1.3031721504598373,-0.12701680668244608,1.4513846197373625,-0.5111538249528371,0.009411469076419519,3
-0.3724796460139553,0.5872839081061805,-1.5001170855178234,-1.084865598493033,-0.6072476915241132,-1.0546341069699163,1.1179131814362697,1.158456444318275,-0.09941557494068108,0.26058363858541034,0.27520220978842824,0.7158072087133253,0.3023447415639437,1.3017702229484758,0.20404461755274655,0.17216852962096962,-0.5412673621296417,0.49635296425791087,4
-2.0836100481293047,0.09286701276266228,1.2797069014865552,0.7757291328050578,-0.9360325096309972,-0.6286783608728181,-1.1581002727255658,-0.35047032201064965,2.000275415893022,0.47573090042862437,0.6288187120196629,0.14729011924216875,-0.14260456218530446,0.28882897628703613,-0.7816915542019947,0.40445751298444493,-0.017334910145249995,0.09449927844489747,4
-0.8895273739676293,-1.4876030849342474,-0.33348985498970735,0.7691458129778407,-1.668357175312272,-1.5602981798325168,0.7464467428747854,1.0792445425115442,-0.9397540073274123,-1.314311600646815,1.514491996231457,-0.3130422843794791,-0.581884185310884,0.2960113167994589,-0.4739185609087828,-0.560998841230935,-0.4846324961384548,-0.8935785933918278,1
0.9214670292384664,-1.6046428070554724,-0.5493737076903037,-1.3541950715093136,0.5788812993346273,-1.3416231097335876,-0.318813766046148,-0.1565388734557327,1.8678963539824294,0.20998020838893866,-0.4482124159973701,0.480241966338747,1.178574606571582,0.4509524103104921,0.5284387502783775,0.1397753590936955,0.2237913686736383,-1.3242821427570435,1
-0.13191362983330285,0.9883863030918669,0.8800735942086556,-0.612187440405425,2.8798676220430064,-0.8739944020501104,0.34279732842075705,1.9307450873109617,0.22925467244553524,-0.2982714545436016,1.443155950376997,-0.6932668114447524,1.6812159303535577,-1.1080801394160729,-0.6645190471880075,1.4003289741693028,-1.3326094768110437,-0.19409816748016337,1
0.8122694427446417,-1.9424216959574527,-0.9345047808000368,-1.31377925044522,-0.10238373301381845,-0.9150551656745318,1.5306265593421957,1.213714124827689,0.8003662754325639,-0.035232010982066596,2.342727067492889,0.474433551250639,0.01364378745349081,0.7702121141530397,0.2627139985334116,0.8243260149457928,-0.0583000686758012,1.0333799343260064,4
5.250236662042977,0.9371507184165623,-0.9136472384572576,1.194238468353496,0.35954459954375445,0.32718798570743207,-0.00146146452266394,-1.2998546716965156,0.11631443280831291,-0.8929364374006878,-0.8254560435387229,-1.7454924701155918,-0.14300597275609284,1.6679431874288289,-0.547952662743702,0.5690359864166601,0.1131364973424306,1.7693927154621398,4
4.275302878453499,2.637492487185213,0.07789766035219997,-0.6462555481630895,1.0468366446904163,1.6329728466387154,0.20861264618634157,0.21534364809037088,-0.879499437883737,-1.4086176761495368,0.9460520784128051,-0.5916106336275345,-0.531804862391195,0.857409464132814,-0.19907704192401532,-1.2284762244933152,-0.8856321819647168,-0.48253152471572797,1
2.715496486090504,2.7341564752252028,1.1211688602054894,0.27542801966361635,-1.8005182857582749,0.9746979782295838,-1.833052962529951,0.6536007837292527,-1.5704314106717574,-0.6616027231857055,0.4219809682662736,0.8020664400264633,0.12308871516104027,0.5497023477839369,-0.5177589055354129,-1.162155276808915,-1.4607030928554317,-0.04428293463902179,4
-0.17213749603184747,1.3578152927280702,-0.25435662484761007,0.5058578534754045,-0.2365838809924344,-1.1569573419485624,-1.3634245570403767,1.230881644780878,-0.620567964232081,-0.8505992085451228,0.9902052684973538,-0.5382042091753119,0.26364641114800813,-0.7290616773437717,-1.5719614558300723,-1.1763524296248862,1.0497151540752245,-0.3831801171519771,2
-2.840003414215822,-0.0998000222830226,-1.6387594471264966,-1.8242437659676467,-0.19055905177364393,-0.7564381029268243,-1.0522909621811727,-0.8997632594603112,1.0613100627646697,0.6235067327761342,-0.27629897763863165,-0.3369705022323551,0.6129662593745024,-1.49732630379987,-0.8793613683287835,-0.8551549986957655,0.17279840295288693,0.12362933167935859,3
-1.1437228013577119,1.3140200549631864,1.3780330362902924,-0.8842709675551803,-1.249323073995512,0.45567947949126747,0.23897160984891114,-1.0931159723901505,-0.3342858190209101,-0.20725786479852765,0.0903427806038122,-0.10202625353589811,0.1593947772898275,-0.3845767331724097,0.33233084917641886,0.08980296992937817,2.034502146259711,-0.3260190093690077,1
0.4126560058455244,1.9157559932397505,-0.6304420557114078,-1.0195236400303358,-1.362137396627023,-2.235977886512155,-2.3959597539000788,0.46959094671536517,-0.7665753698092772,0.596472606759282,1.131315752830329,0.6389228436784047,0.8786554924185662,0.3665091661197177,0.2919481865155606,-1.1391553512855916,-0.20265591636100116,0.9945087326201469,2
-1.2099554763348748,0.6647276268495289,1.190198419418977,-0.4978452451244526,-1.5415217703519437,-0.2867899740717315,0.8357712766851523,-0.8512274419900313,-0.7415774437057571,-0.22725776668465134,0.6551202563260781,-0.8656783257011841,-1.6388843687083778,-0.5765348814409607,-0.024329241479938236,-0.24261039298387096,-0.09546905458743028,-0.03605641630957207,1
-2.921134422153063,-0.24679808006337373,-2.080092119760271,-1.866308631592062,-0.3729328558326153,-1.262656605964789,-0.8384958662322324,0.1359697630934264,-0.5998157455964143,0.6570545204652133,-0.45074059324632215,1.255733911470462,-0.15839636292862094,-0.6571004295006134,-1.1683336827881854,0.2703498187967168,-1.1780319277785516,0.2216382594376504,2
-2.1772480672209955,-1.255845481694305,0.3315914206926014,0.24163788519620785,-0.35617514426615415,0.7225782871633478,-1.035401271157713,1.0475093671128082,-0.2671288925886627,0.10275554355642658,2.0374034366710116,-0.18010058763633174,1.6653515835482298,0.6244325957192717,-0.5152759792792452,0.8930631304596052,-1.0394362123678094,0.23000288627452012,1
0.21553905857897349,-0.7257513681846058,-1.381840040071957,-0.8809794611760324,0.8441314014475434,-2.1109668849073,-0.23900972140918011,-0.49401618300095584,1.0398790558937852,-0.09654434307744797,-0.9750949052231078,0.5446754136039836,-1.2191555330885748,-0.37369543684308576,-1.2815103264981835,-0.7691056905075054,-0.8631643282888918,-0.8165317045459359,4
-0.8120618210745446,1.007045783988126,1.9696463925003929,-1.9674279289415324,-0.40329724486993607,-0.869427946098864,0.04775303415591785,0.26740982177984074,1.3043838741735687,0.6109683037474194,-0.084718098430305,-0.6142664864499603,-0.027338830813956168,-0.5401101245568298,1.4498649165717692,-0.5191673560547416,1.4601016236530637,-0.3914869380344821,1
-0.2579543948504513,1.361441054227379,0.912809770584333,0.6235602724908432,-0.8722545677015938,-1.3341271294520554,-0.7522310702820414,-0.4765565830733529,1.2275674828181797,0.4557863134796577,-0.2067346980763753,-0.18380479435497768,-1.5836880136325358,0.3569953131502401,-0.8639581646310215,1.3356262672115278,-0.49282196599063316,-0.46104154770407363,4
-1.9342542961887454,-0.5898256056078527,-0.5600681173212655,-1.62112654749374,0.1412567666443657,-1.078378981293353,-0.6908239694394953,0.3845843647552651,1.4137522620234777,1.0579726395783258,1.123383338866257,0.6668666051341472,0.2018417498536403,-0.1485376880331998,-0.5610529852634664,0.9943044841077254,0.6983554430344864,0.33096192760085535,1
-1.3018850414849001,-0.7218186823461112,0.40299807472299054,0.9548890960945301,0.1591091353382326,-0.2244001348340795,1.4673212655585621,0.8109183716585209,2.4105934487332434,-2.937831190609877,1.475803567545733,0.0007124979297011656,-0.14634192067248833,0.17538965066077655,-0.4399796814343916,-0.07818079529667518,-0.4953652193879343,-0.10531098936256895,3
-1.5319830379311674,0.8893994762498584,1.1351207748072585,0.8449276256651967,0.9365713820701836,0.6218351245797092,-1.949031362721115,0.36153800033333294,-1.963551577747907,0.022371589033799443,1.0419640896413098,-0.8190669153473535,-0.6337453790734188,0.407223871668674,-1.6096007700347967,0.24413642958350934,-1.496811445597767,0.09936369125561674,1
5.182272977953234,-0.04683790755723341,1.26264796947997,-1.6708958993397593,0.3984933752812545,-0.46344836918753507,-0.865242962776041,0.2420075626973164,-1.2756342252993522,-0.12312196287945353,1.624982561754885,1.1436705059142869,-1.828894021674676,-0.8836172292296318,-0.9090833112627849,-0.17752446663561114,-0.6565147674582649,-0.2113821850727139,3
-1.4305272627156735,-0.9583101690887937,0.2061353391048829,-0.18259550420911064,-1.2697366612305334,2.994974045360705,0.9371748081334036,0.2771266781003348,0.16723605760145496,-0.013616684787685665,0.0006027868573509336,0.7138049020608368,0.6011418828689007,0.7343588346638584,-1.2136708071012214,-0.30544988810351564,1.0058720979772486,-0.432326343603573,3
-0.5311208349544511,1.1672066915818817,0.7291673466855757,-0.721220407106321,-1.5876975808669853,-1.0752071488822104,0.7565594964899081,0.234666570988177,0.22427385071951725,-1.0925203359442344,0.05644903095459874,-0.8087118208002825,-0.5064182931564383,-0.7015492110835787,0.45704609065446256,-1.7006537234766426,1.806604810178516,-0.37224985810904554,4
-1.492055421322174,0.16263403826935133,1.0729849680325203,-0.8122784556176313,0.18563634355756092,-0.15290364040434673,-0.03722179026699533,-1.9333091850433444,1.5195969231380142,0.4769879462646633,0.7528736122803518,-1.7162255127969859,-0.711040660101613,0.5927468017377926,1.0427096186368032,0.4761604905512033,0.06199734823764369,-0.3512529241618824,2
-1.4953721263085646,0.3823762809359852,1.7480177263908914,1.0026180881726516,-1.198386296428937,-1.060587479079922,-1.8937000037407539,-0.6588363085527921,1.3505309411512332,-2.6341457866955174,0.003699921639696795,-0.16982783218178144,1.1522801723262528,-0.39571661854947915,0.7517119887231819,-0.11919982579422096,-0.7538886204783386,0.18231576876440928,3
0.34915599008853637,-0.08509689664950947,1.1050537640561668,-0.9379810373613457,-1.913526425139451,-0.4510910974284205,0.6454258321575574,-0.04997835325267391,-1.4278525970646458,0.182374362325283,0.7338159535593121,0.3458649598462905,-0.6305970023076948,-1.1566816460789668,-0.4084910683945761,-0.08356376921699911,-0.8688301423042923,-1.0363864623612087,3
2.1777444302746845,-2.287961227443368,-0.04414638800490709,-1.54061181236162,0.8163577273632234,0.31065835470650666,-2.0536478247728898,-0.1683769110123944,0.46857253071600885,-0.40053892841920735,-0.7839510706078141,1.747549242184984,0.03395232075328209,1.094893209025362,-0.11530140965501394,0.9238551618925476,1.2354222967897475,0.9603187857606591,4
2.153585499899774,1.1038440545798993,0.05771409820096451,-1.7296311830805566,-0.5728931625798156,-1.0331420626722898,-0.45526915742113233,-0.36185840676318215,0.17634906107665832,1.0484099414959902,1.3538898879611168,2.3235321361298773,0.2751562165744048,-0.0729582173688243,-0.6706725355571523,0.9445068836547255,0.47927736298681295,0.10408663694613503,4
-2.0263418382813803,0.7031924449646902,-0.9225225496412858,-1.3653510494464791,2.3175562512952963,-0.7011905049139432,-1.388239977845485,-0.9335300429305631,-1.006991323254344,0.23515735716456057,1.037345235420193,0.23581870387066145,-0.32838176586197265,-0.25465212120760405,-1.308814025962171,0.15206491659997537,-1.1840369430457112,0.24047182467641454,1
1.1563940991052213,-0.8054466705078007,0.9397570344617913,0.9277156336446547,-1.5609843179390241,-1.1422694847703434,-0.5559485216326069,-1.1698210876986344,0.7258664360353211,-1.8454407001169315,2.4560994878861986,-0.06641066525440482,1.5837497940234286,-0.6632669318329535,-0.0282772745350533,-0.7567609090518591,-0.12796124155030644,0.5821996115423229,2
1.8634112466055486,0.6979741681269508,0.842658654346735,-1.4817875827144114,1.6120331712674287,-0.19708033100725905,0.24966608647990143,1.2448118774115933,0.2697685426151554,1.0486841007934486,0.7868556609206651,-1.2444682795595794,0.8995585155487887,-1.0643022921306955,-0.361749687943731,-0.27503583225727624,-1.1838047569835592,-1.0384644768737188,1
-1.8948633333432556,1.440325238028392,-0.0826589023838435,1.2293708267279404,-0.48339056172312106,0.28985884333161543,1.123753200234756,0.7737836752555575,-1.6470293648474514,-2.13979180906824,1.1313371382492308,-1.490566187702894,-0.2259683539395538,0.18583283574789192,-1.0646574380257012,1.7183875364497374,1.1559239828830608,-0.36816724431649556,2
-1.740255266383937,0.8171620184070771,0.8435734888446014,0.4367849039894326,-0.571396895928666,-1.3848771520306549,0.5949455952541001,0.6117704853663106,1.8593192773792797,-0.41842595723684983,0.03304757552687097,-0.9422204320246521,-2.1656496441799438,0.015355776627883073,-0.698343855585431,0.30326419746228483,0.47965607537821947,0.41910065430007953,4
-0.0149519976194437,1.740951070797243,1.5921992996654468,-0.2596740963617638,0.37119438136621075,1.0480206026867211,-0.007535582833948203,1.4300882931995145,-2.359174114052365,0.3453572886130076,-1.3277164528064036,0.7280629586822528,1.7675137328506119,0.041749560198372275,-0.8430589620665871,0.26684717400571534,-0.7636383438594758,0.34354224373285647,4
-0.19633112560385615,1.6176347697950415,2.3429236987772244,-1.3921632231111676,-1.4394943889899332,1.1683171108904749,0.4328032226191258,0.8369596348564997,0.522266855652279,-0.5853223176120846,1.1152907156628578,0.30716700245920614,-0.3749886633332607,-1.3750224244260838,0.02872100846091511,-0.001260054827254935,0.860216863966958,-0.0043415133766952175,1
-1.902678210526335,-0.1259042629019836,0.28248023433689984,1.4273142866567368,-0.09448027805840131,-1.7000108401296863,-0.3718181084861481,-1.1499336486760818,-0.21657359779181762,1.263400902042844,0.1579410538376742,0.6852200382916331,1.1429283418157892,0.4656160664973936,-2.112001251342774,-0.8136320181314495,-0.2152675593469802,0.5575337741797157,3
2.136868107396177,-0.7131642794727615,-1.604030978138915,-2.2788975912774836,-1.044302190143775,1.4541035272229483,0.4577356994481308,1.4611650344894258,0.052361039019736245,-0.2126808279505019,-0.7717864717672307,-0.442912096926984,-0.9263697588566286,0.6689061726530773,0.35627904557628703,0.6787141681298963,-0.512869633221907,-0.2715794171217325,2
-0.8184855017697648,-0.456939351121635,-1.1293024069666855,-0.43593229557397767,-0.2873351288933052,0.21121467659963514,0.06207242205488263,0.9590548214875317,-1.3322310143338258,-1.6395057885668882,0.46726395927427866,-1.06317334928067,0.12280545824441123,0.36955121060530544,-0.3633853147024991,-1.568660781981537,1.0750333165438233,-0.11288240959708887,1
-1.3667756721387196,0.33967331885361957,-0.5630874987109322,0.1912540899804663,-0.899630031588625,-0.08147438403361644,-1.5106845029997076,0.2237613002060287,-0.4187857592967554,-0.336914127079525,-0.533878878584541,-2.4999087107617903,0.5676862665646121,-0.07641994550040442,-0.09086197838201103,0.21183779231599495,-0.9200752846552233,-0.5083647364924616,3
4.5771007499729155,1.3082800865737054,-1.2882949767800056,-0.21780167270627684,-0.7516074526419332,-0.44382710820626153,1.2934244368143983,-0.9420019185053241,1.1339858972466619,-1.891489843829031,0.13680303601906466,0.9009393472453863,-0.6594252884607555,1.5310503295391935,0.1050234159578301,0.5126622813218589,-0.487799788116226,0.835689340838911,2
0.11185994120663734,1.9488655609440522,1.7549389466236274,0.7444293020927699,0.2144585372932037,-1.0279191945839585,0.4331986851026871,0.44748094162391117,1.6163156971602715,-0.3761001940863971,1.7105027351299391,0.18735406909559243,-0.11570388217382899,-1.0182948994838419,-1.6175696593268916,-1.0502290505246608,-1.1174796607848423,0.18114034088742528,3
-1.6644471362329922,0.22618057439820358,0.3049772746461979,-0.1303328717657586,-1.2692754009977694,0.4825220262585351,-0.8878547389346678,-0.9150193748943286,-1.1316672612194416,0.10167676347801807,0.5105997395888071,-0.171052225983092,0.21353954771231592,0.3639712097696459,-0.3855510290621481,0.18849387225881958,-1.1495467742028462,0.2761371403058765,3
-1.3245654687485842,0.06294254338480508,-0.34756640889361573,0.5014559020128686,-0.18232892055247465,-0.12363750433596951,1.9436581073126613,0.33643442943315965,0.4538908240767646,-1.7402260249526997,-1.0168622735069515,-0.4045927518152822,1.462641957588169,-0.2262056814515579,-0.46958009812290363,-0.12525044676026184,-1.1130725239098151,-0.12496172178023122,2
-1.2010225998347654,-0.5464548489973547,0.858095052917125,-1.9603713265910514,-0.6847622217147891,0.6144170089449151,0.9178509110311048,-0.7997784405490379,0.21892042216491986,-0.060603856812173534,0.5343323974284261,1.3063398403899962,-0.2652836090540053,0.4385131428323728,0.5272204629008789,-0.9810745410759538,0.6456509025314459,-0.21734087183490897,1
1.565794602162879,-1.4898053270579534,-0.9552654246302335,-0.008858822615187147,0.3408896935061176,0.2614463880990597,0.5505944228553832,-0.7359923816586144,-0.48136149210908913,0.43431190219965543,0.6017867299461938,-2.9064856081219443,0.633168508907516,-1.0387326894768174,-1.5856659786111984,-0.4398373344109309,0.9929263848568388,-1.5564018398281954,1
-1.5104372048062382,1.0400839863708853,2.158479424488457,0.9361998219320841,-0.5043718280881028,1.3561496314259016,1.115791825109187,0.5404836602696879,0.6179873836869081,0.9448229220931205,0.4387326068365552,-1.4783696773236328,0.7041328858631902,1.5314736658089847,-0.13100573660673212,1.2177486081123037,2.228493626858087,0.1845295909123101,3
0.7837636082042986,-1.9512653247235712,-0.3687117010300803,0.3535344777543902,-0.4003338676998105,-1.1633233266645806,-0.7151219172737399,0.9411359730240269,0.026417172527797614,-0.45199995634098133,0.3224980420972622,-0.12456748012250443,-0.23122661620346974,-0.016622272828922827,-1.1346526935672452,1.3650914469521211,-1.0960027113502673,-0.19003721939094978,4
-1.009233563471633,2.5603680629959493,0.9499763239047295,-0.20573349011283434,-1.306529217086071,-1.7394928708614281,-2.099435354061839,-0.40418235631585986,0.818124978092968,-0.20193676915240888,-1.1368428114198257,-0.05856683590127261,-0.8100115984959538,-0.2171555258493637,-0.18950136380330668,-0.2785840013725063,1.495662804306426,-0.09731754887938358,3
-2.9445521469828475,-0.13378778448710213,1.599520834148094,0.1263750752152974,-0.7344829808840806,0.3733378229813615,0.378710626791597,-0.7504088126106888,1.3016272504009176,0.21998020767257226,-0.1680551641566313,0.2351329436033175,0.09649008085385763,0.6179251831058546,-0.1133158199895371,-0.6612181886936147,-0.41596202063710014,0.49319637521921794,3
1.3874776983266297,-1.0757014735247856,2.312474891369674,0.6383882551915833,1.8326771575855567,-0.6826708218144846,-1.1299649208066955,-0.9904100533869734,0.6150786999495307,-1.0987338230675425,1.6181621556787424,-0.22962239124803857,-1.527206003535123,2.3582393590534907,0.7120743218369636,0.1853060297282233,-1.0585738468131813,-0.8625101040071176,3
2.423513063845948,1.3178471338239113,1.00809766073167,-0.5578887615266029,-0.3728901056151869,1.3487155106967719,0.5200504382139887,-0.8098631659644377,0.18013718552095956,-1.1571404698225536,-0.5132271231618196,1.1708540941007466,0.5369967163885172,-0.9144110270219069,-1.0126581571794386,-0.3592874168979374,-1.2013255278302588,-1.06749037295385,2
3.3920344162316143,0.4448876251340461,1.2695509701758112,0.4700960266057982,-0.4879498454221008,-0.072591769513807,0.11286256806583206,0.9561088614860911,0.2573018587376059,0.526357624050562,-1.1856306366377032,-0.2195272569738321,-0.3753000380613763,0.7760752588895494,-0.8462379389993442,0.5937836323036658,0.7754834945563093,0.47108908545216654,1
-2.0034290674871427,0.03369478048337297,0.7273482305714074,0.6095065089175287,-0.9542309310777324,0.3126465412074781,-1.582795625771527,0.8401523405486927,-1.3422834642162988,0.13491469959324232,1.1797946557787313,-0.2197969850592597,0.3091597839945259,-0.8546685119343431,-2.2788576644092142,-0.2136890467510239,0.6585222310743469,0.23741307113991475,3
-1.376983456991592,0.49165501644977944,-0.6251602985363087,-1.2177005423864726,0.06288939427301843,-2.030453570705662,-0.6024972228774614,0.7141078637709879,2.7184625297179448,-1.0182112220076682,-1.2124597354835038,1.1651920106018954,-0.10907947113731187,0.42969772134614204,0.2889345601943773,0.8788199704845215,1.76720730300227,-0.1465461456445156,2
2.185307188079532,-2.7470363339949135,-0.058013140329047586,-0.5185496737610913,2.404856908827208,-1.8424677957582956,-0.6638619213249068,-0.8731936802766145,-2.0355562597629557,0.9630348802563199,-0.6912126758686843,0.2584583144641708,1.7816148937924436,-0.41446534418091885,-1.45590028136472,0.313527056904883,0.530229891588151,0.8750440310826232,2
-2.797012907319597,-0.2580864887827093,0.2111068058317313,-1.4901574422421189,-0.7366875282993769,1.1497089907166929,0.5186827352848025,0.39824183781424877,0.6178192934407162,-0.4328751820535445,1.3468862860752042,0.16736175319062344,0.0418449099751194,0.992163490420601,0.7103696610772514,0.3235492122051788,0.3654257144721078,0.08350770443842823,3
-2.9382252332829135,0.14716420826944374,-0.5075351605090702,-0.019030529686327922,-0.8269970980240812,-2.0026989663285195,0.1737441752263593,0.951315672431049,1.0512955390593128,-0.09482934412412035,0.4435942049170835,-0.34450979332933057,-0.3802898732274199,0.5685746330933776,-0.22991360897641097,-0.24179104928028744,-0.18974732540769285,0.5796234365361111,1
-3.0441871943904513,-0.4788361945827194,0.527573326118655,-0.17580615774688482,-1.067382271249014,0.3918462621518484,0.7244842352637257,0.1434588707543962,-0.2490412678884077,0.6934906986459416,0.6522981226175726,-0.3355768744540927,0.9097993765630372,1.312700793192046,0.13371089232831515,-0.49047785025489055,0.7193770257897192,0.26792622757458096,2
0.16063681786780762,1.822145243726437,-0.43464079410107637,0.335761955186675,1.219886266470108,0.46751743170334514,0.08482779105752822,1.0732047521806485,1.3915202207376707,-1.0082020579424578,1.6467943689733144,-0.6328838640075753,-0.3650795894907729,1.0647017449454432,-1.099270117231191,0.8651528388364594,-0.22923943289999935,0.43748841956744905,3
0.12764448266590905,-0.6500658122701118,1.0361666992087126,-1.1942082908240161,-0.28335856776178514,0.7536984675523646,0.9393316105163935,1.4832470635949313,-0.3496735774437495,0.3016524236547645,-0.09400776216404796,-0.2581006321732989,0.8717890716956853,-1.1360842835227896,-0.784558128478524,-1.0218685828907372,0.7449188920833061,-0.9104999093703087,3
-1.7094305514301769,-1.2223324434536311,0.08044597388482319,-1.9555068626765688,0.8755451084431334,0.33414331792368973,-0.7648404792189806,-1.6875086920269629,-1.2250714909136553,-0.7189740235592829,0.9179813424575909,1.071979921560672,-0.6091195131566445,0.46717334138866967,0.060958792447087656,-0.2392899153158381,-0.23171996342545667,0.003561432528619847,3
-0.7682407628633104,0.8032452545592473,-0.4217680555232548,-0.3135417900491245,0.012132240591367973,0.37567208822833237,0.8924182055958926,-1.9738755301441624,-0.02303942011614399,-1.369530457526734,-0.055505669507566184,0.6092031211161786,0.908847218592963,-0.0459529841234353,-0.6092843610252191,-1.0903781110145658,-1.4991279730819662,0.16441539255468735,3
-1.2624218561241807,1.0568910348840264,0.043088172778368836,0.46347949774802655,-1.3875796276062653,-0.6568773401972369,-2.392511592156338,0.11053881465515135,0.007208048631646062,0.13333596259560082,-1.0499093814341807,-1.6220271400350637,0.46999313700827094,-1.1915286134345373,-1.238579824735017,1.376655518771112,-0.09189742219087399,-0.3486841661025727,2
-0.2749354715466376,0.8668037762001286,0.6542414098417048,-0.8397677545413121,0.13599051163943437,-0.36654938085177563,0.5225406237371275,1.221625986474406,-0.1374035516663501,-1.2772370800707964,-0.8679220372240967,-0.4662900108602606,-0.7489112247214298,0.13443774281284177,0.18213606829776302,-0.2947811396656111,0.7900965742324655,-0.4380721860699735,3
-2.6191931365678753,0.8864651610304847,-1.6888024830783497,-0.30308587835356593,-0.6496158268727878,-0.5453482404201899,0.13081644349913332,-1.389900384253301,1.6309601592785277,1.1761613677787748,-0.9658642425232808,-0.6561266309709898,-0.3373320320604267,1.3566513952711503,-0.5760150940436862,1.5285546942137833,0.13288565415384518,0.1544009514747613,1
-3.0025135970116508,0.09751489875049753,0.5879930204035423,1.3281465187388843,0.14638351185378876,-0.19979234472194854,-0.38180360526245777,0.498851860802586,2.2601996273717777,0.39977346552147935,-0.7269935803048018,-1.0113721736488803,-0.3777194032282157,-0.2074967548601804,-2.204722454807643,-1.391290559963007,-0.4428338736866907,0.2823770771733731,3
-1.3891565022623569,-0.7765124556130666,-1.4464072373893557,-0.5564111468479517,-1.0146862145589879,-0.3405637899966765,-1.1263912129657454,0.37141004419378537,-0.8030024132595729,-0.7919072629597564,-1.0396348492767846,-0.11336792611806644,0.5508693446940063,1.0881313278020832,-0.10101432095390303,-0.9712389865925419,0.8702217551149867,-0.08310065846061594,1
-0.7210359284803615,0.9245986953180961,-0.13131310703242205,-2.486603098543645,2.651531071617855,0.9208382956262562,-0.0033185773098058304,-1.0407349575096942,-0.3594568830013589,-0.6178456540412715,0.03406103163776746,0.003080172182457214,-1.7117902535478677,0.4038588648040834,-0.05028006798283915,0.84785056494461,-0.7329683758074336,-0.07377046508517848,1
-2.2753939805525434,-1.0373797934849296,1.7592212766418234,-0.5910637835048381,-1.7938714728219058,1.633282857843778,-0.20495919455392383,0.4146757705558881,-0.08168832384718054,1.1756459451390493,0.7686440934191,-0.8120070993495205,-1.2862650283824342,1.9264408446879684,0.8087384691590364,-0.36290941176913966,-0.48298212336430457,-0.013477073143102808,2
-0.22877618539907627,-1.5971257075307075,2.087834855037095,-0.712774930988143,0.759275163506457,0.7304487523184499,1.0087889140252762,1.4887977253317237,1.6628877228048198,2.4788528070072418,0.0301786684400676,-1.7572065261578969,1.6408826359144175,0.6359618160948286,0.4553714728698508,0.36481339397766466,-0.3857825559936345,-0.7071943544437974,2
-1.365718966221441,1.2126333360457124,-0.5260933367652642,-2.131750601563641,-0.11576964202159648,-0.47688215612032303,-0.8363827910712647,-0.4978056812913771,-0.41144616005679024,-2.909909467328246,-0.31687470362411935,-0.28052620484827284,0.5530873078195659,-0.5954379847239382,1.5741081083867283,-0.7872964860266022,-0.36569034329806266,0.5432290947826061,3
-0.454692329303594,0.8033477740778748,-0.904131893943331,-2.0262095987394213,2.012801286909255,0.4292101897204639,-1.279140164339993,0.29429782007734995,-2.1981170521844025,-1.8470753800028032,0.5397091565630966,0.13635998517888231,0.30737420522622944,0.8764875838276384,0.46314371914297475,-0.3384029850365348,-0.2430527245784351,0.5424258927944738,4
4.310681739086948,0.9322411617918123,1.4435215579063758,-0.917212108244806,1.5984079523378483,-0.47074104845939896,-0.0005946785900953833,0.2515182686881465,-0.15985450953003852,-1.399036389206437,1.5728112003687102,0.315211273577275,0.003052993584960043,-0.6861010009580358,-0.3562507571859195,-0.307173409058348,-0.916854224971018,-1.1952974840398305,4
-0.5350680866202749,-0.42140434111656483,0.2719940723579929,0.6519099189414915,-0.268467847719466,-3.112846430730225,-1.0788086218530142,-0.5522776110693003,2.315774071699013,0.5070132630484679,-0.08561623708076,-2.0119126989524223,-1.3012211926825352,-0.1029350865468979,-0.5255363873057314,0.5411577358997077,0.37382981157754197,-1.1760054395164472,1
5.721429000645485,-1.417681155467441,-0.3931885381336173,-1.654534676890873,-0.5611869446770001,-1.0550567255129484,2.6753182320073017,-0.14045233747281488,-1.7288119123223973,0.8200878189438892,-0.48221991359527877,1.292789070073909,0.21851690901628434,0.622788583463297,-0.07852538460194206,1.0434780814660687,-0.5063506916125431,1.4567568228130277,1
-0.4723602939995664,1.4453204041814107,-1.1176335499072743,0.5117770703151728,0.5156942097895137,0.11469899347952442,-0.8002760981112547,-0.6621889553932144,-0.5644155025047897,-0.36137071620043554,-0.8729227034722492,0.37464023459147267,0.8195874083666036,1.1343508737355001,-1.5685892762609868,-0.030968257457773065,-0.3669855555737894,0.5828625004090625,2
3.7079093877130136,1.7669480219950136,-0.7273567202502834,-0.8959225142891977,-1.6355143737424702,-0.012069322612139706,-0.19159520933041058,-0.8094497761935595,-1.3585453278742488,1.1831622037787908,0.2132029518395193,0.4788565957485865,-0.5810664225548995,1.103918348236813,-0.7970445259819245,0.8355970089319558,0.8895872723350133,0.24624400378527703,2
0.8939417143376404,-0.36365876382054513,-0.3468918925197938,0.23484737356871505,1.1664952637768766,-0.5511802085098203,1.477191767313307,1.307734087116713,0.7880428192739054,-1.109050979853023,-0.6216889417298327,-2.639761881234104,0.20836222714640543,0.28422021352157445,-0.21888852071861542,-1.3583575120483802,0.09203434441010343,-0.012404923511707834,2
-1.994975045769074,-1.1743216318834435,-0.2888581175988797,-0.9310536682771993,0.4608320397897438,-1.431072188874583,0.30547286739085416,2.7852079522709166,0.3141918388103092,-0.07800431914744278,1.8381322478003694,0.5116305601128995,0.1423540713386965,0.51781189898607,-0.42518292016344206,0.7068872777602,-0.5775117623044334,0.1718666560777674,3
-1.1516603897323128,0.7264575066516578,0.10835275514174403,-0.13433410818947916,-0.22199225969067563,-1.5758100536413975,1.2492966164671468,-0.1236577877032891,1.6625339798249275,-2.1581076464652957,-0.24536748093716945,-1.501673738573116,-0.48570837114198584,-0.23350738715060515,0.6935999020327496,-0.25280387736015175,-0.34493109211584955,0.03216183169143999,1
1.5731351434904588,-1.449672798789389,-1.127953125987257,-0.23468804770093593,-0.9740608920272704,0.5217317156311372,0.13231225113054532,-0.5808641372471963,-0.35395870077492914,0.14610169446654395,-0.05248292261652444,-1.5178829804761522,0.4888213259486547,0.12303761181695527,-1.0486914496812918,-0.8903254459500667,1.158070833528525,0.7426676171782767,3
-0.6401333628421926,-1.7494108438671683,-0.594020419782181,0.16597688281997955,-0.35323668140861414,-0.8939906646189235,0.9362489620625407,-2.35665683664558,2.891670206585748,-0.9154126264286936,-0.7293554012100889,-0.0781923695921763,0.165854511081005,1.30354618298129,0.35607603282805383,0.2859682263192693,-0.05862612747338491,1.2818711124755175,3
6.093263759586243,-0.6526227784068209,-1.1044255931662725,-1.5434663909626911,-0.08094759395992954,-2.5848631423398998,1.0957716826979855,0.9840597249785515,-0.590513851621329,0.9422080847254638,-0.6243898266455374,-2.1178206997667814,0.3459524816203144,-1.347153430843647,-0.21976676714076962,-0.9591288714495014,-1.2173892763932148,1.742231296327221,4
0.36956450095924964,-2.6478655102805018,1.5035830918335975,0.4353241308639166,2.078139705995124,1.3532914085329586,-1.322643556178638,-0.826255251411013,-0.7290374807587438,-0.9694391943379012,0.023280346080597553,-0.2528571967150407,0.7030180542290957,0.6806853939959849,-1.1401853596682823,0.43011268859570406,0.5324591265485782,-0.09112250930563064,3
-2.063637353598904,1.3277100912244133,0.1638206985661911,-1.1764578094530243,-0.34412008881165107,1.0021838085319823,0.20010829530499055,-0.11925149048132197,0.4348796422621806,-0.5398669397164342,0.3423078119398627,-0.5968310936686771,-0.24810737706204797,-1.2493629798245407,-0.9419283044321409,0.18413562135471293,-0.8332531796486827,0.23313897541223946,2
0.5066267016386211,-1.6055152993935786,0.7174237363519845,-0.18528889335007845,0.9329166659144267,-1.205265496500506,-1.0295004682119702,-1.174463289088854,0.6039179111580154,0.1495752368441894,0.325393413375805,1.2064400965561002,1.0406390816577464,0.8054251586658709,-0.43772842256477507,0.9559902776944715,-0.9612516392560566,-0.07855322087750376,4
0.11290551657762969,-1.1076882876366247,-1.0218388724250702,-1.6210200404698714,-0.11068573500338055,1.2817476480923198,-0.1561352426800868,-0.2827857501279976,0.7227922417621296,2.106724766442293,-0.8009313805060025,-0.5814840010008216,0.19906658007371725,1.0344605570769572,-0.5765719756322072,0.7868448432617193,-0.27491449634127424,-1.1494909035905294,1
-1.2615949917669826,-0.13850240469084263,-1.5556182390957642,-1.2505385265366191,-0.13743130299711634,-0.9162033614902635,2.2615535364196995,0.6502645299928241,-0.8540403251550047,0.31264550154039766,-1.0163287622392696,-0.23981871003686137,1.052069232433506,0.05700535969269147,-0.4116954920281641,-0.5330422424975129,-0.860323476755162,-0.3468428349141591,2
-1.1097404088761333,0.4052878031017118,2.1173706518277635,0.659077689178804,0.5116639749591523,-0.5467947638437857,0.7189952764507357,0.23093428456397655,-2.066661556008598,0.13559144914629812,-0.5385067285217355,-1.9942533645500078,1.0933620765553262,1.0743799355731918,0.7006658352353692,0.5536477436974367,-0.5751576458691972,-0.5149928820727536,4
4.022659920119745,-1.5103273094004646,-0.351964061869506,-0.2573128234176057,-0.5177650556001753,-0.26709470281444847,1.4509257032955263,-0.7803161665954044,1.5668469839512058,-1.0986051544009632,-1.6671149963374587,-0.5006900849396827,-1.9574488280486924,1.0364085147785016,-0.21220219118858644,-0.15710807822924616,0.06622958115165421,1.7373492998738458,4
0.022017846433555897,-0.7625715384864772,-1.0799005315944976,-0.20195779830168992,-0.9992464769110007,0.807800378321688,-1.4785190110867197,1.6921783091286564,-1.1624366966953283,-0.6689841920712976,-0.6407507984423702,0.8502518335729522,1.1578212213088617,-0.26086310062639023,-2.0861497888905527,0.34511956361380075,0.09714721347938933,1.3623356230132055,1
1.9041160202103615,-2.1292983948727287,1.50722275509312,-1.0344654691797637,-0.5617395687175115,-1.8580794319847582,0.9484798470873518,1.1897457242282037,-0.4216917492781944,-0.4900843607841094,-0.21603967244906974,0.5198361526331701,0.5580769389282122,-1.182920290531362,0.1478866653343154,0.566216620358554,-0.6974441931242337,-0.1930248130857537,3
3.834547042166568,-0.6158148537152794,-1.6069470246598245,0.04988746388888972,1.4558224788710676,0.5503397649023223,0.4914069066548209,-0.014193051071143,-0.971232810539808,-0.5496756958660423,0.1322483275201951,0.11262908863259077,0.09068585548626387,1.8139826492423514,-1.6235516113791604,-0.6376728533967303,-0.037472233829800514,0.7323177823726522,4
-2.942591681028734,-1.0000327239996178,1.5697196070710708,-2.1173489433744503,-0.27368098028865273,0.8159609137196865,0.4742869446936166,0.46059597534711694,0.08092542767592566,1.76487126884971,-0.9619638446788189,0.5114246727746457,0.13831411689345702,0.702631555396405,0.6825279109969271,-0.08403607834784607,-0.56025686606098,0.30801339490750707,1
-1.1164925779199024,0.5441842260778922,-0.13910344123569796,0.4602417443722047,0.21256655338210295,0.5076397330497187,0.6419604476389524,-0.5735793190272104,-0.48187186897723283,-0.3436686460331982,0.8755756785569078,-1.069049512011609,0.7696906888438562,1.3231507535710063,-0.4419396602983431,0.23540452607162757,-0.4218609171421577,0.3947933076147916,4
1.8859732762218318,-0.8543765890986459,1.9729736334645709,-1.7592328411011586,-1.167188656321243,0.08951976805134192,-1.3281372780941636,0.01908089786696864,0.6723139207724864,-0.555896382182304,-0.13602736004741525,1.4534014411525862,-1.5009295176717536,-1.20289511168111,-0.32206875733251694,-0.15319583654197377,-0.5101564638510027,0.8349432282498869,2
-1.28666922598065,-0.7952031411483592,2.9028649699297904,-1.940008834339636,2.2498065406820915,0.21511591947073352,-0.25502548934412905,1.7151740602460406,-0.9834226619110145,-1.3249663853698561,-0.2718882150810948,-0.7522267952789495,1.0615595394653534,-2.3123772203475617,0.13412336970474623,-0.5830041479455211,0.39056654889122355,0.7963377182832309,3
-0.49787299838535104,-0.1430610179272923,0.03261345573004875,-1.5578813938117748,-0.5807350053663571,0.946499994103327,0.860806065264662,-0.6353522619926897,1.1909259241941794,0.3436619840519075,1.1675165561505554,-0.43548890088369363,0.15942277840335325,0.019037479553320788,0.06706292067655022,0.5370778827713721,-0.5647891225074114,0.12023531506679956,2
-1.6738302823534135,0.5366924181104776,-0.1763618940024973,0.8710657422361164,0.9024373074093979,-0.6423943519006029,-0.07458206262489044,-0.6744709173086678,-0.5039954060609412,-1.713945950871982,-0.3709990897924674,-1.3954986997099978,-0.2494586437773049,0.12041314147082223,-1.2969206501485238,-1.1400366401462074,0.8522382439630116,-0.09599712952082869,4
1.9214466325778616,0.9006152829618618,1.340614188953983,-0.2461966670107191,-0.9932174994081038,-1.8517169962551756,0.554696857969141,-0.29496924289715626,-0.878779624635774,0.20214953257069437,0.24840301643003881,-1.1004059237000736,-0.2800070945479031,-0.3807434156761252,0.04526511136156802,1.324638800269962,1.389748576654233,0.1634210988719459,3
-2.586872359157088,1.1146121799880824,2.4419277432598903,-0.5592910787392563,0.12209938754940725,-0.4651438132839341,1.0745191396188876,-0.0206643058260421,0.537990560089626,-1.3995675522357063,1.0631989659107468,0.39654882255042523,-1.6282099020840997,0.32552891226679964,0.369144809098821,0.6183332657585187,0.4304248177508418,0.42426128729040613,3
-0.9579015965186302,0.4273872533942631,0.6577657834009525,0.7469465551823559,-0.5794018289067553,0.0010382525335217183,-1.7281722660022873,0.8714375828373959,1.5083284317833876,-1.3432740776251881,-3.0714611170948496,0.15379717930706815,0.49418855062689304,0.12489597528545592,-1.1950798242067833,-1.153879149279947,1.204389839930338,0.28183088753518104,1
1.1235640895907617,-1.6688931187215665,-0.24032795946163682,-0.3257133610179306,-1.5298680200622337,0.16719784378733585,-1.6490833235300588,-0.03309117175311654,0.24953276758034015,1.0859994694834045,-0.7516355252886868,-0.703297011699194,0.2263472317959187,0.20585770007523282,-1.1328067905860644,-0.5726539786711438,1.0317115124891092,0.30001507557868956,1
-0.4504230569565223,0.7708993334557478,-0.09225654884948202,-0.13364015496391682,-1.2944690990590313,-1.041718265953049,0.3699643897233038,-0.29935127358520314,-0.11635692746260849,-0.2337338557774262,0.3503017943379855,-0.04639479813836514,0.8608538127492024,-0.04801687203646397,-0.5783646066060186,-0.46212066196349044,-0.11486255409169445,0.09749000457713967,3
-2.260118060961786,-0.16799001222770052,-0.9417300074337718,-1.1669087685800061,0.648029388162153,0.48108657162590507,0.2764905147306689,-0.7587538422302625,-0.11173935033021358,-1.2381972522489186,0.7056105335704436,-1.3280684595328751,0.030099075948943916,-0.4942609439183695,-0.41965107985265676,-0.4600964001495815,-0.7740039525565992,0.3161987457675495,1
-0.21481181847223782,0.717771877695338,0.6875448000610073,-1.1158048364582585,-0.3430775372606022,0.05366006534943035,1.2312881236612134,0.346404869126397,-0.16933618918309445,-0.3994377102780928,-1.1842180284864874,1.754617781728574,2.714199515569598,-0.42363357600085577,-0.41198831627238375,-0.3290077015370115,1.0126971850101532,0.16700874371098293,2
-2.6993378233674177,0.33090497861803253,-0.5282206769983051,-0.8671493525333909,-1.1095719401933322,-1.548483957786983,-0.18563624335853493,1.048143711420295,-0.2860963517671009,0.28597341447891145,0.11537601545469042,0.8324978032332797,-2.0890322808249615,-0.016149842460262003,-1.3405106855016622,-0.6611857254252583,-0.8713996299431367,0.21533046139284773,1
4.591941504725704,-0.45012016102085883,0.5939684405742971,-1.4591765600216244,-0.2278311221766488,-0.4761391756790963,-1.2082986037303873,-0.8688131799263129,0.20827312047934202,-0.7067423684805407,-0.0870707885211978,-1.0874875883245934,-0.152285998814857,-0.807008224093115,0.4770690071978672,-1.2988481213001735,-1.7243848226435026,-1.4249226530644354,4
-0.7540457389949239,0.5116471026357715,1.793910610425102,-0.6387342654050979,-1.4184209187828642,0.5412956391181142,-0.2530362845573821,-0.9833412147124556,1.0252308745395853,0.3649397488988815,1.2024814437943676,0.17013721334957219,-0.010730825013927508,0.20400784635217173,0.13028940731929056,0.4893022838583335,-0.34285446100450967,0.18383754883141945,2
-0.7230148853181138,0.44547487321218887,0.5501010640712193,-0.4151383097693299,-0.7324885573357168,0.5206018829453744,1.1564884623075466,-0.8075476659684439,0.8557161531717725,-1.946706865511181,-0.042211678317938324,-0.3431215453853582,-0.5088125581618627,-0.9371802798660395,-0.664427831830506,-0.4622786741235205,0.013383211643707234,0.0758153645024652,1
0.21772987530356208,0.9102576243830073,1.1627136248614,0.9367258761588251,-1.241302808092457,-0.9867896695211008,1.1275931344866967,-0.3658257691493977,-0.026079569154722697,-0.6640393988543966,-1.8042352248976201,-1.1953984808036726,-0.31948331911555916,-0.783565417373738,-0.95497026102638,1.4497068409499139,-0.0159290411571806,0.8101611258965861,1
-2.6729082947804543,0.26923566679823285,-0.8842882877411847,-0.1967257364341056,0.03542194756563971,-1.778076839005296,-0.45679172029107457,0.34197707329972477,1.793257823787824,-1.695856481507817,-2.2431920369149196,0.8597811609660885,-0.7318320870959932,0.0812207553710033,-0.9275433908248442,-0.7248774429330532,-0.6101332168480835,0.36142958191441604,4
6.906292824587023,0.3642376726099491,0.6042289715887453,-1.8425131818055795,1.843144813383097,-0.9011392581426472,0.5912174079184719,0.6079953498156707,-1.2473679421076782,-0.31077082201335043,-1.0076411363797073,-0.14386345199069295,1.0195552204977998,-0.295505161899606,0.08567367165700376,-1.9220453582649981,-0.35601698669956655,-1.5868319751393365,4
-0.996269626483,1.9406979361621082,1.067125625933547,0.40180767894668956,0.2877190745636457,0.26780896957410405,-0.41495189591876985,-1.6226831245308824,1.080934454819017,-1.0894751584158013,-0.723190864742736,0.12466695662816747,-0.18606000186907742,-0.4891854706201968,-1.499384952976003,1.0091217959736318,0.48762553853773366,0.6121387810677109,4
-3.078777427624312,-0.4959980756899661,0.6673525645774597,-1.10354548101396,1.3074849029592035,-0.6988309257336984,-2.777600096031924,0.12699775272901248,0.008707546631770128,-1.4297562157199608,0.8725864773530452,-0.1511946886004522,-0.3279403582010471,0.47068474170273916,0.36514507032643806,0.0857918353449083,-0.3227566795676173,0.5917871963722475,4
1.432974918562356,-1.3115174097059443,0.7456391393333726,0.4220281594709675,-1.5974989296541489,0.05863222474802932,0.27962624475218884,0.9285803355304916,-0.49793077260017043,0.018407309611919363,-0.07159959806658718,-0.526216837996283,1.1042560865213893,0.09077079724549963,-0.9059052346919244,-0.739419958129321,0.679254640846255,0.5521861448681374,2
-1.1026305778547194,0.20849080607611079,-0.3789377551433041,-1.7041600557747765,-1.076809681361271,-1.1480594395543018,-1.5595024530120984,1.3718272254775994,-0.992818529982672,-0.8024527115038698,0.6178176349875716,0.12069004864908629,1.158818974886011,-0.12176288089358411,0.686262793317534,0.5547692215520164,0.4995235005075501,-0.1189332971925099,2
-1.0597777465182778,2.075862267801331,-0.5054003214616168,-1.4575830983806004,-0.6753950424610904,-0.4389269445207713,-1.6596571487217713,-0.016001111622626556,0.6273881611421407,-2.1256981556428483,0.5142164301110822,0.23518491383147813,0.45935911646634764,-1.0280175447602455,-0.14572299108430112,0.5171432707508221,1.126492881957131,0.024096217712000437,3
-0.49959406988377947,-1.6918352718875205,-0.41695660111104516,1.1391871967929919,0.255405015785482,0.592194567650319,-0.48577434906028927,1.2429578357524287,-0.5222883939035889,-0.8010278034812148,1.1968802088812922,-1.2375990904905256,0.03276633481726009,0.7127013738846558,-1.8783223208909914,0.559916691077538,-0.6156716611180482,-0.7160906675799347,1
-0.6752104696952747,0.40366530916304705,-0.2153753261182079,0.045948052673962465,0.07390909282725389,-1.292485135392977,-2.0436787852044644,-0.5440527318522901,-0.254042575366164,-0.3501907292063975,-0.9878185039554962,0.4257676470424858,1.023918966345552,0.7286449249477096,-0.5475937641432758,0.19610500658439176,-0.5326887986641536,-0.1239230449862298,3
1.3319291430395443,-0.6049217407766975,0.8780983006790984,0.11735310079475034,-1.529782333752062,1.421603441548674,0.2091462580232686,-1.6005260365301628,0.6486229634880029,-1.2554598114939701,0.2543769669447907,1.3261782006596776,1.8909335416401394,0.8378613834976796,-0.21162431520345906,0.3399643780882797,0.9915413316834842,1.1141805817412924,3
-0.7844847064911448,-0.34147761118653347,-0.07296373992247492,0.038280990786005685,0.5788260802299092,0.2495406804717938,0.1650621678741127,1.5262891698203631,-1.3248414107638993,0.9306070575713042,2.699350084858697,0.49956707733031663,-1.0731973763685507,0.6755939193771976,-2.768039557592376,-0.41013795569001865,-0.6093348534641329,0.054291281189803135,4
2.0649458120460746,3.9210897568370924,-0.5651545842443403,-1.81472821851489,0.1158344573046713,0.08480872383536386,0.2831199980473197,0.6387171726995194,-0.3008751252261487,0.3160029700710296,0.3459436829209238,1.05566029510769,-0.20523832817472634,1.83129818006186,0.0459447052574999,-1.4062651880474037,0.4394839951597338,0.2636742804574047,3
-2.257862852407346,-0.5763782095239629,0.4777417513375195,0.7281559474348216,-0.9461985116835367,0.2688077412224295,1.3069536490590536,-0.8774365696935703,-1.3017034316901461,-0.6756902127553183,-0.38516698658041126,0.546391753830313,0.15025148686460907,1.2696076848848241,-0.91747167286525,-0.3280513511623837,-0.08211967534614538,0.6794657473246123,3
-1.0228931015847509,1.1466120794777965,1.1347456521422703,1.0089379980732167,-1.259363718735056,-0.6509077045708608,-0.7230822499073668,0.9889587214096028,-0.6617719176561464,-1.1026311981412817,0.1875463252373967,0.6944897948317558,-0.10371835186113215,-0.3383308894438178,-1.7704009882824192,-0.6178608890290188,-0.6642638483523472,0.17995546091831263,1
1.6581256875421708,4.250514381474522,-1.3695702849287634,-0.9326799296424588,1.829577979419083,0.9161934805189722,0.9748741871765059,1.3219835561136295,-1.0589898278482088,-0.30253066000118023,1.4184115385629872,-2.035958709783476,0.07718487430083731,1.0162200144279265,-0.8907922726182314,-0.3682429786528482,0.35539064200631715,0.21921671652272565,4
0.923478288441511,-1.7770635587041408,1.8502134686435603,0.28674684549691104,0.2092236691785601,-0.9000479998341427,1.8172437845211131,1.512485861242181,-0.8951270057630585,-1.0758435840552805,-2.072699089935755,1.2647040934338516,-0.6959098488015687,0.3237194099311108,-0.9830670783319115,0.2351633581388037,-0.3305561559484965,0.22895104170128847,3
0.19757974956374366,-0.9987978155310823,0.9132455027334827,-1.0519733894789303,-0.5366890727155118,-0.644647495318467,0.64343092607041,-0.2479213915232252,0.9341694477432759,-0.30516983078881765,-0.12874360509977653,-1.761414744561308,-0.13964865475277996,-0.47721652950847365,0.6171723569516138,-0.8436194385696539,-0.03931760799808624,1.2671407606585674,3
-0.8672159125690809,-0.2573318055923656,0.4178899498776568,-1.1089447353335387,-0.7095330411521301,-0.493966566648553,0.7784064884751964,0.3720965374028509,-0.675506453551465,0.6323944319557528,0.6258203131073812,-0.3938944380119114,-0.23403759814682293,1.7617712161837444,0.784039380919363,-0.440534751627419,0.7148374671612234,-0.3625393321524674,1
-0.9230254065429015,0.9072062577424838,1.983200860416226,1.0515234157528468,-1.2691738036393436,-1.2763232569341758,2.2045978298365565,-0.26443597168147953,-0.8036982854708845,0.5181759758688013,0.844151077561436,-0.15077290864702333,1.4752738864292043,1.248186268124142,0.30576811333695797,0.9849230658386087,-0.5546703451300284,-0.29288928890802085,2
-2.6780633560493805,-0.14768618414663992,0.4004906039648252,0.3169010475983624,0.3394635854231674,1.6081954324018617,-0.816990700154946,0.46128660350879147,0.4224027339796436,-0.30848986209878504,-1.6333985740933115,-1.7773401569808267,0.4364778187754792,0.747007367883034,-0.7771643256009753,-0.5348941973381326,-0.5983507906494477,0.06917308418429027,4
3.989601170459096,0.41523075061485004,-0.37566539513461134,0.2701395021814701,-0.5065711162763823,-0.4237183099121805,-1.16235777334181,-0.926910575094046,1.9861860817146766,-2.695531268215459,-0.9604148993378768,-0.17555007438493264,0.5879409629863722,2.638172009855459,1.434856020945314,-1.6419252969487692,0.34245036363141057,-1.2055054659610966,1
-2.7804428349614674,-0.4403732224604878,2.235478738940609,-1.1937267130668754,-0.1490855040484682,0.14739601474158878,0.5341943914823112,0.03042822066220994,-1.0894708341072072,1.2150934556343274,-1.6929740901323131,0.870549233807635,0.04875693013330373,1.2803978594119751,0.564953658005453,-0.2568235563333411,-0.44862472738978454,0.5372751640613465,2
-2.262253762238745,-1.2839794033331682,0.47280477233968926,-0.7638059403794477,0.7148741828284082,-1.6558932557944377,0.6498586357895422,1.2351922925277126,1.2794561710126504,1.041191883191972,0.0477223883470836,-0.6772367087267949,1.017480472852062,0.795042578506962,0.30416712277118363,0.4502626908279287,-0.3207296925240049,0.18229468297247478,3
6.198455041107363,-1.0931267491600258,0.9167616623516112,-0.09232263365185482,-0.0011582397872997312,-0.8983645544930386,0.6280778544276744,-0.10987370568804644,-0.6716109541406717,-0.9326323385855051,-1.4986631058989168,0.630081846097805,0.8733445502916583,-1.161023986036854,-1.3597247105972845,0.03756547270212545,-1.056244069543358,1.1919600791041347,3
-1.7816157052177184,0.358494876265128,1.0516958681064033,0.012432462755271984,-0.7216576779539284,-0.2003070413633305,-0.08246485490629461,-0.7180638566493559,-1.376778897128897,-0.8431952948184817,-1.3402158211266448,1.6153213560506676,-1.3132377081981719,0.4204898986141252,-1.3631080341161033,-0.48520252688820636,-0.38121822127972993,0.022762874582470324,4
4.464638100745284,-0.02408023527035129,-0.10551135616853566,0.8180922769441126,-0.17968825646797726,1.1721377090426146,-1.112753077453373,0.2134647287034707,1.0373358575603884,-0.32325314674017586,-1.7331672255921478,0.6360326310223723,1.3444129316021414,1.8383787497320672,-1.1816245757120494,-1.4192118189991896,-0.9397228367791953,-0.88116698179186,4
-1.7442126688121713,-0.9969110659310179,0.2967282573514842,-1.0560321607527252,-0.42580020630546384,-0.6501768887911287,-0.7183811932780071,-0.8327209008268605,1.7221305973407952,0.9133377744768391,-1.1913202005345267,0.09345981630195332,-0.2615591424569094,0.7337419982520724,0.017178612074215168,0.018554571700147213,-0.7189005569477154,0.1689723759510883,2
0.4584774313971471,-0.14283188947658648,-0.9092409942343186,-2.1420291765310013,0.3419914354555958,-0.4747153984522915,0.027525966021907877,-1.381138356803598,0.8930641886577688,-0.7909500634358899,-0.1414891414998044,-0.7174621973488183,0.9370045776432686,-2.425939815606303,-0.5850410589409749,-0.6684507415896703,-1.3968745227193915,-0.47706892908765935,1
0.7263022707669721,-0.9727086288491679,0.7222700779038949,-2.511492096362308,1.0367796092722448,-1.6076964821180144,0.6224172930894885,0.8807599096854692,0.30600997465482066,0.7019459801275322,-0.35602085778140935,1.4556844421663035,0.4266036708510361,-0.9213715583121979,-0.45093759483865953,0.4804028336755353,0.3560845950656183,-0.2724287521668573,1
-0.7994465874194592,1.3216120727558274,-1.4477866135170359,-0.43326764087870473,-1.476081829190837,-0.5836574844849785,0.586000797688663,-0.8886672026737754,-0.9286129725493455,-1.0710525203114496,-0.4112202265123882,-0.5066601471235561,-0.09719511952192832,-0.13827637099540233,-1.0352540366543557,-0.05017163198119323,1.58513943222658,-0.56428834494439,1
-0.9913655702992297,1.964389173595627,1.8517717616812537,-0.8890387346591984,-1.323722668703486,-0.6448945727383649,0.5498487213367087,-0.9236872842074026,-0.06766604024682737,0.5379160016802522,0.08322680758860601,0.04876897248831248,-0.3700247034360585,-0.2361779821213221,0.1372970685820078,1.1631177897718505,0.3649000930751003,0.24628658113495044,3
0.3162856868238325,-1.14699395551964,0.5919180394566633,-1.1524424178643142,-0.9570603319959196,-0.8186594874652667,0.41844542891205067,-1.1256194170767864,-0.026092659024064845,-1.4988649878849782,-0.1388654893970655,1.7619578588600127,-0.0885779976052997,0.21855996514557635,0.29004470137019234,0.22164966413409862,-0.3764145488428849,1.5590204511437722,4
-0.11749932505584235,-0.08165727406767201,1.4143741289504184,0.01918856849016773,-0.5128569491396583,-1.6626359509199105,1.4213986647654282,1.2993092867399156,-0.472370044637312,-0.8272267936340364,-1.3481420467208791,-0.8850780794984999,-0.08753439223502624,-0.36717017042711114,0.052564970332598174,-0.5404706633642148,-1.1755128614031334,-0.6733935034689028,1
1.0664193866355796,-0.6234024367320589,3.1289742413423336,0.9191393272079212,-1.6677590243119857,0.12408608821769929,-0.776657520668362,-0.6397367536421835,-0.7616179736604702,0.6422876403042473,-1.1696882121412164,-0.3607825671808817,0.3838481208859974,-0.6909523994928423,-1.1585854290960083,-0.7607168531449947,-0.44482727130564303,1.0518280893760281,1
-0.8183375442067075,-1.6501492689946748,1.5924697331182733,-1.4509782959818485,-0.8499388172737341,1.0397052045657131,1.2687745010430675,-0.12718724169255824,0.6419465592650616,0.019501023712274523,0.04066014042491296,-0.2689445030430376,1.50961621600968,-1.1987346124497218,0.18299436558812823,0.25196542758180185,-0.6365692153195297,-0.8734310281644557,1
2.182044147560213,-1.7382529150225194,0.2557281651783238,0.5602319568487448,-1.363293077160001,-2.4051507316741274,1.2802155790256957,0.10632889731938361,-1.132940090979378,-1.543078927059189,-0.5887265951433801,1.409239245430551,0.28389054494800614,-0.8869190977812802,-1.524350637666887,-0.34920447389505005,-1.0369174298708224,-1.6126586930421187,1
-1.5730959385138001,-0.636867742996519,0.11256543601061271,-2.583327216502659,2.7662578597292122,0.10871047584620319,-0.0742388448744483,1.1125606222413063,0.4234662946710382,-0.06724479946105447,-2.5791682323810283,-0.2540212921608639,0.7893320582788794,-0.3287485536139632,0.0795137231866952,-0.4874524110975479,-0.5556926764990179,0.08437264255136451,1
-2.5569285940816524,-1.0714821405931647,-0.8820137196116871,-0.5885132214895241,0.29904450271469374,-0.31300302097821775,0.7277321128518476,1.4161855033892408,-0.5294207170638159,-0.7711627549389707,2.0036781707897573,-0.8930405438835054,-1.09915839551883,0.9408235329535185,-0.7498773333270105,0.23496647956160258,-0.15127242294115298,0.5561517213120273,4
-3.452855528025135,-0.7061627751979858,-1.474487089420172,-0.9393494879195298,-1.1104818688589937,-0.6082967583647918,-0.44812181968254466,0.5895537695518706,-0.7458107510310731,0.3241594987980897,1.5643637761319993,0.7022169934941292,0.2052745479131516,0.516854118755922,-1.2946601882034179,-0.01813373962388958,0.6196016485190068,0.46036978780660304,4
2.5680975343707,3.385140006091387,1.295804326358495,-0.34157507748933613,-1.0319103694225513,-0.1371336296229577,0.6627856797414813,1.063877008934544,-0.12854726044077217,0.6559638832073859,0.6407983572181016,-0.4879400041899225,2.852459133506542,1.2815517689072833,0.950367788705375,-1.4773751017674153,-0.2895689083506613,0.7096288563939797,3
0.2007967756268903,-1.4823642067304208,-0.3114711470963202,-0.8102653208566736,-0.6870878334562313,-0.05666093555750846,-0.5451748710668849,0.10767980567581163,-0.40442785300922157,0.9748530364522296,-0.17185904119709094,-1.316003858230757,-1.0882745926506237,1.188600078450828,-0.20125349843999082,-0.2727119824053622,-1.0867572137181436,-1.322352404286026,3
4.632371050584801,-2.6225196115626197,1.1965868164632985,-0.49947716030351264,-0.44390528772151233,-0.7087357407768391,0.6649771418845184,1.641935393822138,-0.380095842531857,0.9791089336118168,-0.2390905813160339,-0.4585435978111607,-1.0312446764453518,-1.5067697507611408,-2.1382388208615457,0.26164661442840575,-0.4457433044934768,1.2316747397174261,3
1.5205050925149632,-1.8801486176741882,0.07467156423106128,-0.6790957218612008,-1.8007384926776777,-0.7117716699325822,-0.7568689777666696,-0.38957013274418506,-0.9286852998981522,-0.6179292838846936,-1.79231839619642,-0.14306002296989026,-0.555905941870324,0.3249181761147162,0.06201545607141256,-0.21373698493916696,-0.6086129159331094,-1.1365007111704555,3
-0.8395501223046951,0.7434279228263342,2.874393811889484,-1.692871396847389,0.52025936214643,0.0846073956302661,1.7385439768111002,0.9497393298933804,0.708141992100702,-0.4817125849053417,0.3158411047228571,0.5125781211226913,-1.041411890594856,-0.2606134900627412,0.42853171675529433,-0.2782454391403143,-0.2385322277749433,-0.11490916555827271,3
0.11221276709506652,-0.7742993228299435,0.07963396772293095,1.7170414551978301,-0.30427497752024785,-1.986822526654495,-0.9802332257911115,0.361969450017852,1.9881541559898532,0.03591148261732759,-0.5320740387609291,-0.9366603469834064,-0.22770083366011834,1.6267449185929639,-1.0365055341677185,-0.8175649707614492,-0.6434225559464468,0.011950743209090736,3
0.9539585859660349,-1.3349619330661127,1.4093161484676302,-0.8537863560722154,0.5822441672700022,2.3262050630778512,-0.15648061771704713,-1.6653596447941206,0.5720323000441759,-0.029580469020117604,0.4888604506860515,-0.9471587152930189,0.5172926631159341,0.3039378440725527,-0.16028467285313333,0.2724912522931357,-0.755546023271335,-0.588762159383089,4
-0.1681870104090018,0.4697014476697024,-1.0962635268370529,-1.9956581337634067,-0.2568989063121844,2.048600119381264,-1.2947382855629481,0.08085087829799863,-2.002860607629591,-0.1609736368945044,-1.0574283092637071,-1.1479526786186995,-0.5045812365165663,1.1243905821378395,0.09706106623873578,0.015704233621783234,-0.49952833675873326,-0.30368224765764307,3
1.970080035654657,0.7020864614823206,-0.9522466011315204,-1.3616883653449177,0.18838634056895845,0.15662639906458514,1.0060422148846866,-0.5594961671093986,-0.678925045683041,-0.23686426383602988,-0.37318482804411995,-1.201321569161882,0.11050120058812031,-0.41346359263869503,-0.9527713060681557,1.4227551743325177,2.031709402547254,0.5184513997927195,1
-0.09173530425722806,-1.3729476261114273,1.9382188413359567,0.9009362544188803,-0.32414661922754734,-0.39450412478386504,0.5602665320429664,-0.22326522846253724,3.0524160296227274,-0.8634716206873063,-0.092172934239174,-0.16636270415263682,0.5916412067343191,-0.2379706399134121,-0.7601927783030736,0.3970905892455104,-0.48464066567732955,1.156538409578194,2
0.5136852637763167,1.846272618693926,-0.4951644451315644,0.01611520570216313,-0.05624082840031264,-1.76052063287241,1.21269850166136,0.9530140115245197,-0.0038533059605835515,-0.4310159933100631,-0.16079987844475044,-1.1304557820815802,-0.40321582349959006,0.9824928755978171,-0.2877234778930906,0.33683394918922366,0.05567592702850213,0.3203058598064312,4
0.5289194665635102,0.7990019564152119,-0.3759608954075857,-0.21067299501920703,-1.2518168874771038,-1.6088412791619704,-1.5047276919950696,-1.4761422458277198,0.19802385027029493,-0.2667053800811357,-0.9562556121918492,1.0920690187434043,0.20628712200751315,-0.2735458185551867,-1.3808421523896035,-0.14926283258525505,-0.4245521187413363,-0.5862887479308596,4
1.7196872038394526,2.3589210090290313,1.0898194649122297,-1.6845707708162703,2.0085330783039144,-0.3780200490880231,-1.7444584909723597,-1.3121850828105917,-0.7466788796206598,0.09783837677660442,0.4370364969943225,-1.2979661552484616,-0.08020151144052035,0.9999620375257927,0.8509138539662722,-2.009367473730444,-0.6247554203843436,0.9284074435091959,4
-1.0700768970330357,1.015946906974894,0.28473414348374326,-1.1830198771386446,0.5290993202999571,-0.06760789880294604,0.6121274153001507,1.5543639362010053,0.971524705619615,2.156669833846094,-1.5016972599469898,-0.5491343170882925,-0.7314476886147144,-0.605763806337695,-2.1739162960958063,0.43376079610251633,1.2802599941064277,-0.08945014692836586,4
-1.873889500184738,-1.3776195931771114,-1.7328180180979187,-0.28488793337865387,-0.1676386203851958,-0.2983036991932599,-0.27474402151802907,0.2626288535374638,0.5699431813572663,0.1467712943109107,0.27537046619724603,1.406599153111542,-0.45347240384774057,1.213003972889018,-2.05994340424097,0.8153717482881471,-0.6790357804329682,-0.015201348349999574,4
-2.0431387914079155,0.839541968205749,0.8640044198617574,-0.36214435483214447,0.2754739615223368,-1.9441951201765362,0.9369461487092987,-0.5122257865944003,-0.0032431082353412675,-0.9029534000547428,2.5088984296504973,0.9311115127579839,-0.9055369370575235,0.28126859718068054,-0.6710986451259792,1.512887999057954,0.22960756405370672,0.15560425688040827,3
-2.052795833879811,-0.33523331849397114,-0.17786740014461877,0.7732456922536636,-0.9425224722112877,-1.4094717192500774,1.0961138149538951,-1.259352849463839,0.9831313210669759,0.2761433812053292,1.3178250337482953,-1.3250866791956832,-0.13020486234274942,1.517586609123674,-0.26486060317460786,-0.5709217900989655,-0.2520409751987402,0.35056098332570274,4
-1.5625112274461102,0.35539312710750526,0.8458599281771916,1.4651455379821168,0.3721519237573048,-1.1704011497004978,-1.0820235131622786,-0.18104274411940474,2.7210191183077175,-0.9432849169398088,-0.41106979097011254,-0.7173694507038709,0.8971232978740596,0.5952115022477786,-0.8524589319435077,0.5079589459261445,-0.5658074058293895,-0.24879904426761335,1
-0.7529399709177126,1.163973057321055,-1.7251629479274895,-1.496003075659974,-0.8022967997400833,-0.915586678077793,1.0538467207817157,-0.45529725865136106,0.0609186294040998,0.39247354136365614,-0.4634325332143887,-0.026385672563909644,0.05395739903182524,-0.4746991670608631,-1.2985548555484037,1.4387592924023966,1.6447624577539506,-0.531844226918434,3
-0.3832250260691709,1.3259643096661038,0.420101147589435,-1.630809879547603,-1.4030073642622873,0.8410061258880667,-1.2537866704027916,0.522854659267236,-0.2829379395494087,-1.260746031247754,-1.8998590417090262,1.1108597309208492,-0.6004624135677605,-0.579213328224034,-0.5592708641900298,-0.3195110224933051,-0.22496377969469317,0.03374344646265638,1
-0.5783836190272751,-1.8856477460717673,1.1632544579751694,-0.019446782391156905,-1.2157555506439086,2.2448771281082385,-1.228153723421547,0.39849966508085966,-0.8310869543047456,-1.3773138567718544,-0.0997915846403862,-0.4993849910765503,-0.4530925928843623,2.376256708611815,0.639293736477992,0.3578517108143796,0.11884754915634253,-0.7884728615100735,3
-0.8875756806676858,0.6429125193616284,0.13437626977606043,-0.4671164677392982,0.8782422372650767,-0.264792456703039,0.05991447402041464,-1.0097961239171698,-1.3308083297969073,-0.5337369117277023,-0.1587029327006944,-1.0068768631323473,0.2660215005990497,1.7005522675690463,0.402678027343801,0.26398802387401576,-0.20827982250887628,0.2748372784692317,2
2.1015560421879163,2.651347251093898,2.1090235243636695,-1.2646058573496226,0.4779217438450978,-1.2049354035183493,-1.0750545120767518,0.33907496482115107,0.057247184078375556,1.4079030366845415,-0.20429618982141198,1.3539275739860355,0.8117579009019126,1.504888022966236,0.5965196113705785,-0.5513027926370266,-0.9251422165578379,0.43352709414477136,2
3.5610171099097943,0.5843902030930815,1.7867490713155705,-1.6992572464022873,-0.5662152168827359,0.3718359464015155,1.370210919240087,-0.824589764690834,-0.8943421064236835,0.09178375658555803,-1.632983047540911,-0.24279862155509935,-0.2315970824867564,-1.401341810062965,-0.24967236829514713,-0.436393931911848,-0.5863441711987446,-1.6596695085301774,1
-2.4771252461989053,-1.1786529224989948,-0.6987637417982274,-0.8302626725045875,0.8047707252907593,0.6005532910140511,-0.3759113058755775,-1.6773535588729702,0.2807906740911716,-1.5349096881232183,0.38951699255666267,0.8813760952740278,1.1520405756806291,0.275835210790222,-0.9882359166546715,-0.07562019864214395,0.898543379200678,0.6360929450330712,3
1.2358566486580689,-1.7519228244853284,0.20018004766082492,0.029995542191305968,-1.478202524257369,0.35963655151372387,1.2646653763035325,-0.6112908661030926,-0.10215765740946597,-0.7715228021108027,0.6431480611985348,-0.5337677751118489,-0.22109100877888999,-0.3350826669497563,-1.09378966211231,-0.13844204161519286,-0.48991067939171523,0.4843703456546222,2
-1.1703442202916072,-0.18269742855803647,-0.4292386676611913,-0.3725927431705151,-1.1854657566572098,-1.7748383458276111,-1.7778258472776514,0.5667268516445353,0.21333049848314542,-0.3079746889539351,-0.1267805082331939,-0.10965638561690493,-0.13228609780656322,0.5093184685056902,-0.2793028654303287,0.7367278202793766,-1.0279842675963253,-0.20977702738465212,2
4.284855437101965,-0.6215152819913807,-0.40896026427576077,-1.627605952357293,1.2093642241618818,1.369709320175997,-0.1408896930867826,-0.35527130657228656,0.4203184726207855,0.43994144933042056,0.055980431609914796,-0.02309725865627751,-0.33607795759671494,1.6803428324270888,-0.306096822854197,0.710426677562985,-1.0198999800216353,-1.627190086158481,3
-1.311734276568355,-0.2261118489410457,-1.3700281146374056,-1.492931029669944,-0.6174136445014573,1.1512090228250764,-1.0067941354347967,-0.9979744442739371,-0.3203343374707798,-1.5454865813715835,-1.8791126121620279,-0.7035834383346218,0.7100198800229032,-0.26389528489481284,-0.19465533331800094,-1.0806474300825173,-0.8422968189276487,0.31391426352951257,3
-0.339274600583331,0.9411230423504822,0.9200583893334425,-0.7834649481377074,0.5982974954817633,1.1186586895989192,0.869214774573985,-0.19914484671895719,-0.5112553070435495,-2.5986200329839244,1.8483020179614391,0.04370217941565281,-0.9006745737914552,0.4759020831193539,-0.16118288503749587,1.1246573634151011,0.23796900772757934,-0.4367780049573649,1
4.479457848361497,1.757139374135609,1.6938372795092427,-1.3125741499386694,2.005598115497719,-0.8254321571659661,-1.6424860585210999,1.2593137341358045,-2.0779953751468816,-1.9341546682333854,-1.1964518393009231,-0.8547999125889432,0.16933021982512203,0.13475628749700405,0.814238542293432,-0.6375428320381042,-0.7247309171028846,0.1364268463160958,3
3.709764434462532,-1.2339322559063182,1.3413261436518369,-0.9038819754992778,2.6649391906593896,1.525103376940107,-0.5579808695356614,-0.5497045061159975,0.12315911477887682,0.08051726456229032,0.7193905634812973,-0.7476277145138981,1.6253344844871287,1.1586858118106815,-0.1258944552788413,0.08210850953252738,-0.3556427955666196,0.18894096275739536,3
1.1770911364376992,-1.459645619325277,-0.00380886005237918,-1.1274781608625537,1.7895492757271516,-0.45787490369050315,0.45660803460403465,-2.8973713865589557,-1.8544606179609173,-1.066325219899371,0.6518184465203851,0.29034432751908473,1.4878633005095692,0.13226476380257896,-0.4025443304084068,0.5661122177257059,1.1670912255111858,0.31655803456311454,4
1.7822384249098395,-0.36552985502561786,1.6051344205811628,0.34722854700104583,-1.92242027629754,1.314858554006171,-0.4730605717720452,-0.8075519116151247,-1.969199929926388,-0.24544606425530316,0.3720716698364495,-1.8034876625946596,-0.4697981402399342,-0.21612977449083834,-0.7912074737920018,1.2450393831686575,-0.16664733156463554,-1.1896401679259183,4
-0.4743605021195893,-1.0121101689576966,0.4129463506245426,-0.3376946333553661,0.02778668474325287,-0.056239216157901374,-1.4479341965000172,-0.5874348581221468,2.112953763995442,0.7431574935639982,-0.9535350379850014,0.49069984819197987,0.9619236785210105,0.4330689710694576,-1.2267544321431094,-0.49638836123611985,0.5959233394354548,-0.8926296194159049,2
-0.8852478521105577,-0.2323595503497225,1.3376061875361447,-1.016035746392491,-1.9756219632403091,0.3371991468519947,-1.57776855977205,-0.469252826606694,-0.6706878531506055,-0.30996433737740303,-0.3796519383123548,-1.0549869924132622,-0.1373895463583951,0.9725347395865213,1.1893598341221234,-1.4384979874687989,1.023615683830976,-0.33033416344452304,4
-0.1293814328946721,-0.964004115930959,0.345097251824187,-0.7454741512420924,-1.1302596605682793,1.4015140832353898,1.047180102450044,0.0684976475867071,0.6011614072657505,-1.6504113677490893,-1.1855940002157932,0.16470097276241696,-1.0015483484049628,-0.0367664609342001,-0.7039173671372714,-1.0680524798248818,-0.6096579078304805,-0.40370148582889764,2
-0.7986965600998099,0.30441346737364716,1.5672596316851821,-1.3503742375792656,-0.8806197458551932,-0.18057057642953603,-0.4531273733111161,0.31885301520752685,1.1163890804941325,-0.2895365487711463,0.9874831014094376,1.8863257689582782,0.18861163689430877,-1.2773975608501777,-1.3035677425141765,-1.0978482600980415,0.4259209409988313,-0.04131976688337781,4
-0.7663906478441788,1.2541394594968969,0.8159683374416387,-1.0525070958840288,0.1443371756476485,-0.8506563200068336,2.096124278693925,0.0908440860980556,0.30080292271289993,-1.0992496483376235,-0.2173159281565562,-0.6124321039436952,-0.9511026859874532,0.18305444396146014,0.47810146597623626,0.6427931496777552,-0.8144996856434125,0.09698108643066577,1
-1.4910190759424529,-0.8587053287025083,-1.5001449877030113,-2.216207148240637,1.5545032704459736,-0.274429044128176,0.4865834996598558,-1.4793339274617086,-0.7828895045000362,-1.1667470117256535,-0.24962047592287304,-0.7347688112951339,-1.2284397703578644,0.1847692201508365,-0.16853344108607207,-0.07988170954600243,-0.6865333827816117,0.397227365143044,2
2.1906359190864833,3.669901591628993,1.6144485638299186,-0.367898794990242,-0.9732713172671231,1.0934725110097752,0.07158525812435786,-0.11909691091616889,-0.22215439738096232,-0.592463433595109,-0.00618826844549551,2.0992396857350326,-0.5606485259193242,0.2429832678400326,-1.67941778289004,-0.8751406581802925,0.45921989308257627,0.17496473014993777,2
2.13912221203249,2.2808970576025995,-1.3924593335471456,-1.577568482080279,0.18456399614110838,0.3206923056153641,0.3594655687787827,-0.8738785221598633,0.9733203110745761,-1.3205502484914138,1.0768198892594025,1.3097724321283923,0.39944221538275326,0.5240846276150781,-0.6691245352929355,0.019947674901414723,-0.8631138058858149,-0.18600679685264457,3
-0.1523851638267481,1.7459006933352998,-0.3164454311043651,0.2524429887564535,0.0721366199880653,-0.09431647251721795,1.274093625055562,1.133041182881168,-0.9323377759918314,0.001919852022622574,0.4511303963432139,-0.9905589906448902,2.140501785800564,1.6311230441872764,-0.3460732027615566,-0.27453614174897734,0.503204078759162,-0.34800628371526054,3
-2.787070267397713,-1.288403713579099,-1.3320555397180478,-1.6569054410072206,-0.8173586553337167,0.6340267729138407,1.0348924098506205,0.358495530094721,0.8326974062876928,-1.0921779625732868,1.177814916417098,0.6250105425782732,0.8364419990873243,0.7902367648060625,-0.01935761819466024,0.684788714595751,0.7383409962303836,-0.17087484987114726,1
-0.7306003347970408,-0.4970981489651891,0.3521235197545297,-1.0634179367358743,2.1779568554230058,-0.21130136874409056,0.766868704415217,-0.7348332806812969,-1.6693758016797104,-0.29410190015247817,-0.5900466922122376,0.7569741378512064,0.01982387332276924,1.2572321359644245,-0.8114396267907558,-0.9016508288530655,0.9207052705822575,-0.24962877137270276,4
-0.8996699843246176,1.5374927286753723,3.272543354658763,0.41462348266709576,0.18875891836973746,-1.0207320002887927,0.09630655452472395,0.5014611495154634,1.025411345506437,0.5081210338023409,-0.5978754967716898,0.36704945369264785,1.4043838631497554,-0.2730127645533237,-0.6468113241781949,0.5806117101635063,-0.06896783088820137,0.06293669209461902,3
-1.2535531793586607,0.5522846661284626,2.157675519744955,-1.223637108056959,-0.08795903600478519,0.8752068889719778,-0.29897296992743383,-2.4530306728468476,0.23850777939324672,0.5823072181738503,-0.08055615505834882,0.8619838660136706,-0.937761232175586,0.913580016901022,-0.034223429940938084,0.4532633069571304,0.005155050481080323,0.230146393133334,4
-2.0752785276471957,-1.221402562868176,-0.6731187220864121,-1.0751618839171946,-0.5061442967410671,0.8891091551138477,1.2403758079485772,0.8197838483565487,1.3421040588460766,-0.3469213904358119,2.3644287073930763,-1.3292546449223233,1.2257330445098968,-0.2951454994187236,-0.4131024773593414,0.7583757981419439,-0.4921582228513782,0.20478070810058768,3
-2.2597612879280398,1.8039597496690032,0.6245546150271959,0.348562851901869,-0.05632180369039442,1.7559135087101059,0.5701666903233491,1.169222928946288,-0.4271339907868926,-2.3012178097548133,-0.6630216139266272,-2.221564944852541,-0.9780511119599647,-0.0879776237185498,-1.0022013022481178,0.7778383840736232,0.22731181717470605,0.05885655750497937,3
0.32913462679985284,1.7007231468198227,1.1855580405432045,1.1483985997130983,-0.01473789687426905,-1.0120246417174585,0.04835487930494865,-0.42391274615952507,-0.624628584349668,-0.5703826095729445,-0.6253997734424515,1.1243768563049128,2.6184665722473763,1.1682694824249609,-0.7347842003465458,0.1970151009371294,-1.1207464487776455,0.31833387316926004,4
1.0784941167049271,-1.0466616182023627,1.4425445310553255,-0.3686769806445249,-2.0207607876840106,0.46966809718579783,0.5527979081992724,0.295691984898797,-0.2880480362692369,0.1987043661446101,0.3462266876989395,-1.3373919115445227,-0.6778303595184163,0.49368359325992706,0.10331999137144342,0.7465875279277625,0.17776169497806493,0.36992026370026543,3
-2.8868070862451947,0.342904067204776,-0.0033458965838953966,-0.8117928878368971,-1.0824131318588723,-0.5559505059664999,0.8458064729694292,-0.44578568771545923,0.6431630676909305,-1.943840559378975,2.2280845720525524,-0.7125811118691637,0.6670246273267963,-1.2663310284178715,-0.20315462178587199,-0.7396874507583004,-0.6576480689535136,0.5342436577688587,2
-0.6191214769864545,-2.286208581911017,-0.1519584742242081,-0.20899941129098565,0.26984875884573545,0.0040548204405645724,-0.6103972465027087,-0.5311520791606044,-1.3421729157488504,-1.8991102769864776,-0.2677688057282139,-1.7789813695902614,0.1835985061763349,0.6169725708845542,0.11772690607851158,0.3400473970151347,-0.033042044129466173,0.4504701456129419,4
-0.8884491028117464,1.7333455005456095,1.243604969842398,0.28317186951026796,-0.268231436538727,-1.2332838783745939,0.9940687313337233,1.7567493625453225,-0.26987141263043796,0.9746231082273706,0.19903407800844178,-0.978011736354757,0.5448263259930533,-1.5560825470979467,-2.1340213585190466,0.7682279010777506,-1.3720207273748566,-0.29387812089333687,2
1.7879632986690304,-2.659439227876891,0.21130274741157037,-0.4746040438846381,-0.5790206644065978,0.9374030085203523,-0.7510321307483491,-0.21477175670376017,-0.5827882303364543,0.697520647385895,0.3202155089045671,-0.35180206723219754,0.44093074367377716,-0.36994893181224703,-1.7849433988755976,0.9892239743961802,-1.1201881870478279,-0.9550682458453774,4
0.5190793597635485,3.1382874569061605,-0.23401897568046737,-2.5464444481085686,0.9639123362992795,-0.1404370045119861,-0.7491310462767562,-0.4323891089957136,-1.3685878634126833,1.0255921843021254,1.035210407136655,-1.7609790876705123,-0.8997599347513363,-0.442760911442631,-0.30847330473936596,-1.3198311522360489,-1.528424218416964,0.07909714388017125,4
1.1252717695674639,-2.8676148188716155,3.0333499550260545,-0.29644488856043777,-0.8783705716580147,-0.34631938381929495,-0.9140211579687028,1.3874620015907615,-2.1693042304588874,-0.9493521717163533,-2.035521643710735,0.14259223239483268,-1.3201767915284048,0.7809366875140443,0.4434071094781161,0.7696218992592446,-0.49514019279206095,-1.4751412331764706,2
-0.3245548934028026,0.16601948125344834,0.3408651181112856,-0.858182963214168,-0.08532463217587133,1.2310195082714934,0.006171510961255905,-1.6336323541782682,1.5620774031681302,1.3825821360639876,-1.5845740221874551,-0.4587735772910987,0.7446539763092513,-0.4131804222874293,-1.728498747703333,-2.016108993147246,0.5568020587910655,-0.13378231815145408,4
0.5716457779539225,-2.4211854049591093,-0.4636078168556911,-1.3765374443693876,-0.05584242639232251,-1.0819801530896294,0.6928760938101205,-0.11678154597998666,0.3679842995023863,-0.1109607636212416,-1.026601964836904,0.4096266012608037,0.6537666254635319,-1.021437035005196,-1.031123621643207,1.2540530491104784,-0.909422728026878,0.7188277209732488,4
-2.495565645323466,-0.6570260560367562,0.8241767309429221,-1.4881378067213071,0.942492571111721,-0.813992132091613,0.46357374128633344,0.41550784970013616,-0.870015147253146,-0.8309334499710944,1.773549033327367,-0.4347796278382147,-1.1037672807855705,0.14493577997118856,-0.21832314312516582,-0.9816530756948144,1.0009083890734154,-0.022431117365502504,4
1.4237920187612485,-0.5255869770575613,1.5682789202485103,0.1552930961011694,-0.09498123110492848,-0.13902003159413598,-0.008047100895091738,-0.2730525938793735,-0.48011580577015533,-1.4182048243006895,1.969990068730366,-0.20177857301283414,-0.6206921514136101,0.8646799139209187,-0.30881969306734747,-0.44382131645722345,-0.27661122557206397,0.7727331968131483,4
-1.137220069399198,-0.7651837016543196,-0.8369550581036833,-1.2950434391126913,-0.5406620143872032,-2.1771063613422776,-1.5953427563284623,-0.42169657465748184,-0.7779472751640867,0.9232572411382,0.9624916729604593,-0.22329207967440215,-0.35213408643357447,-0.31705351692448486,-0.9778959972238822,-0.5877959791325588,-1.371173832887041,-0.012799510331329826,4
1.6987156097934049,-1.5938053305867235,1.3018520884207008,-0.4484921556311985,-0.342362960360164,0.9589134404641284,-0.2544551146672785,-1.5533907303911876,0.24085836068600563,-0.942380566266468,1.0046749635030539,-0.6647013076486403,0.7796003071457175,0.389464697570729,-0.019907162660745617,0.02625289401007111,0.8765371403280657,0.7439966323341112,4
-1.7208681484474952,-0.7492409260866457,0.5979011789671147,0.3475802303772492,-0.7699052774897617,-0.7750755255717846,1.1597886119901106,-0.1456935653796329,-1.188703347692893,-0.3288868138408356,0.43763393926775696,0.8106672055249359,-0.7248477944874284,1.3633866346449932,-1.1186496182497254,-0.6990081708279083,-0.4500119374561283,-0.06111011539486872,3
1.9257746659799657,-1.2009058319436678,-1.2348125594527992,-0.9547775693399944,-0.9906136766682223,0.1869130365693097,0.6433013339622198,-1.0406797713830338,0.2442526083735766,-1.2008499269112376,-0.06855345809869119,0.47494690952136676,1.1545438759682458,0.35798917037899336,-0.596695708593634,-0.08355331089466746,1.0817077858653643,0.6935324252710884,3
-1.3338360769387185,1.2653297069001497,0.4562002053735645,-0.5001136584594034,-0.29887328045054223,0.14922232165527807,1.833605582326919,-1.4190156890037404,-1.0506218833662215,-1.075317871525967,-0.5735974593152655,-0.13479746957413863,-0.4468367218058169,-0.9185463590760857,-1.4476350452194133,1.2049469594254683,0.35932647564937337,0.020922550369829186,3
1.3789615065251126,-0.9507668101738657,-0.45663209790953174,0.29926021792797575,-0.4562599156426617,-1.5741813052145626,-0.012654648580690767,-1.8312278735068421,0.7079180109854303,-0.6011378932552631,-0.4710748154798708,-0.5431448938023663,-0.11565918583675222,0.8147495846948031,-0.7606075623149293,-0.1517860124505675,0.8539394744525663,0.13686598560968283,4
4.50463920416931,-1.8350244891192324,0.661855973752943,0.9576352661356566,1.6612204221323654,1.5719228928761755,-0.3658369483065037,-0.3540054004173288,0.209703323574982,0.36211135360505314,-0.2812575889715479,-2.871175806987998,-0.7435103535116673,1.5771391683738964,-1.6427006165793312,0.8093143190881891,0.09511325228375705,1.8395456724771662,3
-3.1644538819126953,-0.8568412166211157,-0.6941651967435869,-2.329978752153446,-0.49003468681082585,0.24675159239851915,1.483293804884797,0.7158959411327421,0.3653381232527589,2.5889467974699514,-0.5985871787008428,-0.8632182552680207,0.8222236542696659,1.0850993210950444,0.1501451797804967,0.24914939519795495,-0.00421791297889213,0.056229296427176785,3
4.966552560531345,0.15189544050571196,-0.6950117398725398,-0.6593039279633737,-0.13767206373021512,-0.6504001573070128,1.1338429623761848,0.9782387314854891,2.552575813006833,-0.09003847542214628,-0.9274586424318493,-2.799817678736342,-0.21691040643191797,-1.2849069990962112,-1.3837941165132426,0.708803949990783,1.6608574716979774,1.5903855811340248,3
-2.2146353055117083,-0.7728236564341812,1.6216494506299357,-2.556163107915707,-0.8237974380293513,0.682154543503715,0.05533599091536488,-1.051309711323825,-1.422241158357918,2.4955862762242758,-1.244825532360328,-0.9070764311125077,0.4882852039871363,-0.3637252080399523,0.4482734176408834,-0.8244471560118285,-0.8064735914014173,0.07515382598779285,3
3.924443953515652,-0.40042587784276334,-1.3203443276653335,-1.1394616699328866,-0.11556910273292309,0.016399657828461443,2.0594030297224704,1.110236882056961,0.19356072565813998,0.512977077276726,-0.39819374695170867,-0.38228871734771025,2.358136704724112,0.7613885214965926,-0.3646725925008087,0.2707306980616421,-0.9217373055606706,1.0038607642776,2
-1.3635479889838897,0.39486217886164515,1.0940425953777722,-0.8780488622435256,-0.02763071356361027,-1.0749008449428255,-0.3171584699938039,-0.11842329792033611,1.6943332590178526,-0.6067055713764787,-0.43074107622346613,0.9402792633476603,-0.629354085982638,-0.17081184402528982,-0.6820238657755435,1.5424829082413116,-0.175589506470409,0.042562670094949025,3
-1.624346184849848,-0.1706437003030916,0.2944357668155359,-0.4106807651106803,-1.3295549910877922,-0.696896907713781,-0.5134500996410867,-0.32805005225721934,-1.5063469448926354,0.18778107362842508,0.5910549588720558,0.33692550896074036,-0.4929692337284855,-0.3068275362356954,-1.604232902137713,-0.9516658094910596,-1.0495155034039807,-0.09982660586272221,3
-0.6621219826665663,1.288229561580491,-0.2620118577007914,-2.6388165785600672,0.8890861742566595,0.6863914717634892,-0.5042137385644114,-0.5586538568746148,0.02860303349780421,0.2156055013852222,-0.5897566338045829,-1.3007275849971334,-0.6606511612857412,-0.7507961661990218,-0.5428952370179442,0.4621551789290319,0.2848852857948008,-0.17311940305712586,2
-1.0005124087530144,1.2032229035553665,0.9983140184974534,-0.9056279661290003,-0.05474279582845604,-0.2475098315955158,-1.308045695541171,0.49089173887181836,0.3153794995830815,0.4509164227993269,0.9877253623352121,-0.24414220056131014,-0.0978939680822665,1.883022055501167,0.548788710991056,0.16721048279390946,-0.8900587836913686,0.2620411685156283,1
-1.971817908238178,-1.2901388311466229,2.774296976920334,-1.2501227002760569,-0.7389502571755996,0.23421480310952045,0.0792795696134087,1.5668219099921947,-0.8884018433762032,2.3473307376133983,0.7832668498371507,0.7628114250653533,0.9313358341868965,1.5518969776154687,0.5369619841946431,1.244116387774313,-0.7262546076021164,0.37777427484389214,1
1.4046733631705397,0.5404040063369455,-0.5763550968271538,0.26195469855751063,-0.7201026713656828,-1.2434023938801841,0.16477141405716617,-1.4202029371671985,-0.8688595483855042,-0.5285217366009576,-1.5274707467305848,-0.1922982821113507,0.749427896991774,0.5332919410828151,-0.899699416112827,1.0094046377383084,-0.6722063280675877,-1.5972723264101671,2
0.6555518955884633,-0.37446221163716426,1.7481983584670076,-0.21760928855690595,0.09375298681083966,0.16719279203466345,0.9489916175188882,-0.9680058702539158,-0.5128756625403501,-0.5278000267993881,-0.8476729364368297,0.10979370974595816,2.754153107478956,0.3613492096080437,0.25075928475154186,0.04580249709964704,-0.7757673372834476,-0.8054606081936551,3
-1.1835149586227651,-1.5026480624121328,0.6514547777424999,0.08669637437318263,-0.083353579307028,0.0782500502050521,0.4665498952262707,-0.12568333954765698,1.8482219665721664,0.6848390871583435,-0.753436769029341,1.115032139814261,0.7403701679776374,2.028669814710331,-0.6838145013702688,1.0266615677608735,-0.956043626875455,-0.7246817365399479,4
-1.3472922987434632,2.4672993224105233,1.064328535578295,0.6870221877014272,-1.7952033323446204,-1.1977280720789572,-0.5007837586121825,-0.5480677422516161,1.4582478769206135,0.0621713676670723,-1.2883028612409901,-1.5491977568354358,-0.6571384755081809,1.2440141767705704,-0.058972543767885355,-0.6127889553805667,1.7890862081395424,-0.2083343692360476,2
1.0658707618941334,1.0023575100689757,0.8636426465954268,-0.06257208109840649,-1.1715994124767333,1.0319916870977266,-1.3334546364587085,-0.13007366239756224,1.5231584254032275,-1.2540348328758943,-0.3717102055557853,-0.728310434455623,1.0095561053163835,0.6727747813530551,-0.010612339252590038,-0.1773443316520234,0.9448003981481347,-0.7877296881883039,4
-0.3323823702914043,1.5895100692926099,3.1500672799520717,-0.8856950283011862,-0.9242408750448664,0.11943180148932206,-0.8408589815384844,-0.15909949062925244,0.2994218198599445,0.9784923493095744,-0.11405502941006106,-0.7087540723721689,1.276775076908424,-1.6952056642008884,-0.6119277911553396,-0.6756298437375531,1.2999887078147851,0.318678437196474,1
-1.6631349770239723,1.416192503106521,-1.6854309309740299,-1.5277947947592314,1.0015393802400578,0.21750947544577032,-1.1109279820368956,-0.7489451394097344,1.4997982865319226,1.4165789962356117,0.12793795273614192,0.06448411765163574,0.8647930996323661,-0.15275861809620714,-2.3064218038527278,0.8864351022483368,0.9670256275843342,-0.12793520790441817,2
-2.5040904723837962,-1.2125710307383264,-1.332095736230372,-0.2015703904766403,-0.30608789686834725,-0.4919421121848663,0.47653611586928585,0.405704466300457,2.0767277152188686,-0.6555316990616442,-0.8451926981338879,-0.35256657697648713,-1.0442936800382716,2.463734139846852,-0.1983673900458782,0.32426243009086164,0.02702197028009909,0.13415965013417716,2
-0.8699175754915316,-0.9104488067973993,-1.0686960416032951,-0.30968457223694146,1.4395260807397927,-0.370575276693761,1.3077524023745026,0.04381877930735435,-0.6228605121461182,-0.025795299498821624,-1.9089253166680666,-0.3589018048867974,0.49369611867226443,3.421807856162266,0.22888394295468512,0.708123938241079,-0.04358848677645522,-0.3552389387520512,4
0.9631041118101588,-1.2767011675169124,0.5339806514225114,0.39351220344832993,-1.2772355985124886,0.09107976630308554,0.4440037710738338,-0.9252380884153799,-0.7162706543309492,0.04780052139830537,0.43622489516637397,-1.2721821861509073,-0.5216142466551899,1.0028071098096125,-0.7474861266285152,-0.6279285048597014,-0.5644041041401646,0.13666532077343418,4
-0.2842453014409707,0.7301666213437382,0.4843241699630419,-1.2656658896550437,0.07734663396969597,-0.6759142554319562,0.9789516767366383,0.182026112526321,2.1413844481070834,1.9222638573993625,-1.1712283726086044,-2.05331449990505,0.8715078214276709,1.3246579392899893,0.697038602724524,-1.3042643963384084,1.3614862123440243,-0.4524056387702508,3
5.192254408639742,-0.6681905613933015,0.053606900136306534,-0.20949004946302055,-0.22609066419536145,-1.5044618652861044,-1.3923874244372134,0.12138461965634216,1.4519819398893863,-0.5273984516553095,0.5476200920565198,-0.5969449206638779,0.9455173406310703,1.3155354077061008,0.12464655057031424,-0.9300377800033657,0.9803660846746173,2.129448664855886,2
-0.006372275709973659,1.4547264882820512,0.31972086207057027,-2.562941364415883,1.0791604831828836,0.7066611887966088,-0.931584487187797,-1.5064899330654422,-1.2835049131583351,2.4597822874500417,-0.0780616061434347,-0.8081113731284465,-0.6032709912805515,0.9075515435617952,-0.43352568201690533,-0.6605152719479738,-0.23450933246818878,-0.30101169019414314,3
-0.36420607316387804,-1.176491299849526,-0.8571651652669621,-0.15682650521318642,-0.40001032294594585,-0.28498703847840967,1.1307551828166922,-0.3534334053222967,-0.7275298180695728,-1.1104038325134242,0.7125221861470511,-1.8671594582606637,0.18106984025255934,-1.3059252998817126,-1.7617973584473496,-1.5022692366476758,-0.849432739518273,-0.9895541243603135,1
-2.3619882371481324,-0.9592593198968673,0.8467257189965576,0.5918749011335145,-0.6659968459843556,-0.6745777256448522,-1.0806755778284565,-0.03483428634826464,-0.28118456784899415,1.2382480519640813,-0.4621801861077757,0.5629672591279496,0.7705714709637602,1.1914376158014721,-1.70694367807263,-0.6372519275353907,-0.13484875437566352,0.7993200650256789,4
-1.811783831284418,0.512408648661,0.32815722370938977,-0.25996599959194583,-0.8484894230733477,-1.1766878537455898,1.3301850357108367,-1.0730694356816974,1.3658375075840024,1.6957777236320595,-0.01833338314562307,-0.851049727709532,-0.2425662903627735,0.3437008945176564,-1.1469105906997894,0.45012777234999035,0.6979071054983265,-0.07206628540648426,4
-1.0299221161898775,0.15172592158847398,0.2956872185046879,-0.789073992039469,0.6670996626724918,0.2064456937506646,-0.9116687349888967,0.5804948186571035,-0.38020010886799444,-0.5940574014519492,-0.012374228344490054,1.2246329503138451,-0.03736186045564672,0.2109290088683398,-1.9998628267213543,-1.102973718690409,0.7881312886251539,-0.13146483961688732,3
-1.708563980541845,-1.0006077952889536,-0.23140114185643884,0.4515171775190005,-1.3048110107278594,-0.20030630094434074,-0.9176625756550898,0.09289849957924173,1.035726279403737,-1.3956486141253457,-1.0595979587567004,-1.0321721524274095,1.1962705618573617,0.8083308842707825,-0.08364090029200726,0.05162246647942983,-0.4261847837291746,0.09563306421469349,4
-2.1784962723132093,-0.832279508900754,-1.6049760770102648,-1.9427337244380618,-0.05113649951441202,-1.019422381427367,-0.6497965886291144,-0.06738861764275018,0.4574163572818612,1.1676959133484743,-0.7323603513910617,-0.7154025638798692,0.6630573553165326,-0.4292601323716392,-1.0563873389453677,-0.3343678839981844,0.6218806584283247,0.10576949938271901,2
-1.0975327062089004,1.4646469776473103,-1.4610003268785199,-0.7084395340713219,-2.4325357278717443,-0.11202103287436205,-0.2925244764966203,0.10537002566160368,-2.1234465482041385,-2.014892119512548,0.20242668838189506,-0.36999681200100343,-0.6427780239436804,0.6295523048713072,-0.337474454904772,1.2463824925286566,0.42735551302296604,-0.07912705623030157,3
0.5616425439346916,-0.8899742197219234,1.1187376869792771,-1.16896715052979,-0.6933909498761526,0.18336513383713665,-0.16798156246757637,0.2359795955039001,1.2666448413817448,1.2978730974769797,1.5620630280769772,-0.6592255474896231,2.03627402819683,0.5993084739538759,0.25958788848777703,0.24470459630113053,1.1829570184918512,-0.8947420347932691,1
-1.8301959142319952,-0.3336259704386346,3.063930093823285,-1.2156882351149436,-1.9416133704047298,-0.04968293689680554,-0.49101268861594183,-1.2397333612281487,-0.11840279187319179,-0.5067982980661621,0.9374889328376673,0.25053711152448266,-1.131611811665074,1.2630235976934179,1.771719951486199,-1.0144874044427492,-0.6437124036174335,0.7379261520184676,4
0.6270713798785633,0.36746833018832364,-0.4055551225907001,1.2021405109964676,-0.7630310472979833,-0.17283711941936655,0.8733467869966536,-1.2880965485833398,0.2627477499283219,-0.8231720181498984,-0.15869871448033152,-1.5680513969645742,0.43866019109128246,0.6078768224563591,-1.6403092315528593,0.6532492709112485,2.112220049141199,-1.3495985774731147,2
-0.47554639514516717,1.2485138742255266,0.07198964222471338,0.09040078247393123,-1.5095182313476314,-0.7670872050495631,0.5192886982616446,-1.133081567219605,-1.161072599327726,0.029730612479521492,1.4338566949638913,-0.6465804596667661,2.302359058203581,0.03588622031889692,-0.6344702551375575,-0.5093079350950525,0.36861411629178126,-0.6382749242574819,4
-1.1180644724528088,1.2787170713849647,-0.09350171999482182,-0.5791678058381408,1.7797627170105816,-2.240674674579223,-0.7721927861297435,0.834548875240421,0.3258058919692412,0.18637619792266477,0.01565109373076665,0.26444729754809,0.2966674825665246,2.0342647922527144,-0.40338865644043603,-0.9518488830722319,1.1773315642977116,0.24437324874669086,1
-1.353439054890076,-0.03833200525333274,0.31907944522223963,-1.2039502192809246,-0.3566094583187698,0.47607926926703886,-0.3275744645768925,0.08853235117082513,1.4218096839442924,-0.41888964230500564,-0.4368974461703267,-1.386929964557748,-1.0366517373151696,0.24050206447851377,-0.1216923822422693,0.8813489788871368,-0.500647388434292,-0.5772323427775174,2
-0.9929383410134007,1.398623956658598,2.702391846145762,-1.800092198243952,-0.31320398015777073,0.009736384900945763,-0.20995238117856244,0.8388135933955388,0.6756923162814295,0.516393618604435,0.45647095376213026,2.173035124091072,0.8029559366876448,-0.7234049745296754,-0.8359899876235428,-1.162151593902416,1.0974424498963704,0.4886898214985723,3
-2.893095081359797,-0.09098831454788152,0.256137135421683,-0.9709762493457392,-1.223873346340447,-0.11689413394222901,0.24009598658842732,-0.5148813654132907,0.06229088058710049,0.8196544247328308,0.781834476473281,-1.6268015344522948,-0.034896379366026936,0.4722746256668641,0.03045882805188868,-0.9089929091154787,-0.5313115017805585,0.3322314141287436,1
-0.5870968956286959,-0.2107549681511215,0.9160523763807867,-0.3738772269730333,-0.6433225363447063,-0.8695134509881448,0.11361691309093566,-0.23515823944926503,-0.9364853135642283,-0.4745559361884276,-0.4638280365425134,0.7970605328032382,0.024890427252662207,1.9599901984668606,0.2583756567313052,0.29001796058784135,-0.15508262292768776,-0.1058898475672074,3
-0.5076755549989159,-0.9777775056002649,0.017316653468001666,-0.3100076059202594,-0.4960979895609579,-1.2280515669449596,-0.5272990120721597,-0.7333500890055774,0.14347469609987368,-1.4465676395477178,0.47731383620872,0.04281598763472586,0.44672097940435934,-0.7264287865941333,-1.0463198083471545,0.2696586991989495,-0.7681662520719739,-0.9164889365129923,2
-1.0520671200297724,1.441153534269332,-0.057495376284022244,-2.028092741443786,0.970119512128678,-0.15302554028078,0.7872301530845961,0.9325273029733234,0.030504466500347143,1.2400926082028734,-0.599001651072143,-0.5294711559760494,0.3301755729661,-0.853383175734456,-1.3863210710738694,-0.2465513793604517,-1.0047920812728794,0.41545893940251055,4
-2.0463336890797126,1.9895535107642024,0.04038645834959835,-0.8872464377126906,-0.07791332310928234,0.12907079783735292,0.4738965859303031,-0.4259184609941258,-1.019117379569636,0.3794668310449919,-2.3912869893244735,-0.8655700652248668,0.14496132805284362,-0.14311345561830147,-1.075588746826525,1.7254652372921049,-0.18899433728985765,-0.027934588648208945,3
-1.161612024321292,0.8067670521111816,3.064329838378131,-0.6367697942232163,1.1149683162463775,1.0654769175880232,-1.3935220173253688,-0.4886333603754042,-0.16135779962615718,-1.164582964605632,-2.4445871914396657,-0.49586679437521974,-1.0216719900667615,0.37513432840420263,0.020428575131299507,1.8337119886808362,0.2605490324432284,-0.552223429438585,2
2.617133950311053,5.058324705889428,0.8172626290525015,-2.6769340575806795,-0.7252879752775034,1.5242052134460327,0.19667584632232768,-0.04492422815541612,0.8765414682236494,1.2715538276463059,0.11799951517742224,0.5475285188253456,-1.1060604910913008,0.5721729116752113,-0.2918983148630765,-0.1053777030420149,-0.6788486741465983,0.2602834563296332,1
0.20367138967586496,-0.44093729570661133,1.8026154398225098,0.8033078923573411,-1.2826602799568338,-0.02541727493238328,0.705261037528121,-0.8422255460396184,0.05943125836571977,0.28431554803747455,-0.13364352385125353,-1.8443243823622442,-0.9781316467789415,1.1177509507654195,-0.4472814925579363,0.03164146544209624,0.27369738447821884,-0.9140263454243229,2
-1.3584450789133138,-0.13594522512397833,2.2119702406024255,-1.1959826168762975,0.4949473202183881,-0.7938251330830117,0.3746527199061666,-0.39061080760427064,-0.946426893666538,-0.7069087167918762,0.9005999392100097,-0.4927947958316428,-1.193932004306628,-0.24461349979682268,0.04558458479270233,-0.8754847565706346,-0.8338475470757705,-0.37986456733764845,1
1.3529577732834175,-1.7755758290446273,1.1676257279641031,0.19586223664227395,-1.1527741777371792,0.4881797949227755,0.5549162768157406,-0.02106735134037821,-0.5087316404874793,-0.8077733952429705,0.739144814093234,-1.1485541336167122,1.1830772790229247,-0.04164366247771051,-0.6520631795008868,-0.4738536012546192,0.6635664893337,-1.8368336913301526,3
1.809541138715588,3.294233861168416,1.5311440355522872,-1.1106657904933737,1.3118662963754397,0.3593534205353817,-0.4333743064178148,0.3385508020317057,0.2484164042534941,0.7523585173341354,-1.191927877708017,0.0545824192002003,-2.1961700186030497,0.15725387458165382,-1.8808514832708139,-1.775539505320261,-0.8919475554871402,-0.1540375180121632,3
0.010413605361424924,-1.5644698019381071,0.1467098038806924,-0.6988968277355767,-1.2346230554254085,-1.4237571899814698,-2.5018517574560826,-0.04469863575622365,0.28064720544814276,-1.0088633547798351,0.582975666662224,-1.051055026886915,-0.01283456999800913,0.8565219544019289,0.7309012641931728,0.31908519513930333,-0.5565686727381819,-1.1009049821466357,4
-1.1516638845238405,0.44656857324062166,-2.402206661712335,-3.2692981841283246,-0.09779171780124424,0.7114940318822423,0.8665908993015516,-0.8531769182480355,1.2610006832578549,-0.053952477094550574,0.022908126499169616,-0.34218201668332837,0.22839454828739514,-0.6730215595082942,-0.6555185065163438,0.9092584474222879,1.0621342196003178,-0.14466080221954067,4
-3.1748722660203175,-1.1416644668988927,-1.4301654604631926,-1.105097231186945,-0.3166900201985273,-0.1477988881886641,-0.9180218608796612,-0.35908576194239183,0.7758060725803546,0.4653414490523762,-0.08391450178189168,1.3095181486039529,0.8809273502729258,2.2963265237848876,-0.5994368517198256,0.7820841759921165,0.9739430631658355,0.46531776169545325,2
-1.3409174938241304,-0.7476829758112442,-0.24127101629426828,-1.3245134551826065,-0.9720660487211144,1.59333169984913,0.869962013904534,-0.6746065155360111,0.7746231528412278,-0.14722176685147004,-0.29436723728271535,-0.19535214708911708,0.7126961197562053,-0.12673776068469264,-0.7770629541762278,0.2925873769053391,-1.0878487801815913,-0.6058220236719087,3
-3.310423971000771,-0.7454471565541267,-0.3314940361527982,-0.37100561151115,-0.1044364082291509,1.6452187935701923,-1.0117086076084278,1.7033343182402856,-0.3789631447508679,-1.7319105475451624,-0.021883821893032323,-1.108863213271029,0.8295930244822524,0.9193061778552596,-0.5193616661875823,0.5807076127691528,-0.21983086617699657,0.5538595208497078,1
1.0234197588730738,-1.6661743009659982,2.50149161338067,-2.519490759286304,0.12633458995830596,-2.0656266216078203,-0.5302197106594749,1.1153313396152773,0.193341087878456,1.2387453254999783,-0.25216112336557933,0.40852271029329634,0.7628675244614602,-0.8249595269561256,0.5971489926617666,0.07873882180503738,1.0298917531728973,0.025463729897100267,4
0.8397124790852211,2.0850275134047553,-1.0514345936909364,-0.24654765397443504,-0.8324471062270439,-0.5294677774713409,-0.3675600770300875,0.9933205392321856,0.2428496966580407,-0.28098788516943535,0.16529327617303413,0.9580957318880357,-0.08139500284406705,0.3750008437046382,-2.2370854824155972,-0.712260934299465,-1.2018255923825938,0.4682542823546679,3
-1.17736314406455,-0.41000943171257603,0.9972707307289082,-2.120949439326396,0.059726566682969245,0.6397030919427518,-0.3723976764967107,-0.5169422761180856,1.1181495655856748,1.4660848595623392,0.1238455823879963,1.1523696034551574,0.43201036691769734,0.6869249109203344,-0.5346781508047161,-0.13483673201513025,0.6206368781995419,-0.5287047420135833,2
2.3481030325125007,3.860485571051416,-0.3031398056650358,-1.0890881976098443,-0.054968549869176445,0.5943681299932092,-0.5158910402645345,-0.8294271948414789,-0.2982027903304912,-0.4836281329727497,-0.3839827672546285,0.4558462603420134,0.03172511935063199,1.2354979291510042,-0.7005421634038101,-0.5149113713187548,-0.07057502515556115,0.8423197461090827,4
1.9621142760373629,0.5754789322845967,0.7434075993177374,0.3717605176053505,-1.2572605976505091,0.08913136140904904,2.3057634706145422,0.43767513372275774,-0.7678626648835485,-0.4169081356771168,1.13088006826341,-1.3156296055972783,-0.2122548004509625,-0.5801390060476722,-1.786442877704711,0.5376673563133145,0.29794470985744365,0.07342986651450929,1
-1.2786432274593094,-0.34060611810315183,2.1731278046368896,-0.25572080537093167,-1.6098705520463765,0.15914265417637696,0.3429127766077157,0.36866188998750166,0.9571965517891294,0.7255395115225245,0.2980505728431511,-0.9459478740925564,-2.0661014841848506,1.2108061358133972,-0.07833706563029708,-0.36186107300548664,-0.7564056817067963,0.21374977435413525,2
0.2816823355379856,-0.25908288883489433,0.10539572590164531,0.46262081381931625,-0.7484555190206045,0.10050962595700175,-0.22956522495685222,1.0401514886182648,1.0199504837995876,-1.2932521821044762,0.11184871033739334,-1.5307617710387191,0.6830634052317531,0.8818203510150452,-0.5315877343632146,0.2667277587660465,0.004894886974769089,0.18433971651957606,2
0.8942622587967303,-1.5765193902227201,0.05133828961997043,-0.3974607793703962,0.315536540293085,-2.4470360662471413,1.0258739448912337,0.9020727055684634,-1.5921640242211466,0.2193798232109135,-0.08616824071095866,-0.9033165801703489,0.8144455859442887,1.161108458230229,-0.151913714804715,-0.03862993909519215,1.0383797328392586,0.48723680621386545,4
0.616834984810932,-0.6878666875350637,2.385423097462205,0.735434675710344,-0.4566918517141596,-1.1133227723653116,0.8730075274194147,-2.212012254210584,-0.9180917894662897,-0.837126859303147,1.4024100995611397,-0.955201130981508,-0.22502270508821448,0.6373617034944487,-0.14403794205466428,1.1229514288163491,0.30531483408575555,0.8944120383184018,1
-1.9255230054661783,-0.9591470010765967,0.7020527225557572,-0.37298656333295077,-2.3994929174310893,1.2107023524031253,-2.214965309167499,-0.05491248118182336,-0.8772459697597059,-0.8694825558150483,0.07207069382271615,-0.8724821042503091,0.996679739627342,0.10992968512707584,-0.1992294034601165,0.06735917269256299,-0.8090240150889487,-0.08594751664162095,4
0.20846906911648636,1.5926733758735894,-0.3700610607703362,0.2211013530381677,1.4424633938831284,1.1714840424143351,-0.3300403813872724,0.12968078204960756,-0.585753114927242,-0.5438504777019342,0.615269255460018,-0.9571132496950525,1.0387861725137988,2.1676857096254083,-1.0687619815945135,1.5113865060104075,0.3098917834322431,0.47218028534904066,3
-0.6039640881387905,1.884660234134192,-0.13388294989796135,-1.281483995256376,0.4782149504537114,-1.277321857507562,0.6277244918158251,2.31483537815145,-0.5126589384141361,0.08181194042762821,0.30413003840297587,-1.3983866252941304,0.8640773284588708,-0.5323566321045273,-0.8220432262310722,1.7521906954673254,1.1690963815919628,-0.1978482008061636,2
-1.535651554756989,0.5361160852693726,0.478824799836759,-0.42224383937493803,-0.5580650525933731,0.2608362669274097,-0.23663844634551978,1.6398559534094748,-0.17285495504015888,-1.7552976290813993,-0.39283402545081253,-1.903760231147652,-2.1041993296796777,0.4395321218762331,-0.44879598684623195,0.2581315355046251,-0.20569568751605244,-0.5184023855379846,1
-1.3705642888464828,2.087511870225048,3.0453140923164193,1.0644060035281335,0.009646620732980093,-0.2620041277142908,-0.18726532920260228,0.39423520645783255,0.16592289180311404,-0.2802148754701536,0.20454760199284158,-0.22683745279828071,-0.032304404847518176,1.6195716218594018,-0.49670090067598033,0.05146077332040929,-0.08432645583440508,0.4764888319818968,1
0.35821164985756077,-0.6723939271955682,0.3780481356774408,-0.6141371232185432,-0.9471821651034565,1.1598456530571322,-1.3703237065817404,1.9261862624210808,-0.21867212137510764,-1.9973974391200315,0.12260895481269751,-0.8308961526482599,-0.5043813049460845,-0.36701379520017813,-1.0076369431381078,0.5328661163562604,-0.5847549565239175,-0.746123181817652,4
0.7417282850653403,-0.8657437802789619,3.0631633419404545,1.0601116129113175,-1.7562897230596017,0.2909035986563474,-1.3843459622932095,0.26229567722324637,-0.3820326038860982,0.7277606873852592,0.10237376846842558,-1.00548703187154,-0.7978427940438799,-0.48797379559281423,-2.027320380034967,0.7792000322798003,0.306802772032965,-0.8737979430540973,2
-0.44177009636349474,0.3140039040164359,1.3309159105951924,-0.3665222848569086,-0.5457703027272446,-1.311761195314436,0.004067061290562104,-0.7966235709132164,0.09135930232788665,-0.32062871353487366,-0.3530238580266872,-1.6594620828437987,-0.6004785822231616,1.394375386479384,0.9216549625736711,-0.47603706459489586,0.05595393400215163,-0.43282724730643124,1
-0.10882635199211235,-0.7721322039141394,0.055033532970086,-0.2781791008389605,-0.14350789891623766,-1.4011436898194252,-0.0070933508578809095,-1.2279211235859517,1.7318990902820726,-1.637487541623434,-1.5088995762984962,-1.0225045233346055,0.4758899932767836,1.5938454115973277,1.1573902975770518,-0.5600993284901626,-0.3095665985475374,-0.7452382878072881,1
-1.1820800821098278,0.3759320469140954,0.633268178206562,-1.0544032702743615,-0.24935421885139575,-0.029081646671025172,-0.604662766276513,1.8627231696417057,-1.7519198409614962,-1.3315463272529746,-1.422794652564615,-0.9728954275870602,0.490735545525361,0.3988093186148876,0.056445676733794324,-0.4018518655993969,0.8630807309985185,0.18690530544862913,4
-1.5400656237420762,0.712383454477492,-0.6832498130295531,-0.482730110482995,-0.06903877575637836,-2.278174244940555,0.40323828288177077,0.3969270151778871,0.8829814415878329,-0.764310666068194,-0.5930526199736204,0.5586779562757148,-1.1623270069556848,0.13369202700847704,-1.5084995948082884,0.7249555589923089,-0.8096535840891473,-0.14096705450639826,3
-0.7364142831595983,0.9842965108452468,0.4513193193847465,-0.11666489478041694,-0.500383523217479,-1.8345289936343683,-0.28719898368713787,0.3935012336133428,2.5995015018870893,-2.197631697562439,0.5909370139500465,0.2047371402167288,-0.557552981147287,1.3359297532937202,0.44361168067690493,0.22753038673062156,-0.15039614514435276,0.21542608184055473,2
4.184649160827282,-2.3080878414521195,-0.6961971247340439,-0.9803404559238826,-1.4492162924543084,0.8641314469498874,0.5358294056382151,1.755330486933936,-1.4737503504818503,-0.2484653476854976,1.2376847393728643,-0.49076345172145663,-0.7877737661176034,0.30543326013149497,-1.6704452624737653,0.34837729901892167,0.8366679907250608,1.3175496710206849,3
0.19420370077180546,1.2609933358813674,0.30477520027607935,0.1873800257269194,-0.09711047303252629,-0.6647553641340107,-1.5953624889380102,-0.5528742057260313,0.570663599920564,-0.04090107702119893,0.3445835775636991,0.11640692042289569,1.5862642578725856,0.6722272334806811,-1.1605181090783676,2.0929175322432543,0.5076044814523624,-0.24441487208730836,3
-1.9825899530660176,-1.2510000415766145,-0.03051719637371968,-0.24835825008581627,-1.2405798226019584,-0.118537402652199,0.7837431223290464,0.5007330413960341,-0.12909097527964133,0.0220169769788528,-0.06576885778967434,-0.5396424767570588,1.9882972038840623,1.448975126159012,0.09445605068231891,0.19468075551185424,-0.15825549539348419,0.1269987502784647,2
1.2310512636845505,-0.17251389012724488,0.6418154835498324,-0.9025370561695716,0.8908664741108788,-0.2559771076950065,0.9722665542107015,-0.25320050093580965,-2.940289025958404,0.6673415482232125,-0.03877752541157936,-0.7506536280603245,-0.14588239977578368,2.0193214855400323,-0.06378847348416564,1.0526110713725352,-0.46123886557035026,-0.334725107891612,2
-0.38248397578150994,0.9951690916748869,0.2627797728418547,0.3831165798908905,-0.47231345922880225,0.834293087086961,-0.4676973620707693,-0.9409471882909786,-0.6164873684621236,-0.4264502349225306,-0.44691066602460255,-0.5214432142116651,0.15067581298884689,0.9272745429784386,-1.5168639036461191,-0.17706887460667314,-0.46824535971575326,-0.38502977357154217,4
0.8276924294597523,-1.6122661546061936,1.984422142165085,-0.5789257766274731,0.291659397290677,0.6801845454223909,-0.9514111668622508,1.7007441102591727,-1.5192502998889823,-1.8959247435332194,0.3440257579224304,0.03943010636433939,-1.2037124104126475,0.7778436143159158,-0.7047942835011648,-0.06981064831513902,1.2980151632545485,-0.3263887930538186,3
6.518290985277791,0.20951684745194554,0.04627192892056699,-0.03985426742132892,1.6489743993112846,-1.2425096507261808,1.1239861410914742,-0.5777471345513615,-0.24122400570141667,-0.08310755502162721,-0.07608301574307451,-0.17805211146606573,-2.4708057081494146,1.3009529649944926,-2.2515018030856164,-0.12462491154076732,0.49303172011465785,1.198145815688223,2
-1.4412716464731261,-0.8455185953920615,1.1841258276454658,-2.5739317560923927,0.3739261182194025,-1.7647077414410228,-0.5650680430129773,0.02095657840522444,-0.9045119469545462,2.1596500794963513,0.3381657370013628,-0.9458078711397125,0.9677847791430504,-0.6217477036879557,0.3690752431684926,-0.2873744976348331,-1.44148479248732,-0.2619123665163192,3
5.106115676578317,-0.46593774026459295,0.41273356719674886,-0.6192753570062797,-1.3250173743593572,0.07438076541286637,-0.04750803683244164,0.1472634746977907,0.06472574695985421,-0.4126959822608556,0.02807629354438937,-2.4861302151736018,-0.7617738697146853,-1.2548269854358725,-1.0633850034062724,2.131515890987495,0.15908715174317406,1.3309737374861486,2
0.7939586767511777,-0.7877394886139517,0.6060543002119962,-0.7312535544021037,-0.777325776858162,-0.5108434729215163,-0.25891661077174716,-0.46562995358051396,0.41801401310758607,-0.18684630184215623,-0.5451197275658312,0.7048560473054681,0.48376749940234204,0.32154120029528815,-0.6884224744849452,0.9213783609888941,-0.6994684565508202,0.9063484617192206,1
0.5910464563709822,1.333645471024416,1.0099153125983278,-0.8393733324150198,-0.4679206777674711,-0.9214621229942621,1.0094498129942966,-1.2584080752301727,0.7005383358755337,-0.9402177578013357,-0.27169342317917183,-0.5879653782539211,-0.820533279752103,0.6370003125865819,0.40879160217989496,-0.13982974784407032,-0.8873502410238063,-0.44724257213171886,4
-0.21673388039084193,0.806163965352959,1.4896755489797011,-0.08470166969342066,-0.9787641997657851,0.002980873850063509,-1.4978710608274657,0.4756227531457188,-0.3803611401924917,0.6923544540605266,-0.5843503463644442,0.6796511434458418,0.6671102665564062,0.3678435414885311,-1.7787820462281116,-1.5815851812936972,1.2601233971662413,0.5240994524496653,1
-2.153158801941994,-0.5402913228218597,1.1107889879551165,-0.004282998196202645,1.5259384576265411,0.9716100413588974,-0.5714903120112707,-0.9663994066910641,-1.2256463246465636,-1.1919157324265433,0.38007905230487476,-0.8102605969167803,-0.29629312923686935,0.7839278790582697,-1.322976759032799,-0.8206394144496427,-0.3171342400305734,0.48940913152383014,1
-0.28597866303410846,0.6358454536981569,1.8628698630389804,-2.0454019754354658,1.494548849004259,0.4356979812210938,-2.0422848742206314,-1.1259894827654728,1.5886070881412357,0.6229594924925159,-0.6079675996976143,-1.419821616482908,0.021022384091810706,-0.17752561889430815,0.0921671979043933,-1.1973066711058424,0.6005046619593991,-0.4516794598918906,4
-1.411438149600405,-0.8486102232451037,-0.6276260050945922,-1.6379759231780628,-0.5717004607219403,-0.320953341522797,-0.7778063958990714,-0.6861453780712072,0.5711804338086415,-0.9837070625013642,-0.059044759340047485,0.8142431418501026,1.5938229349649202,0.948967034461257,0.26940188241458995,0.10929020625806582,0.9322062884046356,0.1351412661283938,4
1.9981380815612892,2.9811499788410742,0.5670625191641603,-0.845957908027633,0.27476584350029865,-0.9831953493147899,-0.7745331574398152,1.587202585979058,0.38095738142311225,-1.1327398024553317,0.8542460003506775,0.4541366565134769,1.349275828405892,-0.27657710230694443,-0.8167438961031533,-0.7824310113508642,-1.4960947511558478,0.6921134934927087,3
-3.48247863954498,-0.66163779940257,-0.03464812450226769,0.9249398326058438,0.7013808325598778,-0.17750309667296632,-0.16756981159129694,-0.033328656628105,1.7232416963090353,-1.4963585159713275,-2.1456462199643758,0.010566076239603865,1.622004254358371,1.002501643957961,-1.3819754976806295,-0.3386372219504589,-0.012269709116037485,0.6474575341384602,3
-2.587333064551159,0.2182602148642128,0.6244981808565634,-1.0731168444679304,-0.8048206013959082,-1.989099987290891,0.41767583417588805,0.38373268740616695,-1.7747842507336193,-2.261085538829161,-0.12195683344628093,-0.23038595483852833,0.41405389623973415,0.43737316019546146,0.9273872761232596,-1.4970176566641555,0.15490473369566532,0.5697312737749134,1
-2.167944838109724,0.012818109983776341,1.7566612966392225,-1.0251012874752359,-0.5519045706809662,-0.3039528263208023,-1.1627723233101233,-0.08732714632516334,-0.4615630192448411,2.533327209191719,-1.8546374265319914,0.04713588410784196,-0.5350612814474741,0.7165921599925585,-1.1542832934327933,0.21992661352568896,0.43725802245066536,0.5137562159560682,1
1.063443323298328,-0.27469381434540324,1.6398953866608716,-1.7840122689347624,0.4521977473442895,0.16403641593192123,-0.4712883256325405,-1.468095813657822,-2.0956006041856368,-0.8422660035895797,0.5712800235556988,0.03591039871603651,-1.196396872433383,-0.5165914873452708,-0.7799708328086404,0.03729906903802258,0.9768995892542105,-0.039453731887159935,3
-1.0845599042410907,1.9246883784543958,0.3467340994357913,-0.8315639626757049,0.5415847204298296,-0.3210965246869371,0.6006537606732106,-1.0073290905359245,-1.747661111567026,-0.6663624419590267,0.20134560597272846,-0.9930051086356112,-1.4035383820677119,1.0268300194553739,-0.6009829874202135,-1.2874745752428987,-0.24880030970029365,0.3335160910131209,2
0.8769711240073063,-0.951857874386102,1.6183100521238465,-0.06065532508710257,0.44405153742448233,-0.04916613898006451,-2.072356976037176,0.6748314863211491,-0.9236078808571054,-1.9077483113986229,0.088027237090776,-0.8608147084089193,-0.18194907680348024,-1.1256072457059927,-1.803641810859744,-0.7319127239087887,0.8406468900377646,0.6781344223988691,4
-2.021871209339001,-1.0567577978998854,-0.8991600100121545,0.14177322095674763,-0.4150514182055688,0.6473913704783479,1.2536320854316971,0.0941147002082247,0.8533539616145143,-1.7720988647169473,-0.07976696979696668,-0.703343611376658,0.5287152451213389,0.6709638332004385,-1.1964678578366368,-0.415505358472261,-0.5861526367076076,-0.23047852928238358,4
0.17647861220289587,-2.909184747012256,-0.413296345743019,-1.0962998523737357,-0.7369103690787466,0.3596472273508716,0.7879961446411302,-0.4940994991173306,-0.9276778764402395,0.14248639406479574,0.07194247337137816,0.36916639663875334,1.557641600247155,1.6809341561238351,0.05700003127353856,2.0764519467984544,-0.9443355676245889,-0.5859079080560093,4
-1.8755148894623093,2.2161427814402432,-0.5155471309414897,-0.8604916603385925,-1.356180474623062,-0.4588639268016685,1.1650958574777512,-0.2503890965648601,-1.6216718730613262,-1.0482764437091792,1.286653866363294,-0.5508771657724231,1.297866982184855,-1.1391309574642992,-1.3951351862560988,0.3542292568714768,1.7030400120136262,0.053417926008181106,4
-0.7297845906581432,0.002609624042121765,2.1229359130659993,-0.5882805133696406,1.4058164224401177,-0.8498264799456914,0.7574767066504986,-2.588246005603343,0.06914632004507587,0.19181757446977057,-1.0820822205933904,0.3247963217570411,-0.9906863148843654,1.336800828443542,-0.3480280175454823,-0.2330754688672351,-0.45491443838080664,0.46651864450538516,3
-1.502218998902027,1.0022331653874288,-0.11937971443573948,-0.3357527752315238,-1.1230573976747937,-2.4573651858073986,-0.6975749015002739,-1.2103236101482477,-0.0847003141770949,0.29547485995106176,-0.288976093847043,-0.2105735474752532,0.13459865570751148,0.8314455691457914,-0.27324232471722915,0.6717775841405139,-0.946349400782356,0.3931476476492219,3
1.6277915999469255,-0.16823541456155056,0.1888345815774438,-0.5795714890371886,-0.9640087843206567,0.6491632133235695,0.5060574497848608,0.5792249046145066,0.624206765412766,-1.4950778056708642,-0.007001472829126084,-1.4165089806179567,-1.1443224422571583,0.9485524332522939,-0.14785572128800434,0.1655602449395741,-0.19785006886772977,-0.28865935609888466,4
-2.1266600527097483,-1.0289817149205056,-0.20348070997597967,-1.3014718481326515,-0.5253894092928716,0.06699247192731443,0.016155624356406516,-1.2142623473670766,0.297534567033813,0.22179339059739667,0.354460997460235,0.7725772103002714,-0.6288165999513927,1.618139923429123,-0.6296389301371569,0.0648100639133115,0.062799628045225,0.37868860061915255,4
-0.6119670025843499,0.7109508107649136,0.8510861224706635,-1.8500755122976313,0.4528016544724709,0.7522627663726719,1.8784745722691525,2.0678302433060183,-0.9833038615777902,1.7621582237357336,-0.6797289806111969,-2.592325236910271,0.0667905145628538,0.17330528234833945,-0.3545542649184142,1.618544631594452,0.3733486843287573,-0.5963128063715148,3
-2.036432885322677,1.4764776371561148,-0.3765032371347775,0.30808591812248726,-1.3379137752665764,-0.22903869759689233,0.4152803786460627,-0.04803633979081682,-0.659509982884894,-0.9174524021502569,0.17088062626829625,-1.6568007388218655,0.7846167101145121,0.58461324329211,-0.6670254982133137,0.1411874318095793,-0.7586664221772857,0.08963094321041244,3
-0.718056728628544,1.6531975023226197,-1.1865312590145654,-1.5718591361103587,-0.9043313373843997,-1.526354604027275,0.30671698190868624,0.21559517285004473,0.9479251014570083,-0.66297673059296,-0.062791454618153,-1.3965062204060232,-0.7205375127943302,-0.678516851577782,-0.8229209159088228,-0.30160928593691755,2.130800520423204,0.10667251217174108,2
4.50191253889272,-0.7504354788755404,0.508251225660039,0.8343557261484333,-1.5522130347576575,0.6561938472561344,-2.081721577272511,0.4357602981470978,-0.27659263485363667,-1.3119083526555946,-0.9595160292987236,1.1126526794338922,0.954638582261291,0.9391876866553039,-1.9327122925758173,0.0357178237822583,0.5359572850002127,-1.6336287257248556,1
0.24971968054988888,-2.6945249996492087,0.20824396935652675,-0.9297575771928345,1.5807626012752831,0.9122466947536935,-0.7348327285760229,0.9381019426513608,-1.2614734828585679,0.650154870237601,-2.2779397514701234,-0.45710732257813275,0.8971195317801707,1.5674127337694435,-1.1393386724992616,1.0251827369989692,0.758675327723597,-0.16206243790977745,3
-2.9204742001091764,-0.3542791626457328,-1.3158013085666205,-1.267928363317264,-1.502168832096885,0.25064105760113103,0.37713114485962046,1.1657373909667765,-0.08706635083139595,0.7281716303526429,0.48380326808978,-1.7437814865530648,-0.22886489709070282,1.5142318746858356,-0.29128142282232244,-0.14510353706376497,-0.10588485072509558,0.0738828772514703,2
5.445183525314707,0.48928980277417805,-0.6191511828232993,-0.4764564919243292,-0.2883039697182894,-0.9557404573524694,-0.39088573154111944,1.161615367363177,0.13958413655412194,0.4795210191765628,0.6352636168663763,-0.8221331210910892,-0.3874377304833283,-0.3287769535262123,-2.366287410975185,0.7832823128456367,0.1121534811254552,-0.5271048504851013,3
6.213697493385027,0.19519742212813254,-0.4760544042617379,-0.22977695036762225,-1.0794554329937058,0.30149381264825514,0.4422456394334817,0.678157153036879,-0.06368621737745857,0.04359910576935164,0.428637233416662,-2.455062457482487,1.1001992010678616,0.30011794673496955,-0.8799080040604182,0.00024053671558871842,-0.2963887480586513,1.475740298048568,2
-3.0108429858846697,-0.6003858052221649,-0.01755836053947735,-1.5077615346617395,2.727933887237939,-0.7906793197118717,1.2111530469613248,0.2934516162764661,-0.09742164410062133,-0.5727490541861978,-0.39119955959893665,-1.7623568197849135,0.614055066343258,1.4455976759217548,0.6271732265322872,-0.008464956213658736,-0.19166251572930934,0.6319936320579091,4
1.3007876977022599,0.8396974598626346,2.696452258373198,-0.46048536220582487,0.7401094110409616,1.2221092494961667,0.516233134459828,-0.5685699304136222,-1.0718049974309594,0.08657860885940019,-0.04748982108094648,-0.010887164885831224,-0.24800181192838844,0.37328237228232514,-1.4102141442356342,-0.22040028151147034,1.0623597073019193,-1.3127299685249953,2
-0.5520498340371355,-1.5649031868567043,0.6584975483916546,-0.3283398110753353,0.6437012295906961,-0.04218150126930232,2.121323175920859,0.5716981975074875,-0.2692042495097492,-0.39432070206116543,-0.5137456625608696,-1.974298524397077,-0.2749011224650498,-0.32293149323337417,-1.38083174515385,-1.0761725442979377,-0.2505665004802825,1.3155551631594722,1
-0.9303884602248328,1.5131078293518994,2.594635235446952,-0.9447937849599479,-0.9853469198404954,0.3502453392017558,1.2617828572087697,-2.0825581342523054,-0.4526964217746076,0.7588199444568516,-1.34888574019855,0.4683804897209451,0.6284366224357479,0.42523373503727935,0.034115628873028894,1.1670291052295116,0.12684239587292614,0.44670253824281175,4
-0.15548588313239162,2.1529032317339767,1.8144706398114367,-0.8410439694701805,0.5913925878970616,-0.7538535316407671,-1.4709397544252127,-1.7881732579719352,-1.13525588728064,0.5594680032718763,1.3538288481687857,-1.7846154811038313,-0.38200783835329793,-0.6444043125969313,-0.7860402522477196,1.345191634908609,-1.0107092647227258,-0.7059248095934818,4
-2.8215371958999036,-0.03997315008224142,1.0882545406136257,0.502284037820849,-0.12201945212245034,0.3331672974524797,-1.514066836956611,-0.16206591132976542,-0.7784915318213037,0.11129013168383793,0.09211586416246745,-0.6819735632403716,0.5596006553253131,1.1944972397358107,-1.4930544242384192,-1.0965842272626884,0.6026964308934815,0.3855482668064434,2
-3.0105181629433293,0.0011605557942243653,0.006594090863300733,0.006595361096046235,-0.5696361707443607,-1.2898781861144961,-0.36414271749148647,1.0664895894561806,0.8953922960842148,-0.9623813214064068,0.2495983049569809,-0.7328542183236442,0.5906795676521099,0.4107756920585666,-0.9071204173098193,-0.6095554054310113,0.6205772095182707,0.27547430561968106,4
-3.364957298672239,-0.7513507137384037,-0.7111173071481469,-1.980195435597464,1.947633050042382,0.047219112921795106,1.2606696533000685,0.10366405027213188,-0.3809113108140021,-1.513260496606683,2.1384747999669207,-0.3771772697292415,-0.7944733506570326,1.4376850035872728,-0.03655215017242028,0.2871868351210959,-0.09420222377896842,0.46756305757647987,2
0.677630516039331,-1.2781357048857573,1.3691810608701727,-1.2243739090019814,-0.45178179051519396,0.16676358263811522,-1.3832697156571003,-0.7942639843037426,0.9507367622263325,-0.16913446054920972,-0.1738397000640489,-0.0949296417366133,2.018008867383253,-0.8956966557516648,-0.5772590710301537,-0.24100267469476874,0.5246153059445284,-0.9987249255401217,3
-0.3807263461291566,-0.9003071549411269,1.2678951468823716,-1.7905453719988742,-0.7357923965589637,-1.6802792429256757,0.4583797942616961,0.960377633341701,0.5671778492077277,-0.0023123358809626917,1.1603462893163814,0.6756862673369628,0.3423765387067709,0.093382267253066,0.3707645610977578,0.4056111494952492,-0.8180478585026938,-0.4576794802411528,3
-0.22892445384817545,1.1245516573091823,1.3999845440765186,-0.7398043977139978,-1.4775179287251414,2.0257076971425367,0.6249180661376142,1.066104659423434,-0.5002073153220253,-0.24113174315427485,-0.21670404322394202,0.4689701096957324,-0.19920469242696168,-0.2255312718297699,-2.0292123992103264,-1.773581741139136,0.8954537239008118,0.2249499657968793,4
-1.8028569338765774,-0.0295831106013922,-0.7024982559985196,-1.1219320852175794,-0.6355062826341148,-0.7315726842915271,1.1073327489853193,-0.946939021935268,0.003468455967106571,-1.0628701610262936,0.7285623859027792,-0.24356378592509062,0.12425290745771629,0.4472834468488494,-0.3488388908945606,0.4473854942954383,-0.5055998386029459,0.09641378046321783,1
-0.3344037424425917,1.089864110228822,1.3364956742788507,-0.39249051376768057,0.7375937917057804,-0.2707755533040423,0.5640077663705648,-1.4300785307656791,-1.4121226914084202,-0.7443143847154764,0.4114517170446661,-1.2429963207887154,-0.434047559569997,0.7305335802882528,-0.4300715371352827,-0.2701897115512821,-0.3057980185262682,-0.2818167836499198,1
-1.4748429876033406,-0.2045837557078956,-1.8497650740593115,-1.9881811228760782,-0.8437864818465629,-0.405754944927495,2.0548999729827617,0.8219772494200528,-0.3861216238137051,0.5328744647750607,-0.6679545634772699,-0.11839818639637084,0.0210982533483315,0.9320121176662495,-0.6423674987151236,-0.6420417147502642,-1.0007418152918395,-0.27887760412773843,2
0.969552190329779,-1.1037633611471713,1.596841438988436,-0.9286323815424791,-0.14562043721696027,-0.9630654502376338,1.5572072249843745,2.6180882597141446,0.3412699314851915,0.9986237430275403,-0.676242969275522,-0.9859705797959092,-0.7564515654824208,0.0914159089280835,-0.8157451557709822,-0.3027883767845678,-1.0167395760627247,-0.7790803988389771,4
-0.5470463846604515,-0.8155545730266289,-0.0681862790463254,1.0041523213342738,1.5660386341863979,0.09087649415932138,-0.9446327855996404,0.5067855183069074,0.6756654256333472,0.4498975041021037,0.8791537535524788,-2.515059873623978,0.23948520810698698,1.9567899621589468,-1.8120375108873463,-0.43952714651259633,-0.040081799677766546,-0.9997819192563814,4
5.135132475283863,-1.1259208444601103,1.2537512037813054,-0.7236424544988126,-1.074222190220299,-0.7624868321303437,-1.328239501184609,0.521974305866936,1.3076049095862416,-1.1216332499144506,1.7863231606656,0.05129748274522776,0.05072547298646011,-1.0321210245994918,-1.1248437549980188,0.012016927181365478,-0.29854916681934873,1.1475245215717313,1
-2.9115587568560763,-0.37299860274035473,0.2584406306231082,-0.9461705172333703,-0.6190694567491174,-0.253601857518785,-0.570999809514151,0.9221026697044843,1.4576458030818504,0.47717352159692633,0.2330725229226635,-1.2482705297660386,-1.1497644162979659,0.689520280804989,-0.775094324469004,-0.5749120863036702,-0.35829430163963494,0.5501394126552825,3
-0.2254520431434279,-1.5032633562364928,-0.2964338083334772,-0.771222648777153,-0.5078525864973304,-0.9638418036090693,-1.377746825180667,2.2645973159457085,1.0078125317834723,-2.8825885192936362,0.8075697431865898,0.6055843420780113,-0.8940355606116096,0.7184642245813952,-0.6805006829686219,-0.06840087585105205,1.1120440042882582,-1.069820044107935,3
5.151680148851436,-0.8081578849028872,0.6323385550859455,-1.450914115852093,-1.1646533774323256,-0.6418640491043053,0.46269770472554,-0.5022493804669762,-0.027471316395219453,0.45211904526458957,-0.5718537436936024,0.07728944888263486,1.218744521981354,1.9697914954955136,1.2750042355062494,0.8871515717238474,-0.5986616242267717,-0.630668337860098,4
-0.8303722549411522,1.017244401728446,0.7622608672807044,-0.33547397659302625,-1.6276939408162134,-1.0531201047039396,-2.1123347709563487,0.042321321233882,-1.091924319089507,-1.1945020885998119,-0.8282585147111017,-0.04036056195437145,-1.1486795014363034,1.5633401421005841,0.041543666639516315,-0.6765042676886128,-0.6170902396000946,0.6128699849988636,1
-1.8147213716549488,-0.34885227541758673,1.290044835624672,-1.830250468751938,1.9753180613709838,-0.2014577307099781,0.8399290287403699,-0.9924230236574302,-0.6928243611304203,0.5244648294850278,0.23276490303959438,-2.3907314652820655,0.7444810123967156,-0.75020055488609,-0.2577907333593788,-0.9930497768668752,-0.6027252763680856,1.0139755829602795,1
-1.5421595306173472,0.6274847106883824,0.7846874947477424,0.690812631534538,0.3294056201107328,-1.4911881199616164,-0.6461741669082555,2.075012533822884,-0.7138158308257008,-0.07840776805180211,0.044352124927528984,-1.126048252926333,1.4309352521304877,0.8626350028939013,-1.0159447682680742,0.7109761795699484,-1.6382367798368296,0.07461004795903085,4
-0.6832117031534712,0.1874698022451127,0.666240722999652,-1.4391657083901046,0.8259880133174309,-0.17688419604793562,2.08883800123105,0.131873277807012,1.7093274340431932,1.2106052207585287,-1.8122496408322524,0.38562176395337494,-0.705817820218815,1.555410716228602,-0.9098546050582182,-0.808997586409918,1.1409177536632749,-0.520680338550212,2
-0.06559830385008966,0.811373373906586,0.21708478916288357,-1.7784727284525643,0.8525530505672457,-0.3305664502581139,0.5398691036419979,-0.18479099330851853,-1.4326022852743583,-1.1016586593466233,-0.37356938092954334,0.15027495617760106,-1.3545783988748827,0.41468315422422464,-0.9442534386049379,0.14597597419577324,1.3020629972802278,-0.792455333181273,2
2.7061321065411774,1.2527001987157103,1.0844832027353464,-0.5701506736584877,-1.2534306760674505,0.855925717034531,-0.2944934188807096,-0.37812467575326353,-0.6667109022151723,-0.5532283550252458,1.3431532461038702,-0.6274111041925987,0.7783678063676565,-0.43517038242998096,-1.1551494877610493,1.9878785408770558,0.08204552357687994,0.3479476684955287,1
-0.8106850203826297,0.09431134006412215,0.1775507343455845,-0.2526876358858147,-1.5423752822592112,0.2076285536569992,0.8806541946377187,1.523454368761453,-0.3146293866050771,0.08013656120198083,0.7846494240598985,-0.4289748381600656,0.3740301693528959,0.611285164024775,-1.475678954488547,-0.5066000472206987,0.8330146057047826,-0.25587252659876564,4
-1.075787048162502,0.547229950737717,-1.1681649424880254,-1.1302771403200533,-0.7249275399682085,0.8945861661057704,0.6339602847731238,0.8553736052211107,1.4296867344361965,-0.05708216909693655,0.3143779937085835,-1.5363164157729194,0.05961694676112256,1.4133576534679368,-0.5959086384909148,-0.10974569977425323,1.0145684478876102,-0.36996158122587863,4
-1.7736796319605381,1.0810347351552525,1.168511606570215,0.2637608109890925,-0.8286645077077536,-1.933810645462456,0.6107459598542176,-0.7510344631130488,1.3523180555486634,-0.13259944013770364,0.7122085062057623,1.3162742900205076,-1.4394213633941635,0.7955329051110891,-1.6579445614337591,1.6733729115564486,0.3896551609249584,0.49615506001180015,3
-0.35432401623121557,-2.5841932847604796,1.7771441321401638,-0.039590565202431566,-0.1900747874184024,0.22116715003465728,-0.2860147364205275,-1.4299368660433978,-0.08579346853181764,-1.6041835354029113,0.7194596778570538,0.5077203692051863,0.5636348208780632,0.847565795026619,-0.4616273000273285,0.49837432491226086,-0.1950367398155981,1.2133456897013328,4
-0.45192710863385904,1.3934879105535605,-0.5862887357073412,0.08458701119114169,-0.987795488774518,-0.3777333659291467,-0.7519181082788368,-0.9639617394126387,0.23898993960361534,-1.1836410755286035,-0.38709957573146325,0.22378228002208042,0.9117589642947328,-0.18655819124926284,-1.9178474026112236,0.1340401255339432,-0.9660634689949216,-0.16724670958331034,3
0.17426946777324856,-1.0057073028704346,-0.29686356366196537,-0.9128873250113365,-0.10984466123999147,-2.3290790704607987,-0.19556506895797848,-1.0795340406806109,1.1469819962368253,-0.4592307142687075,-0.5588177095183232,0.9240666634130833,0.49020205241059545,1.0733430749165263,-0.468101417972307,-0.7025743127146956,0.9637590743268725,-1.2871080010467775,3
-0.1787370981071259,-1.318578260499986,-0.7377806058392239,-1.468186071678375,-0.883544091155659,0.8074185611568737,0.6261914610573553,-0.2530795817954941,0.5119761998318355,0.5920581684303856,0.16708855015669058,0.28411148055692176,-0.11228685572701946,0.3268099950510696,-1.9137459046847802,-0.6461314136661541,0.6729075771610173,-1.219569864433011,4
-3.004533436019707,-0.28595524431985275,-0.18345827137525372,0.08979573245982829,-0.1455088376885842,-1.3006449753590692,0.5907161958229515,0.25960780552546825,-1.615554164005686,-0.9004922599360197,-1.113240594348798,0.6949247390291177,1.7059736324288353,1.8514235635676386,-0.6673004888920238,-0.20361338765057155,0.6085528412763439,0.3287137635846289,1
-0.6211995726093951,1.3671359368790699,0.9907057677825041,-0.846106248796199,1.7028019177569247,-0.6740699075961866,-0.2350021334589825,-1.2968518560025772,0.03692094041176973,2.3360299410350414,-1.4270210991063128,-0.07240210914396507,2.0819778029403913,-0.4888410956327425,-2.4013601901732198,0.21842163495465144,0.6927837725097904,-0.21882745738249545,3
-1.8148231731378712,-0.6219358464731574,0.9105140167601402,0.6429802679313731,-1.3145366669314311,0.018855362226709846,-0.6129589245905069,-1.2021645627500692,1.400625297924157,-0.5440721490130419,-1.1776589171293235,0.3154287937318834,0.8071387661893856,0.23048633183818587,-1.741443296367973,-0.7644635061938646,-0.5761082310407625,0.3153730025488577,2
2.065148691686224,-2.146677095543682,0.489239548836181,-1.6751589842829768,0.13562887373222995,-1.6883939706953575,1.1534913957921105,0.6653759044520486,-0.38409752704211014,-0.9016024653830351,0.19632738810193365,-1.1809041821492714,0.6779025258734008,-1.4174096587260798,-0.36991976080685735,0.19829397336244345,-0.7280263421180452,-0.10647281544762782,4
-1.2386982204988477,0.8998965018412397,-0.8447314576952923,0.15388365984091062,-1.1534728595261219,-0.17589295153025206,2.470064981403938,1.1891142389919789,-0.20572447374225206,0.020453254378061992,1.8070536338013656,-0.6668408300682557,1.4991757942634405,0.5335316281788638,-2.0015510321993166,-0.6933669622117121,1.436152776076822,0.4388445338836086,3
1.0511985346957304,0.9513059136924145,1.7342617475858655,-0.034720725239658155,-0.48435053388790994,0.045072669352872546,-0.998857360937966,-1.6097657936290606,-1.9386705792656789,-0.3238396260051751,-0.6433947770830467,-0.9207440011141117,1.3608866577707501,0.1897967771953414,-0.5965941895040221,1.7528681139624662,-0.4476680082506166,-0.8326056744390143,2
-0.9616040380100126,2.6684888046929944,1.2204681467659793,-1.1314633713521256,-0.5066524599873241,0.00992966790653601,0.4823340842011827,-0.3077678196027343,-0.743935641797465,-0.7962718787834895,-0.12256414922106901,-1.758650301785799,1.1533834382592043,-1.4635535149223444,-0.6760076029721953,-1.41615418473954,0.5736210758306408,-0.180958616854798,1
0.4372804914390822,-1.0408366994459268,1.3746987918249987,0.2653960101278858,1.8565258342336206,-0.2734724308024382,-1.2488577200136435,0.9432317116181668,-1.442785276555941,-0.22599804390187472,0.1908934499738163,-1.0191549990062254,-0.8777045400332398,1.4494116447177585,-1.698580404428478,0.03858420018548758,-0.5216275254708566,1.0473634279756903,1
1.5489993508688538,-1.595588143533319,0.39309217618804304,-0.5783311539681346,-0.18992506961938513,1.0177594644037047,0.947741844431444,-0.5958785137789154,-0.31747242107499274,-0.7072054797024844,-0.2850460492570256,-1.3654910058439527,0.6728781269510512,-0.5931017204225933,-1.3555960482674985,-0.1368180395317465,-1.287486138096973,-1.5677593040987825,2
1.9314152359640877,4.022095465425906,0.6111536075788686,-1.0763277414038734,-0.345391571315237,-0.29605114919807246,1.305823513413115,0.8346647765135135,0.6882563526370263,0.1376362250097862,-0.41798449588639663,-0.23565963041681762,1.0644714193795919,2.225380591051853,0.6209611696897762,-0.9999310791196244,-0.08624911931026265,0.08963473160158014,4
-1.9924314930397125,-0.26310628225223487,-0.39877733729987186,-0.8950052126459442,-0.09745434052317081,-1.6445264091734864,-0.5320930906701598,-0.45128650731856274,0.7566193868892401,-0.9676307735027714,1.0267669116727747,1.9399301889716758,-0.45966319653310145,1.4473249574514238,-0.8648809024137153,1.5320374365412848,-0.6559625044807033,-0.012920382277743402,3
-1.2484984102566423,0.2656635121497012,1.496323058249829,0.1670840113827556,0.17990205212022714,0.38698884803668704,0.6329907193100857,-0.010937203677874477,-1.6547352990648856,1.1968779974898407,1.3499276499974693,0.18650339891804224,-0.1839716612411131,0.8229713981502452,-2.443206278702095,-0.13351722606331792,-1.2283077181281945,-0.2871357590943992,4
3.0782583402258115,2.1696132811162694,-1.4973462462964373,-0.2739999412212821,0.08273428042907378,1.3997130527190624,-0.6735743680541074,1.0132047688872885,0.25529427160728263,-0.16180581186710596,0.11311753225899121,0.4670459560485079,0.46064010097229574,2.462908214794425,-2.0372414878179392,-0.019889259446527578,-0.8899107396582107,0.7546450660904942,4
-1.0958493538963483,1.5992676767386542,1.6854976376649302,-1.1200118205144183,-1.6075091873631633,-0.7569738460023813,-1.57667907323151,0.02520301903998087,-0.2703704195158209,0.6514740986216889,-0.9778439147801767,0.13008831839049825,0.5603564922666142,1.024676341231232,0.26277937330682544,-0.6479496776123185,0.7661283232559156,-0.014770794974297728,4
-2.880363989765089,-0.18681520732078596,0.3463486977534215,-1.5141692563591682,0.4925612569413879,-0.8833237038895176,0.24090420191054351,0.8740967165281931,1.1640238207917526,0.182205377126726,0.39907933250890204,0.8927082169620065,2.3546017187860757,-1.0910744060009272,-1.5988399140060419,0.2517945980357414,-0.3148688143122053,0.49170049670572125,2
-0.8035114911643446,-0.050954216868024725,1.3311125519562503,0.11618787809749269,0.20479269968582156,-1.779809476172525,0.7648741196549497,0.9650624398389575,0.869438035453494,-0.346794807143441,-1.4278688154053223,-0.145622951248001,0.026527946563967467,0.9697225453145437,-0.9987233241773639,-1.9864964096885376,0.8262677230119267,-0.48117790034792196,1
-1.8076324656908467,-1.1449157034965316,0.20285971923128426,0.6551251460749116,-0.2761912621269625,-0.7131211528548183,0.14628903643459773,-0.6981638597115921,0.740357728857311,-0.5996746371026532,-1.1691865553281586,-0.5446626924458192,1.8366089519644935,1.4209248871796807,-0.6690814550394927,0.14106883058213351,-0.5619932178100098,0.07423651090067379,3
-1.8277808181571262,-0.9359337118196626,-0.12217690932490191,-0.016516009115580047,-1.6011626949842055,0.9895776382230845,-0.6399829794768458,-0.7697074860162035,-1.2085481912720228,0.5722713213611929,-0.1562553708568241,-0.06734734303781928,0.6542327743591253,1.4933297302519666,-1.4637729599323948,0.25504182388896113,-0.9734775643496704,0.4670600202632564,1
-1.6142172370676675,-0.3154109529642763,1.6803441938464456,0.651490421993147,1.3525931113273877,-0.948564563320938,-1.4526902685633463,-0.7694578251714459,-0.7134953604363635,-1.9693330299649991,0.5435256998503158,0.58616656443347,1.0106492636739872,0.5208046981276987,-1.429041029889137,-0.19877994890841455,-0.8441120553642503,0.09247509002365867,2
1.0391516487134647,-0.570891478958729,-0.13737033956684355,-0.648754776010438,2.0442549276349458,-0.24757894309487338,-1.7192225834668253,-1.2727653378910506,1.4980857190476369,-1.2443925559200295,-0.011551381179201617,1.0944350099665388,0.9070913049403679,1.4320616023363881,-1.4232585532700317,-0.552299807101657,1.1738781563540548,-0.0772345781355952,4
0.3015947356294991,0.24234435557219583,0.3912079313886854,-0.7063183339156615,0.43724798160954775,0.3257615584834795,1.8535877581943596,-0.4108306780318305,0.015306440811779199,-1.399601783167352,-0.8350657071730414,0.386295238634906,0.8417259566659095,0.2773432690475828,-1.3670463767913654,-1.8084529073436972,0.9775611478288506,-0.10871805016229028,3
-0.4597170128234755,-2.347666782906474,-0.7613373769859145,-0.6125233258582399,-1.64407011036975,-1.220608886803468,-1.049950729720577,1.1867322231315203,0.027044418786367774,-2.107990024966643,-0.9048395523057557,-2.0987296933970954,-1.508633618119621,0.5899342535536682,0.027970516910369253,-0.10089953648923183,-0.0015205627914725343,0.8911205261603844,1
-1.352705830700159,-0.6947048119437125,1.1613202832980223,-1.476244409268354,-0.9359946447733803,-0.8984744326283592,-2.669560100247639,0.5116119558042781,2.058495939378817,-0.6892995129206093,0.1330003306161949,0.14662882320875908,-0.558612848912237,1.2446052610250462,0.6723795166688403,-0.4154827505839623,-0.3423539177631043,0.11612329774025129,1
-0.8963655683947971,0.8190168166904003,0.6182161955517739,-1.4429164276790027,0.2069752650008757,0.8367295896212406,-0.6945092258492542,-0.46092995357154765,-0.7065679683050407,-2.0900333508478104,-2.010344188705101,0.3436105636701893,1.2242151213631554,-0.19988313248533524,-0.41265567893472993,0.6653037269556851,-0.015041869676848264,0.45758111777603877,4
0.7929008755782463,-2.4102543373531753,-0.48753506704196736,-1.558246656723173,1.178415206317105,1.5921069151466238,-1.5182764232616828,-1.8035271516173208,-0.059119142627614155,-0.9385640195727892,-1.1726589427910465,-2.5726620438458863,0.9660678755156331,-0.14045356752361712,-0.532034071426184,0.22147177595182121,-0.30912260767883964,1.0207514568222638,1
-2.0627362198651915,0.18483890633001707,0.6286187260871239,-1.1756693985573001,0.15195453528593014,0.2807704411013082,1.6987823526143877,-0.7756904329776377,1.968166836262261,-0.29698172859541405,-0.8855508646491258,0.28637268385544096,1.411693941228762,-0.8655105700416166,-1.338176091168497,1.086084386929658,-0.19672511040467314,-0.126256566866787,4
-1.5872359475957483,1.3553557892555232,-0.03551746828085817,-0.5880123423315331,0.5688971335763745,-0.2492411716795987,-1.3819723727859548,-0.5787020294367993,2.5218542255342644,-0.7394899739110308,0.26076621450416454,-0.3808041228726831,1.1606452018599152,-0.4375435357624113,-1.7085448472985105,0.508887640370652,0.10150572272889055,-0.12279343931745698,1
0.6708841741412251,-0.9659388536917537,-0.12131894719060798,0.34259526472164586,-1.6125850868308205,-0.7207644763930061,0.4557038235122295,-0.6375712775897554,-0.3059400966005423,-0.5179812263924249,-0.05170260016847999,-0.08671784801834197,1.281273209300506,0.0037383364559366587,-1.889877117054348,-1.0598828212842355,0.4169048907349636,-1.5291853415337162,4
-0.47352148169981173,-1.7218382501194114,-0.2857095685284408,-1.28770987445695,-0.7301870076701423,0.46999312396405507,-0.8146700695468073,-1.3113103483691535,0.37404898459057734,-1.6738981496441512,-0.30006082868746387,0.08185369058221124,2.279331371938838,0.8953938707617007,0.3527582259614156,0.20551263397018144,1.2361610310272297,-1.0960400900489322,4
-1.3155859870600641,2.3513341335990865,0.02447957786361695,-0.6001517446754475,2.103329311159253,0.20280082861231852,0.5556278383691454,-2.652248257518274,-0.4443536340114056,-0.4259683378870597,0.8937258349379824,-1.518787746668905,1.2297983281567924,0.28045954966183323,-1.3950918846321265,0.09461223774503535,0.36726581627592697,0.409177678473022,4
0.33906458346900115,-1.1697231933751544,0.34118480506378107,-1.0940969912390786,-0.7447713585993334,-2.1426023062155957,-0.26305947124803736,1.6767784652329096,-0.40615866928344235,-0.6973348359498477,-1.0108144249627873,0.9707661727339933,1.6915217488421563,-0.566609706189614,-1.035646969309312,-0.1763569865294952,0.7459499608477391,-1.20005788888578,4
0.6681643939699793,2.623230172968983,0.9778213781291427,0.12184439712999924,0.37283291576690597,-2.181045761593289,-0.2829276893205192,0.19233529306844815,1.3610142712826476,-0.108414934540666,-0.5038981519913631,0.2771933076942682,2.474649707263995,0.5361366019262296,-0.8626574936827794,0.6078057948610889,0.7261365204412603,0.20514389262805927,1
-0.4142906928492134,0.6000917172563388,1.0076067391966608,-1.5854114350027009,-1.2214783790468968,-0.2624457487392764,-1.1961539957053473,2.006952271233508,0.8380103905192021,-0.997739354995179,-2.0132484160778152,0.206954714925407,-2.0162887651728205,0.5245038266916376,-0.23175301263784553,0.9906025029744973,-0.9971949997190318,-0.21498489828538817,3
0.3610563859386066,-1.4024167119879745,1.682688881313404,-0.6377545287776571,0.5158994580681283,2.281852878243942,1.5609457309776886,-0.8503464448139706,-0.9214060148541006,-0.36198240960334527,-0.3388396026164213,0.3708171989908704,-0.5129819717189298,0.8077018662428481,-1.7828193361500984,-0.4610091721631136,-0.38838651522172385,-0.5360182298953027,3
1.4041009843837424,-0.7860074148937358,0.661571651733302,-1.0997190299872732,0.7907134192928298,-0.908503429440832,0.1877602655573873,-0.6647440141524861,0.22327377131783274,0.1287445997491388,0.06749778896114679,2.0240423817483917,-0.10331107268450074,0.7301419998584832,-1.7686781319730467,-0.03607497034868096,-1.0667549457968883,-1.3114493976200647,3
-1.3738309932017818,-0.150022839508157,1.4888822459085256,0.051101820728432654,-1.937831658266692,0.29733945698857017,-0.0076299956576114936,-1.3824483492658404,0.5146306720772141,-0.4634957000990631,1.2547618368845679,-0.964633395705375,1.3949386464481472,0.1335752513521758,-0.5195288202920608,-1.2876494984990074,-0.5095128520089497,0.2966190264503728,2
4.540432577692749,2.815341886423769,1.4040144496513753,-2.146287098945453,0.9523914703879373,-1.8743665409577244,2.1393222213684515,0.4366056781642342,-0.5457573741188902,-0.7505599154752759,1.4897461836875845,1.9367671260786425,0.31575812025277405,1.374574677873745,0.48330207987610024,-0.45365102401822904,-0.3972158518777241,-0.40399657989499105,2
-3.00601697409398,-0.39691171545355713,0.5399691089779197,-1.9971971714503607,-1.355982895881013,3.348374349345993,0.46666502707892077,0.5669643180283084,0.7120919901545776,1.073552045151495,-0.7925102587418819,-1.4189935073966564,-0.2257001724394004,-0.2946713833665266,-1.2176753964835565,-0.1381009327743911,-0.8709951842295398,0.1035215173102671,4
4.31688404636393,-1.5949027006485288,-0.4032001286371163,-2.4732630966749127,-0.5559270836343706,-2.438832240570413,-0.05840925295244204,0.8463293783014679,0.4154331535751356,-1.2061394294727592,0.816301948610849,0.7320924497834644,0.3614943402037998,-0.20794640701605474,0.08745456756951464,-0.29197348202029444,1.0028137410146865,1.1682135948036707,1
1.8693060462456264,-1.742866457283972,-1.3828054177677482,-1.1172698125910072,-0.5134694000669573,-1.0550708787362832,1.946564696367735,-0.022620905508878488,-0.5094074290149747,0.7332448220092491,-1.2392030955851903,-0.775742566526376,0.8379673239039116,1.1968357609041826,-0.6312653261583029,0.7687123675042413,-1.4711764739971667,-1.007117339301123,3
1.7486127895438481,-0.4003310884648375,-0.053383457634657724,-1.6691123982410627,0.7491218684463548,0.3117572913932948,0.9744210905896572,-0.41702230151266684,-2.0667462585283762,-0.6417684547517118,0.30499534487482893,0.8517604886800582,-0.48268402552925244,0.2636811929950752,-1.8161110850022362,0.34616750751832526,-0.1093376915777115,0.13998738339740993,3
-0.1856871612706446,1.6792143323512603,-0.6646002636277083,-1.0395848828410479,0.16242318922687235,-1.5934855791070557,0.481968895926033,0.37675772297859694,-1.5974288905665535,-1.1842358415487844,-0.2572148275343796,-1.206579415601615,-1.36356851140266,0.7778401820406566,-0.572588049011497,0.8378207477576126,-0.5932382243975759,-0.5047450360626534,1
-1.6945445167182551,-0.7862767723020344,-1.233022017389181,-0.9989220256488364,-0.05382807959582652,-0.23981423407344743,-0.07479706177685194,-0.31847071541259897,2.282612454351539,0.06321888654087693,0.22222010843370463,0.030567381759628233,0.2888922264841973,0.8031359139693546,-1.591978945318735,-0.16456453012124939,-0.29829637108074014,0.14579044003405253,3
-2.0655484158943263,-1.4877103689632682,-0.8721455519237127,-1.5050133880163545,-1.6293435290471203,0.3114374244423505,-0.8803974068283478,0.7966279720823228,-1.5303002419816762,-1.3555912177907112,-0.03086514914986642,-1.1053164522391996,1.0538524220645535,0.9943137270893625,0.515327077289656,0.8101505064716481,-0.4396151932310332,-0.004046022818097227,4
1.205718968932465,-1.4018538347370852,0.5131253277118085,-2.2649072859323063,-1.5002121285814456,-0.11264560844435437,1.5668151227252736,-0.16358959838056103,-0.6331626582429669,-0.8677880317020136,1.5304100374865945,0.28736388314996614,0.05308409607413672,-0.8128601047105847,-0.30429624522162635,0.7217182255592999,-0.7579484324740792,1.5682766190946877,3
1.5799811862233575,-1.3898550979828634,0.9886710198970302,-0.45530126639324336,-1.2990170758176813,-0.35463681682838993,-1.7980432620790607,0.21085556304548256,-0.05547564118062816,0.11844268016261895,0.38993942899053596,-1.0006249597315664,-0.4713630619235029,1.3654662170780538,-0.46087429325465445,0.8319765131308905,1.2284591911340745,-0.6509974264950337,2
-2.301844019600961,0.1930710415181818,-0.42375885514696987,-1.1983882690493355,-1.1653113601657783,-1.031712018101392,-0.1860229143307619,-0.002077882861296024,-0.36636507046560174,-0.7751216213144603,0.662212084711209,-0.6907510982970422,-0.8265817517204344,0.6025018751736068,-0.6376020090448142,0.16516298654028091,0.5918852856167243,0.20298729174185734,2
-0.14438900762528134,-2.0714204223919106,0.07202976476428413,0.18236408402051923,-1.469589112837215,0.8590547614278901,-1.1759429110137227,-0.11576728837030907,0.8722585774126806,-1.80411739571068,-0.8151612800117742,-2.0438550964581643,0.3907205892664605,1.597491764647335,0.19692037254563616,0.5257903328624935,-0.42747609647177803,-0.8606203130365777,2
-2.2241678128396036,0.22618977082527417,0.4292211118781686,0.27455166511688534,0.27604701958339434,1.2516034143190087,0.8954061667261696,-1.0394635087617807,0.6089352152784029,-0.20382485951951862,0.10676942533247183,-1.1418966050441504,-0.4481402374153375,2.2949965401968035,-1.1270393240924634,1.0535915908031326,0.5018311472372546,-0.16922704758840498,3
4.446375132250863,-1.966438304660872,1.5082383643227981,0.048405348130474875,2.378285337992677,-1.5764732281687275,-0.4908243643148242,0.6826238256736719,-0.9316462346103114,-1.2358235165545355,0.3802209570021509,-0.8641425516808963,1.3045966552654664,0.13000560121332447,-1.1531967130085177,1.6037164016819438,-0.5304447256900952,1.063250661539757,3
-2.730149230304492,-0.005902594617503637,1.4867245189948937,-0.7424891828980984,-0.7564462853421087,1.5957232602145353,0.5794042059531862,0.5848968233172515,1.5856783791781892,0.6662212362649651,-0.5347848214294973,-0.09820317100044539,-0.9831811534469491,-0.29011398878240535,-2.3132474065892645,-0.6941991872842673,-0.8001163509514829,0.20488912654001945,3
2.0731264808035954,-2.12870452131687,2.583620483211171,-0.6816865930626588,-1.2009165831590332,0.8102533760643095,-0.26967230782794194,-1.6084601350467997,0.31697948757069866,-1.0701395871753256,1.165114207213346,-0.8105581240037706,0.7088755908800894,-0.41657880021253507,-0.25756999226847965,-0.7377926352679987,0.6666454116507553,-0.43969427392335825,2
-2.1829708075378798,-0.7198837558349156,0.902108206944056,0.23669866538138962,0.645149278417932,0.18536145900392875,-0.8435942424265848,-0.5317629084011469,0.12179643450856056,0.6540867111576071,0.841982721173151,0.7206993556339782,0.3124886360069223,1.428642629847142,-2.5244577798192336,-0.6364868040867216,0.17632116742657752,0.13775159285931596,3
0.6414904354918171,-0.5139734195196882,0.4278795873745499,-0.5905760849622741,-1.1602408504885826,-1.9203550523808584,-0.28098159838373277,-0.12855487081467612,0.15322970559155824,1.5616925493498417,-0.13453563796026305,-0.41689805176843964,-0.6595736052759218,-0.3250947990470401,-2.1055880730340353,-0.4985418505828037,-0.8037424664389278,0.9986372901585268,3
-0.588338551639164,1.307813979746849,0.7487024714892319,-0.6885938169033525,0.029974108879246755,-0.7359119441813613,1.277939931489833,-1.4191714931240078,-0.12314572660153023,-0.7368276946614839,-2.119748277559509,-0.2776206329442281,0.27149316178626054,1.1181611610616893,-0.08590146087772096,0.38640317063104673,-0.170558247348707,-0.019150396448496112,1
-1.3052473962522646,0.4963074672081035,1.0919119085675837,-1.7832064950423807,0.997077533884007,0.3940897807131009,0.2963332074668916,-1.2146744881753815,-0.5132799073119125,-1.8803390163813651,1.147699559895262,-0.7854258417134148,-1.1408340455882577,0.3726380404625068,-0.006217193255658303,0.1308785242091931,-0.6646412326350849,0.20609319075563276,4
2.69568620572074,-1.3333430661006835,2.216897933432737,-0.3727457609994173,0.6958665418715603,1.47944609623318,0.34688879545215606,1.0473841183713215,2.5346138076836406,-1.5724247965465523,1.0792538984829716,-1.1395417609000953,-1.1849340437892628,1.294266535096288,-0.4005156947944916,-0.17209205410114356,-0.34138672340035625,-0.25079902337248644,2
-1.6201110535077645,1.1249734142802181,0.6770307118123661,-0.31830977065327054,-1.675581960301876,0.5447259393448097,1.4654789156513017,-1.0320305921545512,-0.4112366523442807,-1.1801722150964058,-1.0429340217060392,-0.2502723393447369,0.8718103655333557,-0.9114009071502257,-1.5415638182744082,0.9865396679661794,-0.19142564196047232,0.4623042339128452,3
-2.361907676093392,-1.0863479474373463,-1.6461441335503006,-0.8170006373763948,-1.7983747316260692,-0.04624406196969932,0.6105572303754041,-0.23549119433407342,-1.256676363432521,-0.18539333526677473,1.2139074994917822,-0.3996917116952636,0.021926982950646462,1.2562771818977987,-1.2582882527249517,-0.40547449174293115,-0.7660692846040038,0.24927438995973558,3
0.24914832386706168,-1.0814000130740342,0.17062812684398365,-0.5684717199937485,0.6856525587418201,-0.09064316309098017,-1.1058695630757185,-0.3776344445699738,-0.37396882021444317,-2.666334552956772,-0.6013600353214356,0.07603752131421598,1.3239734538685695,-0.577909293796599,-1.3296669631942308,0.023966294881974454,-0.8998259264386603,-0.8850488763996202,3
0.14584565420657314,-1.6426609879710796,1.0218750223237754,-2.282791356519901,-0.7056632474803146,0.012351511692476357,-1.031444423541377,2.1966691435025325,0.2744817827406932,-1.588944447625403,0.1820481388799429,-0.2617898881740236,-0.05687273485681822,0.04650848089918331,0.5716025091432795,1.0283680916871136,-0.3751136320414513,1.8310867187447373,4
-1.466886212916219,-0.7323410545055871,-0.5476166691754034,-1.9092564582855938,-0.21383366263211806,-2.2337032059517576,0.9465623082555403,0.13406996511051913,-0.5848259555772297,0.2330239037625475,-1.6399279013748236,-0.39336255762409944,1.429969393990926,0.0017847472518194396,0.01155660908240924,0.16833093835849133,-0.8844874507705457,0.8952561223156628,2
-1.99259960371739,2.032757879835615,2.5835600699157695,0.07695758721430697,0.001696561475438306,-1.0697801502542477,-1.772173421122495,-1.0560522376804322,0.44468041950827214,0.16363179722507104,-0.760035925682157,-0.8766353763535485,-1.5323813617583972,0.7903172228621086,-0.9490704240393145,0.6392503798756783,0.11986876490879739,0.13290873919659946,4
-1.9633951612339315,-0.6045514120466164,0.2890662454589596,-2.226379426497209,-0.5760137042452289,-1.166552872751613,-0.5804557496335945,-0.7017133449013863,0.4072689433997728,0.42633907623251643,0.3831363371456672,0.09160196232101635,-0.7469830435657124,-0.3153963340954897,-0.9267759568482243,-1.162166690199077,0.15105674952771142,0.40692572406513977,2
0.44523422553416847,-0.18784906592823186,0.20443500434449707,-1.1448219382055422,0.3996508963451129,-1.9306530969751095,-0.1677608203219878,0.03689203668325833,0.8447695162269746,0.7607453803616611,0.2580772370431693,0.9217389424554537,0.8514188853232673,1.9152494473818638,-0.18588800319044282,3.668035273541262,-0.5438144142160658,-1.0691500419564224,4
3.679043255212774,-1.57138659094551,1.1410351704254946,-2.3333754191452587,-0.40315250164578725,-0.8582473763562973,-1.5074497712731723,-0.2034687205518547,1.3911509461593585,1.6410682118982487,0.8773044912378659,-1.5615412968404316,0.49571459677415847,0.11679731091674597,0.44949113666350754,0.8107963475036022,-0.6027557271586801,-1.820340916096853,3
2.2677019364227196,-1.1658819021272273,0.8728427012235017,-1.5234901060117918,-0.1765986641110764,0.5621735474074754,0.20622246883678907,-0.6156657253664604,-0.8917940990542662,-1.0737337303403713,-0.31361983852570896,0.5964020322059592,-0.8678819114021656,-0.1601182839775116,-1.6546270069365034,-1.5067031024270199,1.3932835745877583,-0.10615389777266312,4
3.032977362888437,-1.5036168904850773,1.0962170893475998,-1.5885204531700838,1.9932319719152929,-0.5018953300472404,0.4446436395134051,-1.4184393630389585,-0.929481137316455,-1.5185403213414397,0.6805891098507277,1.4279149696943927,-0.8223504415708355,2.0862708814600315,-0.11041511479161933,-0.006096671971670793,-0.14092533471778562,0.41641305313774934,4
-1.3873979423373468,-0.8980217932020478,1.630923036673412,-0.0995524426602677,1.8923684206561475,0.3366438318376193,-1.0135366572960767,1.0838455925841677,0.7828468788862752,-1.0467129413648781,0.860815783210042,-0.18556820448296205,0.5310299481559168,0.9246650990434571,-1.6534588058451898,-0.8822654844033492,1.211742776437129,-0.37626416713212424,3
0.06677678497250474,0.39882169653077876,2.1800379803846623,-1.4696278609316826,0.5497994540645508,-1.6564319770143612,0.634044305486091,0.6245731592216723,0.4157991466555669,-0.44230728917804557,-2.216839224990562,1.5382970163841476,0.39756953903826187,-0.24982707582229274,-0.6825385153693486,0.20787855963389743,-0.43596043637847565,-0.8376166674780539,4
-1.359779576335077,0.9633314000514903,-0.5852360992800318,0.16677557165283227,-0.9943932512186828,-0.6692020791753948,-0.11552602637895124,-1.3050274351840305,0.2816534150100377,-0.5562261964159118,-0.10970215810011874,0.06515574172270462,0.19445374404071358,0.2689822028080437,-2.147441688114158,1.3773159033463087,-0.793489723472631,-0.09268467992947865,4
-2.6848621832584834,-1.2911693147213728,-2.0500708436114956,-1.4618862574886893,-1.6817689421809627,0.6125139333430247,-0.46312951404642744,1.994150890884066,-0.5049427428608427,-1.6311024716028104,-0.8157054163525597,-0.3463859331160472,-0.306179020182321,1.0725031599776649,-0.979964245567881,0.4318301900153309,0.7678519734803817,-0.022429812317138666,1
1.94165169847308,2.238599019215597,-1.109306383605308,-1.531971985924645,-0.6715745557225897,-0.9382136022165505,0.23224613295855365,1.0522704347557776,0.9002245371014177,-0.7672167703553121,0.46945224495714816,-0.8221102116971318,0.16921621968589723,2.6084190795283013,0.8497586109190707,-1.6109203615739407,-0.1970094339351466,0.5352379051855537,4
-3.0145477801733387,-0.5691029938203481,0.17118437304301454,-2.312628550150872,0.8089532205649338,0.31935134972273094,1.5455021517896916,-0.6789598749683884,0.6563886173397396,-1.8656403631021847,-0.59574511560536,0.9240757009367513,-0.2950811406677412,0.37824466392522366,-0.5166517973861521,-0.770676269825454,1.281016395598423,0.6056314450724085,1
0.7838855087542627,-0.6666499105128222,1.591899301975428,-1.4107762107198822,0.4458941896152228,-0.3182321729755526,-1.3908374709449045,0.6221428102417641,-0.10918327315255295,1.2133291631612872,0.8433968602105464,-0.5213423573215823,-0.7881433007671071,0.433171426202822,-1.4696141866434678,-1.4000974734330536,0.6816104779695701,-0.022114310229740662,4
-0.5450850956383785,1.4790283713423353,2.318542667215285,-1.2298118175572559,-1.6622803306437752,1.2893621298712334,0.10941753089481669,-0.2262170596478553,0.14738113709692724,0.32927658767004286,0.8236115866794014,-1.0915481799331799,-0.8592346232915626,1.0993773107011389,0.2868800085452532,1.118460093451287,0.04423098000079587,-0.2554979372534272,2
2.0537896679225307,-0.7171029807870355,1.1870323156505003,-1.3066661006227775,1.388246904614101,-0.7127674459624959,0.8197553023344801,-1.4927438604704315,0.5765544320355718,-2.333960382637751,0.41517696066599996,-0.01415448505670432,-1.5047648124837925,-0.2925593126226207,-0.8341236914765318,-0.5869145825515222,-1.0308666319734077,-1.5394463085906485,3
-1.648502811118099,1.2779463326090728,1.8355210711681142,-1.672125543586898,-1.0504037421878192,0.7541982111337422,-0.42206531618192156,-0.9920192502066508,-0.8251363165330393,-0.2453608366501499,-0.44114107468581415,1.7791918233524562,-1.1842865770516822,-1.78620278709007,-2.6916524010245784,1.6016151684186022,0.15444204478947213,0.6906965803387252,4
5.0814790033939525,0.2979007759149881,-0.3473335511858262,-1.3300683297512828,-0.2722810301705384,-1.4595837498483408,-0.6224134562318892,-0.04659890158157859,2.55185980028898,-0.6114570946500091,0.7898992470874453,1.1456739107310592,-0.5359318345162983,1.1020936024983954,-0.9599224641450231,0.5853729015838276,-0.18789905432901163,-0.5927108524290486,3
1.5686125169123082,-0.3700047680199075,0.9839658146521235,0.6831938378159383,-1.8794131510798475,-0.7608852445041143,0.6048141772564215,-0.7384397171915019,1.2441825404184537,-0.3865652705987349,-2.232698146558784,-2.6638199788813206,-1.5783296116107488,1.755243219995851,0.049465317400485355,2.61166604931436,0.2599235387080463,0.3095325766657453,3
3.3136721243578426,-0.6343615956369164,1.572917782663032,-1.3168999027655155,2.4828516117532966,-1.3327128581201473,-1.0951469415509623,0.4039205569728899,-0.9196522956500985,0.8295359403350402,-1.1333528787075817,-0.0306621791191736,1.5293606415401053,1.1437312782086033,-0.5158928572292029,-1.0226212730555722,-1.1631775889991594,-1.282293472479822,2
0.2773875605989808,-1.0326691865051079,2.293812318034252,-1.1269319748047726,0.8622827949877394,-0.3486608002920461,1.1535685000153328,0.6245525224884579,-1.8591990079970655,1.3119607073315427,-0.34114216015984566,-1.827213037620893,0.9763895089098085,1.0217658664331768,-0.07572692861453725,-1.133836269718835,1.1878641546955933,-1.0541928221431403,3
2.7059287590659302,-3.0636457027168498,1.512106088602733,-2.509190309809669,2.0864069876561757,-0.9575652970514811,-0.08168529471785056,-1.2129417353854184,0.21090116608563356,-0.3412999603834774,-0.6957321811237486,-2.930421514769428,-0.04351477223323237,-0.3515541554797708,0.8140469039694526,-0.24729350296507158,1.7052366864886344,0.549465469890849,4
0.11247399447565437,0.41203400561750436,-0.2643449059708575,-1.5732489065048625,-1.4751597475555744,0.9244026911567946,-1.195263635850508,0.024278550438430014,0.3985255489720895,-0.3261480350050413,-0.9270515885996661,-0.711867371111319,0.799082625687743,0.16446919837548282,-0.7923914419848799,-0.5249974937660447,0.33379522970699343,-0.8503160550028185,2
-2.0377584639685344,-0.5464032701371566,-0.7629267859332872,-0.4108522164647622,-1.5668618156913752,-0.5195326509852723,-0.4456739255971097,-0.3617247792242808,-0.7934849928445686,-1.0727289681423837,-0.09102825246491338,-1.629654683371124,-0.025545970951972856,1.3011453466419893,-0.2605417035941037,-0.4721040844498079,-0.5431829732609808,0.1390782551239238,1
0.27574438640378857,0.16167684309220923,-0.3209859838551463,-0.7110705926451754,0.4746346339953158,-1.0751957232877167,1.341696212818908,-0.15267360601326455,-0.6506508938673968,-0.7622615349350809,-0.8927671399627283,0.9017102952781012,2.51747325813592,0.5984835350985053,-1.215842108007533,-0.8216765556599793,-0.34708106060805377,-0.15559395454272265,4
0.6140654231763102,-1.2735137311865514,1.330977372330587,-0.32721752849956015,-1.2749120149409439,-1.728353462701391,-0.7470907987065655,0.8885580014694736,0.4513995113467011,1.4631778194016904,1.4901241014597724,-0.008269264021613543,-0.07720578099501028,1.4760878677708797,-0.9775352176512916,0.09945592526383902,0.427283252492812,-1.3253238848001974,4
-0.034217844860044304,2.379952591653563,1.5728629361762727,-0.31643812463164656,-1.9754531150641863,-0.5622723181241008,-0.9640209673651621,0.1339961871214604,-0.47829681693461734,0.10507924955615217,-0.027340386985440578,-0.8932905142464391,-0.7348784808514446,-0.18955372261483042,-1.4622969690621945,-0.10881359406110785,0.8884010410996399,-0.5159960785894553,3
-0.8214745217327537,1.1414219791524245,1.8364536176248971,-1.3119791543993988,-0.15666740493215994,-0.9353615459427299,-0.19611649361317493,0.2272626657424162,1.9038574013438752,0.030489425592498714,0.914121484153929,-0.8728944900324181,1.0357867884340437,-0.8205730802104657,-0.629500669948107,-0.604581121417428,1.2782770090684288,-0.18476026773242687,4
-0.6600731329707666,1.802137440090929,-0.7805114242244241,-1.6951192617550566,-0.39415376665154833,-1.2034500977653604,1.5167060438175934,-0.09050751868907875,-1.0886857081041486,-1.0740188860809146,-0.8030201367367203,-0.26006690647618935,0.41255822954796717,0.5614437752900123,-0.32817820481470333,1.3981385787090677,1.1825253666078805,-0.7652010690611747,3
-1.4816967949484723,0.3374109214018293,-0.42556172045631874,0.4693107362586553,-0.7592544207145923,-0.44781141288823517,-0.4668673288807007,-1.9313081233240015,0.003221965823215477,0.32253713011534485,-0.46610356334455705,-1.532000522841158,1.4104494018610467,0.2781041600420834,-1.9101101301687484,-0.6069302262725809,-1.1344791050336538,0.3238141584528546,3
-0.48581149696909265,0.42007279714828744,1.5764971780264416,-0.9538253340261733,-1.1996695474301227,-0.08812903539780241,1.1699358810445664,0.9926346653995515,-2.0292396282088028,-0.0004584536201402971,0.3274493870319431,0.0842414086326393,0.6244691747321595,-0.5954159523076953,-1.5112132035049042,-1.2984275325679058,-1.0859304115624255,0.02935343357461502,3
-0.7515321212900561,0.7364435770323577,3.264717623636716,-0.5886314176672822,-1.3692230952703486,0.5306305646478204,-0.07867778806592174,-0.6941143505350243,0.1264255153768812,-0.18137868306124244,0.9891087356068952,-0.6541820665841125,-0.46822575640787956,-0.39526467438556656,-0.6649253632730078,-0.666714180910118,-1.1563569616108655,-0.1111571316536039,3
-1.7406178960487833,-0.41832267005701834,-0.40001359141482173,-1.9854528174857258,-1.5163094122959444,-0.17019953701684398,-1.5427649133187111,-0.729393958708416,-0.05617903604073289,0.796459913661579,-1.8384573553906909,-1.9471849734352602,-0.36516547615326805,-0.17657198354766449,-0.4581916261714684,-0.9573832939143757,-0.9619387089605338,0.025406604085813984,4
-1.1975168768431057,0.1686313674067713,0.2563794759963818,-1.9452163891364995,-0.07936254783104449,1.4543283587297025,1.9733145274531312,-0.31085252927004325,0.8965757695555094,-0.3770543454103328,0.5224836824732613,0.015066223105694372,1.1813513780113107,-0.48556461321196404,-1.1988589371873686,0.8638646862158701,-0.47205365362262286,-0.2633201388565493,2
-1.5837024648159503,-0.9277981052171017,0.629283084379182,-1.004536170803339,0.3217400146270534,-2.1672018393620136,1.334649189150029,-0.14074038051147666,1.6377860457767248,-0.5515563117909684,-1.5841379021446733,-1.732880479207588,1.6148057321848126,0.7638778313625794,1.0592347092575491,-0.35765261484649286,-0.3474094517578364,-0.33733830621524513,1
0.7380817477691611,2.053243193782514,-0.11685559509911951,-2.970887041941305,-0.05028421401888055,-0.2892594099038189,1.4736502880762543,0.20262578931256708,-0.08869121053378438,0.5643529348747075,-1.4329326829581892,0.3053199544340661,1.7027171006592734,0.7736445375372678,0.43370907588129043,0.24513694794381816,0.5886606820295064,0.16519497485765938,1
3.59512533763356,-1.7615817093004629,0.7210436151411738,-1.7605591077025198,0.3051804045219314,-0.10804554267049045,0.6943660422134865,1.355464569394099,2.3869629234075096,1.2347683844835302,-0.01961830948380168,0.36249928386489494,1.6560722821995426,1.4081789123888084,-0.3933788868723562,0.6018666128694955,0.8585026405498526,0.7895733831462526,4
0.14909537516280214,-1.0506523854694163,0.07581776208558658,-0.7632816765313278,0.6069440165335004,-1.3886724993098682,-1.2848133128958468,-0.8526863427921588,0.0811010195120892,-0.11851072432903281,1.1383151086492576,-0.14490187472762253,0.41733895240831953,2.058996685331701,-0.3656384586470653,-0.4562353168773045,-0.6494970720470322,-0.17759347234227152,1
-2.325826323973971,-0.5007248503788537,-1.6832485750981112,-1.0133083378886802,0.3382419544411593,0.5197241766025514,1.1990624603357725,-0.8904831012457123,-0.711478540320751,-0.5679303080433165,-0.4942205013523887,-0.5731703143727624,0.90572326527818,0.244826026116103,-2.2760978631490634,-1.4480499341904953,0.3148819714332404,-0.1289042564373674,3
-0.7679421091605834,0.4788176443424825,1.0835403059748894,-0.2719885480114228,0.022046142130234085,0.1357174704836988,0.9296053971723284,0.2633417085546951,-1.04504798738338,-0.8252921252724226,-0.9982417555849842,0.9428225047829862,0.9245767499093864,1.9809179781521669,-0.6996608202883674,1.3507901928077242,-0.7160226290751328,-0.1755421373364727,4
0.8334894575088784,-0.382338614003539,-0.5262105088832344,-2.9699994073350524,-0.013647830154765162,2.117851042607745,0.17478918345300093,0.08172419028657582,0.6592988327665896,-1.014873906379544,-0.3437503060532291,-0.21771062717354844,-0.12184815279548561,0.7452994333256431,-0.11145156509529903,1.4437378815118818,-0.2549099492179505,-0.765603002185353,1
-1.2172962791650437,-0.2966568552013027,1.7025902069352088,-0.39068378795761016,0.5373779793842273,-1.6066163935483664,-0.3490487114391622,-1.030718291509712,-0.36138021967520734,0.2903659935016404,2.2105128735246993,0.6853311354925643,-0.8087471105710933,2.655131784791624,-0.4203769843210317,-0.8572578034598669,-0.25564318255544305,0.19776781944599847,2
1.0185171234913746,0.04304046084922706,-0.5102713274829477,-0.23233010168540782,-0.7215199896841367,0.13037477193834918,0.385134897675455,-0.5435059058854559,0.6178448971576691,-0.5799482763740283,-0.8200962065703751,-1.9857962298790062,0.3228512944495811,0.6475172108017865,-1.3041456500079156,-0.810217273534273,0.18243826725532622,-1.6075204584586174,2
-1.2206052743449627,-0.07237404507407204,0.7519974049844503,-1.0764650083117768,-1.3880923519613806,-0.9367009544198693,-1.2291574714017328,-0.14490563996216854,-0.3770976301725138,-1.0592628699190758,1.8051481082276852,0.985073706630763,0.9781111077453475,0.9952410644462183,-0.05211057204761431,0.8991607544755802,-0.8216904312318315,0.5049989855128125,3
