PC1,PC2,PC3,PC4,PC5,PC6,PC7,PC8,PC9,PC10,PC11,PC12,PC13,PC14,JobSatisfaction
4.025910536889213,-1.7106794495048636,-0.8618811433382931,2.207232793410207,-0.1844040400019141,0.8507375025323599,-1.2367652487357144,-1.8310065051093867,1.049347302514448,0.10129497980520044,-0.1926294050070346,0.9890689891844522,-1.9456200499879146,-0.3970656964910081,4
0.04785138582769062,0.4795361577235827,1.284315597331542,1.1120443495961267,0.27361634385587935,-0.19241941919792416,-1.5336901186226506,0.7879263858880152,1.0503057298780423,0.12839616197929124,3.4889710149960975,0.4489834846669263,0.49075407372138635,2.6863024741877846,4
1.8672504947726378,-1.5015783237413063,2.122311727965843,-1.9314443627856583,-0.6863588228134685,-3.157755162673944,0.9701509025315587,0.02693587075724973,-1.0564219150068237,1.6700425071197484,0.9142884042720223,0.13308697255093566,0.2548409272255057,-0.5449305414233448,1
-0.7714110128294644,-0.760162094130003,-0.25922074911012244,1.634237949002018,-0.2632356350296723,-0.3886282637112685,0.11386393188650393,1.803266807949401,-0.5015993648974921,-1.034972704188232,1.8627675091924787,2.077303072875432,2.6169676313352945,-1.3706713412689495,3
1.4754775807708598,2.1791364479868736,-1.7538981219210132,-0.918985423080099,-0.8335214752030061,-1.2597552228116493,1.0035819974833255,-1.0688151846478795,0.23178610922375487,0.40426727368067394,0.11460789027957469,-0.4223464771328234,-0.635197931834495,0.9100653470865978,3
0.17018652257754127,3.262114612609769,-1.5763517784303518,0.7806874926988023,2.648677294848807,0.6972535264491945,0.21834388690192089,2.3456927089249855,-1.7386615268687178,0.33684636402645324,0.3691288034838627,0.18555584107674414,-0.39991637750998155,-0.23984201754439183,1
-3.1707622923701373,-1.0659601275470383,-0.9395180759284371,-0.5033529372469312,-1.4591106340628797,0.09865823863299304,-0.12403824892556842,1.6235902857211928,1.0498795246031298,-1.614790323286468,-0.1433271325143669,-1.3928899910950494,-0.7669916712296463,-1.1416222119658308,3
3.7096989623062497,-1.3699819567688256,1.0941463740282986,0.07195762078099865,-0.8134149382230927,2.7311591616210493,-0.8745152976639381,-1.1657035910534683,0.7626689808168325,-0.08700144439256222,-0.7059956466351643,-1.6607883976169293,1.8942526515845546,0.042072431044552674,1
1.1289892798565249,2.016118885900431,-0.6501275472241201,-1.3261901472854587,-0.21498493519748424,0.8217776364930515,-1.1221210745368642,-0.4733551207583715,0.33951588392350035,-0.30404397574817793,0.6754433621428211,-0.025077281973907038,0.752257822108688,1.3070469024822686,4
-2.818714157884859,-1.2391246185851406,-1.1751377597518318,0.10674089669153132,0.14540551390359593,-0.4920067467850212,-1.1122863211394134,-1.7177858360496774,0.041584996256884124,0.04885488300010924,0.5408730200024261,-0.5833381316182066,1.5404100482965368,0.2737855320190932,4
3.3187997079855793,0.8868269622338786,-1.4198054180698156,2.50561196073475,-0.124471027948719,0.8250366300100493,-1.0817399266141683,-1.5266028668280305,1.4627969402459966,-1.388955399388734,-1.0905272080778206,-1.1853106501196886,2.1175891859420988,-0.10984296415359882,4
-2.501942251264782,-0.9902744108372716,-0.32570872505644033,-1.0126197555094283,-0.4007283779703559,0.009401311837138788,0.06368570856603342,2.1369873006431206,0.5041418826859763,0.11560346584164174,0.1369737855246857,1.9530833329538397,2.6918190346192987,-0.50819112750601,3
-1.978850050086682,-1.5243660241971135,-1.168117705801467,0.49258637642807257,1.922033155473912,0.40818355411274726,1.7572308624109652,1.0159861748935308,-0.27520504039739924,3.5457692673991485,0.842934719353407,-0.5659836448419466,0.9682887416195202,0.4327029023334957,1
0.2895351180976288,-1.3522433841041508,1.048787186134826,-2.1674753483029408,-0.9874858714811656,1.593017434070135,-1.1712339371192393,-0.6614566266692563,-0.5177440575005035,-1.5278343986249145,-0.9202941563088707,1.0024721239209116,-0.4649112284521664,-0.21896211687908002,4
1.1773283564014851,-1.5130486437285038,-1.0166646165905806,-1.4419652176968585,-0.5570682072536596,-0.6757431258390255,-1.7443958417141028,0.22786748316343247,-0.6632879778321263,0.3915975101828774,-1.0064590513793443,0.9756952259619671,-0.41989171579349405,1.7760679916489974,2
1.286739559298863,-1.4794907586178532,0.582635671888333,-3.011490436786429,2.3227956942285313,1.8084004769400441,-0.6168065796914831,-0.020625483027591426,-0.324765277799566,-0.2433218087075283,0.6603883637436133,-0.862398371798006,0.36276246155469344,0.6944890212823841,4
-0.5644993798035349,0.08104822907931752,-1.9338129798277848,-2.1996867738916546,2.6915586136234557,-0.6206811998775295,-1.2419601068822637,-0.17387175666070281,1.5361773664850533,-0.38488137717855336,3.7691219159575162,-0.572222662226687,0.24542744830106564,3.6913315296856135,3
3.9997972611616346,3.171766790120263,0.26154998669218676,-2.1652551928998083,-1.2413837730240054,1.5384429357013127,0.44200313402528923,-0.0015218892099188343,-0.5770153939589375,-0.29110198792681,-0.217573518101214,1.1789564618087374,-0.2844669264488213,-0.9904322146965253,2
-1.7463142306588157,-1.369577615127563,-1.5606371651480344,0.999828533520786,-1.660736609762486,-0.39035013503383226,1.5183225352311298,-0.06734083152889823,-0.8368555445132242,1.3780111107405222,0.3056158798739211,0.4991600816783352,0.968322905898298,-0.6810619423353411,3
-1.1373703395447365,-0.6691673846137487,2.781885686670076,0.832865835839214,-1.123403053995405,2.3019919646824336,-0.44057821817850706,-0.12715982366369444,-1.3011241567187395,-1.4130945223530695,0.2992863520070353,-0.5130601479522474,0.4827956169369936,-0.6275524082981381,3
5.266965377892482,-0.09448519181898325,-0.35115831342474657,0.731388101723372,-0.5624178025801332,-0.7985678425587145,-0.27004796319285884,-1.5497185780882272,1.939362074775083,-0.27980898926410913,-0.12722425081281627,-1.2658813051635223,2.001742833457933,-0.19065722852005723,3
-3.19455175406125,2.038571404997245,-1.5152409295928662,-0.1450833063797622,2.997219560519517,-0.4151569467693454,2.02755505209621,-1.8348521405512834,2.298937408350942,-1.408266587377992,-1.6895618618860027,-1.254299274985377,0.4890896381323868,-0.008180502885377293,2
2.2353170527223516,-1.1568359900086662,-0.5333509599753165,-1.4300743232911959,0.562467988802475,-1.0363127396339729,-1.280944671711982,-1.2073984464000143,0.8636852817593104,0.4382248187047906,-1.8000020138167367,0.7924228221436068,0.3179272854453258,0.7190884400871956,3
0.5144187898249555,3.3535942393148197,0.5126380525646277,0.23729711185028096,3.228239448844363,-0.1350316822361004,0.18120434979510974,2.3599348503186266,-1.7719726579265325,1.4582610347794873,-0.12995335971358007,-0.4914335722028579,0.7551934353816587,0.6117616364138152,4
-1.5923056955660793,-0.9165090152197888,-0.304815130440194,1.2275554307465641,-0.2592811551601083,1.0029151668509038,-1.372874699070289,0.3055275561227745,1.8079335672968657,2.2990068773037367,-1.0957860171562839,2.833178578519046,-0.31009719793532325,1.159705784274134,3
-0.684348990615526,-1.454154463028341,-1.1515836893346676,1.8136902693385437,0.2316824827158686,0.12186169897504007,1.3409614535898176,-0.23683079892396827,-0.034276022862709705,-0.8313921467512713,0.09885486030328922,1.7093167333565544,-0.5465147789970346,1.1008216738663117,3
1.2513440515140475,2.3940483305530154,-0.41773096551657823,-1.6152239715150445,-0.5003869847575015,-0.9300051746946457,-1.383299306114663,-0.631421361343141,1.1019514694182322,2.1239461755513336,-1.5523467270988394,1.273468841794003,0.7765653360317137,1.7496575192138406,1
-1.0889810654378669,3.600176257883539,-2.0158985468379176,1.229222614684576,0.40457930872398756,0.6632881105010747,0.5003533129646182,1.5748667681752402,-0.5227086624457149,1.0901166716130943,-0.7385767369256645,1.735695930437252,0.7537658864144553,1.0504865284289884,4
-1.9466204158993394,-1.1561067869243438,1.4194807808841021,0.22871160652099115,-0.09755058908887336,-1.895946886160261,0.8525267294557852,1.517325580300232,-1.0324444373960628,0.17101275735865365,-1.420510007863843,0.08441740000501718,0.34810349958557074,1.2339753872100008,1
0.3114803689428444,-1.4860791535827593,-0.5538112018781421,-1.9077802618172541,-1.2548564318695026,-1.7668775029707953,-2.00159071803332,1.0708624276166485,-0.93598902113865,-0.5432078079915643,0.564328790438628,-1.3378985013711913,-0.2036859791002748,0.06795970873483857,4
-2.4624216608842677,-1.074702426283259,-1.4218809235615129,-0.2842685480856044,-0.9566587177784948,-1.3461829060431887,-0.31391916670906084,2.1700738776811734,1.2836369091267825,-1.7536751153917496,0.42089761980745444,-1.4100657505364662,-0.11341586652672513,-0.8419274125084869,3
-1.0237431018111809,-1.271886893885106,-0.06260318621666576,-0.2777781967255851,-0.4495091228845793,-0.1704045794775334,1.986755368743777,-0.9573701307674625,-0.057951128914207305,-2.540725577942727,-0.713399681834251,2.299815909910961,0.3232489117731343,1.389507138891039,3
0.6765673646761703,-1.4334982648359857,0.1785596610343735,-2.744093512301288,-1.6443726026415975,-1.3325201774455433,1.4522596609858243,-1.6909283904664447,-1.1237183801338857,0.7420047384217513,0.3464597019646805,-0.5252575808349497,-0.15644441574285572,-0.4943690435263337,1
-0.5853134380388598,-0.9250604834081996,2.13930026629383,0.6397188444774078,-1.0851373033227454,1.5193422971683537,2.013881613839406,-0.4859101640823316,-1.347983171920838,-1.3683171332236215,0.8954825360128675,-0.6052198586254817,-0.4583118190266639,-0.6469571558411886,3
-0.7564722060503963,-1.2625247573520177,-0.2597958396241999,-0.9002880906949402,2.6371751547752456,-0.17355321142546382,-0.8932115552814955,-1.404540541537973,0.41148594237665514,2.1667191990478982,0.6720337993041611,0.9287797679665478,-1.1833699923089376,-1.629128257345321,1
-3.4900162318647174,-1.1359132848974365,-2.140984473406103,-0.6807396448862437,1.9914155114614436,0.7341341520167103,-0.9158699126713858,-0.10309516811357486,0.5799306248354776,2.4039219918592343,0.4418673260170136,-0.49197122600010484,0.7275805965911307,-0.5664117128793854,1
-1.127149105331677,-1.1896305166691292,-2.8952188982377836,1.5725640065342348,-0.17211427605532584,0.5514982339419259,1.1098911100090691,0.26367352433915414,-1.12939794995718,0.14120281101090773,-0.2501231404369956,-1.4410392010448707,-0.4836013362058296,0.23898592253608264,1
-3.1693523243288553,-0.9383046680953517,1.490435465212948,0.8542051705969469,0.9802127218387316,-0.7734336082850444,-1.6211330973364773,0.6277231225364395,-0.503671783070595,-1.1465610253803893,-0.6194217011068964,-0.8195990427246824,-0.4087034096623346,0.4038800347908236,3
2.5302531392953607,2.035004461682613,-0.8306839101813539,-1.1243009878064958,-0.5321217408639971,-0.8366374033146474,-1.682797210401162,0.1575112413753703,-0.13918490428318336,-0.5478387782296263,0.6296314738581651,1.2945586233013133,-0.06717781452118333,0.3695125226566329,3
-1.793517538995876,-1.1488639027789922,-0.4501515970428831,-0.5596377752275064,0.5607102616043081,-1.6242012928453786,-0.11068387213955817,1.2744654657582166,0.3599286617303539,-1.2735130746086991,0.8002778472481132,1.4896178005605663,2.7418941033142836,-0.7773450307988528,2
-3.0034830588868817,-1.0107095031555877,1.3119106783926904,0.5525728003425251,0.5301158132973675,-1.836154300822816,1.2094266072759525,0.27254245967041885,-0.8489383845687756,-0.7471351450256539,-0.4611702282446196,-2.3219343661483367,-0.5232210277412761,0.7972232682091202,3
-2.514521631181944,-1.1305573787271974,0.1584522550394447,-0.6676951184683315,-1.1011395518806941,0.42451910525057823,-1.327033247395819,-2.151374405579631,-0.5061457807729223,0.09355999074495881,0.13528383469870503,-0.24873870911026455,0.5676455233567744,-0.8079488480865777,4
1.751425769891422,2.287151615602302,1.8075396328836766,1.235573849680717,0.8146685436975079,0.4446157192644473,-1.2749210617888453,1.3565995549652234,-0.7163971479682741,2.569247506860587,0.3521257058036977,-0.3236774878116011,-0.47544917233846,0.14196882111650125,2
-0.9051100250876558,-0.9100131582029086,-0.9132339016062772,0.6515987416132506,-1.1523290934593555,-0.7985282150851012,1.3451570675173523,0.47075517810846373,0.357725284894742,0.6960679955198289,-0.5787431766185384,-0.616702814234123,1.0318651459706996,1.364052567871585,1
0.6141970637767199,2.4673765756052504,1.1870170882057014,2.583492025283995,0.06007569869219621,1.1655804358658859,-1.3307617528918683,1.357666132371499,-0.9379072568123431,2.8004159563255198,0.012821561858414885,0.20188445106180164,-0.5364652848721285,-0.16765243906300434,1
-1.473826627565761,0.34603724709566847,-1.2973671849778166,-1.150593065054798,-1.9318907761057234,1.945030768166923,-0.09927495198441758,0.8762617017088995,0.9757334404347471,-1.6704376177799394,5.5537978992856445,0.6381389062728002,2.6378853270961504,-0.3760354776974941,2
-2.2471233955333876,-1.2405283649184293,0.4488630802277005,-1.7930248034253544,-1.3373155514178603,0.8272711019568186,2.332598193715523,-0.5398772574977209,-0.19874565278592798,-1.786424209366195,-0.8785974057195084,-0.8695271021102765,-0.47657005428383103,0.7716765242095357,3
1.6330108478490115,-1.5757380450824667,0.08369318368889307,-0.05043930191027453,-0.31872175975441863,-0.5989116012811216,-1.5713702915719925,-0.7574917286851003,-0.31658695354267335,-0.9564643163039703,-1.214923361011784,0.7424874735767223,-0.028335300732012313,1.3240007646299146,4
-2.7152863672309095,-1.2731641787280197,-1.5659978643684096,-0.07315116129422218,0.09725664997377315,-0.3885433142126808,-0.8213117250567126,-2.275763101887393,-0.4157517492236065,0.4810568748346598,0.16727528831063135,-0.19083858747803892,1.0403190890230274,0.5312815574738727,4
-2.7528464335583704,0.5292203931518659,-1.2608935116822346,0.8468864874137046,-1.3424520862270577,-0.9065666422655705,0.9298881827442763,-1.4127566215762042,1.358886799759326,-0.6280367587900962,3.76730050463607,-1.1526482072063422,0.29703774573126873,3.5953024291278117,2
4.297203841398879,0.6629760775736063,-0.13169293654071396,3.7258688653795002,-0.6241976516313295,0.5491573264443438,1.469520150810555,-0.8045530193823339,0.4735268818830013,-0.8947940435548499,-1.217426081117629,-1.920006584334909,2.18085061053569,0.33638506437644167,4
1.3564756573921424,2.084150123740954,-0.6748216317198668,0.9379967146430923,-0.6579046799147793,-0.017995856877964504,-1.3279972511028293,-0.08004410948382858,-1.0817125719075984,-0.041408997513608194,-0.5274203216832954,-0.37530447775482945,0.3898212224129713,0.09403601288195808,4
1.1770676471731316,-1.5744064573201515,-0.6839452415014262,1.5557580147953596,0.02349591112793074,1.6884624147908704,1.8994098047993813,-0.15510766191629205,0.23273544394000953,-0.14797402057623033,-0.5813048927541851,0.39472002374798226,-2.5768827633722244,-0.8916180061135496,4
-0.9820665616049973,-1.6497614526170177,-2.1609534569825226,-1.6696807694000204,2.506516403063089,-1.21668746645456,1.3174218125729154,-0.9678352519990414,-1.0905292418565589,0.770089172191113,0.539456939802029,-1.204772267040834,-0.8196720498137358,-1.4364766341454687,4
0.2059542799867607,2.222915730906025,-1.4017527005485066,0.71673044278004,-0.426352533866995,0.359139311990209,-1.6179659368825725,-0.7110091411454572,-0.37938864608954176,0.9966346979638752,-0.5054601058765816,0.5052414596827419,0.6995690822003329,2.0551560237471582,3
-1.9304877123069628,-1.1279016124529524,-1.2136894632627353,0.2714234076308808,-0.8907171089820963,-0.3247859567107601,1.6200036242432994,-1.966375073659639,0.7602415826651461,3.332060156563365,0.7102292267519923,1.0054840358324748,-1.3042058194732256,-0.2025668359167951,4
2.5697611114907044,2.0018556719820326,-0.23309577220518587,-2.3169810889319935,-0.7852925870239048,0.1631662277500386,-1.2863804463555013,-0.016328320952226433,-0.8527200909521218,-0.29729426154337835,0.34317127999295194,0.5724891646343564,-0.3294491463333518,0.7575309845465812,3
5.224593331342507,-1.8423125035225258,0.8977702932910847,-1.0441897955001211,-0.3103591098966997,1.325007331972802,2.057930395986872,-1.2877895416570722,0.09419278088824899,-0.8717918640600598,0.958679227415353,0.14795374287659988,-2.981395559610102,-1.1333892685271216,3
-1.016836088092611,4.103001967052596,1.4092478763239467,2.028066249050916,-0.7813111228959608,0.018325105634207372,0.3349193844313975,1.7887530658328021,0.3844918709438634,1.6261826576990526,-0.5928445810549061,0.8129631324395203,0.9103787834802365,0.7796241340968099,3
-3.2300923739836134,2.93619624784399,3.0318627582852646,-1.180310488907762,-1.0815378920359813,1.3956086074497656,1.2208466200472121,0.2113437400715005,4.657151459674777,-0.23060453471222486,-0.4263888889737011,-0.32541079892603225,-1.628607987999381,-0.9553511110880669,2
-2.0087746816723264,2.1550301612955445,-1.0968621114104966,0.04210871740937115,0.38747867193157753,0.5651004800633249,-1.7517093468358949,-0.8861514999255835,1.7754761643139043,-0.13757101003729344,-1.545859694452468,-0.5361655042366857,-1.0618977936221716,-0.18257093865018775,4
-3.821370880854771,-0.8332610510100147,1.6917388823319643,-0.1671962189455447,3.273072706463346,-0.4930515806312267,-0.8194199885596118,-1.7394624597220671,0.16997594324295892,2.4326658458098738,0.862830331674498,-0.18218469299057216,-0.09324208869269432,0.06191795321456733,4
-1.921106222492802,-1.3733670908296365,-0.14831014618312593,-1.454296124553543,-2.1472366132545813,2.2133194448925244,-1.1992343814510549,0.7077070770045572,-0.9583734914043875,-1.7923416924081557,-0.2556820789982546,-1.7180447597236816,0.5712554856541802,0.07880692146294552,3
-3.211790805343113,-1.1915110350162232,-2.1689670552036473,-0.4387771529257056,2.596890607233093,-0.43217687657613135,0.46438746661785313,-0.8681042883575948,0.08279748365435147,0.3221908947908298,1.8616540058041247,1.5743323522619346,3.242526474871486,-1.1475522251185128,2
-2.8239084405222408,-1.0675009189403764,-1.2247197925034048,0.31224879498840763,-0.3331411466246577,-1.0797535165366745,0.17822459987959985,2.2499782696104536,0.4889217071932132,-1.972633030174328,-1.1368397062685829,-1.4038917635475059,0.05610816914955991,-0.7306401932285518,3
-1.0694748449770177,-1.578312549974202,-1.8553454412172663,-1.6196107675823903,1.8276194426562746,0.8045313933476907,-0.07197783886611311,2.7211119263428447,1.019169119409652,-0.7415349962071789,0.6845263996583443,-1.2618475762619905,-1.0337463474662196,-1.4287028970400857,3
-1.2153959497141347,-0.8516633235298293,0.3084261436222439,1.8323504134636937,4.0187950284829475,-0.25344876348622913,0.6494112026011407,-0.372203114617176,-1.1613426316011988,-1.502185326566694,1.6698828605052296,0.9721475956099006,1.1977820839040614,-2.848151504941404,4
0.993466138219959,3.320222722771255,1.4979197582839734,-1.1190234869494566,2.6699303156739207,2.163381769047559,1.1195316235367714,1.3541775768196012,-2.4872120567597324,-0.177033360732031,0.4976716537554478,-0.5561073898056259,-0.764495757069651,-1.3782677650793664,4
1.2700115710043216,-1.6126368456505782,-0.23494866143740528,-1.2202367235181386,3.627706853168058,-0.8624059003387206,-0.44739928660191386,-1.3536748827924672,0.484095026384396,-2.0760437795290385,-0.1485892429864411,1.2260206902390345,0.09132471134966316,1.5473494042816716,2
-0.17403881349167333,-0.9521037432419177,-1.0042571966479164,0.3924503214376406,-1.1617238446687717,0.8604389857030396,1.88433956094916,-0.1512934887240626,0.594974175568708,0.25836185883115154,-0.24041791408552532,0.028782922142859303,0.6286960286024537,0.8856038615138089,1
0.19643730978174653,3.544557394123748,-1.1118701306592433,1.112491763413267,-0.9020433497928586,-0.38615397342785485,0.3652883872802997,-0.21904462115532655,-1.3662995525309511,-1.1502504301650067,-0.5108134802147065,0.6372006000161234,0.16816502672551906,-0.012197355715752811,2
-2.525811565948222,-1.1482014184407128,1.3965299051275584,1.496672796899579,-0.41170358449655603,-1.5246253609871754,0.993344365785176,0.31809718005409254,-1.2172814945850265,-0.29789423413167065,-0.42052478045646596,-2.2215840202622794,-0.8602500192380329,0.5213978122473667,1
-2.5560591035500466,2.801598945344286,1.8905020536349941,0.06734905547368081,0.33934831936906434,-1.257130431940578,0.7768776567840078,0.3447950294928477,4.8695882151243,-0.11117641721253632,-1.0316645316453228,-0.33738842723182055,-1.4337053221970577,-1.5598970156145662,2
-0.7431349718673125,-1.0421724848602698,-2.459174959001823,0.9825372204401122,-0.45207241388937514,0.905509039590162,-1.6826518477592738,0.02731256006803356,-0.9746996329769293,0.9399713381385019,-0.30523020252929334,-0.0849102208322291,-0.833169709721424,-0.08718758164128794,3
-0.3838961364237034,2.3341082930643906,-0.5380996881036884,0.7835690773441095,-1.1141226034365943,-0.6530658648982773,1.5244255064178815,0.6144950077427711,-0.41765372199127526,0.042366562796128736,-0.8291359495090234,-0.038520269590465214,0.6103825741641549,1.5996596506666805,4
-2.613786073945099,-0.917698578078181,2.4366205548338207,-2.2532017063045346,2.146428690447507,0.8563545953737383,0.8830994683569645,1.7938979256423773,2.105351335512402,-0.8197439380026723,0.8803571136020748,-1.6835981802369362,-0.9171879830416189,-1.0701011249393435,1
-0.7764274274900093,-1.4280425730008588,2.4075914776350595,-1.3721717983313328,-1.4963935072686476,0.23978812693543544,2.2357369534708718,-1.485028386974691,-0.8960517315335819,0.08450656977831665,0.637107173123255,-0.5733722551365223,1.0255535813003056,-0.3098095214987433,2
-0.7619684420732121,2.2773969394934035,0.3315031954318277,-0.9699298002147123,-0.017045561669854915,2.496350008298254,-0.21638420099390673,-0.9978155949637117,-1.9895549371609889,-1.3605476575710131,-0.3908459761200361,-0.7429628352616273,0.47983031222364925,0.3395084110764864,4
6.314437890289347,-1.521494877959507,-0.02610773679509506,0.6181784937520856,-0.4119681458260822,-1.147776026083656,1.6790123018190157,-1.1538249211537153,1.5069178313217015,-0.18247729733924628,-0.005195279697511146,-0.7031460437918642,1.8296823195537613,1.302964336567997,3
2.5841250582430275,-1.713708535156577,-0.46114001144330935,-1.4274008458456398,-0.41901371623705375,-1.6335716709707206,0.6340177382226738,1.1043283074368102,-0.7517548045231213,0.0368526525574765,-0.9091042012098399,1.5696317954957855,-0.7219290904402359,1.5599089493375318,1
1.6758585970485476,2.164938449500238,-1.1159714694393983,-1.1672954369577055,-1.07296373345408,-0.9777037548715951,-1.5823101192249491,-0.4919097361225033,-0.6631710272864266,-0.18981642953565703,-0.061476109109973684,-0.5772767612810799,0.38548718782375935,0.7489683307006858,2
0.8935712745757864,-1.4332500169375324,2.562531892595587,-2.0664878038769428,2.924535498053159,1.7838328759861237,-0.6233313135633212,-0.47766900622424846,0.09445829071840162,-0.9819112084654262,-0.32670250124094663,2.1340303458617913,0.03605914479338057,1.219382438451996,3
1.8342740021278878,-1.6974387657836807,-0.38022757483564046,0.30418811504036253,-1.6080136844728772,2.89291390198712,2.1020879987217906,0.9198158718905712,-0.00850004479689991,-0.5558445018918098,-2.1507539148876407,1.7916384413422837,1.0138953569923983,1.478310305574102,3
-2.43702599149402,-1.231302258450714,-0.8949434541105548,0.6864457559463475,0.284385110284337,-0.666136581135868,0.2860555332652447,-0.1905520556195868,0.09561022677245144,0.742673423790228,1.7342775450360264,1.4698892743860428,3.413150373614019,-1.314578660651372,3
-2.977068326944299,-1.085255647798145,1.4770477662222752,1.3542295290036659,-0.3163831082438557,-1.5160239637367547,1.0628118375128965,0.530815242340254,-1.4718175158376219,-0.25607555587814185,-0.5736213935472999,-1.6850154102189994,-0.2936821720179405,0.4724638317058076,4
6.070885731255975,-1.9746559603650433,-0.5873873326436326,-1.233633530100176,-0.9443338175569083,-0.29436225817378964,-1.9989287065387573,1.6176647243476987,0.9945915019604294,1.390354970318023,-1.2134804915359019,2.073061135702163,0.07055837704856643,0.34229142672860824,2
-0.30595141989696123,-1.5570671841058363,-0.5612696361120565,-0.2694416566515335,-1.2069243591627643,3.228991080781718,-0.7923456386532928,-0.5884350919100076,-0.5312241870679747,-2.014859450994352,-1.1922199584492479,1.6204503342659062,-0.6080428682449056,0.9233635341641316,2
0.09787815791085447,-1.4240032386556793,-0.3666666383782225,-1.847951127516406,-0.7823299681866521,0.5872454740162959,-1.045605189461571,-0.5495809566568602,-0.05373494709598657,1.7602639737652537,-0.09043691100478125,0.6823248786397357,1.3776514848773802,-0.09249351427831164,1
0.17528947423247723,-1.3508516146620018,2.6930885995339833,-2.441447887650264,-0.8546184037337615,-0.06371697133152132,2.1589792002910717,-1.3757367013442272,-1.225232982212166,0.3231097277373584,0.27682104311768685,-0.3031437903468613,-0.5149594048836542,-0.5656359499023816,4
3.0149389135936535,-1.0190009054249902,0.30821144246280396,-0.8083545545257128,-0.9988541157206154,1.5340722802184632,-1.2015462471568856,1.055009995572181,1.0481469705534565,3.2708405079018816,-0.37767038289391186,-1.744909097924632,1.4565179795862524,0.3983217139759706,2
0.4588341733678106,-1.456348806778301,-0.9736331978930877,-2.2052107364332802,-0.9574402458835816,-1.5023177555035694,-1.649274680276796,-1.7702776033463183,-0.7966442264623845,1.1644864352787134,-0.35640653095692626,-0.17997475933016957,-0.03208344480268847,-1.134893547011533,3
0.5160597616773507,1.9433280362883862,0.10052772110290431,-2.459214143111248,-2.0356334744098263,2.1691843954464933,2.0788782392178144,0.6300724998060171,2.6747696507087797,0.7184441349890065,-1.2050326550275587,-0.5218274976848001,-0.0031005701493725243,-0.18724229318472851,3
1.0613477996952219,2.0811925813742143,-2.4235570398928594,-2.1600289808090127,2.1938040176484654,-1.2674266628382542,0.38086004519972605,0.44946417498889574,0.4249698465240258,-1.2001950653423827,-0.1096265670173505,-1.6613633309918707,-1.1345321701395625,-1.3070668611399299,3
-2.6327092194280657,-0.9014815312316148,1.4560937224690067,0.6022450530542633,0.09899698718096285,-1.1399721161990977,-2.147205804015258,0.08141369177393899,-0.45238484039661464,-1.0927926569882516,-0.4607584371763088,-0.993891805463875,-0.6886825778321565,-0.9451790322414025,4
-0.0778935892440043,3.7477298686955978,0.6002312851633311,1.7921048832024133,-0.3371588022507266,-0.5136616636005549,-0.1942049268389551,1.0514153593587021,-1.5991475058915823,-1.0052402313987896,0.29211310013568176,0.9007169414343239,-0.10231694928155717,-0.6225668603352893,4
-0.35384627591701917,-0.9508421685869508,-1.3810344064921705,0.2474492529976283,-0.7790385154622584,-0.7843783589216494,1.1897153110245882,-0.15293396671875975,-0.37547628820764967,0.6975051065953906,-1.6286368820853323,0.5713322983065511,-0.34842199187675665,0.27022252507032435,3
5.161839951848868,3.0702842731958673,0.18446340202259698,-3.0894226345751754,-0.011581687560237128,1.133183422443995,1.1091263743970907,1.0711809740659028,-1.4777099490242986,-0.5508719730989858,0.7559778665179016,1.1046603866024682,-0.0747912595511677,-0.32889880590483633,1
0.7030402312581673,2.630333075414249,2.1676388440845016,-0.735998859679279,0.6770547256192828,-0.6783863973427774,-1.3709796111907895,1.364414604274237,-0.26926884793621586,2.671338263671393,-0.058546754546888416,-0.05667811672060033,0.24019949819714445,0.9152839876345469,4
-0.02404863504205811,-1.2204107472056607,1.6943789160714335,0.5467483384796493,-0.021777861332960183,-1.503069834084886,1.5375533765617357,-0.43576666944642023,-0.34541084485035595,1.3909541516441928,-0.28281242259525013,1.8110941932465214,0.14563004581465447,-1.0479766281079412,1
3.652698360578137,-1.818920463866055,2.7397092902197224,0.27225989765959574,-0.07805629667530926,1.5377651005102797,2.1109645076539016,-0.054727427896582255,-1.5770033565155739,-0.3720768066917515,0.47041560147831724,0.18759495158362197,-2.7697482203528767,-0.4387975215725112,3
-0.3847545813336508,-1.1891429728570346,1.5070470587592573,2.012788374331544,0.9946439110476331,-0.04883911747733487,-1.0401711132042517,-0.3845158095972355,-0.2368293917185646,-1.6375993042642578,-0.09248685045253376,1.8167989877673272,-0.4423306135611912,1.693891867855224,2
3.0264644348096432,-1.7919595225873413,0.9760596917836963,-3.610222058651962,-0.15332834275504087,1.149909814058596,-0.8948734784567307,-1.5436651514977433,-0.8491357028981646,1.0732295820033615,0.07086623720745876,-0.8225623084065862,-0.8008190704767579,-2.054514701102365,1
1.718931763146551,-1.7612246091842336,-1.186445598202901,-1.6122835311489963,2.339221613698246,-0.9134601244976777,1.640066378227435,1.231427915189239,-0.20904048686454452,0.3820442959012175,-0.8107169157978603,1.2402134000351688,0.6715331056615029,2.2173975005557485,1
0.841650862797969,-1.3522388215507999,0.967245933979027,0.7299339625366702,3.5601515054654698,-0.9482751586447119,0.25430738799447483,0.05446669835559188,-0.013502282786002602,-2.151302285404707,1.3451758965986027,3.0672386457711007,1.5387764063990665,-1.5992914671202694,3
0.6509866211935369,-1.178206833154704,-0.7631298095460488,2.3623297141667123,-0.24816691782340677,0.17535619174241587,1.1036004858438893,-0.013228240106751896,-1.3056941433768658,-0.5749851818061926,0.23345646379422602,-0.7650628172228631,-0.4922855852405946,-0.36684867847257574,1
-0.1502267335763865,-1.3435089943843834,1.6855233621178123,-0.47991119894743617,-0.9102711760508923,-0.5956582384515922,1.5156570028189362,-0.03100997160380205,-1.7424161380567544,1.1405557737854628,0.23078511188842762,1.055213004306545,-0.09939323693872394,-0.7319704554279709,3
-3.0511758292202185,-0.8754402267930356,-0.445578775052684,0.5080702186012713,-0.9966417176763517,-1.1341779062559356,-0.30742290168742875,1.8309519907797398,1.4985261623794721,-1.8165053036498713,-0.23004683027551395,-0.34596880147752374,-0.7229057027684536,-0.5219996933008474,1
-0.20801484074046503,2.2853677945521813,-1.7031558818254307,0.8508821239551184,-0.42003601940455565,-0.5191104508089738,1.1951182399586546,-0.8898016288324994,-1.6630601410965558,-0.8471426572999983,-0.4433166673274567,-0.45188680339042625,-0.6885122089230147,-0.7188531463618749,4
0.7693278852977818,-1.2132076575129196,0.03190359770390205,-2.8543215665482453,-2.044276722043858,0.7524729349464184,0.6501667763925579,-0.3545030422282872,1.545563458264047,-0.6019883560816331,-0.192008156873119,0.6150774188626505,-0.3880858090469137,-3.018741945432973,3
-0.6467777219324836,2.4363221782720244,-1.1935822843827553,-0.01605630104862288,-0.8294632444157364,-0.04839336837949301,-1.63999729643646,-0.5792252239102343,0.00435134161168293,0.7121996191790718,-0.40068936054106824,0.7943003465556581,0.4999784558280748,1.2358278633612867,1
1.0999187238793602,-1.2524091457189166,1.5383825875028252,3.362331600646147,0.04652416698144022,-0.4480388101283761,1.5809946891978672,-1.6339162092685908,-0.22473812083230824,-0.480042074245598,0.2294023660061488,0.5108745293512621,-2.8501709335127168,-1.687644467665507,3
1.2436045981741661,2.188937728816086,-0.353916776029429,0.2808067223293975,-0.48098712830981394,-0.07689460402508556,-1.4144255020107805,-0.019563289959310268,-0.32164123405670564,0.550100392998529,-0.7978112256143723,-0.3841168223528646,0.4101437135541046,0.82729054393234,3
3.0436586897836038,-1.728471001704755,-0.3545414688129092,4.25472146247198,-0.048602974648662374,1.22339062685802,1.8670910969867982,-0.032304893064492156,0.03602275570904013,0.09706155167853735,0.36664548306635647,0.20898501433731484,-1.5554280752926801,-0.546287985079824,4
4.164579373966095,-1.5192179984159921,-0.12808639181002204,-1.0486172016143653,-0.25086264537710845,-1.0996497496730342,-0.08683213879400316,1.5152892776271878,2.098008127465315,-0.2182342630229877,-0.10937632883044432,2.179979102640547,-1.9000826093040482,-1.3310771504993748,4
-1.0186312149711363,2.6064923190006923,1.3538226222076835,1.5261532496276342,3.256281568181119,1.0900125143973478,-0.8361526913049221,1.0247458098034328,-0.13603127846806526,2.2531614493882026,-0.46546251430610175,0.048741193308533166,-0.2342588354103907,1.094466215109519,1
-2.5597277611460383,-0.8589952541367357,-0.34840108545711873,0.4225163746300666,-1.1813614487718265,-0.7435916955157758,0.2872207418158048,-0.20135668434421303,1.8821015323695418,2.2298150061541993,0.44897024989915774,0.959290401227886,-0.6560986691150044,-2.0702408571663438,4
-0.4832303585955337,-1.2623876390563806,1.3760287571029393,1.84724465547495,0.032908978430796834,-0.590440780075073,1.2923026401477062,0.8411118218879525,-0.5948563946394885,-0.1917490253608607,-0.20964625490525352,1.550019983369158,-0.26141322167778636,1.7692063676227496,2
0.6411162671519479,-1.3709164990553169,-1.0772997696844562,-0.6854796707531897,-0.049069382570552864,-0.8546288437289442,0.5093475323607446,0.7077295102067963,0.9103085211581126,1.3724345284754906,0.8378655105736255,0.18287755759475385,-0.26117270120842784,-1.5377764661864275,4
1.4747149424596375,1.8525020302506159,-0.6403908320691798,-2.7606520376389803,2.381278365506904,2.536064255312808,-0.6027809496072853,0.08042823115575441,-1.7513012707170594,-0.3627492860361918,0.46723948005526617,-0.7560792744402993,0.0007476381187155411,0.4879017251385763,1
6.1766755902433745,-1.9531963445366243,0.8259978679736314,1.489237021796696,-1.0582910995967094,-0.4130428258524326,1.939416995680308,0.3400097629702841,1.2461601892202097,1.4837736024687338,0.03824192877624728,0.5242667659343859,-1.2659438196824766,1.1877416414192281,3
-2.7788249044452558,-0.8296054920232614,2.8754994142365993,-1.1612639444565107,-0.06291152116285874,1.0372747517242875,2.3030610271087943,-1.6462635293090913,-0.27837909961370766,1.2661938191985023,-0.41305061252711917,0.1951214044146249,-0.42608606073503774,-1.3548028556238814,2
0.46230607405056684,-1.4710951972692,-1.902788351647889,-1.1726947813844972,-0.9375215162598606,-1.021273254540036,0.8816399997455362,-0.9224462665180498,-0.7181628682004743,2.55983340207513,-0.49550585287487986,0.08679996529714079,-0.6907813892407525,-0.9160919527908753,3
1.8814436166485606,1.985007209788644,-1.6156645844656532,-1.4250220442521153,-0.3074562217302601,-1.509692876439964,1.0234807510950603,0.5721870582464311,-0.19685957404331375,0.2655746327081958,-0.38561546809495456,-0.29347292838374023,0.3422540969685703,-0.11948913784997436,4
2.720030995046321,1.251048113710561,2.6019611577608455,1.1903438644191335,-0.4213637045196549,0.5732670537204378,-0.9597633038793588,-1.4218960354808479,1.2180789376793806,-0.6846389137357836,-0.3727794034579735,-1.8264239030975513,2.7211997404074877,0.8300069394096475,3
1.2826775214182595,1.999465305244317,-2.4679363465508954,-0.35446775323689067,-0.6555793412221332,0.5845542333950376,-1.4750402750079976,0.9672984729363119,-0.9234722351462249,0.7149654823593186,-0.45918545640215397,-0.1487333191179639,0.32582810704307413,0.5774941600193836,1
0.49485520934486255,3.8565621428811387,0.6574088756452976,-2.091962453262607,-1.4175465610624904,1.7930714403441554,0.8795000516460656,1.2078270300234395,-0.9389194499509357,1.9122751903382822,-0.009083153668335056,0.6907716464066241,-0.17784978322582715,-0.8344983241524184,4
3.039374134114195,-1.9274779543004714,-2.183092545373663,2.6935155537283837,-0.7561776701920321,1.010164446472629,2.0388266254083334,-0.12754831631457617,-0.05795628393312531,0.03457664710676106,-0.33652049889469265,-0.21433686052229523,-0.908523792063553,-0.07239153455955498,3
-2.303641873923896,-1.2521200871778893,0.9709382694034191,0.5846567819949541,-1.373265357039557,3.780444572185436,-0.07219403045202695,-0.5118633871412912,-0.14486954280358885,2.463063165358849,0.7402274663423484,0.20218725144025498,1.0554014497941357,0.1115774740193362,4
0.1011478643581469,2.325373832864782,0.9082921651554363,2.200099394369371,0.4185032650379944,0.49412509022826595,-1.0658185455737834,0.6701105091460098,-0.7373352502363939,0.3671459370863039,-0.37791691879117106,-0.03761309950316777,1.2261862746195988,1.1275361251852491,3
0.30781875617590193,-1.3679078436131829,-1.2728234363316333,-2.6692081819873597,-1.4626477711213564,-0.29389148673841164,-0.6200358723779312,-2.89626600913481,0.4376872315500932,-0.06273458969111342,-0.6698548447864014,1.3481329601428742,0.29069457801785537,-0.7267137276114661,4
-0.338904069414504,-0.9710434905942208,1.2579149273002417,2.444144623886639,-0.7787517625331583,-0.741511624016593,1.0627531932699055,0.27497161739410425,-1.224105434292296,-0.017284173547896225,0.9320953562839803,-0.5712623220649488,-0.016994619184506805,0.8165339825511518,2
-2.7559211595376834,-1.0457663462791311,1.5531715534838308,0.2713508096145813,-0.4072075782013587,-2.187454421419963,1.5121856558133515,-1.8807443555819363,-0.44448261494877145,0.8671448643645516,-0.682189436988762,-0.3570569676030251,0.7800662893989188,1.2028630481162992,2
-1.1514586955948123,3.6249359123966958,-1.0225206802944613,-1.6190461522878763,-0.07444489020929007,1.9301904346644259,0.9257295390383555,-0.981296673692382,-0.5173317420060891,-1.019339058529515,-0.8905670016353064,-0.4573323505536131,0.46314448087111404,-0.25302739648277184,4
-2.691308178139731,-1.1129719830279117,1.7114550044517078,1.5254687031979446,0.45329971774658817,-0.6266895781617746,-1.3390293041813133,0.41808120459405224,-0.31201158605413326,-1.1290976043356478,-0.534859065252785,-0.9719335346067423,0.4971929331208001,1.4218744617256676,1
1.5212591070323682,-1.5137967490561288,-0.5686815188867598,-0.7153149342411361,-0.5758579046599283,-0.6295158182716568,-1.9583875325296645,-0.4574338485555267,-0.2599609606081459,-0.43777374245317063,-0.6302500374874807,1.9241632018164951,-0.8519398492543394,0.5337829309212068,1
1.3329440353257136,3.461861385473176,-0.3407645101624946,-0.025626575420732104,-0.9585271756224103,-1.0585437962839392,-0.5107130357723224,0.31264927237749546,-1.8969657625055756,-0.0024241268034588927,0.20215507340356575,-1.278579451121468,-0.35939452937616256,-0.12408567471239652,4
-0.8815545486759591,2.5194517183410055,-0.5341897943107979,1.0381489560835098,-1.1418385914462275,1.230472171636042,0.30243178211868715,1.0510665465431759,-0.8917216416866944,-0.3006165423158848,2.116154745589212,1.3060549582075263,2.6778573927558966,-1.9101472153082455,3
-2.0074847288450863,-1.1533037614428812,-1.9002140385550674,1.0579634285755521,-1.2506495817841496,0.3878256281428533,1.2912599341782787,1.8577566031224335,0.1922552257099708,1.4065588734670682,0.2524118188621354,-0.36165786041921394,-1.3082340835263278,-1.0184325315729053,4
-0.6546522084047323,-1.3616998416171646,1.4594840310918822,-2.776907539256307,-0.20113198878722582,1.0745637844809859,-0.7673380628119268,-0.041177773957739285,-0.9272339966632857,-1.3147204871139972,0.46615107078586554,-0.7069866899424436,-0.5504740931230728,0.1650551227033803,4
3.2771281296729784,-1.934821635045464,-1.5295570235360259,0.8992894329008038,-0.2888974092823759,0.47876581765118453,-1.0522504601864033,-0.8157819733803765,-0.7130720442762156,0.39399393218499185,0.014567836186839739,-0.11732722390968876,-1.8626142738158498,0.12624845025279738,2
4.376212750861917,-0.08838256132027032,-0.6414316447615631,0.5630880745481951,-0.20502255523523313,-0.9626425754146584,0.29636331774626895,-1.107770353371103,1.4892508292874078,-1.1947296940607286,-0.3037128842231583,-0.9550969782387375,2.30069451548549,0.09872273045460635,1
3.124014413099583,-1.8301973555942876,-0.8432342604370026,3.540247711379896,-0.19151809960088037,0.5850004276299415,1.6700016322900415,-0.9126631054397402,-0.0837144669030611,-0.6061888813899017,0.8217044061234179,-0.262588163146967,-1.6629555003935477,-0.1956181165320598,3
0.7837485158048235,2.1359214065986234,-1.992311987659444,-1.024666813402516,-0.6308916138838925,-1.5134708374265853,1.1655170778755608,-0.6574147140150198,-1.105604349182473,-1.0707854327263855,0.10900620746012298,-0.6978878860873899,-0.22018130078667672,0.009114567674940361,4
-3.01852402075245,-1.3605705335956269,0.4138409729455521,-1.2175999804912134,1.7300794326188795,1.983759205401371,2.0311598837265694,0.8972020865344501,-0.6241262394603335,-1.6686474784750014,-0.5418247905132881,-1.2676352617202293,-0.05487968005346866,0.4134031907641536,3
1.7398553515918413,-1.1714736557796535,-0.47071275728883055,0.8208886446744775,0.46354874827326664,-0.12499648810020465,1.4506838151683776,0.5189188319043815,0.2105808433040802,1.5108999060312698,-0.5507469052253604,0.6781420541371376,-0.42388044759052007,0.29865672172690816,1
-1.02772187242462,-1.318301782504068,-0.940760760287791,-0.4218382301903242,-1.3656133019007481,0.09521656343716824,-0.0756677061849633,1.7935785232338215,0.901032889141952,-1.782728091141912,-0.24736926993742497,-1.1381374718408117,-0.4678842354772008,-1.8313262792470772,1
-0.79080976774924,-1.7494439172662397,-0.6002147200924901,-3.6225546357539704,2.783689956348182,2.411698613624848,-0.589896711994238,0.8778384938904671,-0.6213699301152726,0.26953204212289306,-0.43180877502533666,-0.8229758511223023,-0.751073296739328,0.7350192157626028,3
-1.1731643301574513,-1.3574774008591752,2.1713820520019507,0.355667217942203,-1.1363858899126498,1.6425443640144635,1.8648989846060444,1.8628357341711015,-1.789449614256735,-1.1035469271014215,-0.36028666276073784,-1.070671201641863,-0.1408713174803465,0.1869462964150034,3
2.292880574851378,-1.3039164011882942,-0.7255382243756054,0.9224158659556331,-0.44894490646250484,0.14752288954092177,-1.4425920567009471,-0.48705575873378204,-0.43590109293257684,-0.5372593635905585,-0.0794408165992616,0.06131520410205609,-0.13574442971642423,-0.9089085817337921,2
2.042684759709249,3.6174988153803365,-1.8089023556298351,-1.1003432285227257,0.06159411901174102,-0.5699673118422969,0.11556601423688617,0.6272119026095888,0.3151035959273853,0.7008265536169698,-0.0756929649328591,1.23611646800849,-0.5324226157880939,-1.1349298076974759,4
1.1618100563369833,2.4818893539572007,1.9214695243972186,-0.6335334412579777,-0.37531058971523096,-2.683710844064796,1.7449103281110554,-0.7425361835876931,-1.12072139293821,-1.048705549555947,-0.4939430312491946,-0.061550401916496,0.09014730784144576,0.8582736106638349,1
-1.5847240583413553,-1.5615565263129068,-1.894297512970253,-0.5326036678731748,2.400292490330623,0.3784104010518073,-1.2629306414424235,-0.7452917033089912,-1.148302676240866,0.9120521127889678,0.8720632581439272,-0.7132621000722055,0.19193637861379392,-0.5572446852819706,1
2.9642214295382066,-1.4762550516315103,3.124688982181371,3.5436536526370666,-0.9947176799840882,3.9483924363206255,0.1579751821150535,-0.12033166966039076,-0.5593591546204371,-0.7860435824479379,0.10815986281266934,1.2285217773345918,-1.0421520486178677,-0.48562905559288233,1
0.22315302815512603,2.401504803494587,2.3400866894139476,-1.3628158840375155,-0.4129999754579259,1.3688330502043669,-0.6676150349966582,-0.20792379408998007,-1.1817672857421244,-1.4149641734678557,-0.3349379085037755,0.2423813600376751,0.6925385376371345,1.0827187514992525,3
1.828832290504537,2.3901407944826625,1.9545979013435908,-2.0890915186999592,3.4253956904767,-1.6134661653449176,1.8451326623468787,1.901550080094145,0.3049801014294162,2.527305369330427,0.8691873305644243,1.0759748524549122,-0.843506470006526,0.667173707819689,2
2.5393203703381797,1.961192573738707,-0.3463689907590753,-2.0172022131733716,-0.8756832500357665,0.15470406702729228,-1.6108885476553432,-0.6887208281119784,-0.8853284184665912,-0.8553239599947093,-1.2276772111617609,0.13243194303620423,-0.043147588270023886,-0.5235963107524682,3
1.7182566627933762,-1.8210270752879185,0.07418410307329548,-1.0433198894934017,0.25676555251800587,-0.7791525838173459,-1.793821249827381,-0.6871522327616452,-1.8392979198234853,2.3244834291725716,0.711859275265548,-0.38249364906164196,-0.6303701132942191,-0.25125602484455245,2
-0.6506263222044751,-1.3034612477655374,-0.25097641220464995,-0.6047044406727818,-0.9312422780050135,-0.578952481156703,-1.989718574194214,2.0333325888544427,0.5410495999659409,0.8939968427955431,0.22897184912814905,-1.0915577067585487,0.31754091897867354,0.8512100747635999,1
1.6237965955480453,-1.64203089260711,-0.9714214814652364,-2.363670188090666,-1.0125648821073512,-0.046759828820017835,1.0971418554340935,2.8919473426258357,-0.497946441510012,0.836417782128841,-1.260018876236182,0.0652075872446916,-0.5500370192647424,-0.6870725427796925,3
-0.2166469096644437,-1.3702645961039692,0.46178202579042277,-3.4025050686556098,-1.4657770036050635,-0.1184462865203967,2.0522975555144636,-1.9648941755267186,-0.03382436703202491,0.23988857010602463,0.4996786365217842,0.42763118650779414,0.7932460705827143,-0.5399099220234187,4
0.9689141906084481,2.337674719584431,1.3195220940654855,0.17940399022403308,0.9032778742174306,-1.134249145221469,-1.6102225182968097,-0.29896472336327545,-1.8957792270571092,-1.0128951675258844,1.1479002466806878,-0.9826773843368738,-0.7131080671322035,-0.10539023982955581,3
-0.9124927393483414,-1.715561583452335,-2.1183654739573727,0.09578654445253916,2.2331408429713857,-0.1208117834258311,1.6711200000841193,-0.6698391759823187,-1.1194633446476772,0.8072513324038987,-0.22115118701885086,0.04914429893873146,-0.28474823858738446,-0.8632495715964883,1
-1.6994167627134882,-1.3666338126465265,-1.2944603069819256,-0.05707807634115636,0.07194461695359212,-0.05105944695771041,-1.762211168793161,1.940712279148677,0.03292436834654739,-0.026873518438233258,-0.47741379145203283,-0.21311023084203343,0.6986207886088674,-0.2337495781683379,4
1.6428821593126288,-1.493938625313717,0.2211605543539933,-1.5752793759575616,-1.1061767612927818,-1.6178043198336303,-2.2267067433564627,1.5339233209979615,-1.1312746123293287,-0.1697642807227361,0.04881342298866085,-0.9700468788932942,-0.2638752855520209,-0.46104604398826426,1
-3.540194431635828,2.7784074849107836,2.549894242398336,-0.7299436768566915,-0.22554709075455343,1.8165746987444606,1.116324602846887,0.47708753020554745,3.2220367864345976,-0.9796574589885776,0.13061827808752727,-1.1335076214966255,-0.7627174021306611,-1.619370598346516,1
0.6495326756501604,-1.3402144484615022,2.2094457168695274,-1.2689081451861268,-0.5926195991720077,-2.5375734405062,-1.8731587887390604,0.9511926222541449,-0.17585093725350728,-1.3353458072833404,-0.435657065897122,-0.2052955274793611,0.19665726227583807,-0.2564436183044424,4
-3.8200372718704427,-0.8361493649870769,2.097478418600104,0.012468821240039249,-0.10372717497126634,0.035497343779705974,-1.374359110005891,-0.04887684651908078,-0.506134584900357,-1.106340472064526,0.01318686147459468,-1.5415894066622184,-0.1559988516873416,0.8348513418145435,4
-0.42720081905500124,-1.3550804265211924,-0.8838762397550303,-0.2961390297866219,-1.0256222474500574,-1.8250901565709003,0.9011721091271407,-0.6448952452740038,0.6183278811070073,-1.5544498202228907,-0.4210634020702367,1.0906815963346013,0.17831019510933047,1.2348714718447389,4
4.920437572138204,-1.8357039151904637,0.3395535045522316,1.0661084359336266,-0.6042414641166098,-0.9853172892760976,1.98295416410657,0.015887146705100243,0.6642220903680099,0.010149488309797903,0.025147366040463175,0.5073044242421669,-1.0338488762324631,0.8427879405180811,4
1.8091627935857697,2.2062874189341213,-1.0277010656352765,-0.7403857654619596,-0.7833959532569168,-0.8565738736550764,-1.4794330643817724,-0.5313660329472517,0.03164255318543111,-0.5070794057913417,0.09979703513391415,0.30476337172321466,-0.05513968673269387,0.8543142253270307,4
2.9229846491131894,-1.6618185525231208,-1.2611877292711722,3.6560881573761916,-1.0389131501867583,1.4721483125968005,-1.2724748721559078,-1.0877547696904426,0.37484146334712193,-0.796696266282176,0.04017180067261184,0.6914906926577419,-1.145775535660381,-1.2577421519683658,3
-2.212300993940721,-1.618221380834237,-0.4610771182438313,-2.0621621439010087,1.8486096160757612,2.4796135140983853,-0.4036839555950287,-1.4151382437157616,-1.5097968063609841,0.5191339595855489,-0.5015369779042832,-1.82109555597522,0.7322383643322655,-0.7362461261273723,2
-2.401150177853585,-1.2292282248936919,1.192451608537907,-0.10954231159345003,2.924849514200228,-1.01173688683016,-1.1690979359883311,0.9804698596567791,-0.20095558370865735,-1.597447793399271,-0.12076741146992061,-0.7813117129469788,0.6260809627117113,1.1420968229106583,4
0.20612344815299058,2.0704347750796703,-1.5995470868779642,0.680922113515922,-0.05430060953660609,-0.040230769457754535,1.5668305098109319,0.9529054211884147,-1.1002398110568297,0.5033635736352823,-1.3453567877927872,0.03372080219010074,0.5982944620769239,0.987200620337125,3
-0.2293437222645193,1.8399529464857107,-0.310152789870329,-0.6333277986276712,0.016376730370610545,1.7862255581950297,-1.1521819403121252,-0.8042058586458435,0.8691420297517384,0.14008916356837267,-1.2772620184945933,-0.645937647727322,-0.9038982365261725,-0.7949448551875392,4
3.3079914336377065,-2.219716327540921,-1.1496814270357296,3.4344895856686026,2.5938142188147952,1.3650171027420253,1.8334127357264987,-0.20913742974935037,0.06772678441923816,-0.027952745159030252,0.6716511934390585,-0.5616063703097225,-1.6187499425192993,0.13286165200065111,4
1.2764535022445966,-1.5062631722300237,-0.6809535437556522,1.3395409861270893,0.3001244836364886,-0.5078434299221039,1.4504485325853762,-1.2211864764871054,0.2959464919863497,-0.10673312091803594,0.18835066808170292,0.05489204733173106,-2.1625290283839216,-0.1977078460944978,3
-1.9681688746518216,-1.2713244190544197,1.4352445919854497,-0.6067973445749554,2.722590669216725,-1.0189166764938058,-1.5303207540683907,1.4901608351749913,0.2406458320257686,0.3552650886054194,-0.4883321922147462,-1.1923345493510904,0.4979988226792035,0.5789971181955773,4
4.132530027750428,-1.2059259693927695,-0.16480669283424867,3.6597523559848715,-0.6199040344931319,0.7599991225365169,0.1780959962984433,0.8633581478232498,2.0295825956138187,-1.3890797006039617,-0.21605339396544126,-1.7694794851576645,1.0219867229250492,-1.327213480968391,1
0.5270407747619127,-1.314974071134258,1.783051208160284,2.13514498942107,0.35714057519333886,0.5363208824950616,-1.3222924719279874,1.2640651462568802,-0.5069419720746592,0.3014467905358282,-1.276177270836537,1.80904130770623,0.039694270931853695,2.0274302702393987,4
2.7317780292246683,-1.10138958136603,2.708875027261387,-2.8112516046809732,2.8029405498200943,0.7285762996809245,0.8677825079741716,1.7474802546075865,1.3680276796532154,-1.4642633123655895,1.4916905443493962,-0.8146526774939884,-0.9732142420105068,-1.0463517339807114,3
-1.4255818285229744,2.2898623098536235,-2.3107915350419184,-0.48270497337138984,3.0570869740669746,-0.6151981309526756,0.38898137026945273,-0.3733446795744849,0.40372614447629795,-1.160328038233795,0.7773949053245227,1.6187108353843125,2.22627557670833,-1.0463553379762618,3
-1.340408013964055,-1.1354918688854942,-0.1158029489769054,1.3694856605054002,-0.037390051423964364,0.2941399648231356,-1.5632657175214149,-0.2357618341035722,-0.6547745073075443,-1.3309981183448707,-0.22891564010343832,2.1360892882893507,-0.94354200080162,1.1296781345348967,1
-1.3519575832930133,2.716329314217224,2.077561590250349,0.8658227606473523,0.6980676997914795,0.5851953763553711,2.501151581957548,-0.7682632880964005,-1.1024628477024923,1.5548740021014684,0.18917901852819216,0.553210560803167,-0.6513002809317923,1.3203088550354867,1
1.3487056347467081,-1.7417847028822935,-0.4042313558088681,-2.271588659840892,-1.3966747965668427,1.7565178235179855,-1.075996597253508,0.7947601949492539,-1.1336540368763155,-1.8885520736497867,0.7333304195961039,-1.052457290285221,-0.28717428395341726,-0.5709736342239874,4
-0.1834575162507372,3.553555180177361,-2.1847415479831294,0.9904623123674005,-0.36364301059524395,0.17872770220895437,-0.234499538004401,0.35040995093391075,-1.1693784816502442,0.3690144055991316,-0.9584858963285612,0.9090529340434493,-0.7096002860493434,-0.40020107565817453,4
-3.0473217051125294,2.5543311704963427,1.6365095900681386,0.43779394027815366,-0.14672877597668577,-1.0667395224303748,-1.4053143099748628,-2.429642516749143,2.5453902187642377,-1.1661590085095606,-1.8035594028958861,-0.47622792304669104,0.23887088499872072,-0.22643710211122783,1
-0.27651112045466625,-1.0012193570131127,1.2918963543324664,1.1613803472283348,0.8264453407606034,-1.2371296202014643,1.2240517985830424,0.003218855797279336,-0.44240301478926003,0.310596732048242,-0.8771223462629598,0.7720042228496721,-0.1207888617902216,0.7856934634203366,1
-1.280352563722304,2.5472119338812655,0.8231342663298797,1.1041465745399335,0.22371563233605005,-1.3022743037717923,1.1447335988633058,-0.8537134867148216,-1.7037672306061755,-0.4237455447819986,-0.4569041002367664,-0.9609599926291649,-1.065269248548587,-0.2888720281847411,4
-2.59785871504725,-1.4797404600829724,-1.7116852024113662,-0.8984620492645532,2.909238943697047,0.03204209767631967,-1.3766333181365948,1.2693290694020618,-0.8007443286175331,0.05348848248466897,-1.3360756761369805,-1.105416948738436,-0.46107367611565186,0.9466501543764538,4
-2.201127799620531,-1.2259475409767193,-1.538412723356653,-0.5244424654764145,-1.2080317285037405,-0.6836165618488278,-1.942975946418535,0.009171767620755054,-0.13354298425213013,-0.6137483815703696,-0.3500716899632113,-1.3469516656676694,-0.9645976059008897,0.09108968549058838,3
-3.903814485916159,-0.8385589882730862,1.6048747136479125,0.29299125345720306,3.2867243610765375,-0.04602674107361554,-1.1698515376176464,1.2553067206361552,1.3364378051878048,1.3331398398138108,-1.3174166479500053,-0.8516847001325711,0.5942546751246791,0.014533754975695317,2
-0.43535599528551966,2.3730616893759255,0.9912783690262023,3.028029866579483,-0.28151401027870804,0.7200037212085156,-1.50273892368524,0.7366437731624031,-1.2131339712831106,0.41204356216926363,0.9855896331900377,0.12113056409354032,-0.2763726139196725,0.11555747907216786,4
0.2776968832973057,-1.189561328344715,3.097472397661105,-2.287182224609652,-1.2782587913359995,0.8859565936992202,-0.8085850774555982,-0.2947364374045267,-1.4937488049304282,0.5613616335855307,0.6515197448576111,0.827122904802308,0.8366315431031202,-0.3132374458411387,4
-2.6315130124319612,2.693178861083822,3.1383708486015456,-0.8421630642924653,-0.9648263073394159,2.219433101835329,-0.6132759907429659,-0.3419255862422488,3.1616616913833795,-0.4456493183219739,-0.8690268822953795,0.5318123039634951,0.013188660973791825,-1.156726832842787,2
4.580667236515757,1.7563536886834643,-1.3015348113333598,-1.0173539160035165,-0.14980124089778102,-0.9829080396311957,1.4098674058216993,1.911483004089776,-0.30201995473230325,0.7258578725738712,-0.6927292280024021,0.35381117726414346,0.9760730019932548,0.8552227554506205,4
-0.8500546028520268,-1.445859383572724,0.3098508969368186,-2.7751519802930886,-0.4070682016614185,1.700154304298681,-0.8137061251809938,1.0402148805616243,0.137971321801142,-0.8492249672695629,-0.9546284494181556,-0.4832931913330472,1.0278449377739236,1.3129120692436054,1
7.374501796215029,-1.7667301671475475,2.7134591970495268,-0.12355674013760165,-0.10277709672219879,-1.781464766458483,-1.2934599505545061,-1.057303831479305,-0.4852003717168211,0.32949866784717363,1.1560316692971082,-0.03342128739609028,-3.011351063266826,-0.9333384406962686,3
-0.3205795034881732,-1.2051990370158545,-0.9576984256048736,0.6431676225599624,2.5126715187727053,0.3873371001019349,-1.2802552115189056,-0.6301915634054504,-0.4416595847987188,-0.694552208662099,-0.7801114218708871,-0.897346147040732,-0.029619468034554862,-0.912778812999031,1
4.624126961997415,-1.547441526756488,-0.8444048881470672,0.9710840107171088,-0.1808170631111525,0.07569207942984402,-1.6093148761052518,-1.088121179168748,1.4519859718070331,0.0803734153629011,-0.8757257428280968,-2.1254740569534762,2.1861684662502037,0.002341055573268271,4
4.354668821048737,-1.3390467672102702,1.356797120892083,-0.36542523955795486,-0.683827535846247,2.2206951647732867,-0.29557246020079614,-1.236694899975676,1.8265186075047537,-0.48891795019667444,-0.2572908811965792,-1.9478594456710483,2.252173420790953,0.32915783019108047,3
-2.1222569010102506,-1.3627718253631678,-1.794381500239276,1.2426100602645735,-0.7231196504360018,-0.3043920299627548,1.5297197944306056,-1.8874427838198513,-0.536985689908928,0.684405904192945,-0.009455863713685907,0.0830432350085678,0.15978730086614834,-0.8698481462083648,2
-2.3052105420116793,-1.175415339552661,-0.19337828694564094,-0.43438931407538117,0.017491191983954553,-0.8637322092877348,-0.8261397949220769,-2.266574261869159,-0.9565372319648258,1.030383169488839,-0.21533061183286273,-0.6981151295888508,0.3642247163555632,0.22282899743555717,3
2.5982543927366173,-1.212889359338402,-1.5611114253342697,3.796839969165531,-0.2712229005291906,0.9398303542219871,1.6518085939571436,-1.7708371129381117,1.4970339805018602,-0.3600729711108182,-0.12598747609609595,-1.8025049699046116,0.9919749177278435,0.05729044034508489,3
3.2615006143106435,-1.8452030398463688,-0.7558716440877066,4.438737712227287,-0.2746093895648022,1.5806061319531095,1.5068520107310308,-0.3555787306996672,-0.015445303979923698,-0.17376965946384312,0.7975414665702278,0.011950829922491938,-1.7690749568522928,-0.06481519018749363,4
0.8031781423554644,3.621543818273605,1.8520148252200825,1.0036165057737059,-0.9683871897141199,2.286545393371098,0.9054160135027989,0.43317109142465393,-1.9891420746365507,-1.3237493011251207,0.26434660595068105,0.2532349351063173,0.09965631806746923,-0.10907118630658189,4
-0.3221615668314063,-1.4799865402929993,-1.065240122518685,-0.5695202380353234,-0.5419339979113929,-0.2305306805496593,-1.369999690302013,-0.49895751825002654,-1.372224730495135,1.3656331396430883,-0.6863306446584905,0.30021090354679314,0.6687810182265767,-0.06682344846106798,1
-2.4967129142706517,-1.4025672927532487,-1.1976915137387327,0.404908177640794,3.0809882026996633,0.4353120221160443,-0.9084658544617745,-1.5973354442088723,-0.27933652410900384,0.6290493205852707,0.4508145823732848,0.3055900951114827,-0.6720525264424045,-0.7606365549935991,4
-0.4838128192318693,-1.003465558748228,2.1112262467016607,0.6514398174129452,-0.9847045345963215,-1.9244957025264884,-0.24568625300564106,1.926416473697294,1.0316067345525513,-1.182389803432965,0.800454008544724,-1.221563455709085,-0.7562006792522064,-1.0775435598315612,2
4.169262291664807,-1.6970029658076136,-0.6701128612286389,-0.481534976079028,-0.6488315884247385,-1.5103883273709005,1.100503334601535,-1.0866983725542698,0.5338750644617799,0.5437215514175547,-0.155755039243243,1.6898276379715234,-3.1047380236553415,-0.16173222061366527,3
-1.3812364909218153,-1.4554357376959017,-2.1742592819394315,-0.40789301595109234,1.8291195513594298,-0.334954402458305,-0.025538635213233293,3.0441133932635687,0.44077693306642296,-0.9130284364225895,0.4352357426264933,-1.1136960594664707,-0.5518092298977403,-0.9228631366741223,4
-1.7723844927876682,-1.101456358624171,1.7306403239621189,0.8162285424481043,0.3491774191267785,-0.881544733160116,-1.9882107949626808,1.158316215548879,-1.236817955240418,-1.1416677311993584,-0.2712946147663648,-1.2397071850809154,-0.7445259587802348,-0.29221643367814876,4
-0.33739277112967053,3.4733558980881867,-0.9401779210806025,0.5241815274843412,-1.2208049918179844,3.1336777635076185,0.5980820258688548,0.41491007192370744,-2.7460520456962443,-0.8153339758709777,0.294822635887983,0.011273460729772793,-1.0531189728475383,-0.8102342423144216,3
-1.3732169792084061,-1.086897156901459,3.022548038016788,-2.730584078587331,2.750578896058372,1.5370000390760252,0.12267334745862861,1.3097173962825401,1.129559865925413,1.0249217503709267,-0.31955350785987346,0.3818374622988941,0.06310334003955634,0.665726330558084,1
1.1010313634273874,-1.5274276279959922,1.833212460332386,-1.2277318426458623,3.24209677848138,0.759753709408744,-1.5270831562492113,0.08723250425351461,-0.6633973363273631,0.0737053063034251,-0.576492370515905,1.329029939805091,-1.7723252986143254,0.019530742027284664,4
-0.12971552793732752,-1.510885004860403,-0.5169284812244759,2.1891583179159575,0.2054881471457443,0.7569586043596103,-1.4426417288488216,0.5104366726591936,-0.31662061164509914,-0.8457692230215246,-0.32431045181089724,-1.2806481017909301,-0.06462260741748585,-0.247108405366415,1
1.2956584687488313,3.462522320101712,-0.8357041528483936,1.9035028655681265,-0.8250070055246951,0.4094028727412866,0.032873792426809545,1.1614372222478848,-0.9629303408641922,0.3824188007681659,-0.3930671195030438,0.2400992452128217,0.6360682121714069,-0.31978076554574475,1
-0.6917721066256168,-1.1938260973821488,-0.26191147066103787,-0.5300562510761436,-0.6828522631613495,-0.7869362234504879,-1.7340637164150534,-1.850848453040649,-0.7248551895054759,1.5818685033636581,-0.7125657414603742,0.06445997064710987,-0.40307876999744874,-1.2158469262258071,3
-0.751423438658001,-1.6060127013353955,0.3374683986545513,-2.2305954335331273,2.285188216093423,2.0298385584573713,-0.2153852401339465,-1.0762533766386457,-0.5567019430265526,-2.174877041057175,-2.2761604320505744,0.9717764246678043,0.03323599618240677,0.8140314246959678,2
-2.8094687361767114,2.66061726033303,1.3393714160804913,0.44251294671183367,-0.571994238095565,-1.530876437132415,0.32829496605484415,-0.5476252209859245,4.011043129401171,-1.3668936148044892,-0.9173410484750584,-0.6318254099425697,-0.48016488734548257,-0.8445111158453475,3
-2.2724459200251266,-1.0443318226169898,-0.04293916728527265,0.9114007346062369,-0.9312071654312617,-0.38477863165421794,1.4229829599018826,1.7447744593988312,0.13203064485361524,2.1592430946790246,0.08246104212549354,-0.503732857956848,-0.5559060491573845,0.6968731480289356,4
-2.3111072414156033,-1.2824287783207649,-1.6549493283807035,-1.6219116746654685,1.8800903134685216,0.7896339265385661,0.7427122548242046,1.9598474993612438,1.598212207458652,-0.9434155359987214,-0.5667860256559496,-0.6416098368891434,-1.4201482121317461,-0.18532523007028778,3
0.764928659972161,2.1068460383301337,-1.348380770490747,-1.073740407028472,-1.1261349959699887,-1.4130068929528583,1.574787422794325,0.02192446007819637,-0.04921030725584018,0.21743283610641176,-1.3925182138793148,0.48577016051843647,0.40951390234982127,1.3812780371212174,2
2.4766440792126234,-1.7673509597467247,-0.8671264695512209,3.688034072550006,-0.4074284668879756,1.407406376838544,-1.2465194609512982,-1.1785737537492005,0.028332936846569706,0.37918856729088446,0.4752638778724318,-0.3411675770322776,-1.908343698162569,0.06908392303839657,3
-0.0160676377249304,-1.4556711260300945,0.033922041521495104,-1.4837142480766106,-1.0087298720660332,-0.14255019994423634,-0.9725763171935332,-2.456326864297626,-0.7636758058966575,0.36309149380621003,-0.4719454619961857,-0.29705920226379584,0.7688261901695272,-0.9234796500850373,2
1.072426371479641,2.4745782537941423,-0.48417996239507344,0.016379269808091883,-0.5999880876018183,-1.3825070902729475,-0.39908234116068375,-0.4626853059398126,-0.2579089543164615,-0.8164145850056467,1.5965485833262607,1.6959955847019894,1.641583515761776,-1.9993512807402496,3
-2.1918422876465793,-1.331235713311201,-1.2705755355530142,-0.11206187857113517,-1.431175187464503,-1.2690593011254019,0.7017198019462659,1.0745297017729203,-0.4830239607997573,0.43142527518266366,-0.6883088253732114,-1.0985643120559516,0.5527652792733839,1.3933559993667182,4
-2.86576091460256,-1.2000673154262695,0.09086980657897505,0.6605342342270697,-0.009692261119178482,1.996254210991401,-1.347283249893637,0.5720150744500705,-0.13180788912346036,1.655757777559991,-0.8998663658389136,-1.2377675599265312,-1.0807336670060739,-0.08428929459255503,1
2.2411107756611415,-1.031080084454767,0.25525300489024283,-0.544731805117008,-1.1983360568816641,-1.4061540780331927,1.2291241456917685,1.3887142867936062,-0.0007650278756492142,1.275639217419836,-0.8224540979120405,0.31168813465625983,0.5107097477013401,1.0444815580647813,3
-0.7216428410285539,-1.391568753552082,-1.2659318840861515,-1.473487643612764,-0.7977940756139584,-2.295479054535069,1.7287553240727955,-2.3544161528342586,-0.033501470822537065,0.2197893505363336,-1.031601100628629,0.4355848532465115,0.11457335880859167,-0.7111839008071228,4
-1.0775623713926108,2.707636869389578,1.4035693361031887,0.42277786272568313,-0.19973926104285653,-1.0047918949961903,-1.3084614731117132,-0.38714478746076764,-0.17352436642974264,0.05909678546105279,-0.9182645996705776,0.6223111384313242,-0.08569577368585235,0.9269185902908639,4
-0.450789991526272,3.9068565759406417,1.0289207483965834,2.0535354773230186,0.12387072124607967,0.07088393156515561,0.18024874344211034,0.7041991659335819,-0.8282521197098773,1.9698917390937498,0.2913048710521014,1.4212362854542808,-1.4724337687710203,0.01669231338006646,3
-0.638907458754364,3.756867593281919,-0.16420463304477698,-1.3622280372961335,-0.5922196153845751,3.0478344445275867,0.7355530233525043,2.260666409828122,0.037692131697761935,1.81957486603113,-0.8373173800753464,0.8287528349853199,1.0469506289627906,0.26308020049360703,3
-0.4407057752800096,2.2594475259475173,-1.297893245897853,0.106067204125984,-0.635835083325912,-1.1318630112045407,1.1284502225406252,-0.732333505601804,-1.7246129609645755,-1.146799768503588,-0.12966568018612973,-0.9131201721531539,-0.15279884285433387,0.3155086158182174,4
2.8014320187706705,3.1512370160418968,-0.10411785312692941,-3.8798736524364985,3.1539463465150743,-0.542334106903486,0.25595723638881396,0.42984480736777847,-1.1992083137257998,0.8100010295354513,-0.17341841532249022,0.4516227400496221,-0.40951887073842275,-0.3730915807344958,4
-0.6306478221922678,3.5857693986449735,-1.3698192516091328,1.566468346869736,0.4581846330353686,0.6959119782593236,0.13711332996967218,0.4096617404954424,-1.4379789989059553,0.1102363797238062,-0.04255046471698755,0.4259472516088342,0.1685315199951928,0.28652826150753813,3
-1.0657916003669445,-1.1122366025250843,2.7132637873723744,-0.9802008972142143,-1.20782810676995,1.3948105271379934,-1.309481406749251,1.33069166072438,-0.8839849085623271,-0.8205499182328305,-0.1636137801609882,-0.9620312313949312,0.02101081180247915,-0.7193915818553447,3
1.8876868891176364,-1.4575135827189436,-0.39458438702217247,-1.8760996367018445,-0.6884321242377054,-1.3710096958778155,-1.737973267944894,-0.4335563407277244,0.3899014876427186,-0.7920454099484615,-1.0799768167138828,2.039909292831579,-0.6891905293396564,1.469104151275473,3
0.33364778637083314,3.4102896047970286,-2.367200697429025,1.236926669480877,-1.0699962076066805,0.390334601221356,-0.14654925077623038,-0.07111488934930187,-1.5944150312747076,-0.24288636562560353,-1.0482085890929238,-0.23035208492401016,-0.5723590499360234,-1.4196715274977338,1
-2.168005646793693,2.1972310834211966,-0.2804014200771626,-1.8643846299571796,-1.0616895002698183,2.3688206217419245,-0.806847717862326,-1.8095877327117993,1.5108654543503361,-1.49615839320676,-1.9364933327827911,-1.0026453046219204,0.08055845924468036,-1.3551219637903704,4
-0.30210777236868175,-1.4220869851426765,-1.1395587481195417,-0.3961487332197548,-0.384892898806719,-0.8773146027055331,1.315873933409091,0.028256751783133725,1.0196271745767007,0.6891034756605785,-1.2577392713092672,1.2977775208817104,-0.06311774425492206,2.515207771896276,4
0.6961117855455748,-0.9744599134619427,-0.10713026578767124,-0.05847572544023865,-1.1022186871404356,-0.6207127344597981,-1.9975174593098861,-0.11566906422015964,0.023999357759702696,0.12742907731609632,-0.02073658066206517,-0.6702123326083665,0.5068796114138896,1.1478502605056504,4
1.3282091003234189,1.9635343550963997,-1.540557010096129,0.24123518634340949,-0.9199429146410341,0.07720713305271369,-1.597431126782078,0.07380463330701587,-0.9932547571764515,0.027317947794215192,-0.8126023662723413,0.1289225554464459,0.20690284338007842,0.9487997520169319,4
2.7686534438398014,-1.121769766777995,1.6741584341279736,3.350119689608291,0.4909963099888776,0.27836929226486845,-1.4297148562532374,-1.4665175604397735,0.921059274527016,-0.4920195044564033,-0.5783614473845965,-1.424334928253775,1.5047985631624912,-1.0106049131523924,3
-1.5308454230888726,-1.1424836755975678,-1.3351513537145148,-0.23690364930734373,-0.9768365401256642,-1.466032555139929,0.22286659744100507,-1.3754582874172303,0.5013328836392611,-0.4628327909827997,1.232927187045959,2.9442472563775155,3.244378901934126,-1.9660216933951002,3
-1.7977858018386392,-1.1469334306228967,1.0390478670737462,0.6059511039795448,3.2229826955512797,-0.6332264696371609,1.9061325613047218,-0.6276823222101725,-0.23056325248530726,2.013395764990658,1.0663567322003384,0.81888762086804,-1.461431924565414,-1.5109960111896836,1
3.8679862679368466,3.3646513509190283,-1.1509104232301792,-1.3521882071659908,-0.7381924613362123,-1.3816890599744822,-0.05821454404661064,-0.1365053813121264,0.4737920572113515,1.2445154657015014,-1.230128148616155,1.0641929427234649,0.06641910731759909,0.6743363054667997,4
-0.5223429336003258,-1.7062232035680214,-0.7438898216736849,-1.0436248579732148,-0.25925605834077126,1.9518196863966877,2.0021554709697624,1.0192275114342304,-1.1046512087018014,-1.5673171558174777,-0.35459129010685136,-0.8620844192963267,-0.7164305608527513,-0.688532230154955,3
1.098122168036227,-1.744246737791223,-0.5206538001348869,0.057451901414606654,-0.17021180413360612,3.251599812869792,-0.41543696299785865,-1.3279777885855346,0.2461864866509949,-2.1805562081233276,-1.0058086415413692,1.008829483416656,0.40271347945096453,0.5307070166313511,2
1.0206361833656055,-1.6601640005616691,1.1985503253349576,-2.524269716333157,-1.0300074553046903,0.6692930123951919,1.994727233491448,2.0287540368946377,-0.03951277049065683,-0.9317487395555588,-0.48333187461834815,0.15150567946736349,0.7133122740373743,0.47863716212937535,2
-3.070023805725792,-1.2872584142661132,-1.7871277214873904,-0.6738934602403402,-2.013692492958728,-0.0011026752087413805,1.4965816116678814,-0.1554644745906927,-0.8181741698332253,-1.5940420332451606,-0.9993475129113799,-1.4750142564782778,0.6608748481496798,0.5432101023657472,4
3.5154176736124843,-1.7724661410650149,-0.37410121839946014,-2.7157923026699735,2.530013805275798,-0.8396568088656373,-1.396956736161246,0.9004614606513047,1.2064837319497823,0.2566854945562957,-1.248507857150379,2.7478975341183776,0.04672335218942389,1.4697398886624942,3
-0.9072771815155068,2.5935729677419266,-1.497647645344757,-0.0016191198432793292,-1.3944969290422045,0.965331875965727,0.4182013792786049,1.8427123454604384,1.1985425202643598,-0.5930191406943606,-0.18523826535686228,1.1537132398066525,-0.3916237699893737,-0.686890624752551,3
-0.4028508842334926,-1.1687626130388233,1.8843497368052766,0.18598485619155092,0.04382551865251115,-1.6134592091355922,0.9969077625326692,0.2612629599942394,-0.4502414029021584,0.7704155749731373,-0.7721039166529845,1.145913178820049,-0.3431901464736652,1.1953638561975088,1
3.210208825806611,2.047641189777362,-0.1513025582718996,-1.9676942118298335,-0.5792413064055499,-1.6797755166029114,-1.5986092859847232,-1.3202500733558764,-1.5117725417619916,-0.01788513469064859,-0.26563241865934695,-1.1452179842603676,-0.8576960269632281,0.37670521226950754,3
6.537807097001663,-1.906886188525252,0.2775220499248368,0.6680831409352428,-0.867821401594516,-0.3855062061302866,-1.2297814648781846,-0.863907170739431,0.7004246986155956,0.30598410593862513,0.41609373936839805,0.2673377878229293,-1.2261793494193551,-0.028238837774850062,2
1.713189730804559,-1.3671721789314562,-0.8364346935329366,-0.8625978687721112,-0.17506783633537587,-1.4970452130605745,-0.39132057283154986,0.07577904154397175,0.6600821289492041,-1.454697478748513,1.5057088219913655,2.96547737460932,1.9442310401488947,-0.5399747609523102,3
5.322912924934534,-1.446756505573137,0.5290362230594816,-1.2303924897057066,-0.7402674090139689,1.4099604937776413,2.0477858457640177,-1.6997894181078084,2.199997615364917,0.03953723540996403,-0.7775800642872553,-1.7169813316458282,1.8235695577590845,-0.14661508011729163,4
-2.3612741524414016,-0.8012843773469651,2.8795554494289446,-1.3056709495584669,-1.143472208027354,0.4247137074961868,0.8401585006674487,2.0079061960440896,1.980283181708961,-1.5328635247247246,0.13511300442529864,-0.5841480090278441,-0.7008345390562626,-0.5718933822483914,4
-0.2328007426816889,-1.4203328480819235,-0.4438934963548209,-1.26555111334791,-1.3096633208772055,-0.24153659682299272,-0.2608294037093886,2.396785777751283,0.4428011265659874,-1.4209884397936776,0.6010036125814529,-1.6063028929651921,-0.9380022968936449,-0.6929061410919031,2
1.1397168112428533,-1.6399632507207706,-2.396460531721606,-1.0321008433588017,-1.194761283903971,-0.933820074497489,0.9179238999833409,0.45530157438577185,-0.87622149178458,-0.69517909798491,0.128681729828104,0.8643016386124824,-1.1778904683193665,1.0580466974808778,1
-3.465917865495733,2.7584650829771573,2.206641881320685,1.1017528724536163,0.41249931551006774,0.2974148656048345,-1.5070976306393271,-0.36636575939554805,2.3295242830129745,0.49450892043658345,-1.3271879285701915,-0.9017774828905265,-0.43468148097599313,0.2825321636452208,2
-2.020053451362354,-1.1521237730421914,-0.9951077964124555,-0.5227555102441034,-0.9940924184101386,-0.7294001155592086,-1.4699718897346195,-2.322496560135435,-0.07337844867030766,0.8174845647113204,-0.16667913443976107,-0.15915408247902513,0.6033642897467263,-0.10399838657242905,1
0.28834009126468446,-1.350051999408544,-0.5092535966804771,-2.7764070940349566,2.1313710435884086,1.4854468154684068,2.31518955188621,0.19566484746320068,-0.07848737084049867,-1.4696087131925535,0.5711537336344489,-0.8607614837670995,0.31657523519309294,0.7402968982572388,2
2.0768021241233767,-1.1170552419275928,-1.4441338817799532,-0.8801116232532358,2.099580946503502,-0.7790027203201151,0.7885494532538774,1.0000400066553592,0.7986440919196828,-0.5290124579639808,0.5929277429671601,-0.8600964899291104,-1.2285793751852636,-1.6570750606289726,4
-3.7406884656275716,-1.0610246212413588,1.537504137416632,0.06680465571077437,-0.1087662091880435,-0.771287873553793,1.7527958907417691,0.7004357759920677,-0.8638739579839047,-1.227609243447379,-0.7702838367403274,-0.8437558424332947,0.4208154641367235,1.3913463945677866,3
2.1627635962597167,-1.9711787541145829,0.4984324813054941,0.6147458663339512,-0.18950922141186824,3.5512936864005367,-0.967619116712229,0.27984637394292455,-0.8375564555959578,-1.3721151451598648,-1.0137590079281558,1.6996825365523083,-0.25770680084571546,0.4663718134612697,3
0.4133453038236158,2.205522716784403,-0.9974413546486898,2.3269617020920865,-0.3315565356361898,0.16554854017851142,1.6251347573715356,-0.6920582248554977,-1.5599966891903252,-0.054883174263164754,-0.20364811081475656,0.0967256212085802,-0.12586794693188036,0.7600205932522539,4
6.023829412477616,-1.7577848400266953,0.25143351679738507,-0.6857260197497551,-0.8203791809560735,-0.6686857561810681,-1.5052763999369148,-0.4818542694780866,0.9635665183322791,1.0419976220877503,0.27507395166475307,0.9371452511976945,-1.2884856383164571,-0.3127779473126351,1
-1.7564135604663056,-1.0183190717499024,-0.46105883540255005,0.699795645437786,-0.768214273888347,0.1117378970827693,-1.185916591793208,-1.6374699851474983,-0.5180576584447735,1.872576061533992,0.8815449458809643,-0.24028134848682325,-0.87630155866719,-1.7383700102046495,1
-2.0405627246718034,-1.0898016811089202,2.5566023532462183,-1.0698053173323665,-0.08599421454799171,1.553075127770843,-0.9784892010384373,0.9349046753035201,-1.1629861760341242,-1.3876454933564004,-0.3839224928873648,-0.21367496049793788,-0.19117755302307096,0.17037025196258915,4
-2.625327497737458,-0.8216347293959657,3.155770906525234,-0.5643394573971887,-0.5922461264924123,2.085225895072871,-0.8758723982145963,1.5287328939893314,0.2732193249911379,0.6625279945477571,-0.6571432429661893,-0.5166554863366432,-0.5823137334065984,-0.7254770383631161,3
-0.7399375919602987,-0.712654210875374,1.3738612013776337,1.3658136444373634,0.34608326781905635,-1.0932740807765435,1.5386034023347728,0.7450540966285147,-0.8288099247945505,0.07794501579314324,0.19645832453208328,0.35560843708710355,-0.617641883817684,0.297591094952791,3
7.008188372251492,0.10927239533743476,0.6607512986043091,-0.7252785558884343,2.6875718927141863,0.9076483282848099,1.6057824843033168,0.20803812361993979,0.6475128283597259,0.9242004077868703,0.6069230458319194,-3.3104967411134503,1.1144384083743002,0.5429905534299384,2
-0.4256001239356646,2.398963921985911,0.9051205063974697,-0.0322962604828768,3.5677213005166855,-1.5121100362027242,0.3763547135471108,-0.2782397049170774,-1.1541327739778957,-1.8735428844973667,1.5871309822337425,0.9124877007720337,2.6251551068792045,-1.572495775235008,4
0.40245155023431184,-1.21275308625091,2.1829031766918487,-0.7190660699016571,-0.3034613277810488,-1.965119523438744,-1.9349980877674724,0.467343084181495,-0.9790963653854763,-0.7211699614320449,-0.5326307733523327,-1.6231744016243117,-0.3639904295622321,-0.3904730091933903,4
0.16814873989558568,-1.3600218539916362,-0.2498163640427253,-0.033611739542594075,-0.5207411748476448,-0.8243130255340225,0.7796697910702184,1.3820936206952155,0.022976233490784266,1.6844478337072504,-0.6159648873312498,-0.8446916047603525,-0.5474415055071473,-0.679234076263386,2
0.16780075788697166,-0.9646336446823738,0.8058798726612215,0.7023683587754512,-0.9066973795237431,1.6887089790823226,-1.0393201887582373,0.28740720145747134,0.1912950468429929,0.23867290385678608,0.6778931335427111,0.806766173409062,0.7403703023492273,0.5753555877451487,3
1.095175130109159,-1.5030895614062454,-1.1856209444575927,-1.176398166630013,-0.4906457664911839,-0.2240203765619237,-1.5244988693984767,-0.053739538790031766,0.18893421821478742,0.32336400740792776,-1.7455296491244936,1.955166996324494,-0.3504627773040315,2.571548238403597,4
6.2574448463417225,-1.4008534796024172,0.7663102735265026,-0.5097854111569153,-1.325250895755238,-1.3376712442037444,0.2424017211645877,1.2979731219045778,3.768328962549397,1.1977828111266375,1.007878088582247,0.5829207615295757,-2.622273714542264,-1.1539797294977518,3
-3.584459883352718,2.5719541765085783,1.2424051955558622,0.9415486875827775,-0.07220614289343268,-1.27758865456408,1.224369174651588,-1.399390168729358,2.313160452929255,-1.1669953234670483,-1.5286965148975749,0.4270921617091111,-0.28721421563159716,0.19938516190189043,3
0.2652308714755418,3.529011137789302,-1.281149402078771,1.3583382647082307,-0.8008868416412972,-0.27030077599652147,0.13894024059543353,-0.3365063291775687,-1.0418335482021972,-0.5698459185083837,0.12221470526935184,-0.9524478153039224,0.2030284070151116,-0.07756688465388366,2
1.8722889372557303,3.4493787384577232,-1.1888198145000326,-0.652949875960777,-0.35758103948281905,-0.8297224427518347,-0.5209098878665409,0.6500131233164482,-1.2486972697920782,0.07686884659374339,-0.13144178953603572,0.8367241418852119,-0.9726927246710514,-1.3660219902656252,4
-1.3851458608126574,-1.203573665815678,-1.2792736363526307,0.3113793814280967,-0.8739010005399794,-1.2445830804714537,1.0871811349022582,-1.8273135386366517,-0.8770998882673896,0.43909831809735134,0.01966392866271664,-0.5192543847242377,-0.4970314319943768,-1.8447617580243816,3
1.0736207450134552,2.322969682712474,1.6527242407049332,-0.5873652692278856,0.364904497039192,0.16992286614348887,-1.3673602498411315,-0.7448109759708326,-1.0277855235028874,-0.25537644407269244,0.4052405250706678,0.07971887862882512,-0.9607473335158498,-0.12242464199844787,1
1.68151300234343,-0.8678766876098243,-1.1433376435241218,-0.9975461587368063,-1.1770271345423173,-1.4089675876044274,-0.2862416869297901,0.17140854178181802,0.9811731437257564,-0.6996154518771969,-0.024209877792063253,-0.7492333589969106,-2.2474136806796556,-2.6081886970743016,2
-0.22200875091946118,-1.0648806293666788,0.13149537855510762,-0.4944309405507603,-1.3081230920824294,2.7487441147001483,-0.857333584718802,-0.5709235621268874,-0.03473440827115902,-0.9402373274774063,-0.5670438019108284,0.28904472013311727,0.6638955280983073,0.10934978816137608,4
-2.3962687903379205,-0.9349256075846808,0.9911596928869546,1.4011685395905173,-0.5530163960738321,-1.1728832376941154,-0.7016491735938679,2.405465911664082,-0.3225010100022706,-0.6563860237569278,1.6320696813195852,1.2102323457619624,1.9676265733138703,-2.0528188575003887,1
-1.5015062312703233,-1.2651611071487086,-1.6666550036876786,0.44645375681574656,-0.6662390393703522,-0.8142267429572758,-0.19923562849089851,2.1649646062330916,1.6212468439905268,-2.0468073771120268,0.1545599097979798,-0.3326296070480959,-0.7382963859391142,-1.5250660688821525,1
-0.7046007662854752,-1.3092611009712256,-0.9008382170679026,0.2019649276697477,-0.8737105966550047,-0.47478459180997495,-1.7898627004883596,0.21695263758728367,0.7648512365915608,-0.7017286875555515,-1.1548833093598807,0.33746929814811183,0.24787812231401568,0.276902495197624,2
0.5386003961462847,3.6663847614893696,1.3589216285795693,0.06751590085192723,-0.4715562615637235,-1.7810775169817585,-0.18706897305553566,0.3296473990755726,-1.4145295843236825,-0.12523250595472135,-0.05873603963760867,-0.09193918346971824,0.6451083499878405,0.48197843855970574,4
0.3602473223604441,2.3172242070226665,-0.8729882434293691,-0.1092780362823919,-0.7991195941744893,-1.5510531498016884,1.7604544805972977,-1.2004712680328375,-0.5680819927791313,-0.8146817331640294,0.30344045440531875,-0.7861251334823672,-0.0445191584194788,0.4741484745480595,1
1.149700047384679,-0.9871587404054034,1.8369306678507453,0.9425993905034518,-0.02302969718645008,-0.8021333659781357,-1.579460169434838,0.1257597770400785,-1.3367290048067542,-0.16608346378553132,1.1102482382658205,0.15877513195881968,-0.3121337616966457,-0.04100085549334309,2
2.1205967986203795,-1.3760334672608037,2.1090999899919964,-0.2903530406767629,-0.5155749154144327,-2.19924950527438,0.8788704431207078,0.36973661412235365,-0.11169203212140887,-0.4878363815452761,-1.0401073482214704,2.367073506867392,-0.2506806430788422,1.4367194774780176,4
-0.024041980932572486,2.402753768012102,1.3049706041943505,-0.17251554972142435,0.21694121605442918,-2.339853726786984,1.365424302845335,-1.082536612164802,-1.5763705582600307,-0.8367016525605286,-1.4884350429059696,-1.1440574955509777,-0.6610737310111221,0.3842004701954406,3
-0.286561767449633,-0.9817025183958243,-0.2970857460387333,1.1091836554651824,0.1136012701168406,0.0252462093787036,-1.2106642360843203,-0.3081816228047698,-0.3500459792359811,-1.1488397536896267,0.31462760643131904,0.07247761626785852,0.02164363229770648,0.6040606030330847,4
1.4480144008036584,-1.00748789747384,0.2459029668650489,-2.271786366350783,-1.1274506336319505,-0.36268019474651936,-1.238791217824357,-0.4678448322529709,-0.7242937919293674,-0.9846757979035989,0.11994891188780804,0.3486284717140408,-0.03284935351181986,0.3002737783724685,3
3.942715713163758,-1.322857407753976,-0.29300843477617905,-1.2902983410333693,-0.5831616308256662,-1.8869406588944295,1.2327265057564032,0.012969519771170172,-0.4689658198070891,0.22648973493139765,1.108391637437187,0.48898426611150014,-1.0956575687671672,0.6723062294264931,4
0.7272221480462017,-1.0716749022958718,2.9360551457965682,-1.5122739309165245,-1.0042885515045168,1.4310731826095477,-1.2452428483254245,0.2813877829903985,-0.22164718022373173,-0.9452116975529051,-0.7935812622349171,1.4399745376236428,-1.1222743206509924,-0.5919280160300696,2
2.6993190976906836,-1.583232311944238,-0.5760790956534728,3.5003398963908032,-0.8299169415509453,1.5872996715699133,-0.8196691368095053,0.25857593872322826,1.0154010317483249,0.47923914669605994,-1.1990585062716954,1.9193047116356015,-0.23674736802746424,-0.2716373443300402,1
-0.23761118458701572,-1.3801312298627773,-0.14860484322084902,-0.6690214489522884,-0.6296539668134695,-1.0013561980051195,-2.241852048449776,0.768489871307265,-0.849247233479918,0.20968568991315625,0.013829600577308533,-0.6136852501444138,-1.412146825088325,-0.7157527129784741,3
-1.1977931157084964,0.6718830449014546,-0.9713009731870506,1.3992243023174566,-0.8535760684713174,0.010194584204424411,-0.7043715488364999,-0.8162763163070225,1.2758476690325988,0.05217258722157367,4.946369659389753,-0.8635310978228273,-1.0019310765355482,2.5210235170945348,1
-1.8431600008755906,-1.106757687235337,1.5201807743794495,-0.21792473226153206,0.9498708368703019,-1.266470664356611,-1.9987385057235927,0.696918960768009,-0.30464521576171627,-0.24103222068901545,-0.8169212370983784,-0.6309845149132772,-0.2533420285539723,-0.4420737621974757,4
-2.3782760911813354,-0.7066777282686059,-0.35783708545360665,0.6515653883108844,-0.3211148315711512,-0.30161924462648443,-0.21318682833867958,2.9337327699990317,1.6736438913606904,0.4423483642672466,0.21657649883665772,1.002357731948378,-1.6192700068212735,-1.8630727612531974,2
0.7278455692250888,2.211182518417111,0.09013601484831782,-2.5392289904401633,-1.0176371901996,1.5695195413937781,-0.740126480954647,-1.2116939695865236,-0.5392497139088361,-0.8312729401044454,0.5895887087262236,-0.7632262068491227,0.13661304491727935,0.8805429070980408,2
-1.2472157441314398,-0.7622440545050793,1.1537984970811566,2.667602733471857,1.136901293544545,0.4014575064416739,-1.1577383750312664,-0.6685276935157491,-1.5566262682706893,-0.394573504413548,0.1279385543043861,0.0217183292379797,-0.6779073670659341,-0.3356764009906496,2
1.718407022129821,2.3565222462355417,-0.4830474565817618,-1.7963403327502432,-0.9203785995193002,-0.7803711462050369,0.15233186923396205,0.5503902873746225,-0.6308929330092247,-1.438655603639017,1.4379535279887967,2.198540075664689,2.651367281789581,-1.1597951988109056,1
-1.7524971934029887,0.39929879110517996,-0.75697978642971,0.4344395620240977,-0.8113520005239437,-1.300627416861504,1.4677976757948055,-1.7029875177728095,0.5793727783735059,-1.0095824514167322,3.7957212534270606,-1.2058798047088013,-0.3609318323533021,2.941760070638336,4
1.983155726796915,3.4192697909456586,-1.367892590690535,-1.2264390826287377,-0.4442597166468596,-1.4147071254983192,-0.15949591928319812,0.12106591311517942,-1.2230251201952733,-0.29698689087468383,0.006127117913972434,0.06501864963900894,-0.8102669064665619,-0.022898787866018372,2
-1.950345524176343,-0.8759510066767706,1.9429063086874827,0.8412530871465052,-0.7922272261270256,-0.5418028894264127,-1.6499022433578547,2.0731709292038007,-0.47025410485100194,1.0330547310542555,-0.3505325141869029,-0.8194606493571118,0.0027210612070527086,-0.620333651073272,3
0.798017917452132,3.5191798361503173,1.1166376542918117,-1.8463260047178016,2.758804281844422,-0.19946680982115508,0.41434519835474143,0.8843141118660707,-1.6793552666056053,0.18150220880142715,0.5154845350577062,-0.33250953209813067,-0.3918632611185356,-0.4272514110876065,3
1.1466528355981356,-1.6822592253610367,-0.4259233898202914,0.0772833536361783,-0.3298416721619831,-1.1037908955333637,1.4919398181373829,0.17451540008461286,-1.0559577146057355,-1.0806634449973105,-1.8572596082005632,1.470248624980661,-0.26042306804382315,1.3350078782380972,3
-2.5191879580652894,-1.0183125539234732,1.8367144317377915,1.6055685316877355,-0.004101159888866015,-0.9836483721086063,1.1960793272918007,1.4988902415370888,-0.6934931273786445,0.6557919206474736,0.5428602052116116,-1.3312618068275246,-0.33765027548754684,0.3863472202834336,3
1.5431255707192344,-1.5992297235783834,-0.31084933068073445,1.5012047746109447,-0.4437460114459636,-0.2176609089582759,1.4710901552887712,0.23825695222878998,0.3642153741335889,-0.3749214528467996,-0.6229334836449204,2.0113137828259764,0.4582461966869087,1.2050682364636116,3
0.14240147447966406,-1.2459903816764197,0.2525245341367047,-1.766636704360982,-0.6875608147791361,-1.718386116868698,-1.7561271929810556,0.7100536349908991,0.3100848842195482,0.08202497698282452,-0.6791724264466369,0.536905419583313,-0.17908348674460753,0.33641009822216866,4
0.18224226420520045,-0.8411416687920594,-1.0313746902530332,-0.9296714170013188,-0.7241367253385869,-1.4892724802474708,1.5436001933882066,-0.11847366099970102,0.2547301224765698,0.4831020279245662,-1.9762657729930047,0.05914150721210784,-0.012597005271780917,-0.05043485596107003,4
0.8132769035302757,2.4227743572177403,2.295775693427945,-2.435636211570502,3.1161084705393693,1.3958838331733343,0.941304975687803,1.8805865081093103,0.07589761497314931,0.3208984946384111,2.4067819556771215,2.2103237768625856,2.3374009402338776,-2.855104167050263,4
-2.4757441794883026,-1.011448362485953,1.6157537753616138,0.5803465303225724,-0.4912682129882416,-0.9978465854560711,-1.7485170810986397,1.6718207591193395,-0.15176003990238154,-0.17204890675453402,-1.5482638915639269,-0.4821720618058944,0.4922440894639439,0.4035303955394348,2
0.9523573353840696,3.6314835394724407,-1.006918966124135,-0.20644403011459733,-0.6806320126720851,-1.111679078735173,-0.32316474144587615,-0.3908504850280951,-0.6074192653949356,0.27270883047830163,-0.40271714800195096,0.6734006562123684,-0.4878859863281092,-0.21546987621765307,1
-2.392244231345385,3.769572848172524,1.30172432563577,0.4300495114109482,0.30129357063837253,-1.2896657765106025,-0.0008762855773460751,-1.5380941574786682,2.1649880258817435,-0.966928976668826,-1.6070694320135739,-0.4067428963392207,0.016843711042864987,-1.007568647761906,2
1.5274914482914912,3.5197900297616647,-0.8917414296136966,-0.39211749228363724,-0.7233525667785385,-0.6883463255531057,-0.24742767776051863,1.5365975613128164,-1.7658498744127196,0.048941835858510925,-0.4624900722635485,-0.32584878368967657,0.48213171814754713,-0.48979299866466863,3
5.107300578497006,-1.349950163968926,0.21721494400277702,0.9287591759503302,-0.718940226878862,-0.4365602802868537,1.5770858237479017,0.704326673456022,0.7781589053963599,1.1873025046570453,-0.7281698066712625,-1.2516870741647446,1.454230151113302,0.7888720058241708,2
-1.7855082237155118,0.32194038077723763,-1.0117812479552906,-0.7668051023967135,2.668453007024323,-0.3244743156291068,-1.7591057719631773,-1.2725628052356648,1.1496829337712529,-1.0858762682403225,4.065640209403983,-0.9956440995916771,-0.788595101309482,1.2806334402639883,3
-0.09608307574834925,2.3441884993380793,1.1712813660318635,0.8097980369952135,0.5266262832348649,-0.2643366347775048,-1.5205811561719822,0.9416221950592351,-0.23880523091768546,-0.018234000009507104,-0.3815823976902482,0.21579933953567101,0.7577148304332086,1.0811249152725906,4
3.039914446514003,3.266825594020941,-1.4597423847779807,-0.23216590420786412,-0.9401669173170729,-0.8239400556303973,-0.6724474424690066,0.28379905633379243,-1.2756741777484024,0.7931773245536534,0.24236589716162085,0.8058797668165137,-0.8862877252427952,-0.728989094164049,4
3.2521905433618437,-1.9982736186467864,-1.3447063563888726,-1.2748764449689403,-0.35668462166191,0.04235765077829432,1.7518950426503224,-1.14479331917011,0.6232024373236217,-0.28832918799571006,-1.6313789365622657,-0.41350975871803064,-1.5368706547515332,0.19706397696038944,2
-0.8188221621289667,3.844837524397511,-0.8060401654515768,0.468742961370756,-0.9240545238021951,-0.6063682468014757,0.07874620857447769,1.474163226873894,-0.7594413806646099,-0.6004640557088426,0.03741198607138889,1.0294592365359407,0.6221986776791272,0.28958179073034673,3
-2.25395961346943,-1.1034861050004243,-1.3348194827895967,-0.39121914199070845,-0.8492865649458425,-1.0849941455220184,0.009986324729927352,2.9188338540604573,1.6193843197812259,-0.3968863885809302,-0.1968679933620005,-0.9805573797606941,0.3316525091215548,-0.2466047414875866,2
-0.7152985105930127,2.469724811576438,1.010159647022749,2.497656390631576,0.3119485160396331,0.012310798740557941,-1.2361859341355663,-0.9952545977900874,-1.7742980933974595,-1.1928501625867745,-0.7516569527549678,0.24929896310410082,-0.7790878654835478,-0.826061978097712,3
0.9735143326449243,-1.4834991513082685,0.7874840010043529,-2.5699456935675657,-1.4922123708964867,0.9274076111099049,2.069897521402004,-1.0027626436234913,-0.928151645416214,0.48613445086129653,0.2897970384667727,0.7074300096881351,-0.17096854009346646,-0.5918520590449764,2
5.166877775296662,-1.3454621319881706,0.2457465341096748,-0.45153347129092,-0.515240930095321,-1.6184440288964919,1.2637414992544913,-0.0869682359629905,1.6481909525747738,1.2462451610521739,-0.420780417643879,-2.406689839522775,2.0810387248777866,1.1486750010408118,1
0.09153260727802844,-1.1698025627841888,-1.7844249977890383,-1.3019225611177971,2.4896096037384847,-0.8480290453484681,1.5831158084008239,-0.1455352775331456,0.4560685317462329,0.7610879749973571,-0.0738283117910706,-0.09169718091985324,-0.17002364366997189,0.44550304811601493,4
5.642796052555945,-1.4303337247852257,0.26776652022288433,0.8941205878705497,-0.4082535530349339,-0.4106467437712523,-1.8828405005233102,-1.4359503035470327,0.9624978600093799,0.9709715211290454,-0.44646882930408704,-1.7863016157536895,0.7204970303107004,-0.5889278019832703,3
-1.8795201966994928,-1.515759978076694,-1.660280130748425,-1.237040152538439,2.677915061985615,-0.4850006319320637,-1.431037145313368,0.8135023855099224,-0.24694610954821453,-1.2111377126652365,0.36563135757391374,-1.5845891746713887,0.17978984256824454,0.4785704450999284,2
0.9212836615572468,2.4210985995593552,-1.545357565601456,-1.1736507643417973,-0.7702619313685583,-1.4757053620431684,0.043481128718444124,1.4747212778714547,1.2523650029493991,-0.4751035458633853,-0.0950574670460364,1.2864702800293308,-1.075812488611899,-1.3343345916126046,3
-2.1207275669915218,-1.0738354743855845,-0.26748183803992137,-1.4236532642380468,-1.208378294598281,1.506936543945174,0.6660957455779025,-1.4661771721359884,-0.16239999053498475,-0.8410779821509672,1.995312624044113,2.34153822442886,2.877241722642813,-3.265225145308117,4
-0.9311615823375204,2.267830282249677,-1.991663761383553,0.08971663669259068,-0.4200395301768848,-1.2290018664057547,1.4956625402770434,-1.2401722421908743,-0.49317042936145045,-0.9095444792019735,-1.0359462956510845,-0.20534209165417508,-0.036077608606136166,0.7310973125688363,3
-3.7355686063605504,-0.6834795972116968,1.5958460297623427,1.104025055793296,-0.11388718011268034,-1.0007562812716684,1.2425798088261073,1.9369285104620237,0.9275581583413833,1.120129254976031,-1.487312571347468,0.35919239704216815,0.20337291139739755,0.2437145157885095,1
-1.773467865154308,-1.1005418180873217,1.7512255582216096,0.9911210186382907,-0.1512990453774906,-0.27008038528490574,-1.48615698781694,-0.8198012064948949,-1.0105348263224032,2.6919421127606378,-0.5389470930300372,-0.42752499751341355,0.41421020309659423,-1.0643354448304256,1
-2.4666887227068304,-1.2252841613652687,2.23687404703696,-0.6189772825309953,-1.2206497548319482,0.8775232923977478,1.1940465044081745,1.095514391172077,-0.8753032581598498,-1.0115526100464942,0.06007765904510987,-1.7422781670185592,0.16242542420041964,0.5854891862357049,4
0.8378346806521547,2.0421177919168048,2.2362762284609468,-0.3068448713738467,0.4390677492579381,-1.034145569828865,-1.7226323443361675,-0.46745527902569645,1.495486151547968,-0.5964797512360939,-0.4982283566558554,-0.4967818029606257,-0.6088614248860492,0.05830825606079265,4
7.300215234528435,0.22856018929422964,1.2955752764542356,-2.007014698908925,3.0774243666367935,2.606866973732879,-0.33951552282658354,-0.15335838738887428,0.7719299603090656,0.5322943420834386,-1.1381005049267288,-2.498215785160087,2.2091670448102256,-0.692142194609447,2
-1.2855438679410558,-0.8382740831968216,2.7331414886079246,0.1393767833475703,-0.259260455523712,-1.0730382624435357,-1.2372963202135214,1.5973957050954588,0.47270968835211413,1.6530121859097624,0.7465584670573577,0.6031297830528789,-1.0687663688783366,1.1251548443141781,2
4.1033328694387246,-1.3265151529410162,-0.3710250861649454,-0.6241520089282265,0.5328485857836858,-0.40936383160097445,-1.1523625457521283,-0.03146260535333395,1.42125768945318,0.611864223651771,-0.5258404101460525,1.2015882355538428,0.4077003203726603,0.7052365669752525,3
-1.6064970959712719,-1.415697825283323,-0.22805294888782668,-1.0799179797979621,-1.1649366292154997,2.3799110560748384,-1.1957082973795736,0.20463210722634664,-0.9714332069194184,-0.3711183457350081,-0.4940398445307849,-1.0150152281209095,-0.756942160612173,-0.6857660442334034,3
6.95984666770799,-1.251389226823987,0.53769675794528,-1.4289492298579893,-1.1944704649514404,-2.6714620070497155,-0.22530398808585006,0.07664334510382506,3.0715637367986894,-0.5268821555985118,0.8498649839173349,-2.0587145984655533,0.8578062980205724,-0.8002479889095012,4
1.9931881438476786,-1.7271794385378902,1.0620856017316367,-2.1962271532511077,-0.16158471438674454,1.1130626041765754,1.9134434786450842,1.4137426495738625,-0.8264855410456566,-1.2676984755366734,0.07191972359078262,1.0928538759702953,-0.21476535472638064,0.0725849093891319,3
-0.42043108758859876,-1.421485787841477,-0.9350694750319053,-0.6494117519394049,-1.0599875425243555,-0.5309894946084464,-1.3361642242875138,0.16051203793167348,-0.7463319801958328,0.8750937214738213,-0.38375169395400466,0.7164685282213675,1.1403247094747526,-0.8852814576519226,3
-1.0140272014350737,-1.2235142605410145,1.5470718189586457,2.142300700524831,-0.3343128790710504,0.22588451263750225,-1.3588581014473244,0.806145575183387,-0.3909624320453209,-0.19536649488879398,-0.732565487593436,1.4088229383691173,0.5403989730636438,1.495749423582069,2
3.2559717008484808,-1.8013972800648848,-1.5327947965813054,3.5706841483677794,-0.9947289736801719,0.7368288821584128,1.7206749336740377,-1.5689356155978487,-0.09350754747040135,-0.03101888499917001,-0.20527909034765035,-0.7670260084382484,-2.118791025970691,-0.1304367253854161,1
0.1560127392783428,-1.6345518610797465,-1.7393741659930266,1.4087470889162232,-0.7519184598863504,0.18395370652124995,1.3185466573218676,-0.1265226737106435,-0.360852748697492,-1.0172433029367904,-0.47300075102032285,1.2452250316866686,-1.5274774977882157,1.4661261675970543,4
-3.239659529102053,-0.8595219245255377,-0.25691563181321786,0.3379487198482505,-1.2204275758134335,-0.09704252419942634,-0.6131142590344427,-0.7745109173550786,0.8488677517141751,2.4616766971341177,-1.0405159513941846,0.4016788452504705,1.6245221651701458,0.7145467440527447,4
-2.8650985042052968,-1.4910746263730534,-0.9570563141588727,-1.781628033268125,2.0139710722473065,2.9203236158347066,0.11210440941865685,-0.9801222337425332,0.13853245778558823,0.07106562297998215,0.4116212929119252,-0.22565214776640283,1.7635156658447655,-0.42985531158383294,4
1.626598360945079,-1.5736592025294793,-0.5863640188778999,-1.4513484246578998,-0.5953284154644168,-1.1652260624106183,-1.8446809974081095,-0.3217694119940644,0.713797677991946,-0.7650924570715818,-0.9640773722471269,2.3890290086718853,-0.07367038745565826,1.7016212146977427,4
-2.5165951841342546,-1.2215758756947315,-0.44863796774721176,-0.27356719480716835,-0.3902409141448147,-0.7127398053445355,-1.9487152544306174,1.5113181532912299,0.0379571996124644,-0.16331891759527833,-1.3107092544586034,-1.2327836526830964,0.8392284145569725,-0.13214678310095457,2
0.39738149591127503,-1.5210154568313654,0.1025079901257791,-0.8046043586981706,-0.5772904736190385,-0.3998199182080102,1.859063885957266,-1.2533169708985923,-0.8467191764893396,-1.867227835057811,-0.9951655737892229,0.47916473428784556,-0.842382120252125,0.7857570621645538,4
-0.7864596510651521,3.67171443057728,-1.4420736577865294,-0.7197357742906916,0.3115037508468417,0.7431431415911387,0.027827774589620678,0.2979035919286895,-1.3294077135278863,-0.01574692429990596,-0.768235687650104,0.2351976389452238,-0.053760017699875436,-0.9743994528714867,4
0.4588883901940194,3.567649801556425,-1.9219005296937717,-0.9832254407902635,0.42446258929391967,-1.1855608618910085,-0.1809778057381749,0.1595013246909048,-0.9098030903001619,-0.5966967128466079,-0.21668538804309684,0.962844070697614,-0.7017863580884951,-0.7121769080715664,2
2.3177287393085857,-1.2271241634267611,2.498310864601094,0.8253626108449645,-0.2238382672507517,-1.3174277156989431,-1.1943989978143075,-1.3954481298788994,-0.3000832904121554,-0.5949654100284191,-0.14127873951917355,0.6511760576904938,-2.3783243962284795,-0.4867804215957584,2
-0.2103454754407708,-1.425652725028846,2.8230571588381768,0.3561176284271244,-1.0048121459593435,2.122484901217162,-0.6820494029453261,1.3796077819910415,-1.5918911416379637,-1.5908961887523987,-0.406492154074708,-0.21401432156533157,0.9975376380366002,0.2591219098156816,3
4.666609846377726,0.8318594118568247,-0.4633934930804809,2.0086393463834282,-0.4829478775979267,0.6360763806521872,-1.4530238138132607,-0.7471483333837944,1.1045004134396945,-0.5493869667528564,0.38518780753769616,-1.1451278385023858,1.263910678390119,0.35322112363192115,2
-1.8500268776780329,-1.5072744033994263,-1.1929981404424443,-1.5433725666216125,2.672290598435752,0.9478935029277198,-0.8497478923002204,-1.3360366189293673,-1.2469515518297913,0.28862979926318494,0.6277067418116016,-0.8901338171533899,-0.28870210881673597,-1.7147276941136935,2
0.6448578585400188,-1.5306076850573658,-0.49391335194421304,-0.8721774588872974,-0.4761322814707972,1.5784781060593338,-1.6760161359393988,1.0934144606340208,-0.04070061531440668,0.07528794740242173,-1.6669822720101806,1.8181913071013873,-0.12592303192000118,0.23929948436642823,4
-1.5088613471611798,-1.426879947600373,0.5464654824974848,-0.5085562335031297,-1.316624695317803,2.3457962815847497,-1.253341755397881,0.624662236485358,-1.5043895478188676,-0.6714056154826855,0.49085650096639266,-0.6508540352372197,-1.0011886135147812,-0.3096833349679967,4
-1.1940680344782644,-1.2878800935106947,0.8453975999208855,-1.6373216608742593,-1.8482656269745918,1.7163555027733286,-0.8995317044283478,1.7106597691827903,-0.020628977054502114,-1.3674609521042171,-0.7373202809969956,-0.13028802784788915,1.1909141285895413,-0.1379115627795644,3
-2.1001026340484144,-1.191927159657596,0.21804856015676802,-0.6146169789290697,-1.382895210137501,-0.34394684800030095,1.5761624598358597,1.2285701398075204,0.059222801611532594,-1.069092148602215,0.45675203271082615,-1.0630610024579503,0.43557344610026666,0.6587427611261572,1
-0.7186444993934551,2.0025316661657366,-0.7798403348611657,-2.2221514862929976,1.5445553300143806,1.776543720281772,2.6019154095880674,0.28383711809915085,-0.2294210388258623,-1.4137775906062888,-1.090592453835965,-0.6082312375995632,1.0095257735351006,0.7266770128369333,4
2.2184887071140773,2.4397539059536366,0.1405802394991339,-2.179874126018548,-1.3622297923573885,-2.2649162371124145,0.044106418057974044,1.7390102965161514,2.0645758109468417,0.2801763968280634,0.07545173648797344,0.6188876521837213,-0.2106095517740549,0.2761296017698095,2
-0.6295636523944066,2.209320166084463,-0.061949418380564905,-0.5511648338884436,0.24844922039353842,-0.33549346647792705,-1.7309742103282009,-1.4090304565827152,2.276704692071688,-0.25136127828603655,0.08107316925947282,0.12121993420598473,-1.209075501910726,-0.8407742326590797,3
-3.016803159306763,4.073888910911319,1.9477134927571218,1.321829256466981,-0.12083453841975955,-0.21072899235952797,0.16676575700207563,0.6783384999212086,2.8732545974437422,0.783812553101102,-0.991940392451991,0.8025636050382985,0.13353192610588363,-0.7453680771028142,3
0.4281140673809718,-1.5608611325465298,-0.8916746103777563,-0.272238111763282,-1.2512758299116808,-1.207069504961432,0.7848206358183231,2.005812019782407,-0.25521173240180767,0.08993961455749372,-0.7678751447376589,-1.1617671381637926,-0.12028987958223301,-0.7338095273836507,1
-0.14143112792974394,2.3486057634953936,0.8176660538760309,1.5188622215252867,0.8630813044274044,-1.1440983808591658,1.7004608691149048,-0.8538544359421865,-1.4725775907196952,-0.6816575742188848,-0.5940689574563902,0.8716362029847168,-0.5968773900470962,0.3417805117964304,3
-1.564644892670497,2.415412679352214,-1.8208249509757384,1.0531245789166863,-0.5833223662269693,-0.5085512092512057,1.5899365853830716,-1.201176482737725,-1.263998774814746,0.06683972560176492,-0.601468375341917,0.09639050947393622,-0.7420049054039375,0.365404671493122,3
-0.1353344592883306,-1.5889951782490241,-0.6800425741549617,1.8189684671912387,0.26809833888360474,0.10947521575405772,1.526965620468663,-0.2410813576491503,-0.31509578550613937,-1.0432211971523606,-0.059382269678147,1.5897821664059704,-0.3751521088895816,1.7175293653520056,2
-2.584371320487513,-1.1318955745397363,1.269589994544072,-1.0966128842205127,-1.1819932743324713,2.1936486333857177,-0.7304055138317523,1.0222624628117922,0.13152020022626262,-0.6228060885151351,-0.015768480507723358,-0.4321153862066887,0.8581663521780905,0.7728711164366164,3
2.2375884096041467,2.260749604954579,0.3254657462798183,0.10256531902048102,-0.8800534751790307,-0.07710669784990218,-1.6136956124814232,-0.2079102619094051,-0.013962284241696175,2.6925158389159196,0.5971939336358587,-0.4253557800908306,-0.6033262154705449,0.7519015133936343,3
6.813705324179503,-1.6389818505042342,0.2404676866587723,-0.7678815864765385,-0.5200647858946433,-1.1348682225518416,-1.4110736945750348,-0.9720003408312098,0.7583278638307425,0.060900911245361365,-0.8928309440578681,-3.421665626618291,1.9634783575311523,0.34531686346545143,1
-1.5501837701446846,-1.1872540651912813,2.440296603401231,-0.19326918046994684,-1.068024043203543,1.821998072141046,-0.7970820679286206,-0.9382329981541132,-0.7103321937313124,-1.9752727675894837,-0.7952426837062279,0.5154408413808343,0.400312582944179,1.6515744207918677,3
-1.6807938674538943,-1.5392722925737958,-1.868665019245076,0.17664628786941874,2.7472248621681112,0.6061142943750473,-1.1331214376501786,1.0088496273572576,-0.40554571621611424,-1.3984273127730598,0.18603076509906366,-1.284593902600878,-0.7136822731173916,0.060396958192410255,1
-1.7638468953613298,-1.1840034447284105,-1.0833488482767961,-0.14161868342055514,-0.6031242672712694,-0.38577613108866693,-1.464118721670252,-1.7194609887672163,-0.6903895210702589,0.43307514712346173,0.8787434672079002,-0.27329338366016015,-0.14599207786697668,-0.890794608926784,3
-2.3797145174816667,-1.114942047119991,-1.1208118460918146,-0.1767055933912119,-0.8708357337316845,-0.2596070198695842,-1.2416646101451478,-0.6648511793682097,0.12338002372891878,1.0840573333184818,-0.5233288848180139,0.6631833476702864,0.9236701399596309,-0.05727413034719911,4
1.8752811376814873,2.1572223128062666,0.458939512573709,-1.9712013615697896,0.3312524148306309,0.08008300940947752,-1.0399922805913357,0.13975692185849944,-0.5347967043328649,-0.39859380620472235,-1.0940683091237509,0.23929482160876164,0.63235227123928,0.19431806189165754,3
-3.3159310722167668,2.7548148230599443,3.3563081420383227,-0.3256267789954583,-0.3603760480998435,2.472602591560931,-0.4203068335137193,-1.6773568506071816,2.5894309023945112,-0.32978197187959774,-0.4893045712927421,0.7518887755776462,-0.936902885036702,-0.4718650129148986,3
-1.5681263958136735,-1.5274364761915693,-2.0598407622511576,1.0082220601461118,-1.0442312153934221,0.02598874150912448,1.2224554978651792,-0.41764001938742623,-1.4135510575228785,0.524857646952188,0.186846991213457,-0.08484865049052316,-0.605383532615942,-0.6371016579768087,3
-3.316377518090203,-0.9952411225309626,0.03035291301208209,-1.237884403669864,-1.039774993657246,1.903199583551863,2.2446673419113576,-2.073643951120955,0.303560234732798,1.6337918137862248,0.7407454341528612,0.09004415947821874,-0.8217719538938872,-1.1231354477936957,2
-1.8452913001849638,-1.0290137269695447,-1.2448087464588684,-0.2326682903279034,-1.4587743308429602,-1.241586776838749,-0.3336512618793381,2.5616022950125474,1.1346810433842196,-1.016410775911997,-0.07631514475004315,-1.0700237106630206,-0.5240656830744839,-1.4983394140322444,4
-3.715107845569893,3.0365187768804724,1.9830359217578013,0.9489004735784982,0.23294772545453807,-0.7522269684389646,0.3130619881459611,0.050674905805164434,3.4173240624433956,0.39865573431259954,0.8485375267750674,2.594247968390303,2.4868376453990164,-1.9935252382122577,2
0.6984879494752106,2.234923751003024,-1.0913599165200776,-1.559553126967314,0.058702530118654506,-1.170061217537951,-1.6077702699629473,-1.0390366522974999,-0.2734252800414963,-0.41821170487406695,-0.2777778899516967,-0.4203673034924928,0.033742998099873314,0.11044865412222496,3
-2.78119956787582,-1.2489695338000193,-1.3697219807607866,-0.7744627950114042,-0.23085773725995062,1.1543649449305382,-0.7814878504951298,-2.2949976091234925,-0.2103128771441077,0.2599612144327852,0.3828736779181268,0.20303632678501932,0.5728221307089686,-0.3281843668105171,3
-0.43846499427685204,-0.9355681540500412,-0.816250296164963,1.2739868749429095,-0.7190707473699299,-0.15242973859175532,1.4650443773097652,-0.06096850135906114,-0.15667827533298817,0.5007787301023103,-0.43688717782784536,1.0183580534962164,-0.2792368702138817,1.312082825954365,4
-2.081384816470808,-1.108712852417256,-1.3996691112403028,-0.3661045423909146,-1.6425467713306388,-1.6416250813581674,-0.4228363880195729,1.7559511560895402,1.1095416494820862,-1.430706409571774,0.5891549003649443,-1.230047323827562,-0.8773520130267937,-1.1522059408665213,2
-0.20080208331507032,2.5851724444927773,-0.7135800479417942,1.3340092610070524,-0.6498415157954205,-0.26555026850784685,-0.07031317841234097,0.6482238281890879,0.5757009348660257,-0.8285732806596646,0.5046771572051773,0.80669495839367,-2.082838878703516,-1.1526762689048418,2
-3.159847661949363,-1.1882203241339637,-1.186636915046071,-0.3677175338312488,2.9908089566208944,-0.3079597647468146,-1.3459729543798113,0.0714240871883924,-0.4529691468608287,-1.1685155148468993,-0.9815668227870176,-0.9107524629338489,-0.8652404805828874,-0.4794712823482785,4
-2.327929828760271,-0.667764423469363,1.886800647817093,1.0049057519582973,-1.2292360554772472,-1.4629232579192777,0.1100103714256858,3.18636383114716,1.3541296234159086,-0.3246280994571722,-0.011013200808815248,-0.20902659585948025,-0.6793464740441565,-1.3781481631744947,1
-1.743839502141142,2.18691057317024,-1.1280970136767492,0.011193791942822186,-0.64422920845406,-0.30224340741205563,-1.148100202448255,-2.1053524966292434,2.4049960099233565,-1.699257647986232,-2.0211400395975865,-0.02453432540311209,-0.06413279297533044,-0.6533653579745174,2
1.9038419159296114,-0.8372857981651045,1.5300327885620533,3.03619752994022,-0.6483003584447825,-0.10339774729963754,0.4172160061147284,1.7224556773530453,1.6191851992632018,-0.4703966117529365,0.42122038990114985,0.48840589122926625,-0.685617390561102,-0.5833164936005784,3
-2.7033883953217845,-0.9525837828416096,1.620376103810569,1.3355569998772072,0.12201658003058462,-0.5894955205705761,-1.6664349150019577,0.6089364710079052,-0.8661444440479057,-1.044913413918345,-0.09925824185221456,-0.6882575255508183,-0.5774594091159838,0.7390890964201913,3
1.763247501888117,-1.5729559096952694,-0.6780606399551699,1.2251537096940206,-0.5025491999553685,1.88609039382148,-1.1242873953229022,-1.0302312383025436,-0.3222969786628383,-0.35535440548794167,-0.35059063080564684,0.6241331184556329,-2.9260884115471693,-1.2452018492049095,1
2.191286581916789,-1.3502517742448958,-0.7389217463858584,-0.9022613963175684,-0.059372492745790005,-1.4117111986603321,-0.3638968630147189,0.9415794215597726,2.0466525835066602,-0.5649148441129712,-0.5007230278069542,2.3835942638174625,-1.2363008994236941,-0.4399767716122903,2
-0.5521380089455545,-1.531476729576934,-2.6042380021085734,0.22599422853278653,0.0735442663841036,0.8822185995511126,-1.729777836193797,-0.4519377021882285,-0.1450309866449327,-0.0015127930531508565,-2.153185315151049,1.3513583762779928,-0.4854072151371728,0.8096122357194092,3
-2.101887533917242,-1.267440338857698,-0.7744928575289786,0.04320078103861399,-1.325055706718269,-1.5831635745536012,1.2690047706850534,-1.9220806585351202,-0.2718002018305615,0.25817441274125363,-0.29866291769434045,-0.5033100432805637,0.5678562249621172,-0.5390715685896375,2
-0.5670445529562677,-1.3774073694738795,-1.3040838193746926,-0.8215236836305758,-1.3407351318068494,-0.4684722061199019,-1.3232043817088797,-1.2539007255148917,1.2399088541734087,2.0388007055009556,-0.3823343495453963,0.238989467162608,1.5203213238215907,0.8243496631847111,4
-2.017819547797881,-1.2064045342647984,-1.1047164674407721,1.7559778958497982,-0.6100604703768497,0.9010216081599283,-1.4517694034128916,1.9675225048736737,-0.6194812390865694,-0.23028786163426776,0.2954345684708912,0.4076126064816295,-0.6055209795914053,0.22502290829018692,1
-0.29483686537660053,-1.3336596485339407,1.8273708944705191,0.2665560163332707,0.38744327568241127,0.02993051331942353,1.8511204315146441,0.8657358937347358,-0.4004922029851951,-0.7936988317571945,-0.669539872635621,1.9407572989495585,-0.413831019769505,1.7213769182866663,3
-2.171856493438487,-1.318319145566052,-0.768654484493782,0.6114747598983732,0.05928452447305886,-0.8818370924798837,0.9802729434634639,1.2958770669970345,-0.6201399436396083,-0.8509883229937728,-0.5649847281597895,-0.5845461108847129,-0.5647876841593137,0.28858887691952534,3
2.5713020072350252,-1.286737683204968,0.3313356644418622,-1.8752153836263799,-1.6230489561139987,1.2145279147419716,2.146258386419394,0.04724547948263125,0.10209691855007304,0.14457954455991903,0.3833201967717973,-0.24172844936316096,0.5760209322979115,0.4718351505094722,1
-0.5382313992148086,2.2804732824377068,-0.9262628068590122,1.2029896264554898,-0.8788986474177829,-0.5151648089502223,1.6186322658695527,-0.013479936654069,0.29198570634213805,0.2186906310750284,-1.1073539485281838,0.429565478727294,1.220217899050301,2.0288048251820183,4
-0.6972044055443254,3.9927271646312867,2.7091645558330977,0.037354656230611544,-0.11988489919858607,2.1219814123317753,1.2731340975804122,0.4658918713685846,-1.4931555871869269,0.8927491917303888,-0.42619021728063017,1.3890313075336331,0.028686309093719834,0.011227117143642325,1
1.847230364061156,-1.3669954535220972,0.1319200580060593,-0.9914987062494822,-0.8052164851113601,-1.0509907303844874,-1.7956236956341658,0.41707620441931087,-0.00021141582312063205,-0.7001068471963187,-0.7894189168192811,1.7313668384087268,-0.6045515224260689,1.2680955103815452,1
-1.3637867586179784,-0.7608502452203929,-1.1106463827642867,0.731353365059908,-1.1519613901888062,0.13666929029139854,-1.5600639075800158,0.008816451943212292,0.38450379872608476,0.20573927497213207,-0.5241100217040833,-0.21629406984391877,0.3316874915891636,0.11295159992895755,4
-1.8817690552348199,-1.1880343277080003,1.3867123449601058,0.4509775992702204,0.63667135880253,-1.9674294550117661,1.1728577037688344,0.10553561527659977,-0.2000674219655856,-0.8550523665434908,-0.34237123303987166,-0.5381179401411939,-0.5298231480712717,-0.46713378610023915,3
-1.972202067810264,-1.0498520126212458,1.7976205372034555,1.426325859615063,-0.8442157344159402,-0.7303379651019106,-1.8043289062988537,1.5068583150257777,-0.5619734133375222,-0.35092583531697297,0.21358290316641407,-0.5590104912057619,0.45893725488970616,0.15568700156493986,4
2.417371437274187,-1.4235413763539924,0.34952192070783433,0.0034756985925284835,-0.2435398603501629,-0.4757469052749082,-1.2658840384228762,-0.756573471515223,0.8844589508249308,0.9571521105228558,-0.8027757907359666,0.809329533077637,-1.4922168643885658,-0.0036890471966679115,4
0.775221770098626,2.2105537199918026,-0.05877481867400866,-0.04362952017296316,-0.06036929566602484,-0.6707999776183298,-1.1361252495854837,-0.7508489503101959,-0.5898797869523754,-0.9315770313514289,0.10154553276513892,0.12532123296082834,-0.0359956223560652,1.1257518837921852,1
-2.7131117448858926,-1.3046708078730935,-1.0647400056470395,-0.8071920237163908,2.275740099595567,-1.3399093405653042,1.471435627104162,0.24074316317908914,0.12022342503214932,-0.5259836534163805,0.09700203008103792,-1.9835289435213037,-0.2726377693254296,1.1802539848132667,3
-0.7513115867860974,-1.2521930760950672,-1.8019546158494602,0.557095338664159,-1.3408421293476498,-0.14433026370075436,0.8731478673694499,-0.14732118699924032,0.5756666394268277,0.5439272742395815,-0.6314441837772509,1.346678298826281,-1.2323343710660009,0.3480457457168939,2
-2.254709105219705,2.1020028481239152,1.5594657350484857,0.5267196075058357,0.6902167758919976,2.3575889941421284,2.331900922644303,-1.9021277390829319,1.4091176432092485,-1.6992310419741532,-1.5528037435979887,-1.6296532849010361,-0.7523351663541751,-1.1149804268888317,3
-1.7499928781277798,-1.218556226466326,1.4350831688621748,0.8417720661642947,-0.3528517964557526,-0.9576946298185074,-1.6068080409916023,0.9397371298648988,-0.8211812003651665,-0.6091907402435132,-0.8605813760001892,-0.854139616283766,0.9872294679194598,0.31793842955414103,2
0.6918311883057392,-1.0698299288967061,-1.1269474789378466,-1.1742044344849258,-1.707329293987,-1.3455668888170815,1.116413057016975,1.083672015443654,0.6435725934075213,1.1906582160618733,-1.2964474230832728,0.13286424906567235,1.2478168327595867,1.6913601179287734,4
-2.0430499981839616,-1.4641478659241416,-0.46003082021951025,-0.961588886528152,-1.7076274337741815,1.703973254899595,1.4614729243353821,0.9161998026914022,-1.1587668718008723,-0.8937016975792862,0.44506880044681346,-1.927908295622023,-0.3540987373388465,0.6087266662589601,1
2.8224411640756784,-1.5869413566855,-2.120090540057982,2.76289557279619,0.286373403031909,1.1014889737745241,0.15896572272326628,0.07627542680440669,0.09768718346009671,-0.43100506512709097,1.2799271054616197,2.516213086070123,-0.29555641939522315,-2.4540333579547218,2
1.7203152191130717,2.409844075571079,-0.44592891160997306,-1.1109380644628728,-0.9255260112279124,-1.7378173800979195,0.08120875280277304,1.39683015006022,1.7435330299271747,-0.38154854929122084,0.773831292194002,0.04023074789921064,0.11327246286590163,-0.23234142242148265,3
-0.5818260410896647,2.2382885920536495,-1.9285404274348084,0.7855163150807729,0.2170101606772578,0.5204818826198779,-1.5127088481438633,-0.38812348825830684,-0.3424538886765166,-0.4048906319221851,-0.7179851060808787,0.1848085072262059,-0.11319222692264387,0.6794379173760072,1
-0.35570146785063483,1.8832258734648242,-3.125767187306298,-0.15099216828652134,2.425988901323612,0.5427893144804694,1.886411199282492,0.145613654391571,0.3697958178975795,1.0258269499853658,-0.028252327979998635,-0.08963917643651687,0.19139760026655225,1.7926508797653162,4
1.0660538848084138,2.3303821530472035,-1.5050770201455406,-1.044069866678837,-1.3311303162236645,-1.5221334563625155,-0.5792152766337133,0.7417448830904155,0.09357614761241317,-0.23946895461581152,-0.09405767555265165,-1.4072031056556482,-1.556116926990826,-1.366112778448349,4
-0.9577089969738128,2.1397190648764526,-2.7239939264196162,0.7630641040425579,-0.5327050753365015,0.628477735720455,-1.4659578246108955,-0.4480637123353102,-0.715580708814626,0.16837384812990847,-0.4390901700049378,-0.4788420982182608,0.48169449572800477,1.501460706165486,3
-2.4995964606054835,2.180106370771888,-1.3252417302591657,0.44375911025127046,0.5509924956117715,0.9860386632253607,-1.1896953270316464,0.3404469215096005,2.0742578270238585,-0.5588894576867084,-1.3545916985280242,-0.25391572106247656,0.3087424523033302,0.2962562945737804,3
-1.229516965046811,0.21735109487270934,-2.004642812947218,0.503870816306014,-0.13532298420802563,0.7910198682635774,-1.9254178360993646,0.43004925852974085,1.1846040938043156,-0.1289192215146014,3.553799034032583,-0.12495051371187657,-0.6333835715403099,1.9641155749808619,4
6.0395123439328104,1.9434508371304602,-1.1103659308097507,1.3035916249545096,-0.67116030325983,-0.4221104276910942,0.03263512339247332,-0.7147052054718186,0.026733963972371894,-0.16080446480811847,0.0978148348577864,-1.8200683200065546,0.8947051785490313,-0.9967716184045351,2
-1.9951768312666311,-1.3221815635843979,-2.0404391271146753,-1.467471575634054,-0.004511812835720987,1.1829816989641166,-0.7572472409268018,-1.9619810139111475,-0.9609368297265994,0.6730665630533162,0.9621950996716886,0.21282410270180493,-0.6032517205066155,-0.28804796046894854,3
1.4887047455764486,2.299832666839831,1.4112746195562802,-0.5764883515129993,0.9049570145900687,-2.163372446990624,-0.07924999799460576,0.2658054869146468,-0.6274810399287248,-0.9015449405606364,2.3968031632432623,2.0154077148692764,2.2721108159415095,-0.7235724499590152,1
-2.163255038441008,-1.3451412645346774,0.7487677859108417,0.6474323326348387,2.91937450242621,-0.840484668852074,1.7398055493458795,-0.4202848754325702,-1.3992813718945694,1.2960130900755436,1.2085269470112268,0.018063800477397064,0.31499258731615437,0.3072437270731932,2
-1.535891324390498,-1.5520374883087031,-1.7500292774867068,0.9898747706999887,0.08092846764380156,0.08959188144936701,1.2519306247599147,2.417046667499768,-0.5249685571741343,0.3314116063686212,-0.9214856382668298,-0.9336249720233728,-0.2712350554490276,0.5530081214913378,3
-2.1428520391556902,-1.1279004936956059,1.192326648278427,0.8508838246601771,-0.08263938540998808,-1.5365980499916685,1.1866420973480234,1.5024831888762427,-0.9562167666113537,-0.75335841365099,-0.7829112984651435,-0.6165478766054661,0.3729350150323716,1.2968608530877086,2
-1.0519147406942757,-0.8908781916499041,-0.05320533450032191,1.3466847254565515,-0.5777760240808629,1.8179406485931704,-0.9476452841655397,-1.0438196670091837,-0.186783729282632,-0.9215440553880982,0.4973747550481494,-0.3242587959130059,-0.2733486571105776,0.2780925691056638,4
5.710655771778316,-1.6060554612511362,0.6564184483478143,-2.936818161149281,-1.265691803319585,1.1015482169509425,1.967038639927711,1.398925569598938,-0.4153283699856157,0.9788387976034729,0.4105099456059397,-0.1905284439427961,0.14028904145347043,-0.6780641039813418,3
-0.32787251511267634,3.745987378739235,2.0919631066442776,-0.8691029398749275,-0.29990195615228993,0.9430810863255434,0.9985531174102128,-0.7380258246062713,-2.0403162496009264,-0.8544923186517657,0.48763338925487576,0.2174927715519637,-0.202539545253718,-0.03718700364560286,4
1.803671518834377,-1.458559902069726,0.11711754725791744,-1.9512453716087232,2.537401584100846,0.7773035162897766,-1.3794838787695411,-0.11216560207675931,-0.6881152240716824,-0.125847425226517,-0.3058876021078991,-0.665137376849481,-0.4048487338642132,-1.0354546771568256,3
-1.3758443298763925,-1.3103030350106624,-0.9280294036024591,1.0183883031713263,-1.0317202384159248,-0.9119204181640816,1.635309334365935,-1.288136485684644,-1.6548749941595824,0.5752157298483669,0.989009955204824,0.5385987280168774,-0.8870737595096495,-0.29484406861208434,2
2.0206856897433103,-1.2182332910604607,2.8231531719060117,-3.1084035926532425,-0.07177018655103078,-2.560668040222476,-1.7224099642653894,0.39883399950557014,-0.19161538436681702,2.7596032784619493,0.8508671133732657,0.25299902684749953,-0.22964502374733517,-0.9059339517231838,1
0.7372961113001456,0.17079080181747702,-0.48538690732463424,-2.121329353233397,-1.8933764016732766,1.942107431205207,-0.9603224354123905,-1.3949061589369556,0.432838919168021,-1.3379079000891123,4.5485398802340145,-0.297571175052787,-0.4677510423457533,2.0212477150550754,2
-2.9389887362874676,-1.0691055262337796,-1.0039206359000623,0.5733690935488209,-0.4031232142478929,0.12442376645678674,0.8037428444723339,2.0760313660038654,1.3093106890622894,2.38360409761956,-1.3306345488637257,-0.4129869319290197,0.4508927236196351,0.3560122037093046,3
0.5187384393882544,2.2442672106399626,1.155505971306161,0.5719629465539612,3.754426128367573,-0.094611088234731,-1.0704376013979082,-0.2839963046953268,-1.0171695296020171,-0.6443384968320395,1.0117141658272781,0.5085973551149513,-1.3009370482589464,0.15280032738489177,4
-1.011495688777371,-0.5680277533085536,0.6093357617332887,0.3139246869211703,-0.9758245956756969,3.4203667626833996,-0.6803264298841215,-0.9900763548981614,0.5281642320013734,1.2689419426092063,-0.49913438805522664,0.1156281468858984,-0.5930963132919315,-0.925914404001537,3
-0.13548114289963697,-1.389668093471851,-0.023137095498218865,-0.9172526819615862,-0.4452840710936248,-1.876987919649245,1.3397329486712983,-1.8108960038106185,-0.5733151420930929,0.8795902974823014,0.6123935911303713,-0.3351128336977007,0.02886692414712633,0.3160404518659452,3
5.344007109891034,-0.31093445574256373,-1.2918080558348828,2.599156082631402,0.5774156313692352,1.5158502371371654,-0.4260209818000748,1.1184287333259744,1.1442396794848302,1.4691663305328357,-0.9437770353094648,-1.4090406825146546,1.8186710509074357,-1.2508273100760607,2
0.7054406719338323,-0.9043133838146075,0.12076681195263347,-0.36999162899608695,-0.6275801934324898,-0.8377318840844962,-1.5380846046713765,-0.40331706479223933,-0.14985700812553535,-0.13434565353237476,-0.3234969747488219,0.3718814160911575,-0.4651871370784795,0.004955674109346316,1
4.17307141381118,-1.3071618052954417,2.135124681314222,1.165785582128051,-0.7724722802987022,-1.5370826534965214,0.5612202689175602,0.42761982817678695,2.7093727398201986,-0.4231168702886908,-0.07842176534620493,1.428344881146703,-1.6171131963644245,-0.714530293203051,2
-0.4546913763041276,-0.8251876908995748,0.02595577035398269,1.4033407312887243,-0.18833894280202473,0.15647958317736793,-1.355050716563602,-1.0079847777479773,0.3350410091185245,-0.32371585415264353,0.10394815151480734,0.42786186527010156,0.4047664322088914,0.5604225378202139,4
-1.8655239292844972,2.2117826925433577,1.3291863199491798,0.9352121046925705,1.0482474285560652,0.05177262069345382,-1.279705945567962,-0.06943922510358051,2.070623890238158,-0.6007958745727426,-1.7063935118015328,0.39136676322021274,0.3077679302743868,-0.4366213743264279,4
-1.2679903612070038,0.5715194291049058,-1.7201300466650675,-0.21554582037524897,-1.0053610917251319,-0.6551826952610396,-0.9833596324843562,-0.42968691374571255,0.6317523589670546,-0.4059909706970018,4.631911715370348,-1.6162963966594488,-0.9609089275730396,2.2322147709960327,3
-2.558764413254413,-1.0104674229196042,2.1283147053365874,0.783711888831269,-0.37669414135169627,0.674711922181591,-1.3151806069853575,0.45894309179300746,-0.7597529598409232,-0.654813549070145,0.26881939040694,-0.13272100670655823,0.3073947681219514,0.9544262475870277,3
0.35680504060924534,-1.4499032124263598,-0.3193733092641991,-3.088036906681455,-0.9850173849477974,1.955021964074202,-0.7945271560683004,-1.27594330384937,-1.2498249270676882,1.3275389487281553,0.3503110248573402,-0.35358464121706756,-0.2982897736401887,-0.6322905541962105,4
0.5127125121034873,0.18092667952229619,-1.586520412093872,-1.610772604083103,-1.4595572406217543,0.3260726642165504,-0.45649090757158406,-0.10810891005897887,-0.18873489931414217,-0.7522690143269535,5.081547336373009,-1.7579650611814062,-1.7795965277710173,1.710393425568909,2
-1.937786756044779,-1.2679445353016554,-1.123179549488583,-0.34796564389922113,-1.0591856922873724,-1.5105252491173802,0.7519170910080327,0.3121374207282018,-0.16040920065822947,0.060914899573542944,-0.2519428850768101,-0.7846665248134429,-0.4052936450016906,0.6576162940101371,2
-2.2502910035897576,-1.5073822608499738,-0.1557252007554438,-0.016515120146260547,-0.514123914735084,0.375938272297829,1.11829593566641,1.5652488907507764,-1.0446235771694343,-0.22241178213365087,0.13625102407920847,-1.627148725057596,0.37001972909634684,1.5201871583558106,2
-3.4217306395315448,-0.9632461872282191,-1.3716041950685482,-0.23336086477364645,-0.7983821775606328,-0.1354224112895714,-1.3428735005975982,-1.336312734386987,0.42422311629433024,2.44009820790086,-1.4721947288178276,0.40720171735979444,0.8858301964374077,0.11104553290240511,2
-0.12299570856449084,-1.3627160682771042,1.5191929373952613,2.0365342817211047,0.866216172469815,-0.12959987780108279,1.5157478716768973,1.4234417082982338,-0.975925428514064,-0.2909903172490683,-0.8980602975442722,1.6750691219696598,-0.41552919785904074,1.5354202305205809,1
-1.196873220820957,-0.7497262424003193,-1.2339804165482244,-0.20932738062967957,-0.5580180609303177,-0.694216127745068,-1.7644445349172877,-1.7304817981700982,-0.4509671356425755,-0.11147308372924532,-0.8019535174994928,-0.8364996069670465,-0.8424151685975801,-0.3819542897131067,1
4.158049664914402,-1.9224731632415641,-1.3720020987543577,-0.8885657515580867,3.295252735218771,-0.1694816018401493,-0.8976013265721401,-1.32518223677887,1.3433937386920354,0.2042194421758022,0.005713290533332598,0.6690488704710675,-1.6864595178555002,-0.37748097472693815,3
2.3451711841216927,-0.04461306994859367,-1.4242310744270157,1.0488567973499032,-1.0668226671662182,0.13290313991794875,0.8441589982476457,0.21660836108625767,1.568250847565684,1.6769724465810132,5.511430995798966,-1.0997562243567607,-1.5150978868017004,2.649788779820667,1
-0.6090295492599315,2.7138777303623502,1.6694311874415213,0.11883054282827146,-0.547255606742116,0.1008789252002263,0.1938507189510477,1.72206645496264,0.874080010526934,-0.5995389768668787,-0.48550438611540664,0.25626248508522387,-0.6459962994977833,-0.9510910615086111,4
5.69096170261889,-0.23080362040844402,-0.7688299799027183,0.4572375895130359,-0.13609648183135611,-0.1554752480767153,-0.3624032485640647,-0.6484649893712405,1.3076905838752708,1.065304874862569,0.0021454446555934756,-1.9806272847037807,0.927947532964693,0.05165095453985723,4
5.485667850856319,-1.9689634553035527,1.980396142294162,1.800008796670976,0.49241864442055105,-1.0587686762467248,1.6962346456845416,0.11407573721294652,-0.13684165609510074,-0.28141563915479917,0.6142520358383926,-0.14236855952572133,-1.4538777686003925,0.40612917916795926,4
0.812615526865429,-0.8289828307780581,0.9220067914608358,2.465627331438331,-0.15027339215265628,-0.38411393324859855,0.018377924907057457,1.1896251999891747,0.7915029722386648,-0.8726522359574034,1.181502560342362,-0.19439618244401616,-0.9432707584747363,-0.9513738900069774,4
-0.7772325950871664,0.5456286721406345,-1.5857949479291225,-0.29419252343714314,-1.2674429272653878,-0.9160415144874062,-0.8408523132263617,-0.24345890523658037,1.0925272296618203,-1.1838326285855538,5.214283312662621,-1.4399342689355925,-0.3220561394929502,1.7577630121002958,3
-0.487795953361775,2.4420276194381105,1.3455842969539373,2.072356558944228,-0.5308584795267128,-0.9077461453293382,1.279403062187877,-0.5184743471864638,-1.2792320532338814,0.18771891634579435,0.5065966928936646,0.3961488490457363,-0.42729686445449516,0.8258758997480721,3
3.392883062693248,-1.265311601872101,-0.689253516160734,-0.4663433609740343,-0.6223903535311919,-1.2926229871688162,1.212927891577733,0.6497779244763203,0.7628023329597431,1.0495311627526955,-0.5276980572096219,-0.0778193714068774,0.6077526411944709,0.26832127436998665,4
-1.182096410750425,-1.1586208681297452,-1.1474689172280614,-1.0471634080116254,-0.9065732709281014,-1.8172434984979309,-0.07261508404638387,-1.2887899676293737,-0.20896036422149528,0.2541385335335101,1.0438824715443653,2.5739434646104606,2.6885510255419827,-2.6615440437120164,1
-2.7069474995304064,-0.8572092359835709,1.955683355510288,0.4898734184700044,-0.5825695976648827,-1.549479409298306,-1.7315439143028408,5.992951013103135e-05,0.07575039881558313,-1.5277204535398454,0.008605796149500185,-1.0938504990936957,0.46673191200187153,0.5312729597867315,3
4.079779098253098,-1.3071565492621564,2.246568635556397,2.628943169819686,0.20597371598644504,0.7054315664038584,2.010601783245582,-1.6254512808284929,1.1386297567659247,-0.5381880758915033,0.24266657845653708,-1.3893476141701846,1.2053618236455323,-0.35933800678753863,1
-0.2928955108607796,3.1009237623699586,-2.2292006051391673,-0.010688680872575,2.765867177634427,0.9287681753613257,0.4406058053451618,0.3129989640002992,2.158286313329086,0.4167168146079961,-1.2314106563407776,0.8033657899017332,-0.8201222662808829,-0.8171086647600748,4
-0.4967042631785348,-1.2321535470605205,0.823538450786533,-1.3566760066739163,-1.284658675644612,1.9829103814343896,-0.6991842823238421,-1.755080413628084,-0.810644416395521,-0.3203234810830967,0.24464602718141282,1.0498094284376824,-0.15158863444756768,-1.2708982039739543,3
1.4308164229995766,-1.1614935286070929,0.14436128384807273,0.23813902072723261,-0.3116218265636629,-1.3440382777252982,0.4613677901581631,-0.16105699132361626,3.1854656760560527,-0.25399662494514025,0.3047460524225799,0.9122542613754908,-2.1333466727933805,-0.8469459874544837,4
2.022163724741988,2.086893221770528,-1.22986782237077,1.2209138717052956,-0.8509062726338745,0.3331758736706976,-1.3230432918302655,-0.5416951509781881,-0.61676469204529,-0.617810195507985,0.0979383068661796,0.8897610055850689,-0.11815677081068221,0.016029960983228612,3
-1.228698473290103,-1.4301486468369906,0.5888309274810262,2.22100747364651,3.8578116140389294,0.9565269360718144,-1.209645275598451,0.008182651270025253,-0.14155406666426812,-0.9758474967884797,0.24068097624490445,1.9434949039373772,-0.5516604255463231,0.8865202331939916,4
-1.1294077413657237,2.366588075155385,-1.0095757321203447,1.630673766861497,0.09558012120445647,0.2879093953968611,1.758645491460737,0.7034901767364845,0.6976082388345113,1.280830981897618,-1.0912616137310829,0.6220578443107632,0.9293790307094545,0.5701573679803246,3
4.434300559901849,-1.36227787340502,1.0948163265899142,-0.24443998631833347,-0.6869226737093423,0.5230470214553967,-0.8163925695236256,-0.9776260214285432,1.9517211638496503,0.415547911202708,-0.8044412679585029,-1.9566122632779968,3.071834391339592,1.0729343848239157,3
-0.8345661826871863,-1.3182451407088482,2.464781823668721,-1.8110764968447095,-0.6627699958693987,0.08500744188550594,2.594627832102011,-2.0333770847699832,-1.040834669502441,-0.08048085650707193,0.11057199378268595,0.14113327816228946,0.3231965672078937,-0.3240351880467276,3
1.4600611538060697,1.9473885752786548,-2.4648842098907897,-0.4056975786575849,2.341471926364966,1.2563579320182616,-1.0069435566059495,0.6088948249754154,-0.05210975449036291,0.9440949694949066,0.037962507771484987,0.36995239404393554,-0.3756460643779826,0.41691710912384067,2
1.052243294464034,0.6884342834554936,-2.2445102232723806,2.2769196681840858,3.2340182638087027,1.3604686522178187,1.9906254804748782,-0.7320370403735158,0.7258818028762948,0.9445120188926096,-2.283459448332606,-2.272309572204346,1.6843687946644748,1.3258465630055032,3
-1.400845160365318,-1.8982698190465286,-3.7173950077633737,0.629400145234932,1.7320788939981357,0.9866099278329927,1.7073730904672206,0.4495587040429259,-0.993946918186523,1.163254004497626,-0.9006460779466617,-0.5194824548085635,0.38566753858139247,-1.1946050501424277,1
-1.877300887298802,-1.329014244793293,2.359325820845521,-1.7232577647645069,2.5704880755874377,1.0396790424038043,2.5813714530373364,-1.5083001685633337,-0.6177613719189763,-0.20270681654178507,0.13972814722256394,0.4341747369068533,0.5090849612797199,-0.5271296008452391,2
-2.8026547569120073,2.1005930062683094,1.2860304579959863,-1.0968977382086456,3.6011481519236366,-0.005348612346570731,2.1435010611179863,-1.349140653374716,1.702658553084177,-0.8303124215206913,-0.11575951366231395,-1.6748247835175027,-0.7082015401163234,0.6525355231306454,4
1.1197563943749054,-1.1843343674142195,2.114742540591957,-1.0572351006996732,0.20932576485991805,-2.9360170933264964,-0.4996476789368036,1.6898213736933811,-0.7577416089062358,-1.4683692939936293,1.8235856630650638,1.3217413095366763,1.2191841621428692,-1.9446687573598573,3
1.877858578393507,-1.1657919508766417,-0.843749673160906,0.3150802303808083,-1.049846505277147,0.22130389604613984,-1.5936766546905627,1.068482537848721,0.10485993272206973,0.9719125068111654,-0.12953399784120512,-0.053048656748352206,0.588330375108619,0.41254592474699836,1
4.093328549053883,-1.8354207651803423,-0.5806011120461149,0.7037141131657423,-0.3831655873471397,0.36163664309244603,-1.2284891373292197,-0.19315589604794592,-0.34950140671541086,-0.16077006536177837,-0.1519186930465919,1.7765771746453718,-1.9041554262444114,-0.39078182297522973,1
-2.505848965204938,2.300553378104772,2.0561753445373387,-0.3551874153365864,1.119569290451841,0.7828449540351505,-0.6753880964196975,-1.545539125488929,2.217138974461912,-0.9492610803405309,-1.4269195055452,-0.7883490721719064,-0.09519520797244765,1.3109334217729807,4
-2.456915812544609,-1.0028141369114125,0.04296767124048218,0.16540465357260292,-1.4040999129908849,3.0500788519182667,1.1423961218054774,3.203635703573561,1.4503478547886244,0.46052902382070554,1.040634882830857,0.08123395895140184,-0.4940365204132196,-1.1506222229062366,3
-2.648170796043549,-1.4029309620127868,-2.2687772191463624,0.756536227676251,-0.035144305104705606,0.5980289879196451,-2.0547825779248754,0.8012740633455383,-0.9160676972882313,-0.18258116214758818,-1.436447533609109,-1.6035588559765663,-0.329644650276136,-0.559088539622401,3
-0.908153851099195,-1.6319497233362181,-2.718315951437093,0.2848286278077202,-1.0942067684421803,-0.33599065904483044,0.7448375437414311,1.4546569724116303,-0.7001895242290591,-1.0041629313164546,-0.8733023288129499,-0.8810966495569686,-0.647612320715927,-0.36428024398397346,3
1.736340381054622,-1.4039159513781678,-0.11249197226364276,-0.8952847585976922,2.5755007152029252,-0.658640987301076,0.32483475649176574,1.9300565595644963,2.6208091673240586,-0.5410539424901588,0.2005008286203797,2.350452002045839,-1.4014173562999863,0.735602485049333,1
-0.8478296328597221,-1.4169565365995958,-0.1471328727209905,1.1691365353178584,-0.10794854020057439,0.3980242788075449,-1.6351912011478718,2.2076654341899484,-0.8151397470486635,0.4807384970186584,-0.3782400211405461,-0.3578143824309939,0.755314869064272,0.3943438357725013,1
0.5713899321375421,-1.537370010353836,-1.3402626819640786,-2.0874943430449155,-0.28094674553967963,-0.9225634954598161,-1.3269069831791391,-0.9747899861293156,-1.015653594181188,1.8492143018570173,-0.3704365176834061,-0.6015315704573518,0.5778368119024773,-0.07506626735012574,3
1.2267015970007293,3.4967971423572024,-0.11058085759984308,-0.13887093264433661,-1.2738606116341997,2.150102541727451,0.8303619025940617,-0.8796108944900142,-1.4547931954395688,-1.2007476235683263,0.0535521677538503,-0.25886018518732967,-0.07353641089049752,-1.3144812174315907,2
-0.019587711685031477,-1.3016067785049417,-0.24063950442010712,-0.23953707489451243,0.6709626141335925,-0.49995021206696727,-1.598304471168662,-0.7311462895944576,0.016944738721403146,-1.1905856386143578,0.7253764117762099,1.79690257214461,-1.5679518566184953,0.8012553175943014,3
1.6825730354496995,-1.951645281593573,-1.3322569813658351,-0.9511943884631255,2.6908924196786415,0.5224756563618648,-1.5534332525558636,2.7736752305276435,-0.3274565323712845,0.45075553447703615,-0.7395440138954554,0.5536943299751209,-0.5080552488511381,-0.5298688254475007,1
1.0010964095212587,3.4460875582517545,-1.6678542133687382,-0.22604420560754762,-1.1654168398966285,-0.7371511988658862,-0.19195373878141295,0.21034688295518392,-1.5041389032088848,-0.4295539934440597,0.3208229416609336,-0.12674043343684036,-0.11774632384158436,0.21558553350552012,4
2.373487266331583,-1.7644841808760172,-0.5490924297582549,-0.44954271095880616,1.9666232607883063,0.7329250528137129,2.251282702177829,-0.6065979102396476,0.6231383971683361,-0.7950845284434888,0.2744606507770411,0.7975845608108609,-1.7925016379081564,-0.17804281128387484,3
-2.3603996071783366,-1.199165312674745,-1.0221153575422257,0.051569890864813284,-1.1433297518917465,-1.2331175862970414,1.3574507849053596,-1.4939921459128667,-0.7442378871487734,1.0341881308181045,-0.09525808160549372,-0.5906390234450567,0.07521611006386153,-0.10442195952236301,4
-0.06475189316215103,-1.2698966501917197,-1.086150614142832,-1.35697124796132,-0.19899476319747902,-1.6127873451275263,-0.14659223430263646,1.6835746529072197,1.2684577347282893,-0.5749620733445326,-0.7468203880097838,-0.9183796899044313,-1.595895038320087,-1.8895055798355296,4
-1.2690440587787213,-1.3965820027820575,-2.5240405123527623,-1.0348487851749033,-1.5285417861026174,-1.050409983274065,1.19706288798162,-1.0841016011327236,-0.471036034304275,1.2858379272628517,0.004985283805733005,0.36195840473809054,0.43466045437987105,-0.08743059074056908,1
-2.3810210404007885,-0.7665117048884335,1.9174604468605299,0.1761264904951811,-0.7055062325798996,-1.698919190016651,-0.3764426024313643,2.4354736846754457,1.60589089246385,0.15664001188463222,0.3741636733872398,-1.7228908890585015,-0.8836269723488902,-0.8580453142458428,3
1.423503297013498,-1.3971051507870988,0.8795887177130007,-3.1523670035750158,-0.7164572936953931,0.6316333077974265,0.25005676620944683,2.3946213114198462,-0.19703941720671678,-0.22092088944923982,0.8190285515559653,1.5538413964448952,2.5785192228179796,-2.3235997614506023,4
-1.732878209530571,-1.1763607991907605,1.7833986467472605,0.1490185911885038,-0.2406853598197171,0.2237507758837231,-0.7432184542044874,-1.988492501562009,-1.6168766992297978,-0.03437951016419717,0.7984871811507372,-0.21509023713619646,0.19394255947837413,-0.5513726320118342,3
2.195696685610296,3.287736175016874,-1.9349910204339422,2.5753980586086946,-0.23392874799313942,1.0596096774828332,0.2027286313501359,-0.07315183220505302,-1.4594278727435344,0.11831274575347826,-0.04118947662935746,-0.3662928272537838,-0.6538743019937798,-0.8877367069435429,4
3.343417450492188,-1.8266959352725196,-1.0806122190158016,3.0128411040800946,-0.851378743086682,0.40413650110595234,1.655622044656001,-0.8435090612069419,-0.8383417150198922,-1.4074310228108884,0.509976684491412,-0.9615456966474402,-2.3453568481282683,-1.3521864050590684,4
-3.0123577024145685,-0.8313066912283438,1.7934599340987225,0.697181779628267,-0.5611582997003346,-1.3009853298406333,1.4111794631029315,1.6172199720653668,0.7059278274446644,2.0095886265625706,-0.9954509312585785,-0.6665081637586091,0.5168729400661468,1.31938123710854,4
0.05602698713034297,-1.3053518059851623,1.7624930732860937,-0.6025433989028238,0.8151200469365003,-0.6178281189367386,1.2803162718406118,-0.6383385865699064,-0.3730077048583121,-1.1566046061805753,-0.21623091175777695,0.7821472613645946,-1.189753290287248,0.9483094331614591,1
-1.2222432958886458,-1.2337329198182012,-1.1741229594046536,0.6067641517661011,-1.3315761562203932,-0.5568791360991139,-0.3040402589702783,0.9030334684032296,0.2631894865034828,0.6864769375863642,0.6731591286082987,-0.34345604654858775,-0.4484913298453489,-2.0120322681492047,2
-0.6218883293735409,2.3908267724189973,-0.39846616452812916,0.4282055371872045,-0.6545724502011966,-0.24480712066165644,-1.7763011101051362,-0.6281382457148279,-1.6502576747920015,0.21194685267652594,-0.21878916475719998,-0.582543107634001,-0.3674634446732039,0.627668433254603,4
-1.6898580824618172,-1.175788131126192,2.096160153491084,-1.6012043959710187,-0.7366950968828375,0.4529797643845479,2.0979134042714103,-1.6884769034875222,-0.6829486814104799,0.42791141217659245,-0.3795890267660818,0.26848083315763127,-0.10053532966489502,-0.5248712381383751,4
0.6743797749812902,3.499752822406086,-1.4117900413037243,-1.587976785384157,2.5696786062374137,-0.8396806071026541,-0.09198296549725271,1.5400469123071234,-0.44741899155727477,0.5958182506361133,-0.1532914567375292,0.517882346622753,-0.5065345713557148,-0.6749157653657794,2
-0.00011607917420005706,0.3812818012779954,1.4577961829714459,0.7558910406072888,-0.6440000384997868,-0.9878675580223008,-1.7580756817966898,-0.5467515450126165,0.6852294643887742,-1.3921568476184647,4.206884570762676,-0.1792134605961418,-0.3693267544734088,1.9712543975569174,1
-0.17799572540932748,-1.4227447477810018,-1.670993742045319,0.8286109659657518,-1.5257848651739463,1.159231044286915,-1.629627843206375,2.511626134807009,-0.028671371696934306,1.7239920806008033,1.1389605526010793,-0.2239316309054784,-1.1881627093850413,-1.0455768069022529,3
0.19001378478196573,-1.7249550485079819,0.11326902268777671,-2.712913087115388,2.317080636305381,2.2659363023179306,-0.4648168757200209,0.25651143411342614,0.07306721572952378,-0.8813355044736579,-0.025253217863452238,-1.1611125513936367,0.4399355983201601,0.7147970949770485,2
-1.2494063873523782,2.609693310417191,1.1196328145137047,0.6452580177978102,0.2479219563973773,-1.0903209984224116,-1.3297061755490214,-1.1293982144374108,-1.0977789428410845,-1.0290348755790384,-0.5292827370952383,-0.1552098551424213,0.2687364856648636,-0.16887979573174897,4
5.250041276777778,-1.4852053670979142,-0.15817051064198365,-0.197095743889937,-0.19348159330175915,-1.5143552060925012,1.4460220895520355,-1.069515196615208,1.8525277393476407,-0.07341532150857784,-0.0381883295362701,-2.438117828591802,2.4515906313960065,0.852218417413485,1
-1.1388022077561681,2.200276653248091,-2.8505264702903483,0.8051182026060502,0.39779657433401344,0.0012462715052308888,1.331804301106932,-0.9747959631802002,-0.42759139151020825,-0.2120734753101214,0.22422541968507095,-0.4377008565779442,-0.9515485194279487,0.5498850919066725,2
-0.6125104138760799,0.37608594662122713,-1.4133027872863084,0.5854965940537361,0.08174276681537605,1.5047232252036298,0.05757741566143883,-1.1390083393486021,1.0276413476978998,-0.6750723496745673,4.3998960388963315,-0.024552660641264944,-0.654456749477476,1.7096154667789638,2
2.0589277500939667,3.6627443970477995,1.449214192090577,-0.15303205356783225,-0.4124039346339844,-2.0307200454561647,-0.15236973262471548,-0.10605556633134772,-0.8585038869976358,-0.4377702866545726,0.015199462355005878,0.20470683799265774,0.3281510321815518,-0.6316981763215471,3
1.1316533780188716,-1.5147268920261876,0.2917467402317872,1.6861661595161517,-0.22821083609528847,3.3512718086638986,2.9520545948305723,0.015693413823785092,-0.8878038938114392,-0.3041508495282918,-0.6453803107496513,0.9281979258654466,-1.5799100738258556,-0.8137133786834866,1
-0.37297208928193326,2.144565545825631,-0.18003091356695008,-1.271683297698551,3.3282817709415253,1.5293917040271552,-0.5192270823841726,0.7906591675190616,-0.23572889633897626,-0.060738742995283874,-0.358989139885282,0.4665344440221062,0.7282730333855283,1.092358295347244,4
0.9001277524350644,2.2615231086434346,1.041141409456662,-0.35897937392269613,0.3969783645309588,-1.8502944227531788,0.6986350248300138,-0.015651022474208583,-1.047200271995528,0.2749914365276923,-0.2821130661950338,-0.6507658702791145,-1.0105683416913402,-0.489990222912779,3
-0.5417586702352098,4.017293211039618,1.7087210849442507,2.3294685542870646,-0.4010254652875327,0.16435460919963582,0.13023461757862598,1.2219061045828783,-0.9186367419109858,2.345163758226439,-0.08107167519185471,0.4532582109250343,-0.24539816086480065,-0.25292506294379996,2
2.642242233561623,-1.677687345309461,0.13683946625525037,1.704957464321304,-0.687480284338969,4.199768652360617,-0.2745797227430386,-0.3468163627657534,-0.1504989243386723,0.09025579471462356,-0.4370581583455595,0.15352148874973942,-1.6219470961456548,-1.624486003064437,3
-0.6824797458199535,-0.913977594322253,-0.8005529934171767,0.8635946982068374,-0.22043990851158282,0.2692952891002284,-1.5215468409648631,0.5213540455953751,0.3828081095634025,-0.02979491623615378,-0.16331648303234247,0.3401264877420366,1.0898133813225799,-0.4710981638849779,3
-0.6797869533124358,-0.9614326866764524,1.7378102192257372,0.17926055779026945,-0.11838390455908197,-2.417296886798389,-0.14903707314646683,1.434258746473692,-0.679491975050191,-2.3557780254713045,1.8360385742238874,1.539190118405345,2.0228951061657767,-1.4865167019366803,3
6.1033487771821235,0.6028504332613662,-0.8102811308362604,-0.07239569077115272,0.24388922227283474,-0.24576879180239336,-1.8767636716672493,-0.0779973049126472,0.5648579635340055,0.016447271172706016,0.0745901289879369,-1.4969943194623676,0.3648850623468541,-0.6341022701947675,1
-0.7501221224893604,-1.4083956287446688,-1.0171664560443943,0.2448577026917779,-1.2182756750287682,0.8607402491191632,1.836929211187321,-1.416105562135847,-1.2524255902839876,0.923865419069499,0.18850970275571063,0.03957003850955406,-0.14936884530686756,-1.1344004186028946,2
-1.5783759655857552,2.77303381315755,1.5695657241780696,2.294978957540978,0.5759271629291737,0.3491242491015034,-1.018144872610772,-1.3005883209521227,0.47341815211243254,1.382230308313918,0.8617071260614753,0.7956070013985953,-0.9901411406876296,0.5629662567414964,2
0.09759447785099162,-1.0245131947045525,-2.020024655638301,1.2788658173691936,-0.7529953090984703,0.23041049398949895,-0.40438030151238524,1.2319593404561906,1.083045059221632,-0.09128958450623904,0.09794332691499558,-1.0053211087269804,-1.6249893572727696,-1.9967205561894144,3
2.9548816995947758,-1.2619096957987066,0.06918885632061912,-0.8970022343689933,-1.5881005054150452,2.5351096195653606,-1.0231150082066731,-0.722702861964776,0.6325806981908231,-0.6997337496581949,-0.8247703384601621,-1.0728444854108707,1.5688957367559966,-0.4485196979520032,2
-1.4510002604821204,-1.3883622982101496,-0.7482521816691223,0.633998366736449,-0.64969810939832,-0.17839125393331925,-1.5210335552177983,1.6324462920165261,0.2528556787778912,-0.017662923062332504,0.44849689482323074,-0.7439057698337559,0.6111051294963029,0.9227016309010609,3
0.9736300817166783,2.2691769120658702,-0.3731513648771175,-0.6397517229430778,-0.985184245710798,-0.7876593330160392,-1.5486567617011433,0.9089233645566089,-0.4716651961994844,-0.05369275166536884,0.01890013115916881,0.7521907817897544,0.6682495673370125,0.9296985008649327,4
-0.05214320633420839,-1.289616513135618,-0.4252595115228449,-0.7802360471213451,-1.228642832390722,0.08653303898319684,0.08824546705383926,-0.7881211977294716,-1.2176142647736752,-0.351350022501989,2.039568607670727,1.634324312534993,1.945500145743312,-3.3063159583865427,3
-2.8361363897087783,-0.9402185269384168,-1.5552488633118258,-0.5996917515968495,-1.0027950498946951,-1.3985071177697006,0.09264505280443845,-1.1747540235541347,1.7357180840444106,0.05205148473647049,0.044932997963405226,-0.9061336473735327,-0.32379701785490606,-1.3773388246503846,4
-0.2883708940227355,-1.1921427243573992,2.1424385479289003,-0.07480520302119201,0.5597934211244009,-1.2319590469783295,-1.4565133239269328,-1.8255441277524325,-0.8997149190108727,1.6483894949807818,0.6172139223080682,0.031223875259759327,-0.41561704240214814,-0.3879491305747967,4
2.6983373486322533,1.890844932738733,1.4515476246193155,-0.13805464611983176,2.6549328236789935,-1.4387299662676452,1.6366993834175296,0.3842426713068609,-0.6561931294869521,-0.6228331626029344,1.2405590927938515,-0.0985148761112595,-0.1609680976083327,1.1174465556585556,1
-1.8178043761168294,-1.1605339205448975,1.1884501293883478,-0.7785025282232181,-0.7007791189884386,-0.8553871890480337,0.23550605147502562,-0.5270720671007526,0.5332733757845479,-0.03235171834828763,-0.7033834698592926,-1.3872954521579492,-0.15237728840534354,-2.4255260752547083,3
3.6410565940387456,1.9830874233479612,2.3981297421132264,-0.435203716454712,-0.8514390112841431,-0.6866486526296729,1.6701979989385467,0.34364635951719885,-0.8860813199179016,-0.3548400271915951,0.5955878185550703,0.26124013584808603,0.12009641856207802,1.0943462399453492,4
0.31202285048162437,-1.4516326828645756,-1.8718168263903272,-0.8357319057532119,0.013534734968069659,-1.051993301185894,-0.26887962029744616,1.3138610607338204,1.2955845715243277,-0.5486126611236862,-1.0414068519599518,1.7698036070812952,-0.6431165394983355,0.031848913358306676,4
-3.5954499738644774,1.2952711856852714,1.4485170650656765,1.0122041519235134,-0.707670066791782,-1.3210785242398013,-0.042228588794484725,-0.5098590021065771,3.4715676029998246,-0.16353530473254368,5.088554987496805,-0.6713747929599794,-2.15549914904455,0.8779714010618597,4
0.40017036269227757,3.6296626728036414,-1.500094735670681,-1.559562627277559,-0.7154183060360614,0.12004195188671604,0.008077749279139238,-0.3570386142578076,-0.7113564927821414,-0.2747121048734869,-0.7515645057176615,0.461051572638789,-0.25198018038278863,-0.9235525837971813,2
4.587645170288909,-1.5423630646941064,1.8317947784041086,1.6062566411616275,0.08400391158608143,-1.4579122072294606,1.6090111370466602,-1.4685789696505396,1.060208194418217,-0.22494709208272878,0.08620043597844232,1.0782804469488447,-1.8656119236648911,-0.9053319898353166,3
1.2649121044686817,-1.7971486971534318,-2.48366135889653,-1.9481476926415913,-1.9583402628164166,-1.4171999611581372,1.3460957557173114,0.1855665524642404,-0.3841686617438305,2.014540723332815,-0.46080702536190565,-0.34700603901130084,1.210707031338597,-0.13812677730738615,3
-2.30397794340281,2.556646260452724,-0.015880631770550328,0.1597083647753632,-0.20809331978033227,0.2648679244446282,-1.4963617300491139,-1.8617958466541398,3.312157393578953,1.5170804587564237,-0.8641892371623265,-0.12665391143707305,-1.3713442474455304,-0.5293913747082135,1
-0.2508113859225555,3.485320312645049,-1.8644724265998907,0.7945591424616252,-0.4825088662100446,1.4091124671007835,0.2656682246281778,0.3348108302927887,-1.6145956330332905,-0.9725497096292924,-0.1766052345711107,0.9094283878607459,-0.6398525686484873,-1.1565973542333312,3
-0.6839309304433442,-1.3357730099843317,-1.4091981878529798,1.1621481737239334,0.18704175963752226,0.8649728962416187,-1.3597715667466346,0.21959084073528384,0.4479646975172199,-0.3434986971194112,-1.492567875409208,1.8188847295695052,-0.40789274067767134,1.278263686249477,1
2.6560613395472563,-1.053676772049679,2.329844569769433,2.7500019371161417,0.025868419835577142,1.4921717895423143,-1.0608112539270829,-1.5472433189099635,0.3901497087574918,-0.5069221458936832,-1.006543156939169,-2.235275957608154,2.2750897181158694,0.27591349571805845,4
-2.0014400297127777,-1.13044436076264,1.5032475037098356,0.5817458435410963,-0.750678592807751,-1.9463626464037613,1.501723919854572,0.9265004543574187,-0.1176218127678975,-0.30415823028763667,-1.0742626528816028,-0.11662482484451336,0.8063620126414537,2.059071678888986,1
0.3269590648667634,-1.0242898627218848,0.9505458669582373,2.0648423482968155,4.162909030432669,-0.4594660648347693,2.049227668983606,-1.4110274268705114,0.3931630050702606,-1.0544308737314922,-0.5020735814043675,-1.9827092607676622,1.39567212153011,-0.5886738920613135,4
0.622432434725077,3.584185033519155,-1.3678803133713326,-0.6490454473436599,-0.8316245781505552,-1.0009387303000004,-0.05566533201313047,0.0617248548080749,-0.2501171234064147,-0.5709120394742266,0.04947981896414185,1.267374944214512,0.13382151659995406,0.7537235570996724,3
-3.0159857147073494,2.3013286226040996,-0.8174287180568147,-0.5752392062797325,-0.6832607370860535,1.2933811641940147,-1.0810972719879277,-1.404249699110633,2.4492722076596167,-1.5303063729029518,-1.4095047950950133,-0.22074127754299094,0.4013851815466541,0.661623293702646,2
-1.6096620646248518,2.470882431030258,-1.0788810391268555,1.042517273077085,-0.7157035891374969,0.012538972053481116,0.5214082827769402,-0.248263065596866,3.8831416394550957,-1.3289496915751253,0.24421220098528662,-0.5125579665038849,-1.0524567507189042,-2.4151702253754674,4
0.0945442630047695,0.10143510540715038,-2.2811271707495413,0.8663044102842803,2.5550767040545357,1.4028514082720858,-1.4105394537721216,-0.790250814462563,1.7077186969977955,-0.6014623744622956,4.63135755032115,0.45998107304444336,-0.8113448280904225,2.8136247820091618,3
-0.8540196293746686,-1.1363902147090124,3.160034914191576,-2.090059453416307,3.1575994469000013,2.286857353966384,0.27412178450649494,-0.7734019331982142,0.2565869256294022,2.8021225752968366,1.1294185390733227,0.44580544850420056,-0.12050856065093303,-0.27704088293562945,3
-0.7090979663519357,-0.7254247042189429,1.2821194936036802,1.40431569519783,-0.6830108737999366,-1.335090021010121,1.3010297945675773,-0.14525552330987113,-0.4872881151020547,-0.40132485529161743,0.018950376348576402,-0.5216442096525322,-0.47818677697063666,1.0490364736141327,3
-3.0387961396924403,3.770589002261668,-1.9896004864292922,-0.04430298302219841,-0.018846944418780983,0.914629424910713,0.555211171163059,0.2512559174637788,3.627579400731883,1.9094805197914502,-1.121230431035887,0.6432546013836665,0.23925700964144636,0.06014800090919059,2
-1.2422082685512796,-1.4500134380952776,-1.5492531810112589,1.329061064550401,2.6386517334671944,0.6799103885934368,0.12585735768410106,3.067923564977587,-0.0508576526663645,-1.1298617452111785,1.1927456685779472,1.0650317790112533,2.954840013553748,-1.3214242801724623,2
0.3324858387057278,3.7442255506889937,0.9963491744545026,1.5565701878384297,-0.14294100875117424,-0.8902708120242471,-0.10982111535001413,0.40107934121827127,-2.2131024513375115,-0.6349988867394288,1.7715175901611429,0.24452770027575202,-1.06386213628958,-0.702772343784493,1
-1.5720620171519046,-1.0613958753931818,1.5815903210753883,0.5413958658570165,-0.3695078615768833,-1.1496033074494239,-1.4007344852474566,-2.0006225818608416,-1.5415737033799735,0.8773466409961045,0.48890912696696914,-0.5293594368563427,-0.6400265633523753,-1.003112495904744,2
-0.9691166337617433,-1.3362189507924465,-0.5312960180527997,1.0450118724035051,-0.6452574259047418,0.979017664232634,1.6981181943683472,-0.0730684646664662,-0.022137537194066793,-2.164485096518352,-0.21099758136513214,2.1836856267836904,-0.20468319868592424,0.8536719957224145,3
-1.9621164333529435,-1.3836339577986418,-0.2632156520097056,0.8129735413483614,-0.34359699207666977,1.7645612014575185,-1.7083252497079868,1.089205979367165,-0.7302152343669827,-0.08805249612343938,0.007276826368590893,-0.7823085761453231,-0.5832978768990852,0.03997776391018659,3
4.7686530844199115,-1.9141627335780749,-0.3879326610681513,2.0419578253394612,-0.2226599405791188,0.5270537040612966,-1.5554900681557668,-1.197066412217609,0.39270965291126886,-0.22486011655180219,-0.5696761709805254,0.3224752119142929,-1.637410135655303,-1.5810130469902564,4
0.8666466521991062,2.429724904499822,1.8007536498876398,-0.41734517665993875,-0.3508604310195166,-1.4755631671352314,-1.7696250803477478,0.04180600626002048,-1.8531719135513212,-0.22643828268637303,-0.26028401166423853,-0.7098856982629779,0.41363631282620533,0.3392219587839613,4
-2.4464552488633937,-0.8559364262596488,1.4662570426333237,0.48313592640598335,-0.5793526428029273,-2.100546258812913,-0.23304460322930312,1.643157919196141,0.6017564573289489,-2.1114309325826777,0.4282740511193524,-1.5187935263712324,-0.5509616545041433,-1.052605298615181,1
-2.5672445445536187,-1.1340512641926603,1.0433101859853213,0.7686061208781692,0.6828493197146153,-1.5311046978705192,1.5606639867548655,-1.868837825141133,-0.6255558929102943,0.3281515805153927,0.00936946498531103,-0.057799148582006916,0.4437437698702462,-0.6824970877675137,1
-2.560319716492014,-0.9668307025609618,1.650476041347262,0.5177075302316761,-0.5543548747657623,-2.231895737045584,1.1874034311173336,-0.13322302084189824,0.311515307793312,-0.5922142630742095,0.6591275809144074,-1.1228991243389028,-0.4151124735227657,1.5016769237535168,4
0.09651983611068189,4.090902634853928,1.7069255364410438,1.823137890513641,-0.3305270830415256,0.04591892915423201,0.16081541926713055,1.5853738269576407,-0.27173751484348657,2.4492512256520564,-0.16506920267188888,1.3588671748893393,0.5554680642179751,-0.04497594577977525,2
-2.503854376667281,2.062455839161827,-2.075382668585314,1.349260001189747,-0.4376459136182033,0.1218746523537157,1.334747087816989,-0.6592992793346776,0.962313078355051,-1.401844906218821,-1.3277173596553289,-0.7665726352122649,-0.8215655263421067,-0.5263025729650407,4
3.863058401676588,-1.8780161182423754,0.4930823793991994,-0.330505323515477,-1.3131894815591494,2.005848381158637,2.2693840162650054,-0.7415354625078121,-0.7015662093841262,-0.01940587705027429,0.5037980575284738,-0.5048374901566124,-2.1331731792175717,0.28870359659996164,1
2.3584439892614935,-1.3728017359771996,1.51509467204378,4.989247882322616,-0.13744241543621824,1.1616711341419061,-0.9520743119806245,-1.7339290290560208,0.1970383560652441,-1.0927459462228166,0.6150341423371674,0.704341663793275,-1.6624966747860281,-0.7137529971855903,4
2.2756334007836467,3.3140359729380258,-2.2603634922493483,-1.6987413258943507,-0.5372141252193025,-1.2344279746067208,-0.2785126222545297,0.4030431845919568,-1.1207977852424094,0.3815737905457605,-0.42890778694674925,-0.41756319950253173,0.05202395265951768,0.19600699122844964,2
-1.439549744588494,-1.5025632020002602,-0.9019349433131746,0.21177686266290058,-1.4760116836725374,-1.2380416810818187,1.0902539032702478,1.2288516308446675,-0.7718215867612617,-1.4713768333029285,-1.2377732987329493,-1.73970256103478,0.6912279694143613,0.9368840261755156,3
-1.4229193961757856,-1.1740884826746694,-1.5908568507137792,0.5112493349266093,-0.6783822850411844,-0.6097957218163046,0.26522199443721817,-0.560742008605665,0.8161156442559748,1.0316667246226106,0.9842090499690643,2.949555640655385,3.5002016740887476,-2.3931217812254477,2
-1.4912903784854943,-1.193829508005009,-0.5005194704547672,-0.368237716000138,-0.827247321306245,-0.4864065562020295,-1.6296498833688404,0.858995573135311,0.29056372825423,0.3522545516711356,-0.48361121538543744,-0.8837173539136443,0.12876454799302736,0.8349478973959056,4
-1.4580201109164939,-1.315350416977432,-0.8478857651205387,0.596487219694312,-0.8314245293678512,0.3315418434114593,-1.7296285604815658,1.171765567387077,-1.6241003290108527,-0.056631183217744296,-0.6582598287942941,-1.3986534703979006,-0.646210107054119,-0.2394778300158274,3
0.7162432431330863,-1.5816865700742495,-1.5060366586140999,-0.8539750775228869,-0.16342089528726103,-1.2249751971727338,1.0618495375303434,-0.2370655095228433,-0.020677815461729934,-1.3743790663041044,-1.7336369108846024,1.2493936713802507,-0.4318448479436322,1.7287911143432768,2
-0.6607382728161091,-1.352399866223012,-1.8075936834248363,1.4519103707629686,-0.8766248843625628,1.2575665545363681,-1.675504392857768,1.122836206802455,-0.29768296631087743,0.05499643613861499,-1.0928519416522793,2.5883539195149456,-0.6764287700873367,0.9481602564316979,3
1.2908708931819972,-1.0773242551046909,-1.775147043769479,-2.6183516115180905,0.16260378320635838,-1.0499301695393788,-1.90085709451583,-0.9483133057112337,0.35878897481990496,0.4799864330391981,-0.6447269365025957,-0.26901461080620975,-0.8709806936417819,-0.32048704812564793,4
1.7739869017712075,3.630750887923318,1.688843047683428,-0.9203281540357453,0.10681486436992427,-2.3239947635956173,-0.3289013902637265,-0.0339432160512957,-0.9102502721161388,-0.1117277226669674,0.40247616895584387,0.7435539789401702,-0.38000406429750977,-0.7252255419198935,1
-1.8903422343393046,-1.2680964532156411,-1.928210754238719,-0.8182151798912337,-0.29070138670393214,-1.21886952319951,1.2203461379327583,-2.4442684920454103,0.19452524045474018,1.4299041681894724,0.12306274183545171,-0.04460054752817211,-0.8399679178161912,-0.49367287945328303,1
0.17089873946861955,4.07478214939032,1.8570319638504849,-0.12369596334238639,-0.6257695984452752,-1.2841131448334366,-0.2983340778516013,1.5727236304811687,0.5792253886834604,2.2431818395911503,0.5531749057080037,1.0926557870521778,0.1709296343665031,-0.24429860297081168,4
0.22025979090282344,-1.2693395722575207,-0.13620518376857949,0.7597615499881077,-1.1957467168446885,-0.8268043177455183,-0.3655219583844482,0.8445462552568825,0.8527031227393995,-1.5802956145088842,-0.32274416258808064,0.9071641045634126,-0.9988281119612192,-0.3567091507888666,4
3.0762602674033936,-1.7018439881066292,-1.5043139307081064,3.434707253347136,-0.922625435193915,1.339540716770698,-1.1153187896372965,-1.5643674053473478,1.0311297940497821,-0.36726801025261946,-0.5581373335204584,0.8573392813865259,-0.9999277813271803,-0.7592825287087729,2
-0.4818403344441183,-0.9236760456714295,2.4142027340737116,-0.9874111426980118,-0.6066260823717281,-2.3227695094626206,-0.7225735989232159,3.1962413784960213,0.25944685904875064,1.0190729773849565,1.8049528915813684,0.7305993191654248,2.4678408217667402,-1.7075870940834277,4
-3.7491419609956784,4.0572431982835795,2.5965273934790702,-0.45590590368668504,-0.566302820158523,2.1223085643345234,1.1493212323525461,0.1783743836033184,2.0931750979829973,0.2293583767909106,-0.06137887903131117,-0.579449132337192,-0.2111743900989747,-0.720070854565107,2
2.369896529322186,-1.2248411504316115,0.7978398997290891,4.698246114636653,3.8426538862162416,1.2903614187460295,0.8062685041227922,-0.32014901492491826,0.8761078405336329,-0.9518018061619251,1.3254921571128182,-0.1260763640114299,4.296647842285422,-1.2479150929346396,4
-1.757254940773663,-1.273523284350463,-0.9306495136802171,0.22643023921527222,-1.27615459778963,-0.24689199858897393,1.4219791958610997,0.32819069089115993,-0.11785088459573373,4.000807918784072,-0.28938034167910665,-0.017572856958821517,0.7340887165074291,0.13583422853847987,4
-2.142107281999567,-1.2079575859710194,0.23617280640792157,-0.9396925125151315,-1.5653387815250275,3.2518350398549654,-0.6752258406940072,-0.3418616227727002,-0.4203352573816497,3.3162427012401254,-0.08729357449026658,-0.657565923238406,0.26100950881033486,-0.46585464668574517,4
-0.9748990957662075,-1.5213948128375212,-0.5681367831851659,1.0613639373886932,-0.3388449258539677,-0.02711103983472274,1.4640200151651903,0.4098470077909818,-0.8783067547816631,1.9949417420763462,-1.1660397499496171,0.4210095144581416,0.8492158850337148,-0.3056109138100416,1
-1.4207798977198416,-1.4763133496225715,-1.473685546363943,0.9533364251850762,-0.3924419412562324,-0.342880086619127,1.500794625973996,-0.5410375663773811,-0.9811174762402086,0.6466565970748325,0.25778504806301744,0.8096801321160466,0.2990860541533916,-0.42260433989026,3
-0.6772983437466462,-1.3057696546004103,1.399595883507799,1.2719993850410118,0.46035950877576454,-0.4073809094306075,-1.2311121047497746,-1.3858289550669949,-1.5839700620533896,0.3387908076975608,0.42749021450588226,-0.6487110187877027,0.5300315774717193,-0.7486382234822857,4
-0.8619114648653922,2.308712716866974,-1.6611124993343702,0.4791886689885954,0.03218940435195859,-0.7707218444888583,1.3462372081092313,-0.1693308839253533,-0.7616940360819259,-0.6580102413524895,-0.7833186223407882,0.19274034117290365,0.165599836589982,0.6580189379240153,3
3.6920159676386444,-1.7684798356560312,0.6516859117684395,1.3583758300410815,-0.6970922333661194,3.297917070184207,0.026921433113392783,-2.0488186384702893,0.8726373142812078,-1.191849819257937,0.5979426104351001,-0.33344761295451536,-1.0769660536691488,-0.04845466435240544,4
-2.153869211955084,0.4675154228520833,-0.2144520571418252,-0.729372136019853,-0.6227925764821939,0.5867540099534635,-1.7280160264729933,-1.513019425026516,1.2136608132941797,-0.9999372232663171,4.05786515006579,-1.1844695802258536,-0.37416520331361786,2.305948420622444,4
-0.12378386729090653,2.2815987137049434,-0.18756235410973346,-0.45181278383409323,-0.8313685115881682,2.5125846294901573,-0.6711101048316329,-1.7002154714806774,-0.178579197842648,-1.096444267706045,-0.015440313292827652,-0.04492683713164625,-0.2925247076736447,-0.4811107125912529,4
-2.3160865296907343,-1.066502547636073,1.3436857872279286,0.299860701440985,-0.4442202902911232,-2.2585058509973788,1.8468642001044617,-2.343896823331898,0.01300271010487703,0.38182790776564474,0.8771304309565623,-0.1961718315071404,0.4690028336448844,0.5987049841476741,4
-2.0655658191799313,-1.0142615497533571,1.8602765503782595,0.16602988154905637,0.23312854763815502,-1.3004977281607697,-1.5763517854902525,0.6250657617043714,-1.1785481523363208,-0.3491743809929216,-1.2724888914110695,-0.7336554954820379,-0.4827393612853422,0.537418086045752,3
-1.0625190494185386,2.5108782902726525,-0.775905576360265,-0.8039301232142981,-0.8850581499429799,3.665801867911729,-0.48928845483817407,0.12614938659082295,-1.3803838067346377,0.6742913880454025,-0.1579074219256192,0.04856719976214887,-0.7260699205716121,0.37506434529547245,1
-0.1256084224367055,3.8414717146829145,-0.6419928124454208,-0.09157980011678651,-0.9876824246386375,-0.8535758777435887,-0.015537408406769307,1.053769437930736,-0.4366515728154989,0.46423226052265043,-0.4008731671298106,1.0151196471639077,0.7483304299680067,1.0398719679086719,4
-1.1713891964601766,-1.6930828934063606,-2.4510486026367304,-0.4192577972580553,2.7701665202398686,0.759550165390717,-1.1960358814138923,-1.0816214586199218,-1.4545178002809358,0.7500060207166204,-0.1994718448982038,-0.46876029187252755,0.14577036238413638,-1.588411820648317,4
-0.7989633871442468,-1.058471070642303,1.8410659088950725,3.393035113417188,-0.17257122541423228,1.3771219187585515,-0.8841241810898065,-0.48675434492283093,-0.31751041369334826,3.4499149358704506,0.868994096935574,0.02786781545985387,-0.6345153546928392,-0.5895141818217629,3
-1.568765608212143,-1.4633061403382748,-1.2555944707644071,1.126002101722103,-0.15145194625259945,0.40714500510685764,-1.5374686644051898,0.47221848992382104,0.007832875669934125,-0.23657773214521918,-1.3945890071134153,-0.7215242669781071,0.4975897713975231,0.004272398577856448,1
5.040714234430452,1.6025960350858137,0.9234996195274487,-1.1008199558713179,-1.8811716648227508,1.9868375006263541,1.972771695937345,1.4167210469064484,-1.0560129064345034,0.506067364895661,0.3705186685146028,-0.21083539410545363,0.4571462763782795,1.2798519024116393,3
5.555659896109723,0.6625827870169833,0.04834342460916679,0.9604903298842195,-0.5867150211536687,-1.0124132765628306,1.4534254773524635,-0.9144003692547159,1.2602393685786817,-0.4292520456040679,0.4125505905356888,-2.316132475346797,1.3631639033627418,-0.13830204920734965,3
0.35283929415811077,3.5459389258342595,0.33046530260769935,2.7607880217447724,0.13157465647223845,0.4935822416664936,-0.16075167663910314,1.3016804309857717,-2.693768898753435,0.496452092583236,1.02686948252489,-0.22954632444164944,-1.2196179719529319,-0.670605001376625,1
1.8036713145897705,-1.292992202478258,-0.39239105942366576,-1.714856718283769,-1.6073262244288256,2.1393051439740036,1.8485804032178783,1.276454600661709,-0.9461257836952632,0.5978857807393805,0.3327199189068911,-0.33910648824642803,0.18103892392082796,0.057966940608326474,2
-1.0859547404505074,-0.8027815696404387,-0.15640351159377985,0.8723454892107352,-1.08735413960399,1.2480550721771722,-1.2994913717425962,-0.6697165138706919,-0.011449233778464444,-1.786314775503308,-0.1802409466577921,0.7154433971088797,-0.04941221073699426,-0.8884736115812699,1
-0.9190846463991622,-1.1948055846577303,1.4355632849843183,1.992149790345245,0.08074612047368747,-1.1413136385633689,1.7306208362363869,-0.7916997666654466,-0.6316017094858647,-1.898934476741221,-1.3913510492000738,1.9701404918688583,-0.15137484165353404,1.0652016014356043,3
-2.267653146356966,-1.0064647876601172,0.42512045289796724,-2.0912150993333807,-0.9111354912812277,2.3079051092575753,0.053907036718000206,-0.6817378571921114,0.30734640760395926,1.7434115522599514,0.3740627628582209,0.4427056623177813,0.41707197262797496,-0.3094431826428951,3
4.796470789701766,2.1198519960891598,-0.7698913448382636,0.9937257651921974,-0.47648369372739335,-0.48028406381308686,0.129340550248282,-1.1541550854041045,1.070137388934737,0.16897328228696673,0.13256820468074193,-2.0857567313430474,1.1759137078776583,0.07092559377851103,3
2.225491255790391,1.9495903517690107,-1.9058715690879497,-2.3114014431837,-0.48428107224963485,-1.322414531685117,-2.025391937057098,-0.43837624425975036,-0.7055299864440656,-0.5615287188009419,-0.3402700967847464,-0.3104457821607508,-0.19394957486751913,-0.6824850618121588,2
4.85373892481525,-1.7791767608948237,0.46369847826350513,-0.5799007822690937,2.355207841249533,2.4901030262556714,2.1619040845102075,-0.12523579469974694,0.03645032816881585,-0.605195378208165,-0.8139766353751757,-1.572144191068398,0.6959589302800974,-1.1893369190271228,4
-1.2518507853968766,-1.5013035621871083,-1.065527424602634,-0.507180003968989,-0.28576471231954015,0.4430666366195237,1.2697163623043406,0.9588068894242265,-0.6390775018598113,-0.8657834062338955,-1.08166932618311,-0.6423457024761382,0.43830653284298954,-0.869545684465687,4
0.2893443860629071,-1.4256925049394542,1.6872537189272796,-0.7700951078864439,3.6537938492475304,-0.8403301614048928,-1.2532855811164512,0.4134690347962393,-0.4224773018170671,-1.224793592287759,-0.3262176187952397,1.6161785678498748,-0.4844514684687222,1.5138570207170245,4
-4.0110985226345335,-0.6673394343856421,2.1625624879553813,0.16002342943278072,-1.0149534526153485,-0.16780178863928547,1.7072360583001445,-1.5625555501147539,0.38193801791063364,2.0783484609547593,0.5329232780105663,-0.6541730504171602,0.26758608261278705,0.5788727006155393,3
-0.6493633717150721,-0.9079334969917203,-1.1789887049708145,0.8296027468920973,-0.34966504662699,0.1300547411861407,-1.5440259270105363,-0.686270962701044,-1.3237835679847736,-0.8228903200890348,0.24602167384734241,-1.3705788756457062,-0.3951200838650457,-0.415003142974876,1
0.20131179969890492,2.303805919213884,-2.0058678102896397,0.2037878051645782,-0.8686178753769457,0.4798363513519041,-1.2675874007861123,0.556585874391766,-0.4404089790557156,0.7390852399032003,0.9010191071899968,0.927477816208618,-0.21485946875537848,0.7225828345323265,4
-1.0083136882864139,2.2879922440788767,-1.1304133578235103,-0.7605206445643705,-0.6427980178996693,0.7475154501504003,-1.3676560137656968,-1.3379779042193438,-0.550209232782887,-0.8460673442648712,-0.929183071520609,-0.3478553141170841,0.6177882613538991,0.11312665915664662,3
-1.073755024537683,-0.9997376193432517,-0.8077962526273266,0.6452734164350677,-1.0397078280645478,-0.5996951075494257,-0.11488850371983919,0.5429125067829728,1.686212058327218,-1.5562714805709654,-0.41185780915669074,2.0971033742770855,-1.1629288805435154,-0.5570075465168116,4
0.21754879743614103,-1.2752209959213048,1.0077323099610829,1.9739139362934277,0.25956273566104987,-0.9267334459182556,1.297483971103363,-0.12721300643477165,-0.8105112030018244,-1.0131483340143916,-0.2095057088959287,2.0034012444487175,-1.8232482062837205,1.0819582526447424,3
-1.3307826569365766,-1.5356583638349228,-0.3453036865140407,-0.06732030820987986,-1.5297078638165376,2.7030229241211896,2.2125022299934116,2.088109852850635,-0.4519491470664966,0.4242256871853616,-1.6848766937002144,-0.4225257271655358,1.23034581700496,1.8386549018158258,4
-1.5945702567057902,-1.4969588257200286,-1.3635987762660635,-0.7841035793510625,2.413389283056844,0.20696713076186274,-1.3975190685039616,-1.1495596131077233,-1.17588722363777,1.013864460591994,-0.15092850912519942,-0.5706821367471968,-0.220341462281253,-1.3038854088857093,1
-3.016564210145507,-0.7641551886492524,0.6152438258091029,0.7472746482852405,-0.8283790134511292,0.4327122275278054,-1.048787572214064,-0.5048344206320228,0.21831779149572617,2.7900719167160255,-0.153954051506878,0.20469930661622315,-0.08627843491327246,-0.1671758334923928,1
-1.545641731558315,-1.1748011621718368,0.893407107358017,1.7974410961218676,1.2066880814198542,-0.5107516431235198,1.662153353324876,-1.631309558091615,-0.8759899407932075,1.9797962495747479,0.11775173598487101,1.1625975733175218,-0.4814661180337798,-0.5859324131106336,4
4.607317827961018,-1.484069495220091,-0.15507716455630713,2.1336985141608604,0.545885781951128,-0.5009655771269219,2.0075596931577357,-1.2852389561069293,0.8688202793281697,-1.3428474300992557,-1.3231129573314764,-1.2967630220969812,2.1085066501318552,-0.10568129630092765,3
-0.31113449904887747,2.6091860907387483,2.634806744024585,-0.08775368261383241,-0.8725240798909462,2.855153373213711,-0.4079136037820638,1.3737895845418342,-0.8295573739856802,1.3002383435320048,-0.21855118128689266,0.12465023883361553,0.2566560091284599,0.6909053593213451,3
-1.3365621103944108,-1.3283455140812794,-0.5301262595465619,1.159089351962128,3.18670318895282,1.1434097596750725,-1.0453200738115644,-0.2915110097584443,-0.22091474238852674,-1.1057624710442249,-0.4816362277527422,1.6689808605969307,-1.3578245826931135,0.9434086477703487,2
-2.5957311430695027,-0.7000296118838165,2.1444750768639147,0.6720850279129985,0.017422022050007514,-0.4063059549781324,-1.0014010657592498,-0.638301118465876,-0.09940824818014503,3.5140248227648176,0.13087359782210542,1.385752527607676,0.24829509042198666,-0.5918214668247045,3
-1.207149119660528,-1.3776555919553466,-0.4056212864773131,-0.7087959072045078,-1.4326969635073992,2.9191276865902895,-0.4703794141272932,-0.6837891999872038,-1.3547852321840448,0.6188626788209017,0.3843282232223353,-0.8413533457226947,0.3275301205645714,-1.2420994377460532,1
-0.07444490081142022,-1.3985481592673144,-1.8630259519045764,-1.247856871871917,-0.27420503765410814,-0.44806597127147424,-1.5780296353332945,-0.9034723431392574,0.9802603088127261,0.5628316076748843,-1.4546630113694738,2.350383305742276,-0.1756104331052832,2.6073361193459275,2
-1.0397520544418801,4.004338402851922,1.2479810012470038,1.0319480713285034,-0.34172645412833497,-1.029095811026506,0.013378890680622021,0.9857426358216552,-1.1827932388608837,-0.2565045110633037,-0.21607664376588454,0.3054304702185255,0.2701238282783749,0.5357664376646665,1
0.4572983594824727,-1.1461963986625707,3.2132288434104628,0.873132967877318,0.04357818977786328,3.2385167440107443,-0.30989705869275624,-0.49743848012498965,0.279513086606479,0.25549873343910395,0.41451406980570094,2.0056435428067156,-1.0003437992875757,0.857364186357871,4
0.22926570736317547,-1.5103495638375368,-1.5857238263864768,-1.207752498820193,-1.2555915678340392,-1.6182711634998834,1.089733297070074,1.5031240609001297,0.07724172642176426,-0.5026842021640399,-0.8636009771843989,-0.11182752300281831,0.681468645247071,1.528416385358223,4
-0.44037099910946514,-1.476118016890438,-0.7147289689985465,-1.4527581438546564,-1.0031021769681794,-2.637502085911553,1.3950573603355945,-1.994198916203024,-0.8758438792159976,0.29057249801573987,0.0866244331921815,-0.7067701620959751,0.7959915011463307,-0.11514379389112253,2
-2.302696293583833,-1.2833421170980108,-1.3154359639112434,-2.3574069362104835,-1.660733763771329,2.0428019700633735,-0.5907600857927249,-2.2839584217828652,-0.09426780283296265,-0.5421592145951584,-0.5360110397079194,-0.17298560586839654,0.7984879897121828,0.17099993926394136,2
-0.7751837023344662,4.12990611408223,1.368347203249697,0.9539797144274946,0.8377639216442717,-0.42424688442362374,0.20276043615828437,1.1788216590546594,-0.4615073835346279,1.6686536640552925,-0.824099241932483,0.8339517243025226,-0.8344182241975124,-1.0885569061078355,1
1.0189844427695467,3.8751835663604997,2.875030113258698,-1.9215780195530026,0.27437898866611277,0.9264655685244371,0.9298586487991637,-0.1915858226944097,-1.255888125816879,0.5299583155909559,0.8657383948483478,-0.5365445493343268,-1.0493933757255627,-0.9665011173933769,2
-2.9754439409404325,-1.0642943580629163,-1.194293219331669,0.2361778483526664,-0.6347019957937207,-0.4919843969667706,0.9204264926703597,1.7814417389555424,0.8718592527943815,1.8241448858412892,-0.44694847368375357,-1.0177798053291434,-0.3135633912606947,0.0035509096965335345,4
-2.2755044199282257,-1.5233648139338234,-1.8842578098293707,-0.5999337683896432,2.946305018936093,-0.7741828291188216,1.5031376864818196,1.1281817267246734,-0.08198440689769053,-1.4429331399276821,-0.33020115900582064,-1.0861427926617957,0.022239035990235273,0.5820865279942095,1
1.3670540655586783,-1.3821052942429377,0.16033841195415321,0.045988087187978026,0.6061473495372806,-0.3848210580442386,-1.4585810428865889,-1.0403660703513447,0.8428776551808571,-1.0375659842748375,-0.30601566284646203,1.9361451438663526,-0.7115084925616767,0.7080997334558865,2
-2.105896077982416,-1.383380628257972,-2.6573195770751448,-0.48887942478272345,-1.6983918006292174,-1.2268698587556037,1.7591197091346924,-2.1746005724901347,-0.6812708930742274,0.7713773457148294,-0.8058703577193669,-0.38873837383754456,1.0775983877907716,0.5251293048765707,4
2.3486323315190716,3.223484743587164,-0.35030801870810746,-3.364894859612855,-0.7943106238961927,1.042998261715445,0.32669474810484117,0.9410729040913537,-1.870664311579304,-0.26525860158814785,0.4670244305936126,-0.7476052591279481,-0.7163676247315109,0.15085607747554916,1
-1.230184249414195,-1.2126313695725326,-1.3241815238286734,-0.24365003939954083,0.5296418933922491,-0.24606364888088522,-1.589433267918725,-0.5603209483095569,0.38413687063394686,-1.2998930631005783,-0.5238829633749466,1.8576678560666593,-1.0558873020225994,1.0490734593849809,4
-2.5903046936207748,-1.0986748201012477,0.9944406424892982,1.6213161741524447,-0.8896244636652515,-1.3662988286768116,1.384000898084151,-1.4447401384519258,-1.4724761873508943,0.2760320932446298,0.901259880168581,-0.6792522172148922,0.050705884700509546,-0.29269021756146596,4
-0.4726965000055228,2.1344631300491494,-2.1425429273364465,0.6818019807853619,0.39987643057937045,0.8226044083294306,-1.2727538449095999,0.11379313558085807,-1.786931880115319,0.06758125141817645,-0.07585914899288448,0.27050061068953407,-0.2900133619725995,0.4169269877454982,1
6.0232754794224785,-1.462944095701095,1.8661218766831447,-1.7138740995714494,-0.7932568270267701,1.497794193649546,-0.7532443077710519,-1.5332484431045428,0.776337341829998,0.0310884761487136,-0.7336720147182392,-2.552296191324639,1.5676738159550996,-0.3935616849467783,4
-0.5820889049918785,-1.737543355691729,-1.7619747802412689,0.4250688934901947,2.2407871727701103,0.1887993166540454,1.1775873181375485,2.6314307506415684,-0.557737437185245,0.16658421922282438,0.002356854469772169,-1.0250301954293268,0.25430278062078016,0.00846429555022671,1
2.341789219338831,-1.5214803781637851,2.7218174018325363,-1.2859459225093843,-0.8242722722783509,0.9319193382617621,1.9569092384751459,1.3126480464548795,-0.14080907950293733,-0.7550611131868421,-0.9130612560530309,2.0308876139846443,0.37411450900489607,1.5562037555959995,1
-2.3449609347577773,-1.3728798244823515,-1.5848775579546,-0.07791650597457898,-0.6610063505411644,1.7586655268012796,-1.274330366275424,0.46548107596714655,-0.29633574153737025,-0.9552476694261589,0.16289497183473606,-0.660404804658753,0.07840149165402951,0.44384554219704725,4
1.1608813576304473,3.35326893783761,-1.5795942514435364,-1.6205583773703476,2.737089261336251,-0.5283831892238233,0.21114889054666872,1.1869511951408862,0.2404302078061317,0.5882366416658057,-0.6572240665791715,0.6784488338422618,0.3164676584221324,-0.2897532215421447,4
6.115330105891841,-1.7878716268677064,3.852262901518208,-0.9005689297092504,-0.9223326929299998,1.2655949891772014,2.209001676633622,0.7412404102674753,-0.022457776540968526,1.5433245389608872,0.43729190622101805,0.6024803564258254,-1.4588019711630655,-0.16017328963318292,4
-1.1490790805166158,2.5785768415063806,0.9758818774457704,0.5764443936127234,-0.07799833875151,-1.9637180629103927,1.219455895565372,-1.1574873541922779,-1.0057691330917489,-0.7113078404827294,-0.360362475623685,-0.1468417496083418,-0.13510181935736795,0.04909788204293203,4
0.6393912800070178,2.084139864758616,-0.7423151725168762,0.509093412862254,0.17642153335207664,-0.7802816904736762,1.32470311920881,-0.10360591028359176,-0.8495763095864791,-0.31195890603296916,-0.46465155844185396,-0.42240700642315304,0.7544266200699568,0.8697774658160974,3
-3.20329871435874,-0.7805310175334081,1.8700149792218348,1.1510384075495317,-0.4982096483235571,-0.5871736350091442,-1.2232474062565641,-1.802160330325677,-1.2596930253169292,2.356301995349314,0.0018137135136418344,-0.896828401261874,-0.4093446775627504,-0.7181423869130898,3
-3.607751541036623,-0.6630692641814419,3.046723692785768,-0.9655809865737853,0.08384002121933205,1.8644384912313832,0.14975889405069995,-1.2089532908936442,0.38295749967958503,1.2633455071920625,-0.528115883797231,1.1938954063754592,1.081432632721624,-0.635383390080643,4
-2.9221258752183226,2.5344455011406106,1.9441716060236627,0.6043953016248543,-0.5230925942206791,-1.6814757222914287,1.9191209351872534,-1.4744524862970658,1.9800024541948216,-0.8544996551436348,-1.4232267076673046,-1.1171704123472181,0.5069572806283947,0.6995920962490232,1
-1.7645311751755965,-0.9209577129726352,1.2120586320791924,1.3444081404368151,0.3851084718418388,-1.1308095248748997,0.4473959391254966,-1.1948770245976372,-0.8640488308859622,0.8609427752805715,2.2288655037526883,2.065271397750032,2.1141479884514847,-1.586135786531182,4
-3.136438926623098,2.667485582249162,2.426575070733472,0.7662248371802766,-0.10963679901897823,-1.1340638686915878,1.640867989632429,-1.0354748789018378,2.5798875208942875,0.34290742224731935,-0.8924420867373228,-0.17854916950069533,-0.29056447894996784,1.089597406138521,3
0.15381786695590594,-0.728959139756808,-0.8274673594056147,-0.192713540757115,-0.36732444919726,-1.4523847960422018,0.17358594477644324,-0.727588041316057,1.3251562771307555,-0.8608543959782231,1.6360996576073454,3.1642954737231417,2.389451116168834,-0.14063003500265686,1
-2.0079569143069307,-1.47686879720374,-1.877580681435389,-0.38300791134434575,2.3651234544105946,0.41056236669244034,-0.8440754353860881,-1.9371811211047607,0.41688787756197637,0.9114829812349851,0.568999143605368,0.7471247183852484,0.7163947333947751,0.03858655821620327,3
1.557047247792414,3.424389800488591,-1.5474432812273358,-0.20573985258237548,-0.15549544760600487,-0.7513665246966975,-0.24697953883646473,0.00033638966805817153,-1.089605212616669,-0.4129384719169071,0.1339534514258399,-0.5944757789999771,-0.2909848387387694,-0.6376578925671647,1
-1.514046186293853,-1.4896829389350366,-1.5237006458160092,0.7454736418962926,-0.6629540622242067,-0.6775105277271354,0.9666809184855011,0.5829885164958242,0.25591348695307425,-0.4746189033991726,-1.4355569108529704,-0.4739308874121283,-0.0947678662846417,0.4250439268181408,1
-3.5015136339453874,4.148432240540277,1.7758673114472898,0.7116357875459598,0.07771718214490746,-0.9618204940085825,0.2410308298062027,-1.3699817494867108,2.8696389444426926,0.5781163320106171,-0.45763395415511,-0.29632829778387354,-0.7234076576536516,-0.5956515093573573,2
-0.37325123952067774,0.5567890850857444,-0.6742617169362246,0.5947230188301713,-1.3501577053708949,4.108365529090314,0.7261674931020682,1.315286840365015,1.4123413832805973,1.1768460537738035,4.290926759436059,0.43511152559265076,-0.607093146685256,2.1163100905057872,1
-0.22905709077172146,2.50028826084195,1.5373636445604786,0.14650323790824532,0.6025668484117218,-0.8900450604792323,-1.8111484485163212,-0.3097517783497002,-1.5158997485136605,0.004806266440266258,0.21204749379645135,-0.7029382296597907,-0.6001359080082536,0.568729926299991,4
-1.5700665740197597,-1.095277098222303,1.5379276752600353,-0.2787964035411515,-0.23844717075925223,-2.493094071807103,1.3954697008053554,-2.401388460082947,-0.8143889831748333,0.7734837872141677,-0.5103910550068255,0.14691223699801167,0.20518096390378232,-0.7716864631451184,3
-1.3777008012991159,-0.631047480583675,1.4235700008190413,1.9139096438341168,0.6983856102195919,-0.12026010300697855,-1.2313607054683864,-0.1535916140192996,-0.9390821485120817,-0.38952954946150503,-1.0458522243552886,0.18203258687438204,0.43540113922668605,-1.271144410035942,3
-1.896368493429771,-1.1351599982026368,1.505390642125763,1.0719541367406853,-0.18231652531316198,-0.8693218943463555,-1.7637748631901948,0.8869436185077323,-0.6544418945462098,-0.9815925111630149,0.9238832231258244,-0.6855589062689611,-0.06830725386062655,0.3631376201500512,3
1.6658337240873007,-1.5883200898824146,1.4952496145711147,2.593343759876332,-0.11607332660142199,0.23365472265822168,-1.3694122356058624,-0.7759942456596112,0.05119470120186634,-0.5471600305890912,-1.051767133779616,2.4785164865463982,-0.023237374983229857,0.5936728861790658,4
-0.8421540775793803,-1.2536099096875775,0.01564897151233029,-1.0691536170224192,-0.35085167181576055,-1.2915632857766304,-1.3427557708895332,-1.9455685307818247,-0.6904469750632182,0.8079062670108984,0.8522271740714036,0.8313075600245425,-0.042527432646232315,-0.3918524306916329,3
-3.6205836019352486,-0.9060001737242427,1.108708978267821,0.7916174273314072,-0.20520742092495695,-1.867367621183619,1.8555477608145834,-2.0154285833173478,-0.41691508292167306,-0.052384901652093745,-0.13108436611232788,-0.37995010146462493,0.29844295552422967,0.6887650517451174,2
0.9841814038511095,3.365836348846707,-1.643233507837158,0.8907102175027889,-0.6018283015971951,-0.22233114339979498,0.26619302535495665,0.3846697921813172,-1.2353852463513342,-1.2222396709416699,-0.11810273094371514,0.46228762588471584,0.6732581967044059,-0.029580376869593146,1
-1.9333808900450338,3.719584717141719,-0.6397118974908692,0.6026248303142977,-0.21546275682378976,0.5286863268293165,0.12187017156401546,0.3929774056110032,2.8418196614950797,1.839798986503792,-0.18645512745330808,-0.18497662601302045,-0.9339601949909204,-0.7552920830316079,3
-0.48776796219814766,-1.421927229120987,-0.10976958154390419,0.03558527274279,-0.10361354114491386,0.3250767892616523,2.08436020093564,-0.6354925996321386,-0.26353074529987697,-1.7582313630515942,-1.4662721308245563,2.0722087410197503,-0.05845763041243301,1.3168331464708674,3
-0.5995218890493748,-1.4882199420854951,0.11571075992911159,-1.1298756091721787,-1.1803732045170594,2.6109712237115223,-0.7505521276630472,1.7771760653441475,-0.5327478410266957,-0.5033369421843669,-1.9299071068128193,-0.08057748333696062,0.92928510653327,-0.12852767740609317,4
2.696975252698606,1.9405755167338146,-0.761948951852981,-2.3070866439651385,-0.7013190648113827,-1.3506239513321925,-1.8201528705030645,0.6387288784678111,-0.007079361974045729,1.1240060173676192,0.5494876606261855,-0.5440538124996073,0.23503945374401353,1.460735417650709,4
-2.6726694153886723,0.8931391780283479,-1.1086573590884699,0.6587313522500716,-0.2525260987346176,0.052026180544160985,-0.6142156900522768,0.31318379276121383,0.5729395360800041,0.3835279199482239,3.6907068832768424,-1.2326885803754846,-0.05843540277999484,1.050117146313524,1
2.7514985252830804,-1.011153434764063,2.1010812987048113,0.7551693362464632,-0.26336481739907097,-2.438558941521488,1.7949267094366448,-1.154349629653199,0.5509292558276978,-1.1905046373722972,0.08675422884489709,-0.9065526885184725,1.6749511379741802,0.8841258355217166,1
-2.3448316199657215,-1.0708621974551382,-0.8927003740632988,-1.4490977834568228,2.1175749886320765,1.2320924597946776,0.5511195986421072,3.438309328984838,2.6600723757988947,1.1307473271494972,0.20098022478750782,0.08033708093496664,-0.4522748872245757,-1.312346688472679,1
-1.8278217633780158,2.1983593570436955,1.265820364219451,0.8132139060943153,3.8269822304077628,0.7275836007981572,-0.9439892449461734,-0.5171109730294093,1.6244696141232848,0.5944402647885078,0.0684434644209148,-0.28461508142877134,-1.2748412773382565,-1.0704986829935517,1
-2.2635506657165907,-1.2563791601550351,-0.7254455305802066,-2.3184786526010166,2.0312895572886487,1.9175413789938618,1.0182790278749758,-0.6921273423504324,-0.28754460666095716,-0.2554812822422664,1.9472784725150765,2.1718353188697845,2.602737100829483,-1.7837416558984693,2
2.5354691863587644,-1.5996444088589374,-1.441579078104944,1.2119452286362034,-1.2349468466790559,-0.11699325001758062,-0.027695595795273052,1.7099059606229494,1.2038797010478826,-1.4370343312816636,-0.0423102063127987,2.391615817681383,-1.3990641357765108,-0.3359233494760531,3
0.20678147535356084,3.714409356189935,0.9085507889200667,1.8673802881152874,0.5349310194237,-0.22145670005554757,0.30855920413462096,1.365929024759071,-1.7015467981787158,-0.011507555585328027,-0.192355519993663,0.08575788420157193,-0.5358424525768062,-0.2665886185205242,2
-0.49436407128202636,0.4407036715688703,-0.3697152118463293,-0.3970022956096256,-1.795376539954287,2.3103707132613107,-0.08674790614108195,-0.29176583710418413,0.4250941421256025,-1.1499619256655196,4.613475554476894,-0.9465471759458906,-0.20328825851826235,1.3640321142319953,3
-2.1538473351191807,0.8232238515388768,-1.095041808042434,0.24823718526026178,-0.8276686752603365,-0.38113382253219236,-0.49395739047562404,1.6802197978742461,3.2028529476399696,0.3104230835710105,5.45472677564027,-0.5227215312237581,-1.9430516795489834,1.3052422509562234,3
5.27221301816685,-1.4543707436595246,1.5333378863169584,-1.1655836282389813,-0.8809155916376094,-0.18907634160762943,2.0365211470452946,0.23103593826052152,1.3012573141940722,1.0680636330641813,-0.16358777013603082,-0.567985334609702,1.2249159908709404,1.0865140151150878,2
-1.3141243980374018,-0.8402270469924101,-0.7910546133590501,-1.865963515020639,-1.1818971426814033,-1.9182840527685088,0.44353105438507645,0.17717514190298997,3.3227881363586214,1.5814104148313108,1.0091818611249497,0.6265494692651782,0.12225728998238408,-1.9656508644495743,4
1.3567681719800322,2.4763754636144957,1.9231301586519063,0.252111529695186,0.24984826866939616,-1.4834293155280003,1.5623570684011,-0.31498304700056357,-0.06740836799059874,1.165240047806256,0.5144729503623503,-0.23381895786304155,-0.1490639878643685,1.095592759718054,4
-0.8434090282169464,-1.3871073477794933,-1.0737639105224324,-0.995982996362756,-1.1297879732377276,-2.009757632964874,1.1148214772458425,1.145327501286586,-0.7356375310031831,-1.3658403676703639,-0.4605149255206596,-0.4994403661553811,0.40185116810723487,0.8930732938208622,2
1.8326788747667089,2.4355530098199254,-0.3286458295257915,-1.0225418342819685,-0.9311134624799853,-0.8874748639753736,-1.0711804127389608,-0.9776725052211063,1.2274359016120682,1.5890046712819081,-0.5208163292912309,0.6341874925748707,0.36794756688306185,0.255264708379167,4
0.5910704209279047,2.27583763088923,-0.7786279402306839,-0.7279405570833011,-1.1118797632424338,0.31356834958724483,0.3394301063934997,0.7421921692766427,-0.4164537676767499,-1.2313275253585736,0.7137722540134941,-0.8713890123497209,-1.7978656053771533,-1.3679185044925857,4
-2.5711005497630794,-1.2380888413327091,-1.7551307088174661,-0.024395992703427193,-1.6375179768497048,-1.1800016738782142,1.1777692934441768,-0.0007409581117117507,0.8293426405375519,-0.6617275298677978,-0.9903066395535094,-0.7954404270973675,0.751724469761636,1.1774717988040253,4
-0.9027735555185078,2.3090387774408896,-2.0365703467271015,-0.2159719477348704,-1.343492845745641,-1.0704982660429794,1.7054124304969092,-0.06465985587129476,0.6248031829463162,-0.6129590960986112,-0.952259915292999,0.48217824108530155,1.3319524528103335,1.730846520790011,3
-0.135859744355682,3.5472458073190887,-2.4750610803087523,0.7291999240687032,-0.49062392147388284,0.2783003965167196,-0.2557456207908875,0.31902437023986996,-1.411162542621195,0.45774076417410514,-1.2632368094623714,1.0852485315552909,-0.5253428736611525,-0.27534188244304053,1
1.1860907245182069,2.111176006410043,-1.9860724968782286,-0.6693040412744452,0.4354284821532041,-0.7341874587712576,1.2691148216547476,-0.48990626293342654,-0.3721067979267155,-0.07306180764646089,-0.2981916387860919,-0.16024746306592969,-1.01634325444097,1.0775521916006154,4
-2.1898692448178676,-0.769238045969348,2.8241231676659053,-1.520447934910506,-1.1922384212690502,0.7923370728601241,2.192501937576063,-1.5570387576487397,0.0930263298149455,2.1575601935197657,0.33978080113362485,0.7970123394346159,-0.008488416500309404,-0.6906625016331314,2
-1.0894439205158635,-0.8908576361902223,0.39541899070389763,0.30213144587396296,0.018535040038135903,1.297625620737146,-0.9922789567096544,0.32872894466843844,0.15552977571882617,-0.14666114368817645,-0.054731743669985004,-0.2309184959392823,0.8947196386509543,0.4222694194994695,4
-1.810682613841496,-1.3295014024142118,-0.8562100349693454,-1.0987069760847294,-0.7523587108323928,1.6622415358830442,0.09365452343630959,1.2986069179142328,-0.42914816382544574,-2.1955350825835493,1.8752323035287348,0.905783769832939,2.0915345772300338,-2.8856448128470595,3
0.4944629771273736,2.2601579847282456,1.5296836717854974,1.931536618594013,0.7957536411561618,0.1761609694344413,-1.2822106974866407,-0.09375453793235301,-1.2410557228660102,-0.49764806076813944,0.5053593930205014,0.555953511168825,-0.15167058267229572,0.9155953318296961,4
-0.4265112108536166,-1.6266635571514971,-1.2154388149710829,1.3112858243970775,-0.3815302839404946,-0.12646652352317847,1.275274398704576,-0.18051124553545378,-0.3410512183017232,-0.7690520371847069,-0.9264920051164858,0.9219601693502992,-0.15049086415930335,1.7587672988574956,4
3.2999121187843694,-1.787231597419207,-1.0088830306642307,-1.3072655855567157,3.571736345990243,0.0669126448558967,-1.0939296108981513,0.13221681560345713,0.18491326782275383,-0.055374744052258715,-0.4821448754595774,2.482555832154843,-0.9792351258734413,1.5832175748389035,2
0.03551327146239195,0.25099067166840544,-0.5429986121801986,0.47480064371965935,-0.5231867317032843,-1.2431406210797724,-0.4261743191485811,-0.24596697122393285,0.5218716064956958,-1.137271326226858,5.212716713183637,-0.07932143436122142,2.2080516183206367,0.6223243071430163,2
-2.4475415895515726,-0.9040859752550707,2.041081624972794,0.3151641682069845,0.238404098086238,-1.2245703619299189,-1.3747392772855127,1.1637063763313904,-0.5300771291768559,-0.36456866620002765,0.1511640532544831,-0.32431222173117086,0.5342120397897303,0.6235616684268556,2
-1.2251812943092635,-1.28271395507699,-0.22607358487659437,-1.4251348072556926,-1.2969556993670726,2.283595939363667,-0.9240217290775316,-0.940748336658141,0.6201583714807041,-1.9317976743484162,-1.066675176826834,1.3678238379728302,-0.1028238292891131,1.8058127924374476,1
1.2321037324141233,3.4356420419467217,0.5920849058828009,-0.09500578498948367,3.391552428033312,-1.1933169642050907,0.21651547053514908,-0.26549250557296894,-0.9110618690517466,-0.024116352208811757,0.28586332531626835,-0.4265135886137247,-0.7037917386771754,-0.7052939319561048,4
7.526278403724428,-1.7025249186479376,0.6963924491778075,0.6330246750088533,-0.5940239319288287,-0.587579793771838,-1.3157495407820852,-0.5728469175238314,0.4166014954133707,0.7946230891576802,-0.07944621556012486,-1.920363008840648,1.436362707329279,0.7568352601766457,1
-0.6794635882098786,-1.2914551877876965,-1.8368299127692704,0.4135881562881363,-0.03754608110075524,-0.4507364244656661,-0.32797188329529653,0.4356957927464302,0.3347238623320033,-1.0189473046539024,0.4560645069301366,2.7810967263018997,2.39212180879602,0.006254153163444021,1
-1.54391674835566,-1.3418387932404794,0.015596904013822516,-0.7256414876738612,-1.2044379618056331,1.8910361961593125,0.06527972017940407,1.5362104828647254,-1.2454985770636124,-2.1310459176554497,1.495999441757842,0.2642584731302933,2.0395389408665103,-2.386737554834971,1
-0.7379549305597642,-1.2222866458822876,2.7659236173732404,-2.3786004267430694,0.5308112638826913,0.7243386472021363,-0.5580711375146655,-1.7281242115222728,-1.4276661482355482,-0.45701349126039426,0.0015613131456472572,0.783968240461651,0.08572018713278338,-1.6516502122565162,4
-0.3962524980943694,2.7828104269725498,1.1472960384845703,0.025653459921778494,-0.4918681566397928,-2.268666542259953,0.3541581624224097,0.010222260936108136,0.2751187149658772,-1.814295049814851,-0.6935473270556025,-0.05980742206242107,-1.0478839695374047,-1.318758305822255,3
-0.8778664308081617,-1.3074348579427668,0.1984793581004654,-1.5556274377766017,-0.7675529354254645,2.705304831553785,-0.8003330078276683,-1.0217738810651478,-0.8636442690200394,1.9334007606514683,0.4956602524115836,-0.32626532562754584,0.29875955261244014,-0.8692193125647854,1
3.8158176599594924,3.4617885804053143,1.6058580591816751,1.314269840192201,0.5571381003536953,0.07987071662333027,-0.17760387430888427,2.40861021994762,-1.6386059399425126,2.9940879175491335,0.411873218986389,-0.5858119476721956,-1.064353125062309,-0.9884795067644966,3
0.11382703879129343,3.4969237312526764,-1.8354874095478964,1.6172117167873503,-1.2328466079254374,0.3193511667641286,-0.10781007165274349,0.9358879659880303,-0.9199998183432699,0.48900519862858743,-0.19807731145483826,-0.11693992215577025,0.7922166374072878,0.16546795118542126,3
3.329467266591973,-1.0358427290022896,-0.9139507518343919,-2.3055456883336825,-1.3008937156713758,-2.1596189599262696,-0.24458610297433134,1.1446759350671674,2.0843631369871893,-0.7661554418347162,0.08324544315279193,0.0571784639586939,-1.280003307154393,-1.2145018737628006,3
-1.9238915049200982,-1.2316447027194037,-1.7623120798378311,0.3691264376404015,-0.15673142342333257,-0.6633574661909091,-0.22014551833225127,1.7647106053909418,-0.7332325743309835,-2.0105377055794484,1.3855579458172222,0.7381124921996937,2.061541864352819,-1.6301075693022173,4
1.3414660272548702,-1.0433485649285443,-0.8999596189268172,-0.6854154308552839,0.22768710433895145,-0.4726696532556231,-1.7654818945000563,-0.6550154233968956,0.24828171273127936,0.43957008986556195,0.19092305973310802,0.1002813286807784,-0.7079757514534976,-0.17571513643825387,3
-1.14656684347346,-1.380879070356262,1.60287459873489,-2.2535151838027576,2.301282082547728,-1.3809686447682974,2.0530250926099454,-1.4793684368234021,-1.3386691813809295,-0.010173285745436952,0.5099712203108796,-0.7835788664179353,0.3952692213372198,-0.6298580365547043,4
1.2362017437132076,3.2369617254958185,-0.992097790391521,-0.7224379100287489,3.0464909063679793,0.016423329577519852,-0.027213980896483757,1.7924319024835116,-2.5539796916418425,1.3313306020884472,0.046093105133053994,-0.40859489136491045,-0.5425074082966792,0.02297242933504032,4
2.3532158548729853,-1.3880187216886717,-1.4107874607669695,-1.2451140958365363,-0.3597348504276371,-1.7845687284395568,1.1703196633308581,-0.7601923559456197,-0.467345256732564,-0.690179908058681,-0.8071395013352707,-1.2453040448875823,-0.2067183971934461,-0.5934654558132291,4
1.2713388638304404,-0.9364410021117822,-0.2688886999136439,1.9979467492478808,-0.9299893994192515,0.03420981163452671,0.5600532293071864,1.767118288813056,1.9220951289013806,-0.8371725285608383,0.6206864589796713,0.7792423606955284,-0.11656875208020684,-0.6161236088169639,2
-2.4771044264818824,-1.0110415258880479,1.4658224269786237,0.7058639849834688,0.9790169473418842,-1.0409259328434195,-1.365496109947466,-0.03118735546902898,-0.2183052967767316,-0.9375133573467188,-1.2845400139461327,-0.2511364814418548,-0.3467615374280768,0.07795990251440033,4
-2.6162415355578865,-1.1002814808562118,-0.8357253253535639,0.10597020884462179,-0.9016315960412821,-1.0623161152750213,0.999457822161123,0.8931077638674702,-0.05188779182491493,-0.30279510125026937,-0.4145105402776489,-0.6624814057092403,-0.43176236268010726,1.188016262111654,2
0.7505870403850744,-1.531341783615495,-1.4167705046682344,-0.46022244694772974,0.01120771337134133,-0.34807326804183397,-1.6464367923449712,0.019166254435059444,-0.18852126263170274,-0.7566003308696649,-0.709438599613141,2.2684523708322484,0.04520096047193489,0.7812029830149254,3
-2.775333614534397,-1.1179823099270192,-1.2263006377601398,0.043229675981587716,-0.4403633644147263,-0.2106286512361444,-1.4655777246842285,-1.997569308731988,-0.919590886192241,0.8304285663851527,-0.12370996444187414,-0.434613978009287,-0.30149200015266253,-0.8607136607881841,2
-2.210394062752725,-1.1432999046146815,-1.2965127916304673,-0.7854445112432225,-0.9185880448334212,-0.8840502718693017,-1.215826721522249,-2.222051219385835,0.3277730791059242,1.132538634220113,-0.10332981668437989,-0.02729726278305329,0.6735964550549048,0.21026605260610998,3
-2.3012398882044973,-1.1368808005383306,1.0906024921942066,1.8776905841693197,-0.3395264524916853,-0.27124280645119053,-1.2095772091713222,-1.4180979302301528,-1.3880873995534337,0.2368157862054675,0.4431732985839681,-0.3651743949294244,0.7018213766769734,-0.5300314557938705,3
-1.035211963333259,3.879763807737946,-1.2705002118886555,0.18771949199092536,-0.521525225725191,-0.9063044716856359,-0.2444769655188065,-1.0728662182587556,0.3156980609817872,-0.12424684353248439,-0.45326035657608843,0.627794639916291,-0.2209420862461232,-0.31200046324874403,1
-3.6943919395595866,-0.7964699018319701,1.6195697397803435,0.6980643308018588,0.023587333790698786,-1.3138248192691597,-1.323837729260598,-0.2583213813773901,-1.118484276525062,-1.2318085846507107,-0.9600145907243359,-1.4248895751441732,0.3023195111550654,0.6196755303956941,4
-1.3211093805082172,-1.4734175629716237,-1.2117740091504745,0.6094750945248767,-0.959415618352911,-0.5746250818621829,1.2612045260790599,-0.5052140722474779,-1.3765026127219293,0.10600041830465717,0.2794674272049946,-0.19690007068006385,0.12109132301828461,-0.2623990670374341,4
0.5681463638154935,-1.2820761850239624,-1.673738672431431,-0.6456409155501411,2.457032603196235,1.7486703873868041,-0.8013053248570197,-0.36499411250244534,0.18917475416474044,-0.1695734446580399,-0.07587716197593881,-0.08774208214390086,0.2781197761751908,0.15976299414557654,3
-2.7402460834668654,2.384193611081747,1.2759755404177655,0.32424869830443775,1.109922716520898,-1.58479427562623,1.4957780289320461,-1.4332194717624456,2.2323296593060737,-1.6903570658294758,-1.1795839532988017,-0.1502556197452285,-0.45012217667011784,-0.2813097455890227,3
-2.1916022402488458,-1.3304495652383845,-0.8637572144280619,-0.550101395046476,0.261152691257717,-0.9178125955363672,-1.7115259434096837,-0.35461768628756024,0.6617564506146341,0.20454258433355701,-1.2336502710904453,-1.142075487156168,-0.06438751759450864,0.6971309806049294,2
-1.0153896113675545,2.5893381185072104,1.0159643342886469,0.4449045276418374,-0.4990319511893524,-1.1713756709331313,-1.6113724198719401,-0.22930767855003112,-0.46757729993899977,-0.43535007725996827,-0.5264009941755602,0.15045324861393433,0.584330054319423,-0.09523224280752572,3
-0.1965614834571074,-1.4416056039160026,-1.4806946280718105,-1.0787414996704079,-0.130404588367816,-0.8414067625239346,-1.9708448460187051,0.16029283340554418,-0.2107895260006225,-0.6741250688898839,-0.19099984324370542,-1.12245579191735,-0.6696266771905279,-0.2617817246664486,2
-0.30077054069499626,-1.3374658444904282,1.3743306816974592,-0.12802219041701635,0.7621719923452781,-2.3418644177431536,1.2124351360336842,0.6040164252359982,-1.2203134785707894,-1.1860594111871958,-0.21808438439804426,-0.9960890938230004,-0.5612291377263837,-0.7181532910211375,3
3.885044610949814,-1.554300450756647,0.48125521169555935,-3.080625657994724,2.111129271239524,2.1217426937542694,-0.5638222995816956,-0.3552786747024005,-0.07247045995330931,0.01721571042793726,0.6490264725339093,-1.0941129080680243,0.22321305088048451,0.4456061312349159,2
-1.3538050161220927,-0.8909851258773532,2.0174012810305175,0.14497621382846654,-0.579980970786575,-1.6113888963652485,-0.7092985120965638,2.605104398837054,0.5773861244056309,1.39697203852378,0.9264735569381626,-1.272101847208177,-2.576751109604481,-1.0894470521199808,1
-2.769165308445366,-1.0690331696698696,1.804259035347295,0.6004554532897718,0.3087203616399283,-1.938015772135604,1.1824427547565284,0.9365903201868713,-0.5512515809370949,-1.2493670184984849,-0.5496041474219769,-0.9861879032492508,0.5923553686915395,1.3895481893141315,2
1.6274082367924774,-1.5462876474615512,-0.394186975354952,-3.0742126381561934,-1.456469789714219,-2.407158127853474,-1.5063725208525458,-1.5476171958990064,-0.264050210967827,0.7358092331843301,0.2273097714060356,-0.06740785232935795,0.8345883498630741,-0.8487906995767845,4
-0.7257305238212333,-1.163021001362303,2.495917126070029,-0.65117618529624,-0.3361323241251299,1.8208684719102384,-0.6877456513165757,-1.0687946296100799,-0.5851670982854777,-1.4978347738854108,-0.7077257762297304,1.3590099119156598,-0.621541822551852,0.8744797747389136,2
1.6021440558882885,2.109013956294934,-0.5768147644287245,0.1960646588038523,-0.48509055330087647,-0.42196355414921993,-2.0027959931399058,-0.2681871359020352,-1.4224109669226788,-0.45188889574448105,0.20260055025595014,-0.1351579183974224,-0.5155135681870319,-0.234874645507983,4
0.450669986161368,-1.5393605331286468,0.6889535222598645,-1.662205626659407,-1.5844497016610317,1.3907505352874117,1.919593814976045,-0.061659513043458535,-1.4072252449141507,0.8509263230989728,0.10777201726290425,0.03491810515075306,0.5427687900741476,-1.6401251525235512,3
1.904328407679025,-1.4853920002631449,-0.18318859741366425,-0.8089154776620983,-1.1359273328835542,2.238869082643075,0.8019359910624533,0.3420061458540484,0.6117883523534158,-0.6119614887892496,1.867442744860085,2.0057610717564724,0.6501779280977246,-1.9694007682948018,4
-1.4177971667849871,1.9233623106774456,-2.2404343597542713,-1.4000214640762907,3.5011616643188206,0.6924036172660202,-0.7835483169153157,-0.9730156844805885,1.800776686249753,-0.42213691318897406,-2.375611518891897,0.1340785057354476,-0.6801522706573072,-0.7797478436150775,3
-0.7960104540124079,-1.2238266514153564,1.8441867710378803,0.6377075373253437,3.3744576499616494,-0.2183539617830843,-0.9974528863244791,-0.7099312549209721,0.6479003770595385,-0.9503857498673441,-0.48697797834933365,2.644160672755481,-0.45697147829757123,1.9642061662770895,4
0.4268179214357287,0.1852386026311343,-1.5321031860692222,0.9505622005164682,-0.7563864025804337,0.008110932452763953,-0.724683444656826,0.3378269451208013,0.11358871958001344,-0.1505393981032578,3.8286440290715458,-1.09031305953119,-0.3748463598815727,2.3891386882746204,2
-0.49696136572189914,-1.3887004003723202,-2.0183290066868476,0.5186849734091601,-0.22581754143909852,1.5215604899871358,-1.827782678049422,3.066019403338249,-0.1198863298638781,2.2072968972700426,-0.40187885535135515,0.2800225014583119,-1.2565240995477873,-0.8568233164692888,2
-2.4246525555458907,2.51521664636367,-0.14663365817636093,-1.3119397341242662,-1.0667801669308066,2.3804375419571175,1.0622560785330757,-0.1396633398860156,3.7287571112124325,-1.2279807326624121,0.6839987412025292,-1.3490585377678297,-2.0925807584392677,-2.307793220362453,3
-2.5364483417530717,3.7631172492204006,1.525214944488777,-1.2301961393288021,-0.4394574686864685,2.3963935640803946,1.2688014181015483,-0.7619354602906715,2.9930656799884257,0.06953530261508721,-0.5893751274154472,0.7381909074736467,0.374319565585083,0.7376624575536317,3
2.284656351312852,2.2233016753946444,0.06671446979780132,-1.6665634796482087,0.7142664733648612,-1.597992639175792,-1.3280741445097248,-1.6923053902643967,-0.33841410980308234,-0.057385730598264545,-0.1793181515804,-0.40136978614672836,-0.7215580938884868,-0.004230860474014514,4
-3.278949066790566,-1.0066137782614235,1.283215671643884,0.1957743038834894,3.670875752424486,0.6451102324863383,-0.9121310718595751,0.45341929815086846,-0.7328930903347597,4.340731981016657,-0.32277091666511337,-0.5233519379214455,0.0827605193341364,-0.13318953622058174,4
0.3642530357459194,2.0555701966341435,-0.6396426101416404,-0.8712876654034255,3.158167072771536,-0.6310410163473751,1.900447730768157,0.7913582291313224,-0.5359251147396483,0.35515178987202345,-0.4060764384006239,-0.8997708924280097,-0.12463571489517072,0.9120067118089396,1
1.1766714204256654,-1.3573848108425737,2.979039249896983,-1.3911430068540338,-0.7158633016871105,-0.7229733724335924,-1.4170506046024933,0.7805528826602809,-0.134298290843039,-0.16260240085469777,0.14957759262263284,-0.2161543045367175,0.6727288215776979,0.967287993025775,3
-1.9506597472784266,-1.3810653867160432,-2.600881675155083,-0.31401004790196135,-1.28658095340423,-0.64313730663486,0.49702719208412793,1.7605377735228571,-0.5708558799481015,-0.29962529922087466,-1.2290818239901098,-1.602789202610887,0.02776223356050746,-0.7560817378745607,4
2.574660715129493,-1.5939356687457842,-0.8529043543120272,0.572519058047654,3.0466066056020673,3.527531574978137,2.251182314054194,-0.6838788317286145,0.22637317714816177,-0.7401131168299678,0.1882786224882509,-2.0182473639867378,1.1502990952620016,-0.7801626893856308,4
-1.122966475357767,2.3861470451377413,-1.5024022287003753,0.28622482911936015,-0.6566052907908503,-0.4111465725191212,-1.4709528703987305,-1.2151737275928407,-0.7327202387300137,0.09047012499225535,-1.118608062336002,-1.1133345448585057,0.028270906002814664,0.6605741583770696,3
0.1549174863321035,-1.009906505687253,1.5603989343393097,1.5346633411469333,0.4995380563806457,-1.045296926149327,0.34436327466929034,0.7088205684825212,1.2459542451317804,-2.550461378604182,0.2018162889997015,1.6433415436392877,-1.7872536678445232,-0.3144712726662501,4
-1.639600907096311,-1.3490083815359668,0.7207231100373465,-1.9144012748518249,-1.3032023860671242,1.8448760792723915,-1.0168186529017935,0.8888816774939775,-0.4575844556555902,-1.3885484775460004,-0.8841937485650477,-0.8785254156554022,0.8114183087653425,1.1056231649444832,2
0.5078660645023236,-1.7452811108323896,-1.6730395220453913,-1.3543152265514835,3.2525480148152104,-0.6747535896138127,1.627277149400787,-0.06452175534269845,-0.13613860874232855,-0.34889629524354615,-0.09446534295154582,0.04932727245455718,-1.0145211039440758,1.6963580825033486,1
-2.583369220566516,-1.1066335177544016,-1.304271315822726,-0.9236073500378392,-0.06338196397373837,-0.7921376314277009,-1.4080997314030377,-2.921660372543529,0.4446216891202086,1.849152240013743,-0.5693971824516748,0.3656368508313978,-0.1104072335271514,0.26925358317064874,1
3.134265337500436,1.7447476877199002,-0.6379426532873427,-3.0972535813221422,3.5039556084005254,-1.2595888405772953,-1.2812513038051405,-0.4978176996203827,-0.24863686919785838,0.33864007113799954,-0.10247144542745634,-1.5130063385750578,-0.3962661357929814,0.36130212404103573,3
-0.9404660434254547,3.634373814326009,-2.6832241563274186,-0.3220372133114001,-1.0103483914097908,-0.3403768806759632,0.07388770893811825,-0.17009992686657766,0.26049919083364537,0.6084425844671649,-1.4309469082508932,0.1209198658958976,0.7895739584848586,0.1797321984580803,2
-0.7277933762447935,3.6492990032966874,0.19839248957887864,-0.7762131360250291,-1.6071686124517974,1.7655216807010297,0.9372108434681273,-0.4186983397308516,-1.1273401878577265,-1.400863213216998,-0.01696914707011809,-0.1664138333336302,1.0101477065444746,0.22806648612413785,4
-1.1788134924818097,2.393500350871375,-0.12285775678665344,0.9386317643778925,0.11188138246193906,-0.39849950653346816,1.368845867707444,0.3532097682083886,-0.7026620774639594,1.653621947239849,0.08056517698852426,-0.6793769875357017,-0.03577785690467559,0.9549678463703188,1
1.0044681863945701,3.754757158470532,-0.25342893592989163,2.0962309159474115,-0.4970425868684714,1.0085847056346302,0.4201822402886457,1.3750084616802505,0.017785980209065688,2.5727651142627037,-0.4779532475760016,1.5330885726008958,0.6390468802686271,-0.3270638627495692,1
5.457016031800444,0.5541874050190166,1.360801704538584,1.5640907852622745,4.130176611722783,0.7107617911545543,-1.0590240100872268,0.513219543253951,-0.14219210657893747,0.11899010200401287,0.3113707763134776,-1.947371650631424,0.7155279992482693,-0.1346375286302358,2
3.468875515352647,-1.706396782242398,0.29321597859316795,1.0910775273926454,-0.6755606266817319,0.39736739849907937,1.0913639290646933,2.5645212779737334,0.708014890322136,2.3706227565036664,0.20424171258024384,2.5385106661694214,-0.5842791610211171,1.8209092588242524,1
-1.0644271529833524,-1.4627826607162449,-1.384598092919667,0.3499826205613149,-1.2653804892334644,-0.9177533063238023,1.1030746558631175,-1.2826663665674516,-0.7507075595981967,0.9953679610096401,0.6798236772905533,0.4819074738571904,0.054510750181265694,-0.8908528861874675,3
-0.77830820435031,-0.8622678019899314,0.7175018197222236,-1.1494092888436411,0.047990135345088177,2.4180542089904775,-0.615833935962011,-1.277232331212347,0.4309132428852096,-0.9128713266135225,0.3484096368769367,-1.1164321742839987,-0.5128616476021965,0.41159597494445344,4
-1.3406656035043618,-0.7713520787971877,3.119984252358212,-0.3514703638127727,-0.5639494070114617,-1.0920741955229794,-1.6047287355632978,2.660115707137337,0.40034081732669907,1.654969968777697,-0.6202086120654967,0.11028652084090096,0.6548088298115555,0.6580314018292389,3
0.5657291840550502,-1.6460598334087566,0.3342797631912113,-2.871538232950115,2.1263321864556644,1.9210675908770671,-0.42172555230073566,-0.9806511813607968,0.08728218685992706,-1.5873585193576119,-0.48348110056087745,1.0423949229015517,0.3776511877964405,1.9084752824118612,1
-1.4491735959670102,-0.7901819176547062,-0.7864669454012158,1.8458306867969145,-0.0783561068911418,0.3348341658584222,1.5812886535529476,-0.32027592487029755,1.0913454514982384,2.3763780024070402,-0.685465967344715,0.9714482657834956,-0.7009726598336452,0.9740159158362293,2
-2.338861198759007,-1.1891783584017475,-0.3683692371978207,-0.3079090021806048,3.100728840574096,0.09440556843188531,0.6127792800245497,1.068248881993661,0.2715692261801733,3.092667788567387,2.1869071624012633,1.797783172182039,3.2393872974456017,-1.17376538723424,2
2.0268675990027143,-2.029554764839269,-2.03115974188553,1.1117739199496566,2.011972536104913,2.9821843668066284,2.197778406853897,1.1175360139460535,-0.009471199238871202,-0.01614714459028593,-0.6466611875646835,1.4873062356319462,-0.7001174037408372,1.8016816386538246,3
1.7399289727717377,-1.5719157431151836,-0.5545833929029867,2.7945756678911775,0.5278711990114843,0.40025650898856063,1.505443602400976,-0.46693128191031175,-0.8005353552405537,-0.8314051770641404,-0.21948896431952303,-0.4740607859867946,-2.8689045530319413,-0.8291424450135965,3
-3.9055322455276302,-0.5571591714314266,2.186166828342397,0.7665794350776262,-0.294527334858173,-0.7680387249017409,-1.2765502770260888,-1.9060634615835141,0.11644546811533772,1.936540824415244,0.20049781495552058,-0.09212846541534078,0.2191661584774322,-0.5682584047696672,3
0.18586844113118153,3.5649822189846954,-1.9971234612455244,-0.48676852238434287,0.4070124139252455,-0.8266927866342323,-0.1411682115231719,-0.40058758362049146,-0.514550836892966,-0.010090390488852125,-0.13287206339101826,0.6128658062855936,-0.271725006475159,-0.4578844841220145,3
0.7591730378275122,-1.391945604552855,0.49642439542859756,-1.2249044425791065,-1.029590468703333,-1.5815524770120037,-1.9057440701861705,1.0007951621350468,0.037932050639420394,-1.0198765390602285,-0.6756108085666118,-0.5494257981741449,0.2660844447710008,0.3502201685878414,2
-1.4880381351466705,-1.4904328438514303,-0.3779412907383232,-1.3879436400463587,-1.2365522871939678,1.4879004550642771,2.2721055382956954,-1.9030604523536863,-0.798344682423648,0.21849591529260556,-0.34498848097552387,0.29576256531062434,0.28459131636798596,-0.17691963456332968,2
-1.1390775350033338,-1.6571436174329615,-2.0597120979364645,1.1189050102171565,2.772966670391776,0.5170680570292938,1.8878181556916458,-1.1992183706635466,-0.6940683193320123,0.8739239061331694,0.27617604404485535,0.3284501122118714,-0.6094243200999674,-0.6218423434756376,3
2.5418175010995405,1.9812652694843937,-0.2120787886312952,-2.1004247286159092,-1.4372109158751518,1.0945400781236012,1.4943553496353168,-0.8647583931161877,-0.9938257587000731,-0.18738954335838934,0.8173932885362271,0.27887306464169187,-1.3592357407183402,-0.4239986126005873,4
0.11501390769021842,-1.52492778595664,1.8734642188576989,0.9319189567354473,0.16984421993033463,2.41872705463997,2.2471182391732656,0.14429166902814075,-0.11851755903728449,-0.55411601137825,-1.1088607789451872,0.5531727436717154,-0.25727381421381995,1.1515193947199045,3
-0.7288949866727739,-0.9762775517617241,2.398214596841042,-0.41809124026379796,-0.41210629667285603,-1.6031399176891248,-1.0442143099553007,-0.8766376803773407,0.14322871821564698,1.3582552948407784,-0.15119461144766563,1.3998831854069769,1.3308590793799961,0.9291881342690671,3
0.20679018036633656,-1.0929369784709961,-1.1103478341795034,1.6469134389956654,-1.2291792387163927,-0.30671943846904814,0.7639407956417956,0.099999938882177,-0.7638601785985702,-0.4796192398733445,0.4324125086803128,-0.7120876524360777,-0.02978223516966462,-0.29606112787211747,3
0.4595739821709805,-0.8175235918003053,2.045774074168018,0.053767408972128256,-0.11555773453734076,-1.6212265460505324,-1.5106596035198483,-0.4537787451352116,-0.9227418119740155,-0.98275877217149,-0.37391610476836584,-0.37911075110583087,-0.0827848797552807,-0.06127272161976335,4
-2.5481062711958673,-1.106825566673148,-0.17200281077636656,-1.8571297752844538,-1.8602753965555403,1.4007106154275508,2.313564294088451,-1.487114190795673,-0.6512495787739397,1.598913468256625,0.1480699546249751,-0.4848583566531294,0.5431742720353184,-0.4637318162928349,3
3.7190999063416657,-1.5228823661123003,2.40005338975623,0.5240105232434277,0.5481413613580708,-0.9041326359779949,-1.5422616260980302,-0.1698793290187096,-0.636879578915418,-0.6029400960823198,-0.5267196687960846,1.707012576894276,-1.3297095883577852,0.9850281546545674,3
-0.7054492498413139,-1.3495506288821102,-0.8704695053084509,-1.0938012605884524,-0.9449444096669706,-0.753716117444634,-2.087059778099322,1.6428993136700287,-0.5374617110028572,1.0085145373097408,-1.7157828374664916,-0.9408759481742949,0.12879596397983345,-0.4824319385223769,1
-0.49161088562423916,3.647998066683924,-1.5877915312805497,1.5306016066371861,-0.7885362759916229,0.47048692921705304,0.0275241025277775,1.0233758142497544,-1.8180382045729526,0.4587504241171717,-0.006138566757505978,0.03550698477510001,-0.3342221199433548,-0.5099288026036329,4
1.2915769638060144,1.8695343696940878,0.10500502571189982,-1.341059469805871,-1.1758706073444696,1.3984457057429716,1.9472236418205442,-0.37846628611660244,-1.2202231963057255,-0.899930841785812,0.5347803430472403,-0.4491962324134524,0.7056287154475781,0.9499634521631095,2
2.5619526381185893,-1.4418091828999602,1.8630982140187133,2.5671917072227677,0.2969069971729147,0.44823860442491004,-1.1440287970594931,0.06164992775280204,0.31348124982116027,-0.5616825235462378,-1.648365347972624,2.4884805932411305,-0.23785169447293436,0.3176367445623011,4
-2.8013861841606884,2.259349346186677,-1.4171587691565464,0.30173403390579706,-0.358494038292351,0.1766609275474749,-1.4882150359033899,-2.2179898484086884,2.6465846843234067,-1.038534838343543,-1.9119215921492716,-0.7645002745408339,0.2180829296160106,-0.3751814732006295,3
1.0664049474219415,2.0942473106645054,-1.3457537562358806,2.089919269513684,-0.16055736524873737,1.0568100396892308,-1.1687720894898406,-1.2849409142360624,-1.062403492355259,-0.3512694618095922,0.04330924889067929,-1.1025734381976777,-0.3728788874468623,0.35698988663989845,4
-3.1944185905036524,2.520392591247463,-0.5114181083008507,0.578958644650023,-0.6587446185476699,-0.785587478197869,0.1707970821583332,-0.9279957192534035,3.82621050390312,-1.8675593709762297,-0.33724408182180726,-1.201577152641616,-1.096645303226437,-0.9547247988375375,1
4.9031786499019026,2.8840310073314503,-1.5513349707513289,-3.0587910095271265,3.123817664982785,-1.0994261221272128,0.0886244657595503,0.974948961576618,-0.5036965712335524,0.37726282998582744,0.2361196986146165,-0.8260843778281806,-1.037709238191742,0.12374980268692619,1
-0.48326121772890773,2.222705914138307,-1.4787436758418993,0.3374489183815094,-0.5284844056740492,-0.2541464830042588,-1.1618108241295697,-0.9918311678932911,-1.6657775228387297,-0.27440250207188954,-0.11628477602648371,-0.916634126808092,0.1570559685166174,0.9507089360805908,1
-0.3201846749682971,0.4390840009440018,1.153377785348479,-0.4535443821725246,-0.13757579281514834,-1.6170668991610144,-2.2036893572736456,-1.2145320689375116,-0.2328459636601314,-0.8205716826486509,3.999241331279528,-1.517407221359307,-1.3374870281311715,1.3748897457079499,4
-3.5475996795779525,-1.0884556814883932,1.0334278340881928,-0.09680216493997991,3.7918538872263983,-0.9291801126800495,-1.1154074058447767,0.17187278519007562,-0.30046547516377015,-1.217548769250161,-0.05119646376763429,-1.3105291665899201,0.21980500756163454,0.6122950149048251,1
1.3500810508799796,2.08784250981105,-1.022691225362177,-1.4536891443080813,-0.48459220440420636,-1.0464549857492096,-1.700704455260833,-0.6731044269227096,-0.5642723928639728,0.17551740585493125,-0.49417676567092017,-0.24300503597527295,0.45897115161679036,0.9742790008362157,3
-0.6549220056612961,-1.5869201112991904,-1.3994873136718091,0.42440803945247724,2.612536227179381,-0.17985480209805194,1.4108294064020814,0.12576123796749208,-0.3018326863714249,-0.8991367155415291,-0.21261058902008573,1.1024898493896917,-0.16554141595451838,1.3542927532143085,2
-0.83230511284629,2.61776678879675,1.6817499302921168,1.5673675652369408,0.04947789826111331,-0.6002611864832689,-1.1682874240032615,-1.5148500251019934,0.0834398662929318,-0.5646773523598833,-0.7110547303928915,1.6798744943962047,0.2514438729905316,0.7614327143165996,4
0.8869783017874969,2.260481507066468,-1.5715878765027405,-0.8982254851465133,0.5786692741013667,-1.337898372434307,-0.2423477539339983,-0.13685465468985136,-0.38262578872550995,-1.6596430163019582,1.5777917666786323,1.4833044198566183,2.3717873563077414,-2.2171606659122536,2
-2.1094683028668246,3.5112355093875687,-1.0864535339324481,0.08067579106402466,-0.5153426229517292,-0.2128561059989382,-0.043623332579446436,-0.40280232616563366,1.5011566138436832,-0.8712437912203692,-0.9376822944399615,-0.8278558907362582,-0.01687594232944342,-0.3652682421399817,2
-2.0452690192005396,0.7380727625373034,0.6065978869669438,-0.36461543917321504,-1.8730473832316243,2.7586075483762347,0.001601716476261742,0.42825098316496163,1.4795973197292818,0.8516856303335268,4.633962319235075,0.025900835592400986,-0.7144482781273087,2.650347188615803,4
-1.9404134172644814,-0.9906573229959176,1.4935431252438571,1.073468842918164,0.9853977918072532,-1.594106966412254,-0.056108533324819874,0.831259209533667,-1.5212120083844474,-1.8523462369263566,1.2101990593460792,0.32318885833959843,1.7697325772732708,-2.4587350113388737,4
2.3931190225471877,2.2945774059878623,0.42357462956052777,-0.8333470356635808,-1.2137805025034716,-1.5750081147900334,1.2604911326148227,-0.2450293839528915,0.8848191793451239,1.9029085900085208,0.264570884684151,0.5923525647235012,0.5066615732611642,1.0944025365358767,4
-0.5693979527431107,3.6574066715794107,-1.005208554638139,0.8524308143136415,-0.4714789419111355,-0.4869329371260391,0.21005072732997937,0.09003899078243464,-0.7317992224561072,-0.37709369072032495,0.055451835438280285,0.2542086760113943,0.8834898678326946,0.7632621686724855,4
3.852703886836337,3.2523384895204126,-0.20762823834154,-1.098159299284983,-0.950865254435538,2.3458182715073956,0.8283545048857539,0.7500335363035124,-1.213966328158199,-0.4036936764649137,0.20108097739588215,0.8156200838300521,0.017246447176642227,-0.106675507141209,2
0.8869813244602086,3.45968186508135,-1.9816160553933913,1.1893303618307065,0.508333525426154,0.618813620127409,0.3907002646110862,1.210323079283938,-0.5224994436679686,0.2549281980275386,-0.6450826113698214,0.9869843680512268,0.39624530526153834,0.22191024576016438,4
1.1162607099722757,3.518637105051968,-1.0770749166344593,-1.5263296870205116,-0.17411372144447837,0.5007391594452553,0.1381088163043441,-0.10314468515748432,-0.8799960906233748,1.0026910598921224,-0.4847620364723376,0.8247034239891553,-0.7620010480131959,-0.7561529845233462,1
-2.2695116270286477,-1.1537021877356894,1.3522637737910737,1.6178863461466881,0.1532658161596066,-0.5028963509491806,-1.3573349198748186,1.1109209924091243,-1.4427597609480425,-0.7346247172398738,0.03628947077003475,-0.46461248335196165,0.3551851094403334,0.3906790961776093,4
5.659528371865782,-1.4906362539444458,1.4265399116987076,-1.2889371618146421,-1.3047214307737818,0.9988482572946376,1.7692589293937735,-0.3520097618265506,0.4815578059510149,-0.4934051914559853,-0.5553313658196187,-0.8677042469182712,1.588328054739181,0.026277128088272768,4
0.3135613373017025,3.2359349439157037,0.8967873388850592,-2.4257311445582492,-0.20124207900264354,1.6376357245579394,0.35915495046904833,-0.21134019974870233,0.7445629443570554,-0.6701082057150389,0.7901702015174418,-0.7194026054199887,-1.7043557049819724,-1.436986989241228,4
-1.9692012449323333,-1.3215902377401179,-1.1794450067766082,1.0420188219860755,0.5358803260127585,0.2831086933283893,-1.0372874041136224,-2.0305208273802977,-1.3409223335714935,0.7507053355791188,0.0456135873938569,-0.27786534828276355,-0.3305572797918869,-1.5793141621069775,4
-1.881930346365,-1.461055972285724,-0.7687782215038441,0.5581528852297114,2.439001405018197,-0.36752579600128826,1.390523258469916,1.4677991905275483,-0.6550144672759592,-0.6713477143065704,0.5778677750525815,-0.2485494980102937,-0.3414854332113158,0.8828403168406316,2
-1.2095689215732859,-1.2546451086457617,2.592669891202892,-2.256699492896339,-0.983232904191621,0.6228061539181002,-0.8491513673542586,-1.8295158274207488,-0.7809177295096712,0.10100637621117643,0.1744173532373309,-0.7557746152007809,0.9226270818981865,-0.28909891630591633,4
0.25280349564495164,-1.4243031277140565,-0.9292290094193317,0.492463638041514,-0.6453319607931362,0.13484288929893765,-1.9055163112616362,-0.08395116287563978,-0.3624960193950459,-0.46362881488044067,-0.9100218873674986,1.736923912696292,-1.122164603770572,1.0024210475571322,2
-0.06280142834301228,-1.3029986031554381,-1.3270411843538366,-1.3342970169880446,3.0834580476679347,0.12918554531067838,-0.8007408334345648,1.1730586131141887,0.8185256949582244,1.052458099926475,-1.1861865150860624,0.16186328304912903,1.8138854923051544,2.311469263171077,4
-0.9892383002750917,2.3050679355805492,-0.3824579388399099,-1.4651535318218971,-0.47035161656055763,2.2443925671914946,-0.4707163959598738,-0.8731580924254456,-0.37345455111530484,-1.9374110010225711,-0.2703214886764733,0.45103107586226543,1.093696945007308,0.7715760936027445,2
-0.8878451235188551,-1.318470565011413,1.9406381836914228,-0.7088614837353749,2.685233028419056,3.1807674103917614,0.02575641118851385,-1.181435486554048,-0.3318161387595235,2.6981553357283556,-0.06302514364278995,0.23273048166911525,-0.5570631611820619,-1.6676846548170443,1
-2.2077716500625457,-1.4387915350196148,0.45468317930329305,0.7208504037490375,-1.6147483720329998,2.6276359371269327,2.0061332216943,2.2986602818526363,-1.0726867286802002,-0.8543871855387357,0.28213455779359886,-0.6681988063947287,0.7794034425303159,0.09760051252377554,2
4.509800110728939,1.469417552976035,-1.2890539594057218,-0.0843539800984167,-1.9641584773406184,3.9826176753095592,-1.042568989888467,0.7877027114709966,-1.5169381652435485,-0.2215435007713584,-0.13011096971720368,-0.8248115792844559,-0.1316506749349471,0.4081664253620214,1
2.580520951859324,-1.7190636029384825,1.3887833429810794,2.007096921528304,-0.4669930652867655,-0.8654058927487992,1.544321043420987,0.3993094148304635,-1.8025138139200316,-0.9646126121009956,-0.6899400297780117,0.9977932499631949,0.042756817247050265,0.8880906590119831,4
0.3770971497072431,2.3036885718901043,-0.6007299975665307,1.389561829597849,0.12051723198320903,1.4631052974525258,0.6539872076176244,-0.12289279187114148,-0.4014580208202601,-0.6440937229976685,1.6257101837735162,2.5679809653098133,2.6372112862836654,-0.7644788246286907,1
1.5666847644611666,2.247217640327513,2.151244298863424,-0.5418048750317854,-0.3573070805240896,-0.7696881494916137,1.6281834525228507,-0.3385553808005759,-1.4182909037667484,-0.16144030198911669,0.49666765129424956,-0.9794323545995586,0.06227264050607024,0.9563397784858163,4
0.6427584541529197,-1.4943283316652867,-1.203311713161903,-0.46303281111734146,-0.5499235845629455,0.3521436485477392,0.09589810833694845,2.4728402241936536,0.13910384410430146,-1.88867445647017,1.4002280963682965,-0.5421833258623404,-1.5478759234063477,-2.2965776543535146,2
5.818710158986326,-0.47801569569846847,0.5368411390706559,0.44946339414844844,-0.6154475264432523,-0.35886163058814524,-1.7384332669743068,-0.11217985123681538,1.223566367871839,0.7780849324153855,-0.5284739351885319,-1.8533799725287392,1.7795455933082098,-0.4038421797427274,2
-0.9931696343437042,2.078296585457273,-1.9460513910406898,0.10635998094771541,-1.884232025415992,3.070006205534741,2.036333631649831,-0.4359320023774888,-1.6202020912559503,-1.0964452257248258,0.3515339324466451,-0.887616548342796,-0.29874113660529017,0.22200362498195986,2
-0.06232451901757592,2.358822401608363,-0.617076221576474,0.8896678724245696,-0.7862964578723277,-0.08505300272037218,-1.2331445038714697,-0.04679256111284394,0.00970120880577676,-0.6666286923385066,-0.32590110587910925,1.197967121600581,0.23652416829255887,-0.06635186869083566,1
1.5033801916787888,-1.3395330111184565,-1.8247914785681638,0.5126670813645864,2.928703449647335,0.5545865318888995,1.8058233176806309,0.863170638413033,0.809423741207397,0.7693091700623588,-1.0789630821042988,-1.5834955103418547,1.6638749796843182,0.863845874003205,1
-1.5894676665301921,-1.2683188836826271,-0.43827546965442293,-0.5930686638911624,-0.91492352366061,-0.5979434755423484,-1.5924295797694485,1.3503382519193716,0.45913057915703953,0.08321279981739166,-2.2203221363690684,-0.6500913039122367,1.0192694734888939,0.99501209778513,1
0.8984627561510753,-1.6198050519859073,-1.1522719696299142,-1.9850903073825694,2.6748711008510457,-1.2063571357055183,1.4035680042599183,0.4874623540567118,0.5771930683039513,0.2482202248535223,-0.10776167644835803,1.0777268946207672,-0.9636815758056927,1.0455951456967776,4
4.642062391491077,0.7182902394049409,1.9093775236525068,1.4302828367198424,0.571806525013028,-0.9452446622519866,-1.6097781235292719,-1.20656424558127,-0.1419317797908671,-0.6580443826199268,-0.6895355907131875,-2.8925696675141075,2.291261942027131,-0.24934928051917593,1
-1.5766659666466587,-1.6565033508105704,-2.0940114891280053,-0.3512200938636914,2.957306512594949,0.8272576218909116,-1.150309432310729,0.24627082902227015,-1.077152276739354,1.912996841166396,0.553209024088324,-0.9750872641132959,0.12991960507756173,-0.8323978597203445,4
-0.8615756221490947,-1.3464247092487667,-0.49852005191849336,-0.2188671656610532,-1.1054155972596547,-1.5184531404724357,1.468976480159786,-1.4240977639318628,-0.588486082832955,0.9556167711219485,0.18343125305151825,-0.5084959312926985,0.5720809293193108,0.3270795063148457,1
-1.917078221107307,2.158991283605169,1.1153764099802461,1.9230691351888618,0.6197573169383279,0.23303454157919837,-1.3459343414115652,-1.7755116895987615,1.571020177762083,-0.48308582475184353,-0.7609438072227395,-0.647071205009066,-1.1761312873024095,-0.849777729266971,1
-3.048251279473748,-0.9531021109251873,0.9926826036563374,0.5548752411595013,0.39567902864599747,-2.073936763892885,1.131461899154005,-0.25099131228774785,-0.051693323030936746,-1.5151886618035535,-0.6867767270885504,-0.7556201605686941,-0.25255591093344365,-0.2720386881745041,3
-0.5099566604433703,3.5995583594992446,-1.6005511088124715,1.28213590105861,-0.4742463110863762,0.04930832746670617,-0.08063720220859265,0.4886298142948946,-1.6834511487798012,-0.7672497057650065,-0.4072612768305036,0.8400459677803925,-0.35977530607908603,-0.4936330273481977,1
-1.5834451950737927,-1.692877190408187,-1.2139351839240708,-1.1727813527253357,1.5848527831147163,2.76841813520357,2.0680945358385547,-0.6857961096013636,-1.1053699323058932,1.1250240847222148,0.2892217265896308,0.10457936967743053,0.18970047035779314,-1.2360989578475483,4
0.4249956830544811,3.7227745659658438,1.2456717280134715,-0.0030286716244214253,0.19700354724181118,-1.6483214847678473,-0.4530841624669425,0.18643565364964237,-1.6845551196573085,0.398944725938138,0.18407651929377403,0.07526802409726814,-0.5719556980139663,-0.376011985900476,3
2.250713449083383,0.8869683033467588,-1.6658457236834914,2.034199203033205,-0.6161033630533929,0.5281478034542746,-0.02899221338497709,1.2237224649577738,2.760766831139624,0.39286754789517986,-0.20611212454940264,-2.5342641378203496,1.3486537932098752,-0.4679379849446842,4
-0.6130224224975349,2.465256112275405,2.157461018380071,0.5825907610644363,-0.6124281332045822,1.5720967601073486,0.6925130527466483,0.08767376953225582,-1.8931131219336577,-2.2250941105359217,2.3531580470886215,1.2927187025013347,2.5499175634519284,-1.722135139741349,1
-2.798385410758546,2.220243241602462,-0.8463197669208113,-0.40361351838025694,-0.9429959899362043,1.479825791752851,-0.8367036943680373,-2.0237700402190555,2.3297289300989563,-1.8988946433236977,-1.6834829317204478,-0.8226122588064226,-0.11820198672124592,0.5174417327584566,1
1.3918123009107093,-1.0802030883990341,-1.1209584268533608,-0.6485377744107647,0.24609518315966372,-0.17088458819665128,-1.6466041260553814,0.8663601922366212,0.2573245918267614,0.09631247702733468,-1.0001412141217914,-0.3291820736358655,0.15300158052392937,-0.2729689485405657,4
-2.6230324746088884,-0.8554947103564077,2.2468970749731767,0.42511043901005124,-0.3683464050422045,-0.6002713590606455,-1.2397072012738726,-0.40291866943098986,0.3823992938039258,3.2422092397497853,0.2351328240528149,0.0007747724184877399,1.2836740327949057,0.7502915019121642,3
-0.46715249813851756,-1.4114463465144222,0.22666674108009943,-2.6723483809929225,-0.5258931675734179,1.1879807978595553,-0.5867920570635524,-1.595373330058868,-0.4546238360385131,-2.8216980187146627,-0.9043777133475094,0.3946937601353255,0.11090206274986407,1.1288226804229786,3
-3.3112014095513578,-1.173102484689976,-0.7960773279720744,-0.0439275938191184,2.2469548716523264,-0.038114763795459326,1.8240689558184773,-0.5549942673038993,0.2254191455068937,3.1997887382750547,0.432114577800169,-0.3916731744194354,-0.08443476341561901,0.12125065775327612,3
-1.6315765830477535,-1.0504558892602576,2.803602781936724,-0.9787483162926359,-0.6883998120665672,0.9208491190253811,1.6106904110950613,1.3108846925615054,-0.7125109592133883,-0.4716168911854301,0.5249510267880492,-0.8615386268949229,-0.9279676573228882,-0.3708850945083275,4
1.3610377120126413,3.567179269234826,1.2548153125216397,0.7603531117637267,-0.4309356965675933,-1.2205681734474527,-0.24847383098453643,0.8606358068850667,-1.829578234116208,-0.228550835203581,0.7244189712394591,0.3294940997023294,0.2545358861379714,-0.2478097519562015,1
-3.0234387804900713,-0.577478177024398,1.881595787580122,0.3297508796596401,-1.0124476630495012,-2.4298880451097666,0.540484432816908,1.429959778670597,2.105142481418511,-2.1788793947593863,-0.77334200289924,0.1238863790020573,0.08310580236925931,-0.6781783231748825,2
-1.309487966509616,2.2998926823088746,-0.47236348580618426,-0.724731587934683,0.03516757256988855,-0.6772116407645212,0.30975338350590137,1.326525303504382,3.6908060937389333,-0.9962117353349064,-0.2166603119227673,0.027186568568057734,-0.7387805424301801,-0.514198795533446,3
6.496054267426044,-1.5218863390003647,-0.4529403993151997,-0.9127176522073462,0.07509341256425589,-0.5602479563324666,-1.6660400377763247,-0.3299262144330661,1.300092462183176,1.5664175360516301,-0.5593337647480455,-1.392977950107981,1.2720677008335322,-0.30602852371003153,3
3.7358382846578952,-1.6265350493897626,-0.153823710645881,-1.3389943028662132,-0.045315801728886176,-1.10435226611978,-1.3748977430753986,-0.9173410638053442,1.5817841061926345,-0.825955050966617,-0.8505865256542127,1.8674311799403247,0.16009363686043937,2.2156662867946877,4
3.2750142381446796,-1.4622091014915013,2.7400370343013565,-2.072398495813413,2.20626455488557,1.0697525106676509,2.2661009416731073,0.6279224795431635,-0.3683276690779926,0.0021892898271157865,0.7836498916906943,-0.19990673878458182,-0.7487378911669645,0.13197934669888992,1
0.15299770363253795,-0.8948152259717558,-0.7334134348639538,1.0737843320882456,-0.8966096914925201,0.2176704011194603,-1.4795449842460566,0.5402596113450618,0.320935913404752,0.504236320554072,-0.36932285539716436,0.38409110329542356,0.9775476170041187,0.3207638593397913,3
-1.7972950548754771,-1.3568271634500104,-1.4160782550959778,0.9228244876978703,0.17180350702400587,0.19604281548863528,-1.629953568043168,-0.09765970070645691,-0.8473326309425859,-0.9326078100514331,-0.5946805689656764,-0.6047602315233156,-0.39984456286833203,-0.9133087492991415,4
-0.6476738709817611,-1.3436791596997009,-0.7726842853722218,-0.803873544791272,-1.1730796386437783,0.10067765964202223,1.3154683916309622,-0.597679304833393,0.10882308185500247,-1.1261511222739873,0.25074892729526804,1.6315280201215578,-0.6147937996134705,1.9342384919949283,3
2.010623842867453,2.2016679235385213,-0.2897905411752445,0.6809374114350317,-0.07599079073255025,-0.40977029848912033,1.4868619652107236,0.10106193900260275,0.01807430676634516,1.6206657321117357,0.5112335548866813,0.4083072243285439,-0.17945414130285758,0.5156785961942834,1
-1.9559819119262634,-1.181868183453057,2.164056882321611,0.6595882920415326,-0.35634911195626673,0.6632575484859583,-1.5037597202584563,0.6045263878739124,-1.3083544280745076,-0.19030769290973557,-0.2119313637521783,-1.391254319086139,-0.6101624968022737,-0.0021155039206229537,3
0.04052377216225141,-1.3116271556050711,0.3969657641394893,-1.374370126964634,-1.3674207313406974,-2.1391859171770857,1.4219289597633802,-0.45886248271081914,-0.1879048558937026,1.2355571787612267,0.03963089671950246,0.7630075004237608,0.7090123622682709,0.12441934020088649,1
5.680146379491579,-1.9340663489432095,0.599137382346923,-1.688931506460676,2.9527204289156854,0.7597697582172072,-0.2770947592407225,-1.9248443659859162,1.739067726673911,-0.0004839987853431044,-0.34237239686689536,1.2133842122651564,-2.1469088020661107,0.520902187850076,3
-1.3385435963674197,0.4714288383092075,-1.9219292496411673,0.595435428211801,-1.004799891624139,-0.2241327701331147,-0.6488698296719995,-0.38426156759823055,1.0087338648138737,-0.37504196417760527,4.023364667455844,-0.4010913640100407,-0.21689167350017127,1.5396202045716645,2
1.9986712128961375,-1.5481234055006523,-0.9763493792670056,1.5162367355280932,0.4589225611564886,0.8382177649592011,-0.846455541508617,-1.103174984307609,0.7667887941170289,0.5558586827580911,-0.8417486095587531,1.221748911024586,-2.058879708643934,0.3987481454253293,2
0.3601195942026484,2.0087580695887497,-0.9825573931272928,-1.379194571334253,3.0213975374600492,-1.5101392181249211,1.5169479140242552,-0.9199073661024841,-1.487114566679254,-0.7740879828374951,-0.2919218174754715,-1.2515156378155248,-1.0542163666157087,-0.7331572872739142,1
5.190795558227651,-1.8069022110644481,-1.3874234757082073,1.1079824795118889,3.7238896319469297,0.4709687172664821,1.967836793470464,0.16577984189203895,-0.4905098798939411,-0.10926031160339904,-0.8081640532329565,-1.6650896007611526,0.9557168390610756,-0.6566027391873105,3
2.5521174472829133,-1.3576256774119353,-1.1956399308553587,3.1538102515557993,-0.6567404635363812,1.0332579400861401,1.7373961397259021,0.3238661237485185,1.351083639657414,-0.10965694964118669,-1.187868811820133,-0.9869723061255264,2.570061790367869,0.5564288515857827,3
-0.0725157227287107,3.433848080251872,-2.1290587948163933,0.20696654830495317,-0.2307607579804043,0.041932534893494224,-0.06348911567047097,0.08410943249686945,-0.40544031185308205,1.2366688105698438,-0.5070328519747394,0.3402454685929216,0.597498573794985,1.3156464229716212,2
-0.23289341511618164,2.183018530069501,-0.3834474506388294,-0.8780572926165818,-0.1690103891897025,2.77338300599124,-0.25222706523061383,-1.2174735920122726,-0.9660557020980618,-1.1604648251831637,-0.2751245573630424,0.27752048825275877,0.9013904408637284,0.33717281853344,4
-1.762689827718118,-0.5335242110487372,1.688028507409734,0.6985113194104337,-0.1775122514600005,-1.2083242128431682,-1.5332088590885797,-1.5696627111813697,0.4391203626348434,0.03807384374538243,-0.1696910700222964,-0.05935756258183805,-0.11595443768317652,0.7674162943274232,3
3.614148203321123,-1.2356619643960136,-0.5820567743255807,3.795457341079763,-0.8848044026369855,1.4658065697709912,1.6075913567470619,0.5275851647296995,1.6993184938076766,1.7203798146503078,-0.3338345635525418,-1.792390472775335,2.2125611072437423,0.10154631571554432,1
-1.520333616712113,-1.470938751823177,-1.5858512254153974,0.4499458322406723,-0.6661992559034211,-0.530604342371381,1.1464963167333257,-1.1956225111208796,-0.9355552153778868,1.274632193909544,0.72361032700563,-0.5991847869653957,0.13259393158046523,0.341523656787354,3
-1.7337381593968488,-1.4016093855762486,-1.3602449858606243,0.4870016602051156,-1.1133745499528598,-1.0466103583051078,0.7067409973257754,1.9774285961567457,-1.5949348066639355,-0.24239605484775686,-0.8636346662746869,-1.5610608357692883,-0.2728995596948105,-1.2439910094804563,3
-0.791225783785583,2.6637982613691897,1.2334812872638532,1.1006101297560953,0.1677758200946254,-0.7013644030801822,-1.2466778490787238,-0.9881272408465255,-1.5310771935768759,-1.0273634542397545,-0.8180885301396607,0.37624075635257964,-0.6155893878352704,-0.25971431930177985,2
4.642907016272676,2.1509364966104028,-0.7485616198519689,2.0323884569209083,-0.05946624194641699,0.15172183633876948,0.1879222274005747,-0.8555196572998723,1.8448989547379182,-0.41421659881286815,-0.35330689950795646,-0.3404344918698468,2.2188946842683643,0.4975886906653226,2
-1.8031620258304546,-0.9140467515165158,1.9006304071882356,0.15964681731175662,0.01176731784428023,-1.0817526991730524,-1.1784664065658195,-1.2023785745632491,-0.8167006640834009,1.2906033900810125,-0.21287124952566314,1.3573862689738259,0.45529735927010456,0.00764026602105313,2
-1.6562840283439133,-1.5215377406126585,-1.793711107202227,-0.5086051106468625,2.75301202293572,0.31054035138852654,-1.3135413911842373,-1.248114123555002,-1.3066014460074877,0.8576114907123894,0.8910236583812664,-0.7661747111749593,-0.5378295621152888,-1.0718319797865492,2
-0.8826016021127692,-1.1959375507871883,1.2287631422821392,0.8852580329713153,2.3950585830584448,-0.7576878048486819,-0.06990066237357827,3.801589308741613,1.148013524045658,-1.145284869565168,0.6480597303543494,-0.03948738336103172,-0.6099874160147389,-1.6688602709035472,3
-3.1344938405623504,-0.924854800657708,2.740529126269156,0.4523400527598207,-1.4598734384734482,1.6571974458817886,2.2371846395887425,-1.5933059374711736,-0.30250658095125305,1.9978571254792947,1.2861846715069967,0.12405072772420485,0.016213771559564837,0.08552862748998423,1
-1.420401407360274,-1.0125626886115189,3.4779287188657086,-1.9932737500186537,-1.2142532290613102,0.876238350942695,-1.2533709177504824,1.0645533073139013,0.38334442890407106,0.36386657373798975,-0.5985489761336346,-0.4703737383235839,0.40948710407755606,0.21094127305757923,3
-2.956750508651235,-0.8939898887040302,1.278763791271821,0.19650176092612126,-0.09589599807459813,-1.2821594434850896,-1.6103736951190164,-2.4137029508654697,-0.5784259967655562,1.4093797871793186,-0.19981816060376564,-0.11900763359514742,-0.647405070410932,-0.6779984248972638,3
-2.3466654078919307,-1.0980243418208004,-1.152181702230319,-0.6092554598060524,-0.343821151453994,-1.025223214290352,-1.2283299611185714,-2.4895334834071616,0.11281091530685519,0.4489132067407552,0.0016208757712632515,-0.18076711781169943,0.18272639770382243,-0.7721470991377855,1
-3.4199617570928478,-0.5019498538779654,2.5599017341038643,1.1556534521045805,-0.18037535555703613,-0.6507666454821521,-1.303786113617387,0.3010543032414067,0.5247088195845919,0.3582201002319908,-0.016120211676543483,0.4013586303703048,-0.8847627228588023,0.11300783068042125,2
-1.0339078861928355,-1.5373612697240888,-0.7438429107497666,-0.8206410764523698,3.003508982514879,0.044915538180693174,-1.676723744364911,1.9217560225384727,-0.7572283407912007,0.08705970028754415,-1.3601959664673582,-0.06099159451514804,-0.533466712162681,-0.44529650773545654,4
-1.791867842483705,-1.3001708840660786,0.04755247166429148,-1.5614191639095665,-2.2072654421828264,2.1629745741412085,1.6210808226526223,1.9614341200923966,0.06684950789106298,1.1917757865015515,-0.6400471461057874,-1.8552559403809332,-0.019204282568419023,0.3755545070271151,2
-3.3472583364450172,-0.8004748962623436,1.6864034533123782,1.1481921801727133,-0.30774088845184605,-0.892365101585476,-1.7784508389156835,0.6926488296645286,0.3266349900586582,-1.474044215714613,0.057265179514392306,-0.03984577722172217,0.17673240391110065,1.0234810376674184,2
-0.3518514816007702,2.39703573026872,2.1554669141034526,-1.4793704297507697,-0.9471641103715385,0.24961959916799914,1.840229987634931,-1.0699731917129534,-0.791906764524313,-1.2610474432208958,0.51638670676942,0.05378874511193184,-0.12145894590618869,0.33892344403989916,1
-1.9887858251652337,-1.1658892247937025,1.5258207009781948,0.08231356926445751,-1.8599389099784636,2.3916903691427165,1.9273655375788037,2.770114495436289,-0.6273388206120359,1.0365705692364788,0.1152884200573864,-1.175548176032853,0.36705080340026647,-0.10040524477894373,3
-3.216396441914501,1.0654302359926622,-1.2204757728722462,0.3240929201918047,-1.3316809738614568,-0.16859522118214232,-0.33607512464533446,-0.8935803988903697,2.9266959814543902,1.5326014037895952,4.0390021830661675,0.4812292607050743,0.2559174058290649,3.3732571945881396,3
-1.6934778633945373,-1.2718440135294735,-1.8411659086205057,-0.774375027920638,-1.5317832206902535,-1.1522503391976948,0.8180017447812619,1.777877800385272,-0.5677941004036172,0.570414172925393,-1.5248160995706186,-1.2197351588031002,-0.07431579348784245,-0.14582565620281754,4
-0.5434194349495253,3.8133606906904816,-2.8439501453446105,1.1067216046232258,-0.7231739007393115,0.976300210230602,0.0001753141830190999,0.07982328015122085,-0.33697769227797614,1.6496028271610688,-0.6193434817501144,0.3210774584204956,-1.0506357199512126,-1.252847622932045,3
0.9522756847832354,2.2547546232877154,-1.181471128467054,-1.0417171244436636,-0.7437532264639836,-0.6904059467978853,-1.8989441164513974,-0.4026671359337261,-0.6044762439376449,0.2146012156517716,-0.26569134780950127,-0.09389510969962654,-0.8917839898640121,0.9699313158562034,4
-1.2119826422600826,-1.1649058283388802,-0.998763656279788,-0.4109404125502212,0.07246736361704649,-0.1768451137214674,-1.1656425602129605,-1.8861849969288473,0.8252547083760561,1.9719125852977923,-0.7197292170800466,0.017915903028446124,0.5936356063157151,-1.2897703225561883,3
-3.060581478273805,4.035394191578402,2.958504678395041,-0.8517116979548363,-0.487771438549702,1.8814821946073874,1.0673289754813524,0.3864546395100337,2.522795827040242,0.0585625437745284,-1.2857975636669907,0.6823807377962399,0.2937121372760389,-1.000221612098163,4
0.38350515002224017,-1.5074267204006382,-0.7717211987399472,-1.0700281056321659,-0.5306566099375407,0.7974463083381111,-0.9627841924106761,-0.7936775688977656,-1.323184759084613,0.8118063173182685,0.6173826997402673,1.191559968903062,-0.23443593666648846,-0.6005726065781709,2
0.5204515619378903,-1.4509508430676257,-0.687337828229805,-2.3354239986185696,-0.8596758962164617,-2.7276438090090465,0.6983482136124128,0.39913595894917175,-0.7817281295054718,-0.1911537016242045,-0.08880769865561254,-1.2371799850324658,-1.14782420898355,-0.31543088762655197,4
4.739471604501511,-1.6996752826554444,0.505824510317112,0.15749040057915473,-0.6890217354364455,-0.8142591788988541,-1.2791850629595498,-1.41882311776354,0.44400254039976694,0.35944124735770855,0.6738578795915804,0.4867288409851295,-2.4049427535714467,-0.20484040724317545,2
3.261762296291196,0.7075951634325838,-1.4081047283557964,3.422015895683854,-0.1758292434671528,1.8407227182320176,-1.2195357767002917,-0.6884470574537147,0.3700808241886321,-0.9974170850926785,-0.6166463672135496,-1.9648499499568173,1.2192734072682605,-0.36235659170308426,2
-0.050650763848363596,3.7084911026370033,-1.864749912082794,1.1558773529690214,-0.8261235394001764,1.0007716035041991,0.1003707074688816,1.6771014199526424,-0.9280549876155801,2.2654716675062043,0.032533295575866865,0.770324708562573,-0.967094335212272,-1.0709116904584426,1
-1.0611872013344936,2.290196942074085,-1.4132459566391746,-0.5989873193414351,3.3019129240156833,-0.5835813530531694,0.5420470253894315,0.8892565269205847,-0.166251755150502,-0.4395176811957596,0.4867805958825139,1.3269501649219873,2.3057627150687274,-0.7682964054431385,3
-2.3790647114975676,-1.1450013684842728,-1.375525770297295,-0.478458346831699,-0.8387408813236965,-1.542909650100454,1.5469320686454968,-2.0864079531292226,0.23866978526854576,0.572586087838791,1.0338747623058848,-0.16807064370441127,0.22140786610536253,0.4418380445562234,1
-2.071921085700915,-1.1073666671957314,1.4712398888235196,0.3820973294460311,-0.8093216851530642,-2.415199805299755,1.1631771340076844,0.7174178671287015,-1.0340177501623584,-1.3224277776336069,-0.7470841418147155,-0.877248443495999,0.14211863941316033,0.7923326193713986,4
-1.4879767283546788,0.519847420328417,0.4187642730401096,0.26238236793250636,0.07302755887609387,-1.4025059237302622,-0.9351637452037694,1.0125062825117515,1.3485211458689277,-0.5442086096777247,4.0015143493325525,-1.816659729616739,-1.5260244811181143,0.8801272639418417,3
4.315855379378887,-0.3631234415391074,1.839328860354878,0.6220610005988835,3.0315216055209686,-1.0856143547071893,1.8759600320566179,0.18640980163400128,1.7331970805586125,0.5767798221001492,0.3832995288434594,-2.3791526661533977,2.39770552451157,1.0890268854192875,4
-0.8207050633477335,-0.8308748210397549,1.181007985593173,1.6004404259681333,-0.1780985165284431,-0.4095212808235406,-1.884558499970187,-0.7027528288580085,-1.2471364801782256,0.21320229382566686,-1.0951697283269473,-1.355893888080848,-0.4282729531378379,-0.5279771998661162,2
1.318273134554723,-1.5131252239338928,-0.8620148551973419,-2.216932369082473,-0.7865322851340306,-2.4980527233920875,1.3833941902200613,-1.8806009947596702,0.03588680159883273,0.9164422745458312,0.9967847666733848,0.27419329122468933,-0.3546369932761512,-0.4393912277207991,4
-0.6779590421667728,-0.9008298774825476,-0.1351062191192747,-1.4713862220421374,-1.2642928890999816,-1.367754200282001,0.20098351737770945,1.037957474278445,2.3444875357044963,2.4875790732541185,0.23360893459388862,0.9632230350246831,-1.1541508370411786,-2.396058194295515,3
0.6745114578239338,-1.4084992936252665,0.42631501202381833,-1.955058232101482,-1.430355095595882,2.243586648687903,-1.1590833092136144,-0.44134725814337794,-0.2423373393454812,-0.5056950694875659,0.396117500745027,1.2383052311351808,-1.1257693748564537,1.2150900397194941,3
0.15011712326923732,2.2988162069290934,0.1773684972563396,-2.1526580058860283,-1.4195630631523315,1.8668427679004649,-0.666251220279469,-0.6507323328155005,0.34035409525074506,-0.24675531085562,0.05316724556079997,0.4208796187242652,0.8352681164594236,0.9609824516474103,4
1.2404117306395512,-1.6306780979092232,-0.1605660918115017,-1.063871438098985,-1.5145310865617356,0.23277422353364835,1.5014319507081326,1.9657752328654123,-0.5210135473551,0.3277864922298491,0.03876976567449393,0.33678755159861434,-0.8984158698600619,1.101855284595212,4
0.8854399844718273,-1.1466927573630756,2.5634992215633714,-2.602833357326342,2.1525628430039583,0.45728342225210333,2.121886115663831,-0.48000715352986867,-0.5489549402957665,-0.8726732524180804,0.13987009440957987,-0.8290623602097106,-0.01457925520132547,0.0007268902846740869,1
6.035530599022984,-1.469030767909878,0.20899774702678708,1.076479866384578,-0.3078715235685198,-0.8385583985142222,1.3221444072656057,-0.4817955420149815,0.7978609740211744,0.563869093096099,0.09687251488941397,-1.0877543218549588,0.4901595667888535,0.6797142521499684,3
-0.4212502495088789,-1.7268855781067107,-1.9837018078682804,0.6745977695990881,2.32868333273037,1.0460406337523989,-1.0213049291254153,-0.4565695716453911,-1.317554189439445,0.5907973099563766,-0.1469716015354548,0.5897532193858239,0.2196536955015307,-1.3600024718827135,3
-2.5219471136736717,-1.0186144032172615,0.47234023153119026,-1.012950272478476,-1.2717528285008377,2.920269078251206,-1.013552091165571,1.4297417570674584,0.313440716344624,1.3317576982049597,0.20601966193162216,-0.6773892631123682,-0.7821320535064532,-0.6004810588446327,1
-0.1524471490753887,2.1873736876725647,-1.24342157253917,0.2616419695869355,0.5761784942837596,2.0474940488778266,-0.8570299835105799,-0.06963785979452668,-0.5193596874677066,0.1966054445485376,0.8495119919296904,1.694073642573077,-0.6496498887358607,1.1524506291436254,3
5.6329967439205,-1.9493045346043507,-1.1387812932820829,0.20640532116430685,0.33814851080547903,-0.483414744831163,1.3164549391143665,-0.5472541901466296,0.26026435137398807,-0.07784082662690317,-0.1312689564208449,0.3690346948213331,-3.3448923483290005,-1.3003024181944725,3
0.514810853526816,3.2998607583739115,-1.823393196275102,0.2087117170371095,2.685530059633808,0.3138864190718937,0.387927807165207,0.6304058739706481,-1.2399481394678313,-0.2558150086925749,-0.23459414230130948,0.469779716082626,-0.13977711507396762,-0.17936963813007895,2
-0.35798060991014374,3.882642163667019,-1.9319274790434202,0.127525298351126,-0.8900212459616147,0.03967580175003366,0.44040732054346554,0.39854633188707994,0.1243898415317026,2.1038106919332127,-0.9215946648814936,1.226601490022241,0.18829156661662988,-0.4989451139398008,3
-1.9209412129483359,-1.5435420896548722,0.6014591052707281,-0.6416236391658297,1.9240857418175865,4.252998752411666,-0.057404887903829784,0.9184343096628165,-0.04011319384646499,3.50014899127244,0.15320086122636703,-0.18522244951928266,1.747272081265185,0.3017864976694262,3
-1.0808519767781322,-0.7765363060111954,2.6547961880374142,-0.6897540274081173,0.15871162576818953,1.7457221848743127,-0.6430117809323751,-1.44490329135999,0.13539868428413185,-0.45408002461434094,-0.08139674367913163,-1.0408583886712695,0.008784034299782147,0.7059448017031158,4
1.3315665711004965,-1.5752605431628754,-0.6858533856873985,-2.082963814450033,-0.8714783874686879,-2.547315228331032,1.0962356633203139,-0.5857620462711803,-0.025096171817384313,-0.5425961040430074,-1.1902241464019958,1.632771278553075,-0.5059232121521748,2.1342141340840657,1
-2.136287775748161,-1.1479372276188982,-0.45765281739281505,-0.140851062030211,-0.7042622086351422,-0.70953236363169,-1.5275698764180174,1.018610532416371,0.5607702627082026,-0.1953290918984903,-0.3017755498325795,-1.1124561541110627,0.9993928503860473,1.1082813334775843,3
-0.43564749846914674,-1.3388081770589444,2.0956720399537123,-1.8345026370829838,-0.6503564655927123,-1.6924667773372823,1.5853750906301085,-1.017153195592051,-0.7054431283413811,0.35420691575367275,0.39451825902522036,-0.18100611016193718,0.36872399465927774,0.11714877492628012,4
-1.1381557351827873,2.57987739143222,2.546039147802306,-1.0419431971699382,-0.39146413039421124,1.2215363402431165,-0.4715447142476549,-1.4519364392760656,-1.5027427728361484,-1.7502460852954158,0.2747850715199721,-0.663925022927769,0.5053751860916941,0.5672547325006374,1
-2.2436444626289105,-1.192661502665724,1.6541010789716077,-0.5396042993840712,-0.5992564758227494,-1.0629878329528748,1.2906784782987282,0.8838643362158486,-0.9989321394843129,-0.8637654412720376,-0.009981578759868298,-1.191488712478334,0.2401462558683799,0.7242252817540057,3
1.3838795122242498,2.2996673307310145,-0.5190160912015443,-2.3713644154426015,-1.1344043763756426,0.8862382420896447,1.2763022387222571,-0.1570481278856223,0.6078773529050979,-2.450987099534181,-0.5824884868224469,-0.31430685874996656,-0.5919936433691638,-1.0697939909025835,4
-3.483332073344809,-0.6589249883552887,1.7386871306910332,0.6988732292831789,-0.19172339201779232,-0.520588992888572,-0.9645380039349128,-1.617492979435159,0.28574773057112385,3.2874445439004165,0.49627240293928865,1.0529777496317188,-0.04494469884241075,0.38301597505164625,3
-2.738743532220858,-1.1373745276776477,0.789784061489805,1.5170544273340913,0.4339713946010314,-0.4756983300452338,-1.8146246245309592,0.5720937459177765,-0.5769980144539333,-1.1733541549425235,-1.0794771593786565,-1.369702366015271,0.27875617041061707,-0.686243335401943,4
-2.1035429272850776,-0.9847402068850984,-0.707826899267707,1.7538118673656642,-0.16767319041748863,0.23159708324889894,0.14541610732157498,-0.5931688498642106,-0.7554604315525875,2.270724549420476,1.839606972508261,1.411058597234703,1.3848467804775189,-2.7823491282264086,3
0.2341408070962505,2.4742938530597707,-0.21484552763411993,-0.7385025828956469,-1.287719018757749,2.6140284940741805,1.1130870472588132,1.0757341717213385,1.6323322624864414,0.5741763268947844,-0.09425945375235928,-0.024683551686241537,-0.7724956773844666,-2.194009617949768,3
3.6964040051587492,-1.4061733915175514,1.0757526186716968,-3.0214361025408545,-1.4691704486664778,1.5110486276252093,-0.942953659466495,0.47573920784596596,0.28052985864464286,0.9280051016611719,-0.33967262560840594,-0.7628083232836335,1.257664341122331,0.5344915472694677,4
0.4615954855745431,3.461321616191355,0.25304995249219975,-1.731224952262972,-0.47314597314673995,1.5657224468725088,0.7179115244851667,0.3904242280543456,-1.3030982128702557,-1.5671355852467024,0.5426421375836376,0.006739500254820977,0.10074063253783393,0.18297356942781326,1
1.2953623481302219,3.498832705831807,-1.501187235268904,-0.8538767315979435,-0.40248709526741167,-0.83898562015149,-0.25871880023336247,0.2990073227133135,-1.1831022867598604,1.0240830646994301,-1.127541704209406,-0.004502092744970199,0.18351887749717452,-0.15042562222181105,1
-0.7119044975039829,-1.456185343376231,-1.3222971591267156,2.4024291326656293,-0.2847261035993382,0.9288217025054811,-1.7058431176432594,-0.2389308015139742,-0.7756984866309127,-1.3013484283927368,-0.26974480790080696,1.5116846914400208,-0.5746979643470619,0.22090387724427893,3
0.970954553477084,1.213056119974336,1.3617839627056836,3.50043811857571,1.1567576382318738,0.8796103913491896,-0.952782061167651,-0.15577477279625954,0.9926461657442361,-0.6089623894252989,-1.0634646058840285,-1.3014937871670793,2.567283217928209,0.49505000265355004,4
0.09077765916130705,-1.4362110115187154,-0.808341301695673,-1.089389670060449,0.03924001598139764,-1.8766192918551652,0.6385050337404921,0.8110474828829973,-0.1974334077476338,0.06906671130928857,0.054279124808871086,-0.8293952994435047,-1.0206771365136853,-0.37707733440719376,4
-2.3236573089507173,-1.2410360329096668,-0.0005757979213965366,-0.24220637680310067,0.09023683996069878,-0.49078660726838924,-1.9892579173906664,1.6183822538300268,-0.17204211060417893,0.5408177150552671,-0.6750655368192312,-1.0712376193398618,0.5592213649099502,0.5968461127232293,4
-3.0200464666458537,2.4306425703601215,-1.5915840017424305,-0.03358118338934441,0.26696019862715853,-0.5362952908322575,0.05158672876240267,-1.1295424303566663,4.211388100140339,-1.6153400485903657,-1.2025213386682743,-1.123549241192877,-1.1761632797322281,-1.7503059484727832,2
0.43969667078769803,2.8827460840470027,-1.5785528183277528,-0.7375987798880701,2.3238189570436987,0.29963185736535797,0.5400453309515237,0.9251950371499679,1.908171918412745,0.7525359827204245,-0.6580291624356926,-1.0409084175378769,0.4427755500540845,0.06943045252533842,3
-2.5391597529656296,4.1039784643764605,2.245540081277735,0.6541895381415129,0.24967822432586007,-0.7052549205854101,0.37017037098848854,-0.680546086330331,2.662484702916716,0.8556726692003088,-0.509138763276021,1.102531055018661,-1.026934573645643,-0.17041032083285776,2
4.110613430765763,0.9232751895832185,1.8567451623032394,1.34705481378428,1.440612662319006,-0.518502704228627,-1.7474683219257405,-1.0939084965382742,0.6649768382580313,-0.5200986786861462,-0.5234392569414008,-2.167960232956995,1.5603494743398159,-0.5190060780410461,2
-2.9590345455433833,-1.0630217476774497,-0.8815863272996498,0.20411180728591125,-0.7405301071624864,-0.173618004306023,-1.5389965331873328,0.9490937831109558,0.4985102524578846,0.17701198825662617,-1.308792990955325,-0.44412252751732695,0.3182318670994015,1.3553630935614267,3
1.6000602659029104,2.057316732491028,-1.780144625721449,-0.36545133456155726,-1.3584553204034973,-1.5128688904052716,0.9844873320523208,-0.4770705624322858,-0.5149089437063705,-0.8150319544144454,-0.20408021154916234,-0.5038210556536015,0.3914213784098027,-0.31098780707305534,3
-2.0307568686482194,-1.1450749084090162,-1.302090201356811,0.756423302177652,-0.9793217376199457,0.26082847206328913,-1.4186328874566558,-1.0962880900208225,-0.718662033711862,1.707968751669489,-0.17019382060629787,0.5614418041440189,0.15960321997786622,-1.499129952878477,4
-1.5216560086154343,1.9205406012867634,-0.5849534196665879,-0.7406195797744686,-0.7071349637444164,2.489803554354117,2.349877187758314,-0.9648503130850603,1.7707258981944554,-1.394191793611659,-1.4815322182758999,-0.0161536443367361,-0.0742901424689611,-0.19168015546480072,4
-0.45144673431646526,-0.14221112965800128,-1.6903474420515152,1.7114825389267994,2.412509719703867,0.9977740071319395,1.3608274459619292,1.013247900757503,0.36351121404541314,0.44675805803188334,4.759717837485485,-1.6512979793764602,-0.7849984684151798,2.675390353438019,2
3.2874568290089274,-1.8010001609856277,-1.387040002670983,1.7405859478202073,-0.9548545954071345,-0.2741470528695579,1.4079562521519309,-0.7741674967127959,-0.13105023637419075,-0.3302732509826441,0.5240970304437418,0.2709267360246836,-2.4865075104678698,-1.2549658353235051,1
-2.612334789318015,2.5044005590477423,1.611979793592895,0.9101182386005141,1.1370076155922888,-1.1311121652330933,0.39954011275888957,-0.6132109670953733,2.651224507756507,-2.319847592854424,0.8459992509446117,1.9106776023066778,2.7990594618127393,-0.9577472368345379,3
-2.0049881631982926,-1.102893364331469,-1.7405336136641323,0.5971596147841409,-0.9664098473006685,-0.5726367567160218,0.12953615089404477,0.37965951115656793,0.7249020455473358,0.24811672052857445,0.8234143056566351,1.2029293900479714,-0.8838138595305933,-2.071795335097393,2
2.2276615692974415,-1.510740363234766,-0.48697031532825835,1.1658769911560425,-0.40178613550726366,0.04706564356320393,-1.4124603190369087,-1.3239640048581052,0.7561153575693785,-0.42307434267556543,-0.5782508398076895,0.9687427453234488,-1.7132578667782439,0.5440347362390955,4
-2.6155163433595896,-0.9650540706182137,-0.14553558471419864,0.42007817790645724,-1.010857976094934,-0.5172999493940823,1.7214553410063962,0.11508137332156605,-0.12077406711669736,3.112577425136045,0.8206899871625672,0.1320084778983087,-0.02719026600841049,-0.27900239891943035,2
-0.8708205508742279,2.4622870885652435,-0.5919822049256881,1.2535575693897756,-0.5862156054219156,0.5503340004654195,1.82042115334175,0.5801184774251126,0.223334866684548,3.17496963921091,0.06988757622637595,0.39051306501363103,-0.41756186605955636,1.9409242590027096,4
-3.1325874367109003,-1.323607577250794,-1.3461849576393796,-0.33025287078155274,2.8439653263202516,0.09223043829101031,-0.7861566769264454,-1.6625258021323226,0.08588224909765686,0.8436176681656904,-0.5084278645748161,-0.08737274668097586,1.1529596039213856,-0.04123394120085333,3
-2.166658648303541,-1.3233283909573852,-1.183420167456002,1.078118589586499,-0.031540482746953126,-0.4266173510412078,0.569113328469664,1.47542953817926,-0.649740077752877,-0.2655608051016854,-0.931874230891317,-0.8718565165754655,-1.0440531256613077,-0.4057867057179289,3
-2.889083292244908,2.3637819764012,-0.010731495041259342,-0.43529099044852104,2.9292649994167452,0.9862958809969785,-1.132143765428609,-0.07598151168550879,2.867910248235483,1.4904023003173987,-1.458966190401483,-0.9429694391690797,-0.42680097056512467,-0.5599269987745736,4
4.571470688544749,-1.2727961667239467,-0.7074120633049137,1.803698047948785,-0.6616175015246859,-0.4594112624990059,-0.2899952190146416,-0.6739807041989324,1.1933450921854631,-1.0585639934567015,1.0166838121529376,-0.9635368412853995,4.221297411459015,-2.1560316801105204,4
-3.164913141967159,-0.7889566945083856,-0.4586769080712171,0.30414314455417524,-1.305130170443047,0.20203485938493404,-0.9797605302156053,-0.7063463545158228,1.5899360564027218,2.730750346638235,0.6299392093178925,1.1896358728739136,0.6510424286793072,0.7975636146364584,1
-0.7567594118985072,2.267067322575652,0.7833155527505788,-0.44820836232286637,3.6373114377113795,-1.6515447812424926,2.234345542299389,-0.6823781739134627,-0.5766276028895536,-0.40286597069911984,-1.3767659749739556,0.17678128489712988,0.7657607720779626,1.558501113551916,4
-2.336612847143382,0.8683028776621362,-1.423637715957161,0.42170982179190136,-0.8276169262228501,0.54984116913185,-0.22105838010078027,0.6961427889806048,1.6304500507448763,2.098637757493621,4.950438993469836,-0.3861566438572745,-1.1437716477236979,2.6731702738600656,1
-2.0455277783788484,-1.2018943132011701,0.5883561839977429,1.0862430376252914,0.8701668287703322,-1.367460950939359,1.889687988133484,-1.714641046611088,-1.7757318136802447,0.1263007032325351,-0.7207033058716604,0.041356612150344946,-0.8319864901851702,-1.5321716724287846,3
-0.8303469279114315,-1.2696235305723251,-0.7162986458261601,-0.011827490299639686,-0.9316800419990349,-0.11135081949641797,-1.822557322496424,1.9863894381131844,-0.444332447945636,0.49603537764633027,-0.9415850166763491,-0.7277847640771286,-0.1328396007052176,0.8529384778239191,4
-1.207987398981033,-0.8157319886924157,-1.1874718064578562,2.123536186711324,0.32895606203602545,0.918609864421685,1.7844889760537677,1.0231643626715685,0.8991282490767358,2.7533826780254445,-0.346312061292435,0.32435929458042073,-0.001297656843154309,0.36086214047713616,1
3.454795244893621,-1.936211532237859,-2.4511027117186224,4.729647464908969,-1.1091629966383723,2.089790695202327,1.6424206279272957,-1.3155336177963215,0.37918001749328417,0.0603406507195277,-0.05745695401710601,0.47912624333863263,-2.1370751409809774,-0.6765672333628954,1
-2.3676857363251025,-0.8323439654303031,0.13437311008904526,0.5266947176391913,-0.9187859881078788,0.2124971948690539,-1.65052285098756,2.0996582170933897,0.6556080203218556,2.206415981087121,-0.6030428278385809,0.5503414637759627,-0.4739872179496195,0.1736899709522809,3
-1.9534366186147651,-1.5696934838853467,-1.8755008732877079,0.4527056163298501,2.5485793249562723,0.42323643192991395,1.2226730066668163,2.6704421687360123,0.1884866290340887,0.7843307972268837,-0.3693079101979322,-0.6473070932384686,-0.1930314627359477,1.3775057577282122,4
-0.40933915758969464,3.566706649515404,-2.6771965979201218,-1.0713524624975828,2.5164858087294313,-0.3647361098561282,0.7077000931740242,-0.26953961763379053,-1.1140829912471715,-0.1040703573954753,0.26050095552345215,-0.04677429199467977,-0.42811608352237235,0.2729247198928917,2
0.6425136987814772,0.26172428066553177,-0.9672228578962339,-1.1258973193886888,-0.080347659293664,-1.1016625500186812,-0.5582560856489944,0.9948802230998249,1.4938310444045302,0.7664864553163828,4.071656724289803,-1.1605255539860464,0.8200504896333004,3.1640020735154026,4
-0.09034767355369198,1.9069085023701677,-1.6647549464384621,-2.841989467261752,3.1050186636789974,-1.2318794540956888,0.5257424698916929,0.9163904302600187,4.244972029933363,-0.7584890958600355,-0.13560112660662565,-0.9896682067653406,-1.096948549307579,-1.740120458891118,3
-3.400153515408105,-0.742867443505395,1.4713027956580378,1.1286894522977546,-0.4842840041621314,-0.419555660508959,-1.5072006130548776,-1.4824141747947794,-0.26789206669249305,1.6345937529900825,-0.4432371099736265,-0.053042049898423475,0.1638202732775029,-1.8964754977192977,2
-2.2336807667771708,-0.8859073933409818,1.6451388383051957,0.7732065246183916,-0.31730765158311636,-1.2035758780850925,0.8116867302680083,1.208581047071713,-0.21138654871375048,1.3218984595669174,-1.1987894326495183,-0.8556541199645071,-0.5329481913947471,-0.653066756722409,1
2.134970315442561,2.0197432057587608,-0.3273629863086559,0.38005408900174725,-0.23398653187188023,0.16638638727191685,-1.7684876730897574,0.7412327489160097,-1.8728175158456997,0.29409256199490474,-0.08413007645377392,0.20531184105769415,-0.8118624201903755,0.17131847378835643,3
5.064013596681575,1.8135835301438967,-1.5463291557367258,0.18878813677479878,2.988689622466319,0.27327885419511966,0.4222954498971231,1.483653359404777,0.8951805234422405,0.45431114640843306,-0.4940580832064946,-0.6736314269230392,2.0904177695441972,-0.09237919923367159,4
0.28820190884435753,2.156936163830232,-0.1555261651128897,-2.3657844961654284,-0.7616972100841288,1.3181617595593327,2.318958023380978,-1.1792905086171446,0.01416320216448654,-1.0837038872148028,0.4655881141538151,0.5554642016725574,0.41891602912995063,1.4384131465599563,4
-1.1242638546528938,-1.0551193435406152,1.8703082266885167,-0.867057867018607,-0.5902918339933109,-1.159640184859521,-0.1482239572391778,1.7808662798527861,0.31015507396452724,-1.7925717700827917,0.48893929948974096,-1.0851935382674947,-1.6418232729875657,-2.2855822469826323,2
1.7170652893565792,-0.9234806802677357,-0.543047945465383,2.6290753438323513,-0.8736003019717791,0.03286061700110582,0.2733152143136504,0.24866785596222546,2.4919774403160373,-1.1534680333458898,0.12522155756222914,-1.6167971973718238,0.5886997827432104,-1.0937379893701626,3
8.248492099511745,-1.6644139914896112,0.0764773376458556,-1.3654659870997305,-0.12313134131640481,-1.5513526444863845,-1.695296017437803,-1.408907308371272,1.3748999528461003,0.1469614712070764,-0.28878897073561205,-1.4082585521905724,1.182915829282938,-1.10354963970753,3
1.0583628446484201,-1.4782405142814337,2.0922173071066448,-1.66412951544325,3.2769984870611473,0.06046296143051978,-0.8276573446058128,-1.0624827075303371,0.6617512219309282,-1.0260196769908243,-0.4814431896278032,0.9152218854347749,-0.40749090460935394,1.6859731877357167,3
5.779548842944236,1.6411344857592698,2.0185055990433223,0.24041995949188302,-0.2783830962913486,-1.7708129828793433,0.9432090437570836,0.4179180070730855,-0.9813281868712358,0.3984344655749593,-0.021533813482211426,-0.5798809394456618,0.5658227439068594,0.26816478323459597,3
-1.7798266188581298,-1.2176698236454628,1.3381426041980533,1.7835401381722624,-0.8050070048542576,-1.0415516958595123,1.0158003182440154,1.9550268165998148,-0.7924300273261421,0.0004825356182796996,0.4321956675625334,-0.9123707723419379,-0.3301408867905787,-0.006769085881196408,4
3.101012176773605,0.7684920674873631,-1.3169250044544605,3.895665188042525,-0.23070099800281937,2.343330058583655,-1.164126374302009,0.45064931127140573,1.1367229289193057,0.6675131506576447,-1.5450514075165562,-1.0632799784594404,2.9541451473923406,0.8524249943538683,4
4.491282208504436,2.053956750681717,-0.16731153575194058,-0.8413521195807288,-0.9126967040443981,-2.0836801953163064,0.23076340730069292,0.7682813942700288,0.25933948944563023,-1.9160892294669156,0.7998429539176526,-0.5503403671381217,-1.4451085524870868,-1.155222253338823,1
0.08767366252371843,3.53259433883453,-1.74901521954459,0.9967531868363587,-0.8979799252153507,-0.054262592982747375,-0.3818580413528843,0.39207311057783684,-1.9695153467839779,-0.047745066250571275,-0.5488440445677394,-0.23205789705723723,0.10793539726208702,-0.49618856199700806,4
-2.02592468254165,-1.1361078055061236,1.5155545547043863,1.2560167870285033,-0.5179608603477626,-0.7806776352391348,-2.0268270759095635,1.6162692939756,-0.569250305723281,-1.4705783490143354,-0.04144397147014373,-0.6590898217642578,0.296680665487685,-0.03593124011886656,3
4.529990411893049,2.2615439017865606,3.81041376099396,-3.050218724413603,-1.0324161475872986,0.838123301907669,-0.9455529686376563,0.7771234541021848,0.3172839747083991,2.199175521570355,0.26778994532230155,-0.18354621654722406,0.41503413370610737,0.22714416309920044,1
0.9745050060486772,1.954706569413491,-1.4449641287720254,-1.1015759155953984,2.6558342708011686,-0.8967810554259366,1.4921983034768949,0.0942457487370309,-1.9956532120954553,-0.6270023641606564,1.194553945995634,-1.4595041798434079,-1.4341364680338962,-0.06193477439499348,4
-1.447779677747902,-1.3346184955739824,-1.0378708224437159,-0.8743491589638653,-0.951813262646302,-1.0941521548708595,-1.862468597282095,0.16461756027745283,0.3819470681546209,0.1535088569704799,-0.48796420925244904,-0.7944992890240256,0.2517119274844924,0.8978504559531919,4
4.955477489684373,3.4452597231873487,2.4940392287170488,-1.3453503180852429,-0.10005837794708279,-2.4880683210338166,-0.065211077703556,0.789612441590913,-1.0541298548484115,-0.18235165272102266,0.7859922977326526,0.9215446602721726,-0.2601387471392527,-0.20841924822240424,4
-0.5664594806373231,-1.3753995864815534,0.07857850375154715,-0.3181704385669472,-1.0277844120362107,-1.076120779139937,-1.8911604283196133,0.7622072478866398,-0.49935859544748296,-0.8269310528659306,0.33162934211119893,-0.5640794870773158,0.023075115275159555,-0.000547977156095166,3
1.070203294261867,-1.0131343614906436,1.7741842552682914,3.369112588976013,-0.08222337110289972,0.32160455957387796,-1.2563936239129978,-1.266241024561478,-0.5374464529182889,-0.8762262635548486,0.19953225290017315,0.6428031324998836,-2.925786668581641,-0.8702149228891185,2
-2.630228352293747,-1.2114470759319413,-1.0289104139301721,-0.22958512396058586,-0.9888224111616122,-0.5618932055942852,-1.6413407870163377,0.41708825826878154,-0.04233331390063124,-0.005030095209613893,-1.4517039302683405,-1.1500656734191947,0.6141544263954994,1.2968198352681166,4
1.8088486974513551,-1.4125964473867771,3.482929332417555,-1.3362103526103213,-0.8186237232867063,1.6637922217111396,-1.0227276017491447,1.1926821473190021,-1.3311674286761386,-0.6081355616823365,-0.22825498240190964,1.1964693233809502,-1.193693311426065,0.602797369281343,1
-1.7610506928626126,-1.6550605193604246,-2.8006681612644493,1.1760358587563438,-0.47934626870684743,0.15968856289320524,0.8251187391877041,1.6609963123808025,-0.8361832260841904,-0.2103166606640816,-0.7137431594264881,-0.6638221124859943,0.2407067226818792,-0.3251262575025989,3
4.678952345748356,-1.8316488108958873,0.011276384117966132,0.7478590971357985,0.43235154811787496,-1.3074201991499141,2.0801990676454833,-1.7626532737671712,0.45121855359114477,-0.8588717038523537,0.6643199977745594,-0.7019558832138048,-1.9717436267190236,0.158399418693884,3
-0.9474121413819374,4.21896364579303,2.201105245642323,0.9585371819230876,-0.6422503823683329,-0.7534506976530511,0.11569937935812004,0.954166500736223,0.28482502419216016,2.1460840313173826,0.2726013607245303,0.812977654269527,0.3062878572997299,0.5055535843828234,3
2.923580683620384,2.1030679699850205,-1.4626442796888546,1.0369656866113346,-0.06630428766983698,-0.11808408843203623,-0.08975077283739158,0.7132292082111482,0.7576604712268856,-0.6673605099000778,0.6704218732659059,0.42296594388771414,-0.9990020295441554,-1.4655548245087562,2
-0.4101185517462627,-1.5643689939979744,-0.763456293158024,-0.3385084844541478,-0.4294485104813021,3.390866304946425,-1.0287206335095502,0.13266345068375798,-1.0910819065955295,-1.4896940441411433,0.4315972455234179,0.3970255511962425,-1.0379449335823638,0.5666516025533649,3
-3.1751549270185557,-1.2033650646946388,-0.4217968819809889,0.5653712902224902,-0.46086458665321184,-0.32782414037223256,-1.6789190086878418,0.3540280468018066,-0.46895906020556233,-0.13391500702592676,-0.22375603204731923,-1.5697929922137646,-0.17681999026100445,1.3450162157826593,3
-2.445975067093814,-1.4055721062204773,-1.481729118453488,0.4464519256251089,2.849033548826402,0.6367563026265455,-1.6839555762930734,0.8427708426405409,-0.0977253292183638,0.2802324286657036,-0.46894616290762736,-0.8925217874038787,-0.47614343355534405,-0.22004647145377748,2
-2.008970039974716,-1.3025071094490075,-1.3300384119081992,0.8884896391782281,-1.1942628142801914,-0.7734637008718837,1.6319842766034511,-2.005431123176212,-0.6711281480521688,1.1353451713230953,1.0336108396315862,-0.4820806385627661,-0.45174198862909687,0.22455209612268434,2
1.1535844169364644,2.488458266104462,-0.28435348724458426,-1.2465723955285575,-1.0444913513129268,-0.9812318218508866,-1.3924250705089298,-0.9012559088526958,0.2766524014456095,1.1274835033786375,0.8324491608068117,-0.1337716909352824,-0.4510718246194637,0.8149364203222713,1
-0.34356906471088944,2.114232193236377,-1.7227545966385713,-0.011412921424845086,-0.22008629390760223,-0.6023835725628495,1.0762312377754082,0.11671502616668622,-1.453836499358098,0.6764178179469478,-0.4511002073034327,-1.010183803299254,0.20971814672164468,1.5156108848767358,1
-1.9259721928620852,-1.334108954486402,-0.7158385973688315,1.1687798032554084,-0.9667235491176649,-0.4652647466405613,0.9772379964030731,-0.7051751630041754,-1.2816707804067633,1.479412459437667,0.035214251246100454,-0.43624518953033453,-0.9783488425663345,-0.43586025699826314,3
-2.4600876234295037,3.7972828230656197,-0.2564399808498471,0.06829313942187842,-0.8286600653865817,-0.564594445261597,0.17063663941124432,-1.1936812166010968,2.878487332291977,0.19297034339349023,-1.2738650849811979,-0.7417356064280337,-0.439466627891067,-1.0130278034167963,1
-3.464698895917189,-0.8252114327758777,0.34649037465986354,-1.3620602956735894,-1.8694984032515687,2.184493202729395,-0.6472049244390649,0.756937648815439,0.7428591319837788,0.06418301610353994,-0.06703143703931273,0.0036644631862126948,0.5422753717394657,-0.38389572472022904,4
6.083582939446684,-1.4709268391547679,0.3073331364096003,-1.8995148470482817,-1.3679300316858727,-1.5182887189509595,0.9470282377728405,1.756224988278238,0.14491754632757078,2.6681082443315693,-0.09668813869898267,-0.4686851308538486,0.04862659884822855,0.5448077683986539,4
-1.974950030857045,0.3779862567583782,-2.3831666311637543,-0.06359029252474781,-0.025260427491322884,-0.29744020055547205,-0.8838114842258876,-0.25213561245801647,1.1829363081052615,-0.08352440879351392,3.907417517698435,-1.8612397000425798,0.024268333260865887,3.029389735890564,4
5.219248827111527,-0.2888305703096535,1.5998765063956693,3.291644306431064,0.5541944373277392,0.48061319427568533,-1.6791856928284912,-0.9537587625508802,-0.06542401845045155,-0.1898857060380516,-0.2715114310351712,-1.9694220448599875,1.1437440846507143,-1.21287746854307,2
-2.414886032835792,-1.0912389432603695,0.664371081428352,-1.323604141912252,-0.5925894263536278,2.0579471681687975,-0.5202502659652868,-2.6472858088870552,0.1401611240784489,0.4847614466911086,0.22860135713304738,1.0186843223419275,-0.7455882992076175,-0.35618988031006676,4
-1.6628490814209977,-1.2662840328474971,1.388185093786448,-0.02376823183649,2.956386869044477,-0.7469653529005127,-1.9495088864126682,1.0883061210451672,-1.008838597568411,-0.4702184950148047,0.18906315138040722,-0.7133597920241818,-0.7385921136276583,-1.0275972920267236,3
-2.24327269438821,-1.3045278081113032,-1.2486990234849114,-0.5316015321092382,2.7682855692969985,-0.9761136057452489,0.35359264986344613,-1.2073003652864314,-0.6976305733972743,0.24254554811413687,1.4835688386799204,1.2395928030492427,2.326593128364158,-2.7826699375555064,4
4.280507477230176,3.561375808709607,1.8802144718656386,-0.7690568840814931,-0.04710407357650904,-2.0665595041918263,-0.4080702474429918,-0.02307856987045758,-1.2954897598306616,0.7648826336032956,-0.6640136951494949,-0.13799795553553074,-0.8008019419267016,-1.3962697888802567,1
-0.555736506551617,-1.4103181379846985,-1.2771871381387665,0.3227262551053019,-1.0451923067360491,-0.07893499320241242,-1.4250790039811214,0.20265227059905136,-1.003459416375032,-0.5149615597524171,-1.3963438142529847,-0.9687534127546444,-0.43196285275973656,0.3082000535820848,3
-0.49116378115979653,-1.5914245132865135,-2.1709918506955046,0.8045062274860008,2.078101418345487,0.4085782100270337,-0.26600565864242215,2.636619692278594,0.45033890080223393,-0.978516682628643,1.3817578701080724,-0.8076918765195491,-2.433169499779208,-2.624994144817868,4
0.8730640379883352,-1.4044330254225286,1.6123974957411307,0.11078079746175694,0.0896204921828192,-1.4215161114935597,-1.1946692762421367,-1.3330544413942138,-0.9386097729256057,0.23380998024210867,1.3881436342465692,0.12416469089813396,0.15452527352245682,-0.6579225509420404,2
0.14728854278753298,-0.6661558749238883,1.839329446815173,-0.26373683441896245,0.7694199159856914,-0.33782025978863406,0.1788509371169604,0.8800179594381455,-0.21884700242875682,-0.6669518874592419,1.7592323056027515,2.634026239354987,1.2044645504976035,-2.30497565728179,3
-0.637247540723331,-1.3627159480940383,-1.27048037946357,-0.07924108885306354,-1.1353799336569046,-1.134619515512955,1.0890978594074474,-1.3100989777741956,0.589913261931582,0.6896575631320825,-0.04561068047680145,0.8845536592653402,0.4939406814287494,0.0038398650803375557,4
-1.8403519467489142,-1.111709976373952,-0.4800767574494218,-0.04748264149044735,-0.8449189752731067,-0.730511816876284,-1.5272369580694651,0.178717767499537,-0.2300721958747083,-1.1337087216050472,-0.048265263530372804,0.3046472870681041,-0.036048479468574146,0.9193299145348964,4
-1.4830848043527909,-1.252399730017288,-0.25743846489044603,0.3125184211718632,0.17035511699989606,-0.28785926117627014,-1.2967222972671724,-1.708587834791263,-1.6480490487539943,0.27782387488796306,-0.5066638582650221,-0.07910648567695032,-0.6534627379799078,-1.4500950843353264,1
0.17433304619286888,2.4765938103605625,-1.8524107594694659,0.6693501132286777,-0.9913473784524539,-0.5623779056493315,0.1437738064431896,0.6355723416066683,0.8350869893672396,-0.7307426111133778,-0.02958805782036691,0.5579257753281155,-0.35840189160615826,-1.2101522456134317,2
-0.23342083477656697,-0.787677783576735,-1.5697302153187613,-1.9854839347780109,-2.207968345118369,1.7679610345439758,0.942060534827577,1.06401450141812,1.0421870835629299,-2.0911582736344556,0.2966192825336719,1.0298667588655384,-0.4130112432396448,-0.9809631681403536,4
-2.0426100279760298,-1.256628564681476,-0.15338167820843449,-1.6596988504234054,-0.1465133144814033,0.05274854894647527,-0.7095689136075006,-2.4635724243249095,0.40097700712387596,1.023278422109238,0.7088794268967336,-0.3867102677387315,0.5475429854538504,0.8913185269206989,4
0.1606080606621538,-0.4082676769297039,2.1160528722198393,-0.9186091061092945,-0.736723784899626,-0.7059385774942029,0.3668976888951163,0.49683542206264397,2.3657094872044553,1.1618678372886764,-0.05186146916074081,0.43721171991045193,-1.2367839130713976,-1.1883303895087216,1
3.651146595360644,-1.1184943681494643,1.663125210496009,3.1835544405519958,0.7313320686728849,0.09242273570701003,-0.8114291505343985,-1.3504184971243225,0.6942382330021264,-1.1737390629800635,-1.1421490698580214,-1.0203791490769183,1.9435989932706506,-0.42843214952268516,2
2.373563340238979,-0.933241677878395,0.16318522824662976,1.6743459845492745,-0.9508778657443179,-0.1328033744773769,1.8225451263628987,0.2509453937442953,2.2903874882367243,2.311769005733858,0.08935615023718413,-1.2921472661946654,1.6623430177368084,0.5326115723484279,3
-3.8896050193855465,2.826736827056598,3.094318362325409,-0.34053127653675413,-0.8584223711516441,1.842553524525007,2.4160022437268798,-0.5184339408036692,2.9493042552517945,-0.08527704414813007,-0.8284020703602023,-0.24921875883293917,-0.5034783151227508,-0.026839621776544267,4
4.131303927887894,-1.6793408227506066,-0.4544614250613932,-3.122846129250224,2.4575736871692353,0.23697249098232467,-0.7778709493474553,-0.3517153153030761,0.7794643887952475,0.34668421160569,0.7602770503094658,-1.1422006325307394,0.2485394209334933,1.169061216728887,3
-0.9525327648929365,-1.5720711022784153,-0.7723574069706,-1.0693775838431698,-0.8711023440899631,1.876631801379333,2.3432160381883467,-1.3049026047735852,-1.1077368188455683,0.30555034008363696,0.29645303433773756,-0.4266171016381222,0.7593560876079399,-0.6105916034361509,4
7.760139987539173,0.7052167169594905,3.36593899885706,-0.579700010802628,0.9030581843466292,0.32363596596232297,-0.9557817354857163,-0.07059475350653592,1.2585297463519585,0.842307754560333,0.6497454113775264,-2.2023186719243855,1.1003341183335116,-0.2860848681983284,3
0.8699285877578099,2.3284404026038747,1.8485185018355135,0.6862384893439014,0.09497137572734145,-1.1952677420453015,1.50450794761331,-0.18264447379489554,-0.26841031159643836,1.4391885437547591,0.09779328118672033,-0.9106085487186326,-0.01584547913905459,0.7540462340386432,4
4.70508451651636,1.9064082173818766,1.507287382926791,-1.7608986747443218,-1.5006279387379007,2.343223263446491,-0.6433923290287481,-0.19493134208984006,-0.052760359315219614,2.372339588734195,0.11121829528214956,-0.07644077151899009,0.1639698880545766,0.7135077850902489,3
-0.7035293794774632,-0.790539948746648,-0.48813845511255216,-1.1871789817235279,-1.1875949756971842,1.8529326345734496,0.34280919428821016,1.0808840503641248,-0.026708011538712537,-1.5016929979427924,0.49019313792992986,1.6188900560690718,2.506754430348195,-2.8206425666951236,2
-0.9196192080176453,-1.1965795236325767,2.2918620310095066,-1.6700799671653448,2.1804526905519555,1.1299214913014302,1.3208372443372378,1.0129084875352208,1.527204217003689,-2.0709103403771074,-0.1902783539507848,1.6993189543530585,-0.0921386288633825,1.4446568634655963,4
-1.8394179194842897,3.4872733109447083,-1.466987857814681,-0.11490330883990844,0.7132248024239947,0.028060052145964152,0.0394121564221909,-0.7258728685594609,1.4958371824907082,-0.3207079335604944,-0.5610649805183261,-0.696546978028761,-0.8165058401647125,-0.35587589460119223,2
0.019770299857003324,2.093149358329435,-0.1423262271598133,-0.9912199608703568,-1.1439140564736434,1.7710883682265823,2.063912860484887,-0.8699418301866825,-0.5710972521675574,-0.789869839106785,0.6734253295062966,0.1252622057535419,0.21922000076495807,1.1537451541737467,4
-2.151347185883954,-1.6321961454811762,-2.053208780894535,-0.9102448027216263,2.4037025656022486,-0.9081321127751388,1.203630776885731,1.4292551262995625,-0.7062262817301556,-0.7007199011890207,-0.07477621696595643,-1.8933783177654395,0.47416868315848565,1.0984826758831356,4
-0.4981934919428013,-1.306237433450341,-0.30553366599026893,1.3763276288941388,-0.9081037266895405,-0.3395198060711001,1.4572250743284216,0.02561079802455178,0.7107056377615081,0.06578794493887644,-0.6062215573368588,1.7975626571226908,-0.21446765795581052,1.9134867630703294,2
3.226682977510648,2.3928365998718366,1.4191439134746258,4.260981708542443,0.18414966312743228,0.6236526945156452,0.16798881767501753,-0.21487646564590018,0.027801205659911066,-0.4015799138592064,-0.7314739303197961,-1.8334623186729413,1.469001400377726,-0.10290860184372178,1
-0.33969347030026276,2.372298854225322,1.3460401922842975,1.4887965245629777,0.38295404977084796,1.611294390625022,-0.8092713800431659,-0.6666998940861727,-1.7064350534154453,0.24789059818956202,-0.3342389016258329,0.05073806596187014,-0.45153405084953663,0.4922989638267634,2
-3.798124312813415,-0.667424145181972,2.1419974454232067,0.9511628563602126,-1.1965823972542609,-1.765329476481003,1.8863985239033005,1.0560371235677002,0.8657723447013317,0.4794259984350173,-0.7355771544686089,-0.7082111606183225,1.4192950430569071,1.048985446500882,3
-1.9680340038224875,-1.4734982360460425,-1.37388982300309,-1.6934616907923687,-2.1847877324542506,1.9190336341245995,1.7617349945911105,1.522990930158978,-0.4973481277158977,-0.20782804396328297,-0.5491924671184129,-1.3271009847466424,0.3526701590251223,0.4888405059228039,4
-1.1537318351645525,2.548005551522419,-1.020076014939403,-0.030683683805366374,0.48490350585709224,-0.9657007872794244,0.08649543376083721,0.28907583424551236,-0.017391776877175663,-0.5175904796503678,1.1775113295017972,0.9100540191199556,2.967693223134801,-0.37706748059782785,1
0.9208726795992499,-1.4631343366436913,-1.08914083064448,-0.9682416731795341,0.7113289491626085,-1.4394784126134645,-0.06817646731131383,0.053723456008192796,0.8122715679765793,-2.2072532981888258,0.5332761001631094,4.0460612778111775,1.8578097303442584,-0.665789736614472,4
-0.32151678677620926,2.4012353492247827,1.3020372848640915,2.149511184846846,0.4259129418832381,0.1852447860825607,-1.2417417598501599,0.0309759962462601,-1.6188959551495041,-0.42202000305489246,-0.4655554252826475,0.8108542461150006,0.24336887330308585,0.5826269315187458,3
-1.0368910109016465,-1.3325857517694981,-1.1242707362276962,0.43552595874508665,-0.1631660394059023,-0.8610849184649697,1.1481784705850295,-0.7817483743689834,0.06092444481764128,-0.863960356147914,-0.6203462241178682,0.4675526338571494,-1.0123368239292503,1.282447786915018,2
1.4984278005226792,-1.6037548546794584,-0.3342507927686043,1.1654269478107788,-0.5644005620785566,-0.611490890334768,1.1158606459619662,-0.5298750763077859,-0.3972410457507907,-0.9145638352614469,-1.1024140597570167,1.2615653106105926,-0.55884304207955,0.8404275710619931,3
-1.8999379870595694,-1.2872720926357426,-0.5885094167952825,0.7493619605445395,-0.7505980182654096,-1.1104480959259226,0.9709920040526706,0.66427679097419,-0.7085830894866301,-1.3853316098282853,0.2824763031987216,-1.284315282023224,-0.4323682310574133,-0.2558865391986949,3
-1.299811592122391,-1.379425059748717,0.7352708768357997,1.216742721687289,-0.40218139221557053,-1.1801819220494896,0.7936992310112686,1.7368565643375233,-1.4983381308553205,0.2709617550879909,-0.6653653674133001,-0.8791847782136208,-0.22552144993583711,0.11201729944010952,4
-0.33359933389469937,-1.0503298838837851,-0.9710919572977927,-1.35204532430694,-0.9770934475570721,-2.1306147467538006,0.5709905528620838,-1.460179304441785,1.5072548531820609,-0.12885471735659518,-0.2329634937206269,0.7920605657852097,-1.041043457046594,-2.4553776789314483,4
-4.008323168975734,2.8487256304891533,2.4996312355990007,-1.5106947904441268,2.840933268477002,1.6741213208626538,1.7770978659469896,-1.3242033108895697,4.921972715343279,-1.6532642461675584,-0.9306049023744506,0.15791386626274323,-1.566099344946604,-1.8477326771072642,1
-1.2543945886946495,-1.1580323051507864,1.504962339235058,1.8420071527886863,-0.3728831309271727,-0.03962091555232987,-1.6159899484049272,2.2199536374884006,-0.24951965396224873,-0.26249853409652374,-1.4818522007563122,-0.5425981781354137,0.9569562037445112,0.4056266986030889,1
-2.5304504924768687,-1.1233622360383397,2.399966500866653,-0.9265938026865965,-1.6370117748582227,0.7122193408221825,1.9435334193405276,-0.5482395625263685,-0.8984655317085057,0.5606268553627844,0.5229177021859392,-0.26933790793767703,1.2518924699849878,-0.27536635933473647,3
1.7832901343060668,-1.0306740082095152,1.3120833617618937,2.2116616676665397,0.7522636478002442,-0.8763544061092454,1.6116021579237036,-0.49318788576096506,-1.0580738195352846,-1.4251760432585827,-0.5326830461040192,-0.40007462666963767,-0.10034737805596719,-0.014645374022775453,2
-3.7647818063525027,-0.47710742002641765,1.41926138667975,0.4283815537436238,0.6676425059373337,-1.2478201774823983,0.14526891224450345,-0.5865813901955704,1.3863603216060962,1.6560676683087023,0.8452780820711125,-0.5873021779858293,-1.8268433240958348,-2.3933506146192087,1
1.6129731569007795,2.224276199932577,0.5138130638945111,-1.0947626933707695,-0.7214762685331121,-0.438151942196397,1.7966980578021845,-1.0242115739777544,-1.9738861138230082,-0.5908903888089635,-0.012749062135079297,-1.1942811659593586,-0.7083993155025455,0.22302351245924343,2
0.7415181765464853,-1.1525886140464638,0.5492484542963975,2.938388115890136,3.988408019143205,0.5675386530300011,0.6133246367689147,0.4914740851155941,-0.2633519282164631,-0.7499322158109353,2.8296669360552325,1.7383188462315589,1.7589143322251684,-1.8646119643625108,3
-2.308133056903565,-1.4396608930732024,-0.8670766927554635,-0.46231447608942006,2.251736785233688,1.3668057526821535,-0.5380624665466348,-1.4152153540601742,-0.5610351262432035,0.04244262286983502,0.9361565700781418,0.6355944043608774,0.17595529235599353,-0.2034078155842435,2
1.4615583160464454,3.580740695849645,-1.9450187562392287,-1.5863422715756488,-0.15727035307245163,-0.9208366026157188,-0.2797541727486773,0.37226761192830343,-1.135203857656141,1.115810596435564,-0.9995428930413081,1.3032173067597994,-1.27644564195201,-0.45042988716256377,4
-1.9794121165996397,3.568862699881272,-1.1503775072620959,0.1106834302127363,-0.3314671710668931,-0.5619363978909698,-0.2628655594967843,-0.6277254413599346,1.8172315933234258,-1.3164953367723673,-1.6336442879195545,0.026837128007707836,-0.34102334677743823,-1.366051238252551,4
0.799245609572986,2.34300543650115,2.534776595603478,-1.4974042049311451,-0.42585310255620157,1.1948652104986477,-0.9715438933591202,-0.45600147133255,-0.5593485391925591,-1.1640181743293718,1.05525288148796,-0.14044339474486453,0.684785737007118,1.0662835938426454,3
-1.2805537886344531,-0.5899294936066672,1.3505681587751772,1.4811545271942659,0.45485301294742264,-1.3325281882371578,-0.18774554255439627,-0.009616553139921075,-0.18526425106889463,-1.3565658950809008,0.8055586477259122,2.152000325959755,2.488637360917738,-1.7534564916751714,2
2.07553940381941,-1.8514671995932201,-1.9354473029698893,2.6513346547171994,3.369780709595763,2.0614022521323117,-0.6648460097660219,-1.091697993171654,0.18224692532732104,0.07139011560292871,0.22019461295427492,-0.3886215596620001,-2.0323908634506758,-0.2015555537778834,1
-1.2205974813859581,-0.9594486048598895,-0.196877966787405,0.7507927403167425,-0.6654365155951526,-0.6172576920781339,0.17053256755099164,0.8967004852973742,1.3190309286501727,-0.9020821678914406,0.16387089174943364,4.549279961195079,3.382828003814802,0.8458737081793324,2
1.2204547769793035,2.1880861027504137,2.164356897437917,0.029723359886020928,-0.21191658251075748,0.26434971366245924,-1.1379800936285631,-0.5073068209016188,-1.5859087745544975,-0.5390520563905276,0.6624219310967884,-0.2899235703872461,0.2179528620106039,0.7580611140042127,4
3.5327801663993568,-1.8319444719626978,-0.7957210158264565,-1.096433402549295,3.2829401288048015,0.0013635507688233418,-1.0895647945629545,0.3977854037816924,1.1788898365898777,0.5958401008634908,-0.6905673978759881,0.6329085286246403,-1.4160038990544428,-0.6672353286692175,4
3.6828887961672288,-1.4164570298878996,3.5805008935385008,-1.8769775412470504,-0.8744795630319839,1.0024595788735544,-0.7499387574277894,-0.23643176249797138,0.575528548976978,0.20700282586811408,-0.028687939562226344,0.18697645205900226,-2.28171822878775,-0.07761286898179849,4
1.452571267721665,3.5641880016257548,-1.1605029294787172,-0.44661297421485197,-0.45863458740427127,-0.613080556628197,-0.24048321275814638,0.9829672711484254,-0.6246509680305936,0.7954711474975612,-0.13359605034077268,0.7697424027269424,-0.10584764989178459,-0.26243433365857494,3
3.6841350194737847,-1.5289795435884344,-0.8596229058106161,-0.6020686325457959,-1.1493751452828047,-1.7396992147068278,0.06967251890138633,0.23133679563822654,2.3108853056615057,-1.5637378534795052,-0.08847492536306036,0.6155232684008043,-2.3490916127836434,-1.9273564128728107,1
-3.807262570363378,-0.8234445803756206,1.7154333839550153,-0.528549905755761,3.505203824427254,0.5636542258786659,1.969974106036885,2.021784784138465,0.6176079520884145,1.0154717822745334,-0.0019683606223447297,-0.17097297928588442,-1.1774213875126915,0.18171730820513812,2
1.0863112115857045,1.904878959332869,-0.7396639706422571,-3.081675603454343,2.0035750586520074,2.124147636498978,-0.4040090941827667,-0.7019851463782091,-1.6708464678922876,-1.1319568523506558,0.3026177454925755,-1.323761445037809,-0.6227946219980462,-0.6547980182926331,4
-0.12395879621058413,-1.4804590179652637,-1.1972679204385044,0.4930127509618437,-1.058319735590044,-0.6673348772830541,-0.3923423379759214,2.687545875052556,-1.2713864329828222,-0.7813022952215055,1.3876638468521305,1.1270261025534278,2.227645049535487,-1.361677986194676,1
3.061576151035463,-1.118515772403689,-1.5204177306680102,3.8417143104817293,-0.4801267055315403,0.9039151467590426,0.08279346926458057,0.18132487376384665,1.8680257982973363,-1.0730892372555783,1.2255044135197695,1.020503013707169,4.5628058934841444,-2.9804207098138935,4
-0.828576146262625,-1.2517726669704432,1.541288622900889,2.9539745126731547,-0.45385609089166434,0.39963561176067325,-1.1577877459641286,-1.0338155083427705,-1.6448490776455955,0.43866987600606405,0.21367949835310082,0.7154159533005676,0.11191832443699187,-1.1306439950951754,3
-1.4564045385644766,-1.6311910105639271,-2.250061620565548,-0.14689204152964985,2.706049932445693,0.6086526241295881,-1.2120985938941256,-0.8436664128606601,0.9327560504722519,-0.28583656856050993,-1.1699892472884983,1.65011911827384,0.20560572292235615,1.8976893713246485,4
0.020983965936238184,-1.592543539716797,1.09138162771315,-1.049300031944453,2.8031638406339394,-2.1776648027602974,1.7227531262747633,-1.0707874589657325,-2.1145991465401326,0.28379866900477707,0.9337384723367306,-0.7893732766253909,-0.4299910794791996,-1.3175986528270367,3
-1.1875527304288427,-1.330915635241232,-1.8788662329091537,1.2395453164766277,-0.719674402422118,-0.056628227745123855,-0.5277734283008125,1.9969932109480615,-0.8762180363346754,-1.0464791758808962,1.577379333075569,1.4018502229405656,2.0098138729726043,-2.067843353141846,4
-1.3361988840850183,-1.3639230961402833,-0.5576168908730127,-0.23744515834401692,3.167611599501542,-0.5982179363578871,2.1010939544686904,-0.6593941849542001,0.2519420760602918,-0.30904207905407705,-1.6316410453234256,2.6838103289491304,-0.32117258981454194,2.3381740612407746,1
-2.0780731475485776,3.540753841411179,0.6489310857277976,-1.437016266351967,-1.325078728707643,1.6772118180320155,0.7380717850333848,-0.8393636352579287,0.8893684121373856,-1.958855488815368,-1.293840203311265,-0.5130753418382172,0.06520929490419415,-0.4593665278054932,2
2.6992418101001237,-1.4225528733926078,-0.9195273130238615,2.5554605410469224,-1.100244433695517,0.3846338391069384,0.9734880977655391,0.2931196722435191,-0.6269696703987729,0.6692068863152332,-0.09847933066501331,-0.6560874357098955,-0.13060360240118182,0.05626222665588265,4
7.91600223001442,-1.7515498406984538,3.7664397237305693,1.3964435821348278,-0.7555414938853453,-0.2206492894577688,-1.2216919229821261,1.0466150336188773,0.9758509892761349,2.5517849876066667,1.017819807642193,0.46627441515256857,-1.4670429726690757,-0.8895856585662306,2
-3.6830400632238143,-0.6290244019483696,1.8841350210095553,0.4552226355219021,-0.07680103584581496,-1.2113451419236971,-0.6646666427870781,-2.2435575333296747,0.21941128808970778,1.47061083785878,-0.7926713502373033,1.2863763318902415,0.5787538743144377,-0.5807203473745101,1
-1.5104557278041582,-1.6060332179197214,-1.6925955282301928,-0.07972772417451658,2.6658154190890313,0.3223290367834502,-1.6163128199439192,0.6505604018541176,-0.2763387695169226,-0.8247981225560792,-0.7680867352574667,-1.22015073307438,0.028505277146262595,-0.8987227059932961,4
0.7570057211014092,-0.7835843637990295,-0.6003906498171512,0.30115716569161244,-1.166399607745542,-0.5034793729123752,1.3001974846135957,0.31313256546867796,0.3853256502112919,1.4568141009717255,0.024532855627087027,0.09447066421146019,-0.8269689621095289,0.6409734105509983,4
-0.13095364415005767,-0.9516521576282739,-1.669598187349678,-0.05910861849450741,-0.7579253847227103,-0.18541057398843064,-1.6542458820971015,-0.5415984906512258,-0.37706709178383,-0.8423608078840243,-0.5417418970087438,0.0647097538293256,-0.3091572635950719,-0.33679897113644347,4
-1.5761618976008889,0.19089224722248407,-1.7690899392812307,-0.6796289373665658,2.7395167048619693,0.00293561212966952,-1.556815355315668,-0.857220494431865,0.9378726178374518,-0.3155844560746631,4.565535932991769,-1.0860816854010256,-0.924877122020673,2.3195766372094035,1
-0.7078675018789594,2.4172110428751314,-0.5047695991047649,-0.8681831072097571,-0.3742310614980061,-0.31555551892686057,1.4386215537736842,-1.2493152398985674,-0.6879343058937373,-1.0034927888980616,0.5296635958706303,-0.18753401465244268,-0.549121566907711,-0.009614565943876012,3
-1.5428142274706271,-1.1776556421355096,-0.5260335206302812,-0.9696181199452871,-0.4085187022860809,2.1192140292536243,0.7626341446662402,0.04289896870568673,2.351577455820556,-1.9003127913448388,0.47503397474730025,1.3647614866920688,-1.1723598179014045,0.5417434782715783,1
-0.4712540498498468,-0.9091110857089248,-1.1384461560949384,-0.026050730606250225,-0.19889914331303174,-0.288330274263394,-1.6504722768267253,-0.4788443486152446,-0.543951448878234,-0.13906583181863313,-0.05270551688983839,-0.5318118445361245,0.07509184294503794,0.10232291231100674,3
2.227706789963383,3.672914518150517,-0.19229653703483174,1.1668566652756969,-0.6826831567311308,0.17282453097782474,-0.22162096572266138,0.2933452165809958,-0.24128286396123744,1.8032389853407087,0.42971806515461836,0.4245420405987928,-1.6048711432809968,-1.7311639606966074,4
-0.22089747583043134,-1.6203180424699222,-0.3637759452726574,-1.048437591452567,2.6616917818340795,-0.5044017499577056,-1.148081861502918,-0.9681443145524593,-1.102537782720128,0.8344932950948163,0.8247671131853594,-0.4262937984669106,0.6419125370301174,-0.018335146907461148,4
-0.5480441064037052,3.760825273462621,-0.14278747660035626,1.0314655758601634,-0.6432166367963281,-0.7994612939882706,0.13753404833833072,-0.10079757248554679,-1.2125669416377522,-0.7792238277762727,0.24780489261494174,-0.05227852504986534,0.5434665489484514,-0.08396871300356949,3
-0.6212710990177416,-0.9350078527193721,-0.6461131238268678,1.931365410701593,-0.3263851171388984,0.8547102068335072,-1.7094859432212757,0.1408658331389182,-1.1698547677046285,0.3550032373046516,-0.34979385845862243,0.2873048332529019,-0.2892380990478447,-0.45313139418338383,4
-3.191058377035804,-1.3032555836329072,-1.2750844232149725,-0.5046355206961004,2.461595524534129,-0.13439193214640763,-1.3929745300483722,0.39963167013933454,0.3616468030513931,-1.0158288074870896,0.0053414589845626696,-1.360192530824772,0.7650863972318204,1.0423401822091003,3
-1.2092242831289035,-1.006969292374902,1.8918262996636936,0.9694754738734588,0.06573664997194102,-0.6023436474129096,-1.3699570619798127,-0.49176968186268644,0.021659340585257668,-0.5440667989569817,-0.756796335468681,2.247657671430572,0.4385085697580776,2.0546619362858634,2
-0.1229646732085341,-1.5132936920885327,-1.6209537283305504,0.5471485160409902,-0.7397185771927618,-0.18092339506531221,1.4617409334985658,0.01931227687850739,-0.7392421865557198,2.1063521969625287,0.24452198228211813,0.1859256137750687,0.09160917783132912,-0.6421566872646411,4
-2.2812123004543636,2.1542719083276167,-1.4167846890337303,-0.3515547908435497,0.7095024290103022,0.1384712649716792,-1.456332902366842,-1.6275177602140984,2.631726462709665,-0.7197888740619734,-0.3100138352437663,-1.1935891789433999,-0.7346286387401469,0.1660181751076436,3
-1.8823534463324354,-1.0511497153215665,-0.20536954057989382,0.5569081662735311,-0.9495363022819443,-1.114463895935448,-0.2759867791193825,2.285443183836865,0.7113810835649118,-1.7829766043292627,0.17066872357919868,-0.8176426103442709,-0.9071619905865947,-0.6243572794341132,1
3.209475608602601,-1.1814355977489275,1.6717051395410851,3.750178396319072,0.18679804405048306,0.9043956818898632,-1.122006795473798,0.16208081068319927,0.9075513572193833,-0.17745134389582262,-1.2430389980091725,-1.4240586954455554,2.09754895604529,-0.22368334905496012,4
0.20806179934470181,-1.6158759752812664,-1.2984902193816341,-1.0548146848885034,-0.01697167191167782,-0.64371347896506,-2.4160388473405963,1.8385102533914874,-0.8909481414208782,-0.22088890687790727,0.031691429910730685,-1.3829791222887755,-0.46888211831190224,-0.7441453273478417,1
1.4433661925119206,-1.4587991849219175,-0.5616503713394085,-0.7716588914521707,-1.5756800562774114,-1.3834235752549482,-0.3341750183983712,2.910445233983157,1.4417850805100532,-0.4838727938307292,-0.5378301488625166,-1.0004937503743836,-0.5177914852949548,-1.770497301932946,1
1.311746302173233,-1.563870615066557,-1.777053869081855,-0.6433282477750714,-0.7928086396721146,-1.119977443844692,-0.9239601911479852,2.0579502313706506,-0.9640777292746455,-0.7018807674655407,1.5003997249855994,1.0483744230958385,1.4375160032670673,-2.940188067156041,4
-0.5966489602847895,-1.2609498685443916,2.9215764484980644,-1.0737194662870155,-0.9447088464001472,1.2099656254568385,-0.763973442345835,1.7430627690973226,-0.024525028616202905,-1.4790447578009351,0.38599681516655254,-0.03868197310503665,0.9519586689434053,0.9428803371225893,3
-0.39170745883233005,3.6945701695189994,-0.8134064278766918,-0.8604997024306109,-1.1203891842755898,0.6221447819978463,0.17996811857842313,0.42699354025684483,0.20265199776789633,0.461255981531765,-0.2428670251963798,-0.3025813560771979,0.7483009612423039,0.9060797591672838,2
4.598286706328623,-1.7380340783206703,2.0475435916192883,2.478300103930413,0.8900134952207851,0.5861498298686459,-1.4763492645054528,0.48182652882703164,-0.3917762265979381,0.5229002952186259,-0.09509124869755736,1.1666136607980064,-1.8614172423288242,-0.390237557327658,4
0.9491004966792965,-1.2377496208094143,-0.09254742444806385,0.7852234013881023,-1.4610216723234368,2.6112113703591886,2.358013967065102,-0.3509282295052215,-0.5978107114391807,-0.33637693659597234,-0.28071235803144673,-0.5234790484784854,-0.07315255489047925,1.0925654289048186,3
4.2992726969335235,3.398873203859522,0.41825402561988456,-1.671426293758443,-0.7354300615653364,-1.783113809719385,0.28636444364406105,0.9585792733745416,0.219610484797465,0.2965099733030184,-0.625516469169056,0.08834399769374085,0.43636588962828626,0.30400512853900813,3
3.1774901499844557,-1.0389518010780898,1.014191534206485,-1.5043878648368476,-1.8336808150293946,2.6392368822934427,-0.6704748203716192,-0.5434276833481764,-0.28228149435301725,1.2231378496582144,0.7890301995947091,-1.1604451749977582,-1.4097384033792841,-0.34844688908214844,4
-0.8381112931510601,-1.6558100138157457,-1.7892029502868616,0.28075808244643524,3.2936649366346207,0.07881857760579802,1.9786382961972606,-1.538064945610265,0.028849502111718286,0.8200568545450339,-0.2862932355937935,0.6614963465657996,0.028942320091195867,-0.6018680910717762,1
-1.005459594824128,3.298622104623949,-1.4315924666257354,1.2583029849707634,-0.34819355014692466,0.685867772862936,-0.25241352458927163,0.28573029746555917,0.8502377423584803,-0.4367207687949085,0.1570222275287527,-0.34403208209415403,-0.4395188563232712,-0.8770291362318593,2
3.183660950135532,-1.7535294244774964,-1.1898366082951994,0.34046165968601716,0.2595370671578826,0.6337942561721636,-1.5167312962183541,1.2901800640442422,0.12254071122193005,0.26894717193905404,-0.7098038852971196,1.6937319701886886,0.3717331761133261,1.5740239409606496,3
5.6739027318975594,-1.4270325869144778,0.1521643527838375,1.7017013053932009,-0.5588471320683986,-0.7511782315366413,0.06392734282509578,0.17623816575101414,0.727195527166078,-1.1328661604413668,1.2210926354481277,0.180958143095239,4.074447280561276,-1.1979286868653218,3
-3.667437939255347,2.800095964763556,3.2466209075837256,-0.8589344470945056,-0.23636002905778422,2.4962704123695203,0.066804230089606,-1.0050375888924232,3.116922806267549,1.0956476245585949,-0.7010202873031924,0.3392658175666885,0.4768287212721099,1.1437838469784332,4
-0.5552712763627857,2.4185740699982965,1.1319093547838903,0.682016194762194,0.6123209464281363,-1.663966795582284,1.5205546958736105,-0.7816630036311144,-1.2434455109363314,-1.1594665072240995,-0.34778925778343767,-1.003786872936539,0.510958590997919,0.8266900153072236,1
-0.08006895555591034,0.10951277091603875,-2.1955756748249127,1.2365271820339903,-1.4665392018994703,0.5980089627102225,-1.8520872125680812,-0.41177421680823295,1.1450194971227223,-0.8777932155953336,4.428940746133207,0.4877675724478813,-0.30396389595193374,2.7157390033976885,4
0.7540539553892579,-1.1560376938709704,-0.476916490798023,1.3336629315448219,0.0031440958260147444,0.93407762378149,-1.5641918384088838,0.8664819639755114,-0.5868372633464672,1.6523233258975802,-1.8198277123294737,-0.8659421413940533,0.7615722376164331,0.3508357326289011,4
2.4711206070158536,3.1934214660357148,-1.597631966529546,2.306532956935006,0.46493176189784563,1.3075248406517428,0.5995109007960169,1.1978104299525387,-0.8956532024784354,0.8931501052400456,-0.0557701181704751,0.789599410810502,-0.4212699969148642,0.2699243341025724,4
0.7845357126934832,-1.6092030916441653,0.5860239413930077,2.7121493198515387,2.929528923474243,-0.06105666931304642,2.1716379229850813,-0.9933281763830555,0.08857283949374913,-0.490700901810133,0.535249040447338,-0.31298733614396157,-1.7174432041137504,0.23268292274555102,3
0.2770517846666153,-1.3047157050014289,-0.9507179724005205,-0.7667726801858916,-0.8599416946757029,-0.3038002807607703,1.2021187334299792,1.6338417555697662,0.31812764832091284,2.168184027243902,-1.3832324398137266,1.1164677130964336,0.22519962704347996,1.8397402390959268,3
-2.411209822766348,-0.8912363499098297,1.8235156011345057,0.985542112776347,-0.8746392877873366,-1.4533579533659473,1.076743221148864,0.6844657039142382,0.2316071634699269,0.8746493446266487,-0.22643445098769244,-1.507733635913076,-0.6206014628408315,0.3452536781712111,1
-2.443951856356445,-0.7766143128036814,1.3275313900431205,0.009969308168385708,-0.06522761188471884,-2.5088960869933055,0.3794548529809208,-1.87916176553597,-0.872663503492115,-0.9698998246954097,1.574795997821213,1.6071554437320592,2.9017117344198873,-2.5702339378730006,4
-0.9996367652628086,-1.2700354417044366,1.2956098754273702,-0.5291967744204353,0.3302798227420298,-2.1872786311239376,1.7491197745728564,-0.8419689309768775,-0.36162716411431184,1.2174169689158956,0.25064909565084426,-0.792091092825814,0.38844328375154064,0.19178890322291517,1
1.9777125474330306,3.4082407490522635,-0.8259535860165707,-0.1349789189614106,-0.9922718628870854,-0.9771840296778231,-0.5037114140812672,0.4643548841765594,-1.6809125912695961,0.5530025661258119,0.729583701375519,-0.15170706063042222,-1.1500814040533447,-0.6605559822134828,3
-1.7269841652941782,2.834387916191956,1.579839621644454,1.935208324357885,0.3720640363552997,0.0988108027474542,-1.1518535251918973,-0.8330353055219701,-0.35851068221162347,0.9790859993871504,-0.48290402461393706,0.43970558863031006,-1.3446317552782086,-0.16931763060475863,3
-0.338179950464241,-1.3942095765444689,-0.9906761205126455,1.5732582095193581,-0.732582232399518,0.6478667953346487,-1.0592713157759004,0.39828456928657285,0.41351363716966233,-0.8409110064464377,-0.16132817725285328,2.849471641955863,0.3034703019756141,2.2248775296691776,4
2.034267368952235,-1.6192367173115507,0.6118696022569672,-2.9285418716862393,-1.0548394647301191,-2.093210182637844,-1.6867541273218696,-0.5349828231839586,-0.7498521626896939,1.635039389386647,-0.7770465651995625,-0.06992442931268827,0.5825291953100622,-0.1730931929029805,1
-2.2047689690415586,-1.0303702351353106,1.4337979834786923,0.8006705253385198,-0.11670329144641134,-0.24443695507346158,-1.2340003075922858,-0.23651164957770776,-0.5350434117096329,3.4850683793593245,0.12865102956172292,-0.3303719559850497,-0.09938818556883433,-0.6993133725889348,1
-3.24087181739439,-1.2549545762997192,-1.258076423568923,-0.5598965996280174,-1.4529583921060754,0.3827874671221904,1.6357704269458564,-0.5709974067925645,-0.6010475228343846,1.2006011355564652,-1.0465653240588455,-0.8680734761325071,1.2066466098671425,-0.03275943812510043,4
1.1234901907202226,0.8408041879848014,-0.4799019554848282,2.282010336432437,3.2164873399285847,1.3284287815839984,-0.8621327212777519,-1.2334457489140076,0.663510358161189,0.14710879601948382,-0.18297062961236912,-1.6470806333942498,1.6432618281127778,0.7972732487149294,4
-1.4655154719515784,-1.352722149580923,-1.4541740031836003,-0.5514762818964223,-1.0160640047385858,-1.6234566546403326,1.4303281426478553,-1.4612393310816192,-0.7548128914468959,-0.006431005435783313,0.15983624609741512,0.053483741229872844,0.22464606373042553,-0.23656725569012343,2
-1.7063251515795967,0.6545543419522164,1.1440736214900504,-1.6536073798717763,-1.6439511957841844,2.578217190429187,-1.1636244220027594,0.6698612210780858,1.436167955810205,1.4902019685341685,3.010703133847568,-0.12931002255520643,-0.26628806139408456,2.145679925349238,3
-3.017423727422684,2.637233708055299,2.9727758294410824,0.5245547682455296,-0.18618415457436707,3.066931257174905,-0.38447139207878694,-1.1714591963485084,1.9738643467694565,-0.7404665170180422,-0.10485127557063725,0.25071532261184726,-1.1271703270676976,-0.6228404729854158,4
0.05183085631653962,-1.3076095575280204,-0.8485915156004707,-1.7917024495556657,-1.278887970631271,-0.6271888664495312,0.10976956313600489,-0.04356659377151048,2.8004121673486204,-2.1343035436347844,-0.7059809338069446,1.591303361447537,-0.6011085386039124,-0.46746574659687123,3
2.565188648461448,-1.4264669244846944,2.5057344543678095,-0.4046425518799471,-0.625641123206017,-1.4126966135641148,-1.9155906543760755,1.6599090489694754,-0.7403176004382716,-0.02968193983481856,0.6163988790740923,2.4166659721208616,-1.017230781631455,1.4215073664850553,2
-1.7108344092557553,-1.300681257666331,-1.6618796693283162,-0.5558262504307987,-0.8468030525895998,-1.4206332696505433,1.443398726306507,-1.6902158862340786,-1.5541727150602673,0.6835157280684109,-0.2684025806678226,-1.0552142014925079,-0.2574417722772576,-0.9949371342975978,2
-1.7310254099922748,-1.285454086024618,-1.431226384013836,0.2798627648159206,-0.6959608707039387,-0.5439240164367141,1.74745182955184,0.17606481525866607,-0.46431483297285325,1.4592985009021306,-0.21924068134243227,1.177991295357135,0.9767138701177822,-0.08274179534101488,1
0.7332913711775367,-0.9312590077043353,1.795758062324094,0.32692323909946586,0.9879324486390134,-0.8530580053054433,-1.2269335375166244,-0.055429484755911154,-0.3095379155821779,0.14555963051959017,-1.1284825861607124,0.08669307189345345,0.8308670033163233,1.6635041323812567,2
-0.4400676968555294,3.7622557230407634,1.0034025485759601,2.858539007699241,0.3994171810024931,-0.06591026443288232,0.1305241480051897,-0.2538846012194093,-1.1283757762839512,-0.47430560724886384,0.2970758658996663,0.1631788782162397,0.2451649955582706,-0.010309999791565267,2
-0.9442313375360367,-1.1496136483354717,1.9508504617979496,-1.1244306720362338,-0.5152352065285628,-3.0246966615902777,1.3924639865993012,-1.8800057312262894,-1.6773742299018806,0.6657954356959355,-0.13055935457797704,-1.3664405961447397,0.18092135974504714,-0.13689429242823947,1
-2.006136180737624,-0.8340427876507498,-0.6318911646410075,-0.33997458360332183,0.5913852837174829,-0.030904747645154152,-1.0050554423629854,-0.393148519002267,2.448095718882822,0.3431203417624203,-1.1700255726684041,2.665509557538196,-0.3555644961080806,1.1407289122580977,3
1.0237645386542984,-1.081913184430376,-0.9493928788032842,-0.4831318099298586,2.431271831942187,-0.06170951341918709,1.7196664601183962,0.9818824363640232,0.7237923019865402,1.2690990136513585,0.42590533322818025,0.40694349720776346,-0.11715783900767333,0.7727144211633884,2
-1.9604258631686602,0.2891619545048376,0.2986443487267894,2.2041606528320252,0.18261994490077693,-0.5335375294799127,1.1581535258667002,0.22823407832978554,-0.39685406312716226,-1.3592270370221207,3.6427666322695926,-1.3574975811108596,-0.34573758170310354,2.61284104852741,2
0.10173770743186622,3.6455019091083525,0.859698893547345,-0.421635287978807,3.1787556126462966,-1.2141052356205706,-0.028775975328087226,0.48034644981365904,-0.8573681632993719,-0.43702844602318075,-0.03247413424502575,1.341851794105105,-0.21049868007515357,-0.42111182229281874,4
2.775171131598891,-1.9862841164692864,-0.1979859032503639,-0.09801417418429319,2.653924479244232,3.2629261597346275,2.561651838771225,0.5079966520780501,-0.4154318334736691,-1.1489953060709008,-0.8101353515620444,2.1223051427229014,-0.2415941756650128,1.0252287104102424,4
0.8971769448366085,3.4581085302272387,1.4962783685992553,0.222397382933507,-0.2379913616593277,-0.03321629915217301,0.2804708135445853,0.9265363268267448,-1.8638362143499836,-0.8166926009366693,0.5574645488771376,0.3900258862256456,0.0925080189798275,0.49365817831420494,2
0.14382427793622,-1.278513267368675,-1.1054268289484976,-0.42410677655340007,0.06464706459118699,-1.2554790958364417,-0.3003581014363578,-0.06542851438643378,0.8360885298113233,-2.0515052385338906,0.22383376934984045,3.9014152645528655,1.8982992381473467,-1.1208039694934542,2
-3.0160019643525513,-1.1099173103825999,-0.8390762666630215,-0.6145350398943978,-1.4379775395016954,0.8728160802868341,-0.666646226907224,-2.64128261161395,-0.5199777911275373,0.1622807928307881,-0.38166426283255034,0.1524546285128271,0.5649288811915663,-0.3404172218604172,2
-2.83474821041311,-1.3412959534641344,-1.3328305693649387,-0.4153807490906431,-1.527513205400796,0.43990006478872623,1.8860064442286424,-2.1794378307075664,-0.35847662577626865,0.6759255655067574,-0.09014643272367087,-0.5696823188064736,0.1946170150447211,0.29210396937507793,3
-0.6000967205830244,-1.3430122658221666,0.6965793622378305,-0.8270155881372104,-1.1494454255735183,2.419130943495475,-0.8978909679874438,0.6109767463022129,-0.9204704177841863,-0.6698133826621923,-1.2337289603697523,-0.45797627915108374,-0.5867944107311855,-0.10567548580526201,3
-0.8184388889981805,-1.1939469424650355,1.5976441203749443,-2.830521613058886,-0.24136655419958014,2.133072030555062,-1.0673953769799085,2.6818776147951504,-0.13076484180038211,1.6990801454485942,-1.7001475210488415,-0.1757608865325638,0.32090690007426925,-0.34955391830530824,2
-2.9639050682808636,-1.072534617331726,0.9856897241841828,1.0702143065331546,0.30321462681495565,-1.6069493176950598,1.015319475685241,0.5180993864550654,-1.1978457901881314,-1.4184017496418104,-0.586129735236072,-1.533735880578213,-0.3705013513776212,-0.6221074792261404,2
-1.4504683039678865,-1.1460505234468217,0.4519810670154269,-2.592784889257425,-1.4459854362367444,1.230581217995351,1.7967949274809545,1.6406876210156207,1.2481291806051862,0.9561056545019896,-1.1364446112658633,0.21043433935441933,-0.07655155962920153,0.04211603085938591,3
7.675499356167976,1.5632309894862657,-0.8940933759801338,-0.059587493500803265,3.1181218477968895,0.116746192953455,0.2972182085906391,0.4091809755818783,0.49540264254771793,0.9687512327572856,-0.11592281983312025,-1.0599418089685457,1.7015476987214997,-0.8881821925647467,4
-0.5374161108157631,-0.9402778295656035,0.80695986220538,-0.8467623823371312,-0.5104359685567464,2.431158065273971,-0.6760099531646414,-1.0597527349964526,-0.5296823520608395,-0.13223414116541174,0.48373838279079945,-0.22081577129031793,-0.43281432802603814,0.5279564077362171,1
3.3479281037186235,-1.4900413479446495,-0.4053904975835008,2.9048196602963716,-0.4182243346186651,0.7523266657044457,-1.0980171423483978,-0.7190582186039538,1.4849921622542233,-0.46101543456908334,-0.7625259449691781,-1.4681827774868719,3.234332489755301,1.4234639008206544,4
-2.2758731845465943,-1.094783561023065,-1.864202979542554,0.03652155367475657,-1.4146695302994825,-1.0725426954597401,-0.21259263385735377,-0.6430334942316561,0.7659631068855312,0.6128294655899169,0.8229235427976228,-0.6398353735152955,-1.459330347610829,-2.042320402328461,4
-0.6829736183163067,2.446447140709133,-0.7891552875141066,0.4084755672391239,0.7447824611659082,0.045625085218149064,-0.9509013716936181,-0.9644742161345796,-0.44890445154091,0.4585693589972072,-0.05553182589930758,0.40522564674173955,0.14229526025677253,1.2950360966068866,3
5.52632889826886,2.4175458725512007,2.0066141342661257,1.2688485664309108,0.9933033282095998,-0.5450940422119316,0.23762776336547817,0.5719608913282103,2.189275274195649,2.186559270996931,-0.15217985042881235,0.02205338535512425,0.4389883201674087,-0.761125929424776,2
1.3736256234530202,-1.0535473507920037,1.327523064452903,2.2373786392185857,1.015196711845183,0.27336964060597446,-1.2599961264799275,-0.0798266796617712,-1.5544841297174354,-0.3173157230358731,0.6037556537304973,-0.8308322503503071,-0.7672510303661867,-0.4876810479193197,2
-3.795738673449913,4.0380713214816355,1.8681628712561194,0.8679829658599686,0.8699490567977337,-0.10652689310976346,0.604945134470836,0.47761414998873897,2.956225684285284,1.851674141131494,-1.5649667322369807,-0.20902413132890124,1.016244265216844,0.6841948083293518,3
-1.882510003584271,-1.283092021958276,0.715422928491152,-1.1962991410474793,-0.9804717208717797,1.378740165223527,2.044511134629648,1.7290886526412346,-0.6654695077237432,-1.5096997693735699,0.48014417641752755,-0.8255243905163688,0.7728357863881482,0.04572900562447649,3
2.919731056785904,-1.6820473724696507,-0.7008872394267605,-0.4266793986053397,-0.816076071836333,-1.3355797945982393,0.09423742243047795,-0.7533977616802229,-0.4565018787235971,0.8732392749146528,1.4361454802925777,1.777589030351209,2.1078206928945558,-2.154207676785483,2
1.7692580817034074,-1.2984572800043976,2.4441269690548815,-1.429622977470831,-0.10110720317854395,-2.261957973259821,-1.9354502664430921,0.4724505756582683,-0.20166653320398722,0.23677991292666925,-0.04046350117584736,-0.399675592075335,-0.9166863287222311,-0.3449188606196898,4
1.3085680606085806,3.6948825523476967,2.4781579788844224,-1.3586552807340386,-0.4602252381969157,0.8257681196411926,0.8448394599079501,0.1352044908602815,-1.2013967904897278,-1.1890213273686099,0.4422677548315476,0.40259031943366175,-0.05341689158254058,0.23128914955817248,4
0.012319141473806184,-1.4137156858693727,2.529249373064135,-1.2915188455289595,-0.7166365604088368,0.7668478604692457,1.7455206474039686,0.09601623880772563,-1.0393590114948617,-1.0627619698905257,-0.41904837222196883,0.5009833047757023,-0.8105984154960738,2.2192786299867553,3
-0.34923607163251386,2.333995792921314,-1.3588422145628871,-0.07818113985290712,-0.17211456844324222,-0.07128604101419031,-1.58041703876747,-0.4207043424945891,-0.395616489166853,-0.4080179525152695,-0.8734379941678067,0.21455645682057142,0.5097077105873212,1.192773632578197,1
-1.165940870058736,-1.1704565190959715,-1.4215823379347723,-0.20291800029234688,-0.7587921502959567,-0.30740381352003754,-1.4581167870340317,-0.9064905742665962,0.24673031808843165,-1.4015207584497384,-0.5663604168356778,1.4314349541799398,-0.8444169666080567,1.9032078360082967,3
-0.1812021192746164,3.8339834643068897,0.9172735486972428,-0.34478408139971367,0.10329562665066719,-2.3068454563701684,-0.06963500280083196,-0.5570739048209669,-1.3248773293796172,-1.004342285028064,-0.1717113791116913,0.5801619523593103,0.11436968617899848,-0.8412233431007234,4
-2.5565735801206335,-1.0283933224002073,1.4917895892396258,0.8738482081058478,-0.41212225914338496,-1.6256475754789441,0.837175949943592,0.9121431863760291,-0.3774356196143025,-0.3171314840399146,0.7255605556716782,-1.0645266629067731,-0.7593065853287884,0.6991992684411616,4
0.14609428579629338,-1.3527431371097651,-0.9033077372985212,0.8293014590690092,0.33703188994109234,-0.46409486097457053,2.0251557439716272,-0.12351526575540403,0.6320812859020754,-1.5022831311348672,-0.7779715759453755,2.4693581993507157,0.355538563863861,2.0247793343179192,3
-0.7389331477600325,2.2009557532839428,-1.2353028755372701,-1.660666928317621,-1.2837153339552438,1.6996733667847983,1.7015614107835875,-1.0058148645458118,-0.571399221589232,-1.070986793101147,-0.6356782942260267,-0.28009202080001383,0.3590924409159992,-0.06871687505403594,1
-2.6667990181939705,-1.0371241435350795,1.1217053572753204,0.6111007518405553,2.674456260840298,-0.2164442461173675,1.3533451594640755,2.839267810772623,0.5481957867893494,2.800657646939819,0.5359908851815642,-0.10592174611269085,-0.8796500729274371,0.4007059798261913,2
-2.7701997906507128,-1.4657241644033598,-2.793449322127881,-1.3888358139437231,2.798120268602235,-1.1223881019278668,1.7437448727197653,0.0256587243355955,-0.044544874680507884,-0.9240796630975775,-1.3937161047761684,-1.3193174932986107,0.13795742876561076,0.15488778939482686,4
-0.5926110363098795,-1.5019422697588007,-0.23822848430213045,1.2746750069219195,0.19684186052984115,0.6091661163756833,-1.4523921333619814,2.2520473973041857,-0.6027070564978448,-0.2299617682751291,-0.6594530603908119,-0.4008285165243095,0.18844370310929098,0.014169273449971325,1
-3.329979522639201,-0.8660569111883433,1.3337384954652918,0.8703193152086963,0.19087252188903459,-1.7222237895639754,1.8982571783337534,-1.8991005877799565,-1.1819117777041368,0.17862707181173373,-0.5866345555342236,0.2086077266870141,0.15249914608125076,-0.16426006733946152,4
1.4199430132718562,-1.3580974510362163,2.0626098251894796,-0.22150741085975495,-0.164004082850553,-1.9671012291483223,1.2452067603267514,1.1901389423203454,0.06256601100242834,-0.23701493098664028,-1.1561621408591296,2.022725847435848,0.11783658869680716,1.7349437373035783,4
