PC1,PC2,PC3,PC4,PC5,PC6,PC7,PC8,PC9,PC10,PC11,PC12,PC13,PC14,PC15,PC16,PC17,PC18,PC19,PC20,PC21,PC22,PC23,PC24,PC25,PC26,JobSatisfaction
-0.3209406356478609,1.4076358751777496,-0.43227000300058604,1.9613703833767973,0.30748157756084327,-0.8622195720373543,1.1102075162267662,0.23230381535620184,3.25139919745162,-0.027800078413569705,2.1945461629609886,0.09289972180505839,-0.8848405725083196,-1.0636578529176226,0.21403458644217505,1.1942933704370666,1.8684743876199572,-1.0316406181532454,0.3752845588297507,-0.3193583712520578,0.07495372286225781,-0.3050654589246831,0.4391156320239307,0.6306252058434582,0.21685484386116669,-0.6623579627291898,4
0.5761139924661288,-0.9138233257175243,-1.1406306588560133,0.04228265861053218,2.212431045243175,1.0235995969257061,0.5420535364630452,0.8995675595687258,-1.5216449752210623,0.6736758713079608,-0.2758915798225741,-0.39579347155155914,-2.463653691584557,-0.020846524545232874,0.5631782307275741,0.019222963724737842,-0.9927009916750112,-1.1964486764807494,1.0031150445688872,-0.8593633360455474,0.5578271860102543,0.5083326315668277,-0.6196697649222305,-0.37363191328526335,-0.26726997976073896,-0.18691635358538097,2
-2.4950431391130428,1.183747483703071,-0.8225850671895191,1.4894224490271633,0.10292808857297256,1.3232596733284003,-0.5862539446707858,-0.9171005596294044,0.547730014923931,0.6962530764736603,1.2896770407908804,-1.9116364305103324,0.9207218661353075,-0.628680859455183,1.384167608993319,1.233565942500059,-0.010617478192218399,0.16764624104396653,0.21666938917037334,0.1585072194059069,0.03213899000179474,-0.34957867755212824,0.2784541829990331,-0.343636338279528,0.7156224895619091,-0.6149765829038716,3
-0.876738944848187,-0.6036221922589137,-1.2109479103967045,1.3832724327045087,-1.1265547532608204,0.6912872847964904,1.0089037907164946,-0.5581919980383103,-0.2847326174633516,-1.093379435403293,0.15233324759531439,0.270148422888485,0.13895758655614351,-2.2077866178201226,0.25622949859357347,-0.7004207042863296,-0.6840268792936876,0.6069638068996575,0.2278547873244815,-0.8217983794377206,0.28003470488186516,1.7192052535627023,-0.11010796750901926,0.6851236305410378,0.7987058990661873,0.2338475339216402,3
-1.9000643972751812,0.6644461931404072,-1.241406895158104,1.3725381184755774,-0.5888614019732601,0.8670268832571264,-0.5560953537827482,0.5244725998250757,-0.11855482771748724,1.3143162257313319,-0.7437215360142717,1.3375926027661629,-1.9353884498969693,-0.21667186120160858,-0.7624857706106098,2.625472621662585,0.4881723945044207,0.21603868328647735,-0.8803851870372457,0.5404677404291606,-0.5492813717030666,0.17111900553439247,-0.6730821843611604,-0.5224211063195241,-0.01010391461007095,0.17737383225920098,2
-0.6627397222702566,-1.783239658770584,-1.1382388847689753,2.1874816543068767,-0.4248468232256936,0.3025071248766444,0.8483848020916805,-0.19553116510383908,0.9042232102669454,-0.243868775809559,0.8889077832833966,-0.7864886796518602,-0.417229454449205,-0.07219515696644749,0.91330538002592,-0.22384701248057745,-0.3704008122465147,-0.1652305262946684,0.1584571775857243,-0.7704098930407451,0.9182349081235812,0.2924189845817602,0.09930682001552393,-0.6574503302375908,-0.5027184857283599,0.09162964406698841,4
-1.3164342153700528,2.122722966398478,3.0356231667700944,1.7143810785254487,0.9811232574166491,1.864444325443526,-0.22358165814069805,-0.8072796160072135,0.45933434230550024,-0.9782916487105772,0.27981597342144365,0.6059967495091838,-1.4105123104156247,-0.369890260100114,1.710585253463123,0.21408144591776537,-0.7460529004613252,0.20815192302280228,1.7921179201982014,0.8224862728576743,0.16755810546752523,-0.18442411951774468,0.43813900973603553,0.545475680824444,0.13058357775459944,-0.27155342548287575,1
-2.9817373771786184,-0.3720193990983208,0.486584745941398,1.0711721806470198,2.3278410889363017,1.734502572010507,1.5751498042790792,0.6229580462816201,-0.9354799749943788,0.2558451248371198,0.771388829299797,0.3183810492761374,0.9792276339154402,0.31299697878789645,1.3190464073613393,0.3565957801889032,-0.36394831182591725,0.3743267196732316,0.13104824684374533,-0.7181666614909379,-0.2508733704527358,-0.6172086169270846,0.10634927195651425,-0.5685027437649166,-0.2389736125263662,0.28369115995702315,3
1.092116136125775,-1.1413784174420247,-1.3178398708228527,-0.3356583372262503,2.4652380574220896,-0.48620098930451144,0.8740545727082746,-0.9284388499799104,-0.8192591826912761,1.0063967669002905,-0.2870764719911038,0.3499939241696594,0.8392634864498396,0.4660511919182847,2.242548932392274,-0.4960071339969489,-0.6043026684710152,-0.7500494017094429,-0.5288526946364153,-0.8792016923858021,0.9153338772909738,0.11736130282842856,-0.1096206855185446,-0.435344833570102,-0.8752253877606314,-0.470309817492218,3
1.2067802755202786,-0.11152725233524721,2.1762129024231207,1.4376489148660279,0.0039912211654497,0.27681801170798925,1.4278826271884022,1.2938842477364518,0.456695246321543,0.1752423632727436,-0.4113122964727187,-0.2312185705298359,0.2514959415097475,-1.6854805804442892,1.5021651012331327,1.5424752867909606,0.48104765805475913,0.8067375231012491,-0.5100108214590274,0.6569173170560534,-0.2844402729356644,-0.09988806748619604,-0.24586859654264775,-0.49106484851299714,-0.2806752472030437,-0.01988891812007891,3
-1.5376710162430693,-0.7594547394370317,0.7512521975954103,1.4073670073217381,-0.6312959573093142,-0.2850523920839449,-1.3856428228298534,2.0195326327585055,-0.7523544894271771,-0.7589978317551554,-0.3992146205366836,1.4157325683289466,-0.2528300410025258,-0.7666676991911331,1.2882917996373864,0.15844085551979262,-0.8486709434916354,-0.13848887681669772,0.1516414833753877,0.6675958394199004,-0.4871897386093992,0.38498749612316036,-0.3374823022849586,-0.5890710000276626,-0.045209609328662644,0.08646449873289729,2
-0.2894552594085009,-1.6966576433417802,-2.5175656352040146,0.25043998805012235,-0.3824977159880907,-0.12457292059637641,0.803044324921624,0.3103047186845202,-0.4763744745172363,1.3297069544765356,-0.818082789953649,-0.14335395405369897,-0.011458749710322787,0.2791103731460059,1.5986264585865755,-0.1281193440467155,-0.7090691311542542,-1.1853998514629354,-0.5590864547315529,-0.5172695839704669,-0.19775429072761552,-0.5992344843187126,0.06693564593614267,0.7108257854317908,0.15855283661306885,-0.25654212231941526,3
-1.599418686207644,-1.1607530865674256,-0.401925685384745,1.798714943889524,1.7001100626218182,-0.44977707108055476,1.457444294699293,1.3880960026655216,0.1574312329658613,1.700914260166495,-1.3823455524835213,1.8995743482367187,-0.5048617065965685,0.6506902423507029,-0.3480110474133669,0.6956884320155026,-0.5158225060219035,0.6398129043271293,0.28919221975943293,-0.6928641588781348,-0.44720528053992836,-0.6865431700553023,0.2596695379742652,-0.2698613494361304,-0.17059046571331704,0.28539569866811454,3
-2.147031165826311,-0.5455835019224206,0.6771629837832811,1.9948918045904187,-0.5118646021815345,0.3157306601231128,0.10182264063807471,1.5687416882135043,0.073837526072844,1.2406859812838757,0.8150621232621529,0.36093171862788676,1.0694567191597524,-0.5604048926252283,0.7661225830366919,0.1136863875989461,-0.9064007670012956,0.34645542939591367,0.3494907839654155,0.7091500631088312,-0.14409212590547238,-0.25398126752143263,0.2462271706403154,-0.6192841113800529,-0.5815275474220469,-0.05549503553293192,4
-2.0092268132980533,-0.2529823691072187,-1.4658080458377867,-0.5775529893771383,0.5646885390605679,-1.0599905083545975,0.1795374112730712,-0.042681480952439226,-0.24135239573143294,0.8709572026090491,-1.2475950717469262,0.27856450725908694,0.49002655404321677,-0.8359528197670262,2.263362802725492,1.5837725851588627,-0.04632805829342024,-0.31426503622727364,-0.7899985553722008,-0.635806766870392,-0.18074696750293043,-0.4546762272700286,0.09187204293070941,-0.2653199896253171,0.918877837327209,-0.44543969134626943,3
1.9434878912198754,-1.383401760886801,0.6403480698384886,2.450825000577476,-0.6221971430996989,-0.5253215437696126,0.9905788174294685,-0.007429746482132289,-0.32954022706748065,0.4899548392453208,0.11946762987023465,2.2289026825824823,1.3994007678482547,-0.863078561490668,0.03500644265620223,-0.23360033569793456,-0.03983670459157241,1.2319568378017096,-1.0700654244179657,-0.7534735858676443,-0.44086739416107845,-0.21024313693335667,0.35870577556150557,0.5470659015167202,-0.9631677780347108,-0.2749818944448471,1
-1.5236124101755097,-0.9766756476627316,0.48207097733666726,1.686895636171148,-1.1409771070180754,0.06089408939715493,-1.4068718011830914,2.072040839905433,0.27029675840164163,-0.21618433666452455,-0.981666170707667,1.1689942784454013,-2.2948003552868337,0.4326388936879157,1.140231304415804,-0.34675830615088465,-0.48657365972327454,-0.4425310545395061,-0.11198023609673538,-0.5692911317517352,-0.03456738955109899,-0.8320279214027558,0.4722308312276518,0.05115732388675923,0.787633991719488,-0.4061553389588509,2
-3.1136933600981864,-0.38721818727327384,1.6983391247392265,1.9636712310488817,-0.64559851755729,1.0206710727967658,1.241362862279868,0.7824173239420852,0.6675798722735482,0.23384647274347756,0.8940174148441314,0.46567581704779154,0.22134996463669293,0.624677297895213,2.1078289627141267,-0.330261213812161,0.16108409372824425,0.7572570164086786,-0.7394607952903216,0.6279378412922845,0.8318589124318171,-0.06257433996264275,0.4183226443672547,-0.3802985450309587,0.3043947890853697,-0.21767601052855676,4
4.87592983098682,0.8226864786969391,-1.062659037271377,0.7682120232857947,0.9205357708834396,0.012397109761097652,-1.4024387300499503,0.8896363149257793,0.2809399432886563,0.05475225401867972,0.7495066782902953,0.10835897206733316,-0.08325879119012043,-2.0979640675322884,-0.3407262080909167,-1.162148870533907,-0.3496525880348807,-0.778159001137785,0.6048942973352512,-0.30172127076518696,-0.5252591098914411,0.16818852155054242,-0.4407809620540281,0.44079325911044465,0.8684195908966752,1.4229604608159634,4
-1.5703192982130147,0.5167329472665523,-1.840321412912082,1.159325880134032,-1.2660864361461726,-0.08600663921975714,-0.1491531610847519,-1.8133085094480237,-0.08170319419958173,0.4793132370394161,-0.4245112780188372,0.1739774292743033,-0.2850461250813563,0.3203367750860728,1.6020783971065529,0.83707590475982,-0.2823681636572931,0.020801763449817694,0.04226708682486332,-0.6438126162713157,-0.28404625503694286,-0.2934477237697387,0.40967894520415926,-0.056279659433040134,0.5225797434077077,-0.5095825381289592,4
-1.673927888473329,-0.9151577479649552,0.532803072586179,2.2512987479998103,0.40185667361492733,-0.011989251469722902,-1.8841906645275268,2.266236096741854,-0.2706973330153315,-0.3970374139362509,-0.4486296119263834,0.38350261779368366,-0.8419381630997864,1.0100336044269809,1.2618737748334758,-0.5405102141136372,0.2761180724581949,0.2999035173622365,-0.8992838181794071,-0.09242810052178166,0.4252290747452876,0.08243243916732379,0.06850734876288098,0.5435672036779777,-0.5048617995367,0.12452939026366773,3
-1.210610246078753,0.8715916002165455,-0.10960999037953165,0.9868737606087061,2.13516822607995,0.08995215983818662,-1.3344831210553056,-1.3052751923727515,-0.8066060991274063,-0.2478090770476447,0.20137332915420408,-1.5472371315437128,0.8208868517336396,-1.5925977346499545,1.151625812797861,0.7289059498442496,1.3116719767225449,-0.5331170134603658,-0.03980954111864391,-0.5401765754465724,-0.1004574854793109,-0.4591064412481638,0.19276354794385667,-0.4388201003137306,0.5778728453030709,0.33812830821632334,1
1.9277935207282613,-0.9830368902377513,-1.8420468975471767,0.423745070825002,-0.4773402670393917,-1.146434936706023,-1.3039213032200112,0.8584247761569587,0.08702153570231706,-0.43232870135733015,-0.3579266110942794,1.7740996384727723,-0.38350511415617494,-1.210597164076155,0.6038204348792093,-0.7415733766623275,-0.6297322148015746,-0.6786535183157836,-1.1790094057825578,-0.4718195042040895,-0.17698747441424595,-0.8487334981334315,-0.15824605530398794,0.5845251865837774,-0.6010529053803435,-0.3086360313102275,2
-3.442272295986248,-0.7034370090144741,-1.5228096995754805,0.5530587358835145,-0.5825934006708844,-0.11517831882830905,-0.8378741889911244,2.425019294433266,-1.2087662127095258,-0.6471965529482381,-0.389534189735401,-0.6914459502700732,-0.41306470038043785,-0.19859574190356433,2.0338329590233757,0.06970172423651834,-0.024482719310445385,0.335787024790678,-0.8319235714857703,-0.7476058708226173,-0.4343085650431927,-0.33410433071235757,0.2033513531346451,-0.3015677145442916,0.08802834628144313,0.2009220240831183,4
-1.7586575674360934,-0.3924246899568203,-1.5431738333107494,1.3646380188142564,-0.4609699744923779,-0.15663439284860517,-0.0021861329645050803,1.3115184275917067,0.3720780412272328,0.6841503983129665,1.3949953655886258,0.35414582928894545,-0.6600641972180047,-0.09454157941137462,0.46275949881005446,1.0232925286201298,-0.6689476233129686,0.003568906349421116,0.31384480289620753,0.8316147706795926,-0.00955228394453278,-0.37038523032018195,0.3810853385177247,-0.3376806488897961,0.13184955534228027,-0.004067547710249407,1
5.164830011403961,1.1615377599814931,-0.6212884436293941,2.1359816720230294,-0.7052489649891871,1.285007641355237,0.07313845463801173,0.34194287883368235,0.8559276942299158,0.181015182761395,-0.6299505162177896,0.21408606441959416,0.10332935054395338,-0.04713606308872954,0.37231265085083914,-0.47701171512205764,-0.17080894376371128,-0.5258597965866458,-0.6139981606824182,-0.09181230036803523,-0.45591706246334607,0.7204995942244782,0.8599018832221467,0.2152946640460464,-0.7562930265984593,-0.3122585237713241,3
-0.5414385998873686,-2.1653376296389313,-0.992343124131176,0.4946815125455328,2.959429767212108,1.1176707294895547,-1.5945749837586873,0.6460951357221255,0.05453804652946918,0.9851149981301285,-0.3564426812252822,-1.6695775985290053,1.0156033587523337,-0.6915614204705214,1.0282411623914316,1.3722809137579455,-0.4620442746506095,0.750714549029489,0.44590819955018535,-0.7741938520187209,1.2835062028510305,-0.8124630698521198,-0.1959515540065162,1.0127395460206126,0.7685018285283258,-0.32653338346599997,1
0.6230237334456306,-0.2863786647678881,-0.8880131369392867,0.7250568546524881,-1.1570638967451397,-0.1671604513627803,0.8268262701713294,0.019275335835342543,-0.7345477480657995,0.5709668119521359,-0.57140552151716,1.4015250174773288,-0.500550161180654,-1.1981780198743526,0.23352224771016847,-1.578891072164181,0.68320931629343,0.18699496564241735,1.282717386632937,0.16997385708963228,-0.7885906446412619,0.7273852150031929,0.07708093754455382,-0.6048784067911395,-0.09794917728402386,0.27069233925272995,2
4.192751931971965,-1.3138913101242735,-0.4684997227117066,1.1867961683550234,-0.09828327605248584,-0.4063478950098726,-2.1230361595480614,-0.7392162769226138,-0.19401974798360466,1.69391038349793,-1.9988240901476961,0.3938832277645465,-0.43379735525874774,-0.6764784931301487,0.3933140688123972,0.3056102626298968,-0.7309799949601258,-0.9899383486563197,-0.4695771735527983,1.0241765486382326,0.015716435498846434,-1.3371315057875854,-1.409823265439907,0.8094833248198339,-0.009637244585653003,0.23697268993846962,4
2.193815324065558,3.3508563942351395,-1.9379689757401743,1.0468590367099926,-0.23811015109901013,-0.7619507190307412,-0.28885577276911034,1.4648984839210388,0.7841694689953072,-0.018823309999795052,0.6260365391732616,0.6215957154734663,-0.5378942555469455,-0.29394855315142854,0.42373842250912586,-2.2626788495161296,0.9486703452339309,0.565778068652892,-0.3198397169134895,0.23900304672005343,-0.2269850573140651,0.013572806915585513,0.5003429574889802,0.3507402746230837,-0.7279388020830269,0.0908772931158064,1
-2.2979016540421906,0.7947712172480791,-1.281605731404115,2.079872335477101,-1.3471029753785184,0.017394467890098055,-0.7663847244449484,-0.2619186481668598,-0.2962750875206137,0.4675995863017696,0.21014753003671538,-0.5441968544255587,0.07000900760443421,-0.24202076140002227,0.7569122748989653,0.2829441193877629,-0.3350465623335593,0.20125152572930796,-0.26874483236333047,0.7221698466908455,-0.17396760673813974,-0.021404697617758282,0.31354946838471714,-0.6349836376913198,-0.2093725325839421,0.3104735236348637,4
-0.40802517974070035,0.8766059012537629,-1.5535258943575587,1.0003072303329645,-1.000629418085236,1.4754145010859097,-0.06229972681019131,-0.16103027634971928,-1.99051235088601,-1.0390374851788302,-1.0588632757556242,0.5043006099958746,1.2637544720075313,-1.57741576918069,0.5632961389819245,-0.5562842507703786,-0.8990099197040565,0.09683598874765008,0.4191213854104107,0.06153414948194916,-0.6045091002399821,0.04361158350419327,-0.8577686695335695,-0.14851903121899626,0.5283383798104426,-0.808718349757698,4
-1.1401559834766364,-1.6069433588994433,-1.6514305698847254,-0.986924141510533,-0.1705479862946453,0.193869446183882,-0.5441959877061876,0.419756953072792,0.47896679071442894,-0.25235699698012176,0.39789584215395885,-0.7538970616706436,-0.39996352217051173,-0.6569749582676174,3.034741841377646,0.9131306891887941,-0.5955270102351025,-0.5070123721301613,-0.22218271833222178,1.0141680750488897,0.29826222422944715,-1.408831400121383,-0.6438103129349001,-0.451385379554162,0.12762151983729136,0.4146159591729043,3
-1.242639502337783,1.114915572158229,-0.6574816812878769,0.3477135990978547,-1.150247970011318,2.0169700747355,-1.7968591697223617,-0.6048884123519891,-1.472808119603345,0.02569612031978103,-0.8243658858536689,0.21903937402675322,0.8650813308513071,-0.08281928395337475,1.981101969673821,0.1391838997379885,0.3756779951790995,0.08322121940643064,1.010740600208065,0.0703984747530624,-0.2697138219920359,-0.0987785756606482,-0.4324269606050775,-0.28173669169621557,0.9712929266091926,0.6268709267881063,4
-2.568330315054158,-0.2781009970747252,0.5067389244361407,1.2970004610915937,0.6917867679309657,0.24875629474174446,-0.7939215681574735,-1.2964981517669036,1.7625143691457317,0.64465340608642,0.48092955270126503,1.0131943520108637,-0.41293396889706396,7.556168435542601e-05,1.0781739376762112,-0.05718938934463733,0.017294054688190556,1.2319400843046204,-0.3716453564882758,0.858243540879658,-0.22818829071931332,0.17582222678960405,-0.17900785700166227,0.03843947894335954,1.1811404851752585,-0.270885439084165,4
-1.2103182446975995,-0.12249697194054125,0.39271796281388854,2.343930347211007,-1.4040798323545824,1.7526486756822621,1.3446231841916645,0.8356839063544889,0.041241200026857404,-1.0469968168498138,-0.2240494870506742,0.29865559880478276,-1.6403154228699168,-0.32251461831057043,0.5153364609535936,-0.4969700845437479,-0.621380919612995,-0.23943449672772105,0.7061100034508949,0.7936176168503986,0.04235710287930444,-0.41462497747081495,0.6448341136183166,0.50055442200228,-0.5496893044012132,0.13599615232941928,3
-1.6721595676020466,0.20586274465040574,-0.6716630194247853,1.3909431660201745,0.32362462533353353,-0.23922324849447582,-1.6774433053944156,0.3328846551113279,0.6045266880919085,2.0035674777671906,0.9819455134802597,-0.24182750359272354,0.13333890309255494,-0.34828937554614386,0.2712143191868542,-0.1753110040265505,0.014711007367332872,-0.49635838901913165,2.4498371483668038,0.2893535040351635,-0.4783994790876857,0.28077837599131916,-0.41314770449085964,-0.10130023870504687,0.5101330126471049,-0.9543248092552924,3
-2.016706695260389,-0.4620166884847736,-0.24928357550399133,0.5904704034352708,-0.7330377824353193,0.3745611369486574,-0.45335971234953104,-0.5844920027179294,0.45215733456490714,-0.40023210222077094,1.8620194184841738,-0.2949878480734124,0.4063261449390348,-0.7894585223677718,2.140087373320294,-0.36137289227798775,0.9360461077744471,0.35385883292498305,1.216341961783839,0.3029044695230265,-0.5347393749673998,0.30427887407363924,-0.6804533170499402,0.5271369157893019,-0.3694396956682461,0.21812120185134903,4
-1.9335801538231434,2.0701863447988345,-0.1661803155396044,0.8700268121568773,-0.7182154146846295,-0.05383419274475297,-1.052534614738229,-0.457532706496891,-1.547892123358409,1.6292808105239647,0.0240843676354477,-0.6529791605126615,-0.6878690795502601,-2.1321996910860275,0.10964883366492517,1.002179298044177,-0.01824618899167458,0.032502635444718965,-0.6077135773361786,-0.6200882799989541,-0.6479906783006302,0.24996655190980338,-0.3208397352660822,0.9152389881961106,0.6702881188399212,-0.2013045850742354,1
-0.6874312156135536,-0.14065166334082413,1.1763332244388267,1.1037946588595677,0.45689243389608747,1.8991408796910096,-0.8936120786061248,-1.7658062353932324,-0.03547276447150223,-0.34325182869712884,0.40826610307118083,2.1879385471148636,0.13338639068287061,0.26226212171143937,1.0950607536014316,-0.37734745315425483,1.1821113553488207,0.06870678607465568,0.48922261431493597,-0.820090569065422,0.9830120611724497,0.255814523059332,-0.3200936680010073,0.5243432973160367,-0.11406903017671383,0.5778062091336984,1
-2.780078594386621,-0.06020815139013122,-0.6418340290097799,0.7506958884657434,-0.9868957179112711,0.5500409813306987,-0.4018186595708482,0.30504939076010135,-0.07001033517868696,0.8114286571839618,0.3616211436009471,0.3925727042274317,-0.8855730217155626,0.21927304122752983,1.4712587222082385,-0.1168744543144193,-0.5711173728382863,0.23128038816148797,0.4016993002829134,0.0987411966726933,-0.25500358199806555,-0.2579912271055184,0.1320425931241635,-0.5998287507224104,-0.3312905285697206,0.02158689358113275,4
-2.818339472925102,-0.02252785127504288,-1.302030120617268,0.8452066752999606,-1.261917891680117,1.9413489069076204,-0.4289605767995671,-0.31693820998427336,-0.9735939474565214,-1.4200986253790107,-2.0358876108138415,0.5327797139417225,-0.07400937256522347,-1.5466886929718422,0.6416410933348126,-1.1100671622059861,-0.3417714837642455,0.38839475590799866,-0.6154912397470086,-0.7306084719791558,-0.380916495400768,-0.3399929099281614,0.03499032580199557,0.372731108134591,-0.16952355233696048,0.4296226961070256,1
-2.93278664553256,-0.3681995324625719,-1.0872743892407801,1.148445683320602,1.3307107467370618,-0.7003182924395482,0.24026332339998854,0.9079152427604524,1.6660292597576478,2.0703208577869066,-1.3343980536113025,0.13759752869123795,2.0459138984656575,-1.7715862131318116,-0.23421191150929813,-0.14650543531006396,-0.669028522588104,0.21235673401873206,-0.43724629130969905,-0.5924312409944982,-0.30370171160371157,-0.5783770891586044,0.1142825233327691,-0.5134413797944526,-0.12464336432729343,-0.017660408395731176,3
0.748347071949801,-1.0762149728634056,-1.6810933404860018,2.104963136095602,-0.014549170061943856,0.11532019266127545,1.118984677283826,-1.614260161893791,-0.5460437789285466,1.4304117042175568,0.4961488766061528,0.8789141491096799,1.2506246571871007,0.7968028857331364,-0.01687835807914782,-1.2566861449514257,1.1506238012591008,-0.817506387806755,-0.5458062957093128,-0.8083949475499151,0.8810582550375585,0.32137075359527756,0.12570429540724726,-0.5090266342180333,-0.5295820595640822,0.045472002725836486,3
0.4328139215319213,-1.8462926337804528,-1.452624651041101,1.9173950997406903,1.766229838950453,0.41849732667629036,-0.19269582089699103,-0.7642237491931689,-1.3946769140818878,0.11730295962025139,0.526581086647961,-0.29523740497084144,-1.0446803606041624,0.6717735912486793,0.02782497051993039,-0.05635617109888491,-0.20716159908816179,-0.3124268863752833,-0.4521134971835968,0.5698064359122418,1.0547882695510853,0.5218159497471344,0.19873499308562503,0.2480102369397964,-0.4399122777576502,0.5397580176942857,4
6.305923230114414,-1.308676292688533,-1.3101863032963283,2.2026280394605346,0.04996395053160092,-0.08938306455752815,1.276762800504472,0.43602758359869775,0.020515803337278666,1.1972952215692032,0.736419407421156,1.2234609175275089,0.704767193983643,-0.6979226879393858,-1.201156362825006,-0.3308811653635324,-0.07531889460341001,2.3759522691698933,-0.4430256701111522,-0.05827731242543159,-0.9814134423648203,1.124780224564058,0.13084670753277533,0.34299491910953916,-0.30821364531576295,-0.23728680972598315,3
0.699453918735593,-1.5685678863707908,0.03572639917973527,1.635774549912384,1.7234367554955994,-1.430771289366662,-0.0027948140430308914,0.09458878117908934,-1.3157706891207588,0.29076344593812264,0.06256462626076949,0.3761775008532211,1.3759696158776409,-0.8688182746255431,0.5526257501846362,-0.64299292062281,1.248732254415591,1.0356294144281641,0.8430390507948841,0.15912065226175315,0.5022762458160756,-0.6010033666706885,-0.01961016569211411,-0.49613875358092957,-0.46615341619467393,0.06967817772789196,3
-2.2648858507796237,0.7203043349925209,0.19635293039881896,0.48310211258995006,2.496375790492384,-0.9164246244907576,0.22505620140900007,-0.2511525990072829,-0.22281451431692686,0.8703250083280735,1.3834955498424044,0.9579808340040091,-0.12853530963522186,0.4231212065216254,1.5907209927686496,1.240148487925695,-0.4771513030955275,0.27101579979613355,0.43375426613260326,-0.5548796697004913,-0.6585870027200643,0.058522681529013146,-0.6295820984455157,-0.2473653591972946,0.2049026681489418,0.4106722861891616,2
0.8537512201541512,0.47018733891637676,-0.08247204745815594,1.558921647009423,1.5087379199387378,-0.7501995769769189,-1.7709540623812297,0.7195621966410581,-1.1550230810824962,-1.2273926268030828,0.782617520959065,-0.3721064597246354,-0.32144406051355146,-1.9284339282135838,0.03997944271254524,-0.2709805294719574,1.1043742426654442,-1.4399185491474633,0.8125940856603843,0.19281676511362356,1.2530250235094824,-0.03903068392998627,-0.02984110368099373,-0.32625495389168185,0.41115827134980876,-0.6682672945363847,4
-2.7346409097635096,-0.23559609869565076,-1.0568817537487767,2.682918263937985,0.5501085463418123,1.6742869937497293,0.7694900758348896,-0.6797537376545628,-1.0897318542745766,-0.02700592555020272,0.06720590954561984,0.8858228137301645,0.42329606994471775,1.817426831602806,0.3284410239702687,0.13741638375530976,-0.5871548999549271,0.19042558711627508,0.7031574115450555,-0.7422473330354539,-0.6813164957827499,-0.14260126578636356,-0.8607388970567407,-0.41340153950394354,-0.22405009275854526,0.11692374359961938,4
-0.20332536251749628,3.481558231711027,-1.7652556704550875,1.0753629055313925,0.103958270995179,-0.6527719950233186,-0.9055412352981331,1.3282037311446373,0.24265122159617933,1.543325297675345,1.1208452045364803,-0.9243078330735464,-1.4579726680625302,-0.9043749761162018,-0.18136846454912575,1.4253919550278016,-0.366776718592159,-0.23195224536984804,0.15235889609880046,-0.5159642046273998,-0.00921041977255279,-0.44894233022548113,0.36899240718628773,-0.3126221161073754,0.9141860042811517,-0.26406686135154617,3
-2.1606453647316783,-0.4074960585920214,-1.010394480085342,2.1913182155884114,-0.24240399190215464,0.10991740174015704,0.08991971731289025,-0.7945400514620038,0.8832891676879647,-0.6960022639333847,-0.6440432433739537,0.22917207497789469,0.835680589545746,-1.102362976943288,0.2709898000465625,-0.8307284591263909,-0.10282541412150198,0.7270958552347948,-0.3810653532639337,0.1932708712119161,-0.16021081813302138,-0.2372432715788336,0.323153770910661,-0.31776626513833045,0.5279607813580293,-0.832857002378436,3
-0.2949616614579578,1.5804198054195011,1.22549256902647,2.5990356162155583,1.34919876924604,-0.10362075686335705,-1.081254974776633,-1.664899313996946,0.06664963628682978,-0.017664877308699714,-0.04824068565454667,-0.26237914745107116,0.07023234187481751,-1.063494801886005,0.005910356894753944,-1.2387913744602688,1.6372830472291902,-0.2555586573039239,0.6807205147923894,0.3434943907638657,-0.08687084033903895,-0.17038178676825744,0.45879320885792874,0.6415157552450061,0.09845180547872458,-0.4312762233675029,1
-0.27131769988925347,0.667121465410963,-0.4439620438918632,0.711536947772828,-0.0532518019365462,1.5256589625509538,-0.30176379764258054,0.9419080095379081,0.28864608326827973,1.6117508078862561,0.2853404365478683,-0.31297503831615187,0.7077389370931283,-0.1293159674035749,1.0180783920242165,-0.38732962945414245,-0.37636964777259957,0.7074148573351677,-0.3695231528304999,0.5991824436181182,0.4626339448719207,-0.028704352345394844,-0.8113664622820044,-0.10732600125246718,0.19764982963918806,-0.7315354311123756,1
-1.7746166434558572,1.2746049265938886,0.03651748243481973,0.8008885863278425,1.8471256697988037,0.7981668123716271,1.860729171812973,0.4281410294058526,0.06406492795498124,0.724040357846203,-1.1325292548332566,0.32058116764914923,0.7875794496532089,-1.6311493881749601,-0.1713237715791617,0.13589896321302428,2.217772921195302,-0.22146429818136076,-0.47846255804269683,0.16257130859023441,-0.5944817291595883,0.4044438520340465,-0.27383252180140605,0.6450206839155316,0.4694589275919332,0.0070462278846549434,4
3.5314777476529473,-2.311456654111841,-1.1875802095217092,1.6325852766653783,-0.3208531239760361,-1.179712789995151,-0.5776889934264365,1.022481094708262,0.4715673102052895,1.0138384053410967,2.37869576926723,0.33772729673737567,-1.1648744086717264,-0.3544805453759495,-0.07601932763626446,0.3159714634804828,-0.05172814765029389,0.1498904829093135,-0.8134424313508305,-0.800778958969805,0.8324576261084934,0.6696967042434313,0.46827446895113717,0.6382935907066434,-0.4745389664645857,-1.0993374711046162,4
1.2403254598505629,-0.5275854718022447,1.0077867884483505,1.6776662503156576,1.7854940075000307,-1.0130174383077446,-0.42648545688143497,0.14721993386579166,-1.0227931798396732,0.03318445099095787,-1.219668890696444,0.29557511054628616,0.0814775185845062,-0.585775632273815,0.6755292846963871,-2.0868728283036795,1.318852898426453,-0.8508022683992202,-0.4944088607540126,-0.8108261742746671,0.5795673937578694,0.6722783919526745,-0.7229500258995316,-0.47646374093309585,-0.41334086379757357,-0.2603844095082536,1
-1.6125550098111745,0.23846061466771443,0.08746984050742922,0.948023008469585,0.288235254043815,0.30679088778916314,1.0659813216739875,-0.3547721236169661,-0.974312551434339,0.10657462604194165,-1.7447743621759455,1.4629969876607563,0.9304680090745054,-1.3413355975428862,0.6385534961212025,0.2195226545759231,-0.5051174971567572,0.6059927689399348,-0.11404194954586885,0.6727297800304256,-0.4748372924586571,0.22121476086076536,-0.40861213911275857,0.6106537468342786,0.07415825320052809,-0.4280873182079512,1
0.1380763095578573,-0.5816634911010452,-0.056076660158521016,1.6693640238583558,1.2836639769284897,0.250271012537453,0.3989298312912672,-1.5202837309160726,-0.921865531360238,-0.2850624564718574,-1.398355820651724,-0.34545715796378307,-1.0481966440755612,0.19345043909942522,1.010019197470458,-0.9093213332041226,0.28865726458595453,-0.686965958443966,-1.2155207896143,-0.6553868407081802,-0.3866386009613793,-0.2134312617198005,0.06615953344177336,-0.5815866712213501,-0.241773346593935,-0.009697015914404182,4
-0.05672749451285776,-0.5435920516291126,-0.11603812614000014,1.155695893050258,0.7578561451587243,0.38697910956703807,-2.026315948816952,-1.5544150267390329,-0.8057059880758746,1.8382222077673003,0.37992180343013787,0.8539850130590307,0.44181921203033697,-1.222060326681752,-0.4395325421474881,-0.7982715022861807,-0.9910226147387519,-0.7292391841206795,-0.32236471445500947,-0.5713205565809274,-0.2767337447384816,-0.6146332479182625,0.009598627682795341,-0.2926017317240457,-0.541053018726801,-0.44242968070592026,3
0.9420082465851248,-2.0300257963344728,-0.17308830887327356,0.6039099450459644,1.9888719631953626,0.25242365783119175,-1.4261659943389426,-1.2732503788956417,-0.4762438810406233,0.24598319184547124,-0.36568119074466215,1.774743606365723,-1.528319157464051,-0.15376080589499203,0.15402455485384978,0.2505865012911703,-0.10657272113793347,0.8476210330552634,-0.25128810961973785,0.6540590581924333,-0.49616539529343123,0.21316990916008963,-0.3286482634361755,-0.07412362286015728,0.07278980627846135,-1.0914672601753312,4
0.8819257078969127,-1.410782876886498,-0.6625824596811615,1.6975291852480554,-0.9231233077461319,-2.0939796083271296,1.4506738212918222,-0.9161826846243611,-1.2734652266439228,0.8189524858392867,-1.659621650691617,0.10863847957961699,1.6397266609201155,-0.747465840602456,1.622001589645166,-0.11152886185769284,-0.5797324610782448,1.3567329948098816,0.16648954643269137,-0.7238351726548927,1.1095261268294743,-0.891978729318326,-0.6166365602529721,0.4995414248948399,-0.836085482396296,0.21432876064652018,4
5.8664702320358275,0.7283415815573573,-1.587888141291402,1.2653844040218387,0.3012864705074075,0.9775861855660646,0.5738713255878956,0.8960506678231621,1.3478251291461754,1.5557646666531275,-1.0568191004632155,0.1951962256521362,-0.809923850235104,-0.23418350167163668,-0.5783517389605094,0.4432831993879351,-0.18274652954351397,2.080785509548703,-0.18078129066897256,0.8658931326608806,0.22775744284228724,-1.2670184459304243,-0.02928494235979477,0.780111404362811,0.7364742781781835,0.34432607940509735,3
4.898640819230119,-0.06820236582136699,0.742402969486978,3.4747300289827012,-0.2483811433755921,-1.5984735644946373,-0.5581141038689829,1.3708300190444924,0.45968837254392936,0.6627868843263124,-0.5808467041407948,-1.1468812735493998,1.510142950973152,-1.012551493240142,0.3311351941901513,2.098769321734391,0.9176920574132351,-1.0446958691181385,1.3958625872398274,-0.7215756486195372,-0.4877596541486571,0.6421545546890312,1.2935272576798262,0.1516277110624919,-0.23612026452034077,0.5855682798937564,1
3.70447542744028,-2.344767206161666,1.6085695161815894,1.1660335569772655,-0.6698924658306411,1.6474925299608665,0.4878062262887061,-0.755256748149306,0.1852414435995623,1.1027402274911018,0.19299892395403057,0.9969981787894054,-0.2676074551022109,-1.1003341390495565,0.5367834726081215,0.18267410108489598,0.1252610735444895,1.5672759032228907,-0.2200019984748195,-0.0625499320434276,-0.26026280527631385,0.14662620652278718,1.4706409302067116,0.2868100837301615,-0.5955454244702604,0.07908855912480287,3
1.633869135816557,2.802144560231854,0.023306747626284256,-0.13835071658687975,-0.23927637269124286,2.3533206267856364,1.3049572745876303,-0.08796479169948596,-0.34715251035466627,0.8320171337724293,-0.7143842968451468,2.001793801736918,-0.7932075344325847,0.08333083009266731,1.0298142031591524,-1.4669305337586507,-1.0934072188222599,0.1477051465568413,0.2918034130693127,0.77782591628286,0.39332176766098975,-0.8145442154847597,0.856370130807815,0.6903988926823749,-0.002814695542158875,-0.3310473506789356,3
-0.6591106070602151,-0.08316830562854573,-1.1026852394794298,0.7647594760115971,0.20241054165484756,-0.1834851726595547,-0.24822424108740387,1.6246623190264828,0.06540554638916445,0.1848963821873593,0.9658153366971567,-0.5410939781242052,0.44233166721825273,-2.0051276475811344,0.31232608152088953,-0.5838279995850271,-0.732605417690339,-0.4006424665732261,-0.3195102672937514,-0.8313689884805521,0.8295617581894833,0.49098409882937816,0.15647137832390856,-0.5386425291665526,-0.6008142656819374,-0.2025890477439655,2
0.1573638279742639,2.4414248104131397,-0.33944927490846694,1.1910708631969,0.9244726135037445,1.003858991656477,-0.04734284443243113,0.4940428761630709,-0.1392928471213031,0.1391318799307629,0.5365251477565306,1.2157874490295386,0.029871482308465598,-0.6157931287331214,-0.07981298156175264,-0.9137915347875252,-1.2102728172064252,0.31589599207648067,0.28506412087834593,-0.5305058939574856,-0.151775917200582,-0.6065875295092085,0.40727098720818816,-0.3323076586316218,0.2717418133861236,0.6167106254885341,1
-1.8376172350801454,0.3558247162806689,0.19739644804272335,2.3253123998233565,-0.7035750996543793,-0.40811072320869063,-0.566469896438024,-0.28967061914120834,0.5737157958038359,1.1672860136824228,-0.2787965855957695,-0.2115156470419966,-1.4010124771814179,0.06651820394711243,0.3691007408420573,-0.04750026717670839,-0.1543514631924397,0.21551636779269617,-0.0768440388047924,0.5638751215748696,0.751133827501614,0.8212795368129759,-0.5986581751552458,-0.330863632035604,-0.16267665550452837,0.132809314930219,1
-2.576604829582777,0.16592886227002948,-0.08374276949638003,-0.5208679317681643,1.2688059474094793,-0.3820490596994928,2.055005945207149,-0.4967698218625514,1.2461564913151257,0.9693667176982571,1.2775073763533393,0.10865116082811789,-1.3125357807786378,-0.7521688629066209,1.7950400255784211,-1.2165466049939513,-0.6440186291527936,0.4834868523820668,0.45291479803012685,1.0152044033310228,-0.27553724915422106,0.262642160722745,-0.2053880394920805,-0.09519741034008151,0.5916369996884949,-0.683956913549138,3
0.4893209156544181,2.324979566904029,-2.2160192387603925,1.6358672756860577,0.27446654389099917,0.42736820343579657,0.15515185406031892,1.4064144149207518,1.4837901596443188,0.717745761534178,-0.13843952060051207,-0.06060392585088414,-1.0812179755976672,-1.2384017351179712,-1.5023760577830667,1.3727790086620557,0.38814081602279005,-1.1341754841803235,2.197362740967943,-0.7277597792262854,1.0489049045657801,0.05978177669791665,0.23567394580922138,0.29646800338470347,-0.6469650573711561,0.396171300207578,3
-1.6334482875877905,-1.0239092669046577,0.6006890027696233,2.367298451457842,1.307019257159938,1.2582827057028554,-0.9329031728614428,-0.7618228057065857,-1.4239704151087609,0.08064661269979291,0.3322533912565471,-0.6745482042401874,-0.28534790987229747,0.051663150482545835,0.23300107931221495,-1.2434301059680328,-0.4297968950758884,-0.259655152351978,-0.25112842846508043,-0.5860298319983369,-0.6152166480613681,-0.04210802124664858,-0.36818763677312216,-0.19586136416374753,0.23695893497385512,0.24477065537181827,2
-2.6246722669805282,0.02510047703457971,-0.6937916958006406,0.8552957713923375,0.17662025142013574,0.10364782447196519,-0.9205104053138533,-0.19601198391628571,-0.3618319284547624,-1.4920006505398773,0.9381169404105236,-0.27782584298124496,-0.10366624479118824,-1.5949438233935365,1.1502266569738397,-0.7324208488773055,-0.37127931339811276,0.7876198113348934,-0.2559994225078168,0.7994465823436921,-0.19781933585032832,-0.052524895246576914,0.4034205338237539,-0.4602082837366732,-0.19764386118583732,-0.015976621871521983,2
0.11325955556841603,-1.1277279612045141,0.8927466111129818,0.6506812322778806,0.18276520744829786,0.6660521011923467,-1.3147631958539387,-0.7214985087829849,0.08582601545863199,0.7396380088046823,0.39962960985411566,1.128019880793286,-1.1980067498587625,-0.13301564472147512,1.1250016809667265,-0.44818379766199673,-0.5061224218261101,-0.8174255052532617,-0.6438691432347775,-0.45331963858180324,-0.21133845722726877,-0.8430438295378155,-0.5882706081018939,-0.09781313242502228,0.20493029832664852,0.01889323713486227,2
-2.3267009327273365,0.6941068586732613,-1.1266986197622149,0.26994325290007887,-0.6620236741460711,-0.9783806964352534,-0.222262009250668,0.1878854059547326,-0.08395012144646674,-0.7829177501688864,0.3464359758872892,2.194075967903054,-1.3634493407511736,-0.3073741755515984,1.3104316730010277,0.6041284186187668,-0.5270061647192968,0.28319404773996015,0.24157566764769617,-0.5722746566841266,-0.6930871836370734,0.26875099042115363,-0.7550382795608824,0.42574846192978893,-0.16441231964295064,0.44007284977224037,4
0.42020873667950376,-1.1113893589561334,-1.0540723381112134,1.3917598903663788,1.813832919796037,-0.7456174297085959,0.4504303335270007,-0.6259309870278661,-1.8740279314991646,-0.6595069773218571,0.222164870354705,-0.004033061755876306,-0.8004102085555054,-0.7408735375745673,0.13622156006588382,-1.097839770115928,-0.25585266774824983,-0.900692680902218,-0.9070178450529369,-0.44696037835884866,-0.30606244965476154,-0.37211026307673045,0.20542158024673265,0.5497730630533839,-0.4052050280228607,0.3067999667322511,4
1.715510254784575,-2.019778088147709,-2.045118337334986,-0.12538473271600706,0.2604092282855527,-0.1836430758024338,0.48015886146051506,-1.4444948225353376,0.285131069023985,-0.11881964268734224,0.17569979931569635,1.055679656392684,-0.08822979994212207,-2.1866803179340084,-0.0489192326015124,-0.8450388170961971,0.6806947389686434,-1.5488651059153642,0.5879884304841768,0.3548005336189115,-0.4376956481912325,0.46766797693715223,0.8123415658016466,-0.7274038739593024,0.048085517350239006,0.40867864317359603,1
0.17731082416950533,2.6905870498777653,-1.7282880063116597,-0.8340221605727661,-0.44661743951002675,0.13704831649935226,-0.24333412130845677,-1.0740132967430198,-1.1171187836878078,0.13737419667060963,0.5514847655601599,1.2962897052779478,0.051950901161857944,-0.01926567085312263,2.1769229467790914,-0.4525970359778609,-0.6327284225255378,0.5026467525648293,-0.21419425812792273,0.12717057731730422,-0.5472303276792767,0.3266401595518493,-0.7209444095356589,-0.16518775149493192,0.5041735462676673,-0.7445346138765138,1
0.56181173309463,1.729759523829355,-2.0949939128392727,-1.1046379557340529,0.3867199684964205,-0.5398535522801663,-1.0607285636988293,-0.19037553215025357,-0.24152206708820054,-0.29822929004129994,0.5028142410324403,3.237557566286882,0.0381808244806717,-1.4126262902814397,0.5696011805031248,0.38933657724058585,-0.6953866614273695,0.23793683757998305,-1.1042562317687181,0.7575642069058419,-0.11545585927823125,-0.17078076029419942,0.23227883845399286,-0.5480530320755722,-0.12347253241789577,-0.005841789634609599,3
-0.368838187869074,2.1948089410398106,0.2054270104303295,1.960032442707711,1.5550923295365149,0.6257592576635311,-0.5677906595837153,-0.025377569274572104,-1.3273966653761273,0.9049178292833326,0.49966036724490726,-0.45157176213135364,-1.235967786887974,0.3347289915923306,-0.10620896092068914,1.0748066236496827,0.46797828123028506,-0.4814634595331662,0.3875440315975152,0.7739776409829356,0.00301762318295553,-0.22710470019102194,0.3412628575530272,-0.2691000783735297,0.6249337431386601,-0.1942701606014151,2
-0.3148344375166902,-1.0359715482056553,-0.526180963097408,0.6955179944162982,-0.3195861059395703,2.132872891128433,1.8156706119977697,-0.008693592750261993,1.4785956892144376,1.7772178660665412,0.2911294961045583,0.007618057165760342,-1.4655331419936308,-0.040010336803364556,0.2608121941228144,-0.43840578118639406,-0.2963369119644418,0.25769537758472305,-0.035901768662364074,-0.7229008168132454,-0.7114388260096245,0.9425873938315853,0.6792871112402498,-0.44943780630664215,0.7398183918009488,0.14423552417178448,4
-1.4050260101727634,-0.7620504265404251,-1.7305660283042716,-0.10725677643891708,1.7033331984195106,0.8791366387059201,-0.19267866619809706,-0.8324521975449273,0.6265680958985761,-0.9241633669327234,0.2609570547198852,1.2295164599587336,-0.152080412498948,-2.310492449607115,-0.3422254675286494,0.16986168152956918,-0.9978172332426691,-0.43703999525959375,0.14208637554824424,0.8759971739575211,-0.17111511838529475,-0.246275496768467,0.3515277572960938,-0.48083513521286914,-0.11464325958061716,0.040575370345129876,3
0.6031255973271799,2.61201949806819,-1.2237335666597144,0.10499152254755598,-0.263410083332639,0.20328128822147973,-1.8049680989430708,1.7061737233414425,-0.3425698511532069,0.7949133768815543,-0.27990396150655966,1.1415785503714049,-1.932030269532476,0.509630919067564,0.6940090823377594,-0.3831552943109186,0.18059316911982648,-0.08194195819135038,1.7959955227650795,-0.6259524316044724,-0.47191958966646286,-0.14086370921801536,-0.2922828602268546,-0.40744325729461356,0.05665026492756647,0.34808687763489254,4
1.6876883315906748,-0.3238625664836117,0.7164233452054114,0.16800539228947248,-0.7380073067357453,0.7733264952603611,-0.30185930275659295,0.2641237138382744,-0.21251447930414333,2.7373998497626286,-1.009649069132653,-1.0164176943535717,-2.003380802140489,-2.2683372761678475,0.0990673027470035,0.997312534552765,-0.1753034058011317,-1.6582311064756667,-1.0290962443447673,0.6538988244977432,0.6798439188677552,0.36082869047464,1.0181700234002373,0.6402051624668329,0.3348780260747013,-0.30897877565860865,4
-1.2314321589617752,-0.09437710194895903,-0.578014076030446,1.701691847167873,0.308212219094721,0.18208616806360117,-0.9512080026995274,1.3397937786108454,0.22321302764425643,0.2822339158493368,1.8620615901082522,0.3917198676329485,-0.5607742104614173,-0.6422262429269501,-0.35097290040909646,-0.2573475487148421,-0.6065556731962272,0.20063507845629047,0.03759920205413312,0.815249964443669,-0.49984071758427934,0.2106496465503223,-0.7863623559446518,-0.3399758144299069,-0.40098221296935693,-0.1868217158580895,2
1.815296867974215,2.4736070603171667,-1.8716547406140727,-0.31525118638699834,0.7300818591273325,1.3604457016568008,0.9948136125958967,-0.4401619746297244,2.441287692124718,-0.22707792042434535,-0.19091844536395616,-0.742574402322963,0.9412301742008293,-2.1453617561995246,1.03529437011184,0.2679724151490629,-1.5015414915836438,-0.8653645968512175,1.0171867512604607,-0.44461693808957453,-0.09145600788353807,-0.2718177230420327,0.5894984348128146,-0.5555960362860586,0.2294065362871663,0.8843295558633094,4
-3.0656862968208864,-0.24501244446177842,-1.0829462898961795,0.6708404800574307,-0.7264765956436573,1.3144889321540525,-0.418929799554774,0.25436504506342045,0.03500989465842292,1.0688751411163184,0.4448245784275446,0.7108872182763522,-0.7186840870832931,0.7638118148341284,0.8449013510038511,0.4362552711271763,1.180082409046079,0.09644440678395053,0.0765384682658935,0.08932136784980782,-0.2374564576735619,-0.29291311616341487,0.14601212631728405,-0.3853321326104385,0.08996691211345045,0.4395924609422503,1
-1.012361085868559,0.891420593851262,1.6554324419078825,-0.14353946555920025,1.2013659562167782,0.33937449644948564,-0.14517484192731792,-0.4926629795100099,-1.6691163975398902,-0.8467028880951407,0.13259731027422783,-0.7274386059479997,-1.8764273415968786,-1.025384392096088,2.5408310932400884,-0.3839635519649891,-0.6563314273712448,-0.4003887805553416,0.9179040869020884,-0.5167105310412846,-0.29486430402415637,-0.38296379915590895,-0.36597798405562393,-0.5561959380209389,-0.044438532505979046,0.14063822568940268,4
1.4199283847608188,-2.5889539200315013,1.7793094686767523,-0.8289911408833738,0.5093393171554239,0.8357414958756221,-0.40321011381988275,-0.4093863220545589,-0.028981136082935052,1.0511404350936622,1.0444245638903482,-0.504383953873218,-2.4422564729906537,-1.5894606708639991,1.7814704461869801,-0.0272321356532339,0.3486019656727894,1.2730833425459867,-0.2825570472164315,-0.649847019756639,-0.44059309340764846,-0.1876261549121453,0.1872828303943048,-0.4326371186075702,-0.30051789083517005,-0.15771438589429518,4
1.5271518750921351,-0.7275567515923892,-2.041039558016618,0.6432996694397246,0.5152945334252964,0.3102671081764794,-0.19400946168745267,0.650772691150959,-0.5756238243154006,0.969445918852705,-0.15941995944491688,-0.5095407544263062,0.09843480027889306,-0.0807823461434426,0.4845919630657658,-0.3090056446491333,0.7326135649868769,-0.40798664298590165,0.966119426089877,0.6445133108944618,-0.1929971846236295,-0.030689974913118815,0.49212634272650546,-0.6155629336642509,-0.69866188228229,-0.840318987625208,4
4.191882535607322,-0.8919616552183196,-0.3960981867807419,0.9207804458513226,1.6329824444068348,-0.00330823248127205,-0.4937568938052476,-0.27995431528160913,-0.23506364953442135,0.4405934427933023,-0.6164850840353489,-1.4095325593380308,-1.8603231657985406,-0.3170261489939543,0.6668738303476605,-1.7998080664529108,0.09401828693909357,1.5919723167100799,-0.5144870346029417,-0.5627411965633395,1.048465530530178,-0.9709823203644703,-1.5645587231032438,-0.18608843787287646,0.2914149027181523,0.5154977433971591,2
0.274747985426174,0.3133555567919982,-0.036901958719361534,2.069156458624132,2.2772483257966094,-1.7346626151189557,0.7496001848101942,0.062091023313423234,-0.07293366818897852,-0.13960132488920507,-1.3216096353142794,-0.6128019295671011,0.21661717890605137,0.682396526936158,1.4180500968514567,-1.8970798828917148,0.8968608233072557,-0.5391944733190235,1.7265684566274004,0.2183055491535079,-0.45703727423303253,0.82039187890323,1.3453880123999973,-0.5254703632189763,0.3996187279902224,-0.09479642310527323,4
0.4852450534069104,-1.581696761375265,0.818581428623636,0.1840867725333216,-0.41303822829279724,2.72577209614559,0.29496652060414624,0.8482037694991188,1.4991859289627931,0.42196847454584746,-0.5950842778520202,0.33154738734022043,-0.7246741101184789,-1.7693391943992898,0.3987687816641919,-0.4697846594053447,1.1485797151736619,-0.8654155361471022,0.05061865166491337,0.8032969967087414,0.1998417660915543,-0.2840907678955608,1.078054540768674,0.5653214126703313,0.24384438704002986,-0.2172161747342203,2
2.767778285139998,-0.5675499942890264,-0.9122999440009445,0.7112399121162224,-0.2881036418672944,1.3068524184816872,-1.2316488597459325,-0.8422849925355123,1.1358580685199928,0.6408047417367104,-2.121429578215806,-0.36841811335346397,-0.5265113429648854,-0.032705363119075334,1.1891895484411656,0.05044168418304661,-0.31875334385256593,1.3443075765027972,0.5037279267200127,0.2749604895398882,0.6419385047346078,1.2721550939075148,-0.12734479704600735,-0.311093663586139,0.20672061335349912,-0.7347282300426006,1
0.9186002346434137,-1.2296340434179338,-0.2533894104595046,0.8352176502167926,0.7895213222638517,-1.3009820766047266,0.7035533024490391,-0.3180236444271815,0.34199009405107295,-0.3600926288352698,2.6701302011275048,0.9650320660779129,0.031624829127650314,-2.2100809970083066,-0.04643409709793759,-0.5264632694206648,0.9368143246933747,0.15662006007117454,0.29431217379140573,1.0612599738898887,-0.07453133719722221,-0.18384955056525154,0.4390391909300634,-0.6435432893202812,-0.3206808472762393,0.21461963333722034,3
1.2608503270411835,3.457225728906813,0.36711471472823276,0.735597618236614,0.2757024376432518,0.5047035950537774,-1.1000112293726245,0.5394042137748059,2.7639572858368306,-1.8314477803779767,-1.1098437018760674,1.0396812321219027,-1.0044687798152718,-2.0721919414080814,0.623048321889,0.9099134369097911,0.25677145264904894,-0.3430248617182011,-0.4018856998289673,0.1005636842153925,-0.4665849243757066,0.40153034874349974,-0.42369406097002577,0.347654808947327,-0.4965260079720286,-0.4171042889078469,3
-1.843598122569934,-0.6738789072595972,0.002724086099944394,0.7884898491438702,2.6722366723474282,1.4796936624610741,-0.40680725101155685,-0.13312276619115343,1.4027855922549717,-0.3308078021998435,0.49531624313891104,2.472647887288024,-0.13016038137479857,-0.40561672356780104,-0.6563059167533728,-0.8714216385618587,1.2593025570635927,-0.02262477724117413,0.15654588629431068,0.22380164948722583,-0.46563705199547634,0.08315620000216424,-0.34605186443048375,0.48239930749307114,-0.2465082948989602,0.3531329997111341,3
-1.107663817155065,-0.9824878742042525,-1.4799123281078645,-0.3444048071423816,-0.09507627172551741,-0.26826294708932463,-1.5138619701688842,-0.8964521287372034,-0.8934435364735073,0.8328228553956186,0.47177324231238454,2.0931816933595626,-0.022110990977880378,0.11649824338059339,1.046975172148086,-0.08842305599139981,0.7701495118605753,-0.4062103207978826,0.15554013722271118,0.6373649123592013,0.10700143120338344,0.6888077164404655,-0.8807471346073769,-0.4594784689324225,-0.1691497258554815,0.029924259635169474,3
6.0281360292387225,-0.0029730763300021257,-1.906916591412758,0.7546120556462446,0.19862829230037216,-0.6776400095715565,1.9953082165272151,-0.3845892373557288,0.6641675927800388,-0.6377618682552236,-0.26824788919363285,1.0767992224603853,-0.05826401336298218,-0.41524226999887937,0.7148193287389537,-1.6058707436764101,-0.48559284251614554,-1.9725429422420078,1.1450281750811206,1.2666344431010812,0.1699220842443093,-0.12020992852385204,0.8217391935414674,-0.740072776104981,1.4745902344585924,2.25378638909706,3
-0.5535619205873551,1.1617584161843784,-0.19901165197604628,-0.23934736721834476,-0.45412455873651436,-0.522595845090207,0.4811470106559879,1.4894960747125232,-1.6768670247710764,0.6800921074530588,-0.2518616414397404,1.4517396105729592,-0.27073586528947174,-1.404962252858467,1.0010540184012489,1.1517897130210346,-1.1389961084081763,0.01110264851019328,0.5163045195922971,0.6170250286147271,0.3010597565717819,0.30240609046987427,-0.6629741174734278,-0.6279199968831845,-0.03530639095290404,0.4297242628178261,2
-1.7165439091715238,0.8066819083086259,-0.9841318572528436,1.0714964165923768,1.3742709190587454,-0.3989196579726879,0.1890968525298076,-0.42848680352871277,-1.9289465049453216,-0.8747252174935701,-0.27786432311007303,-0.17871039159457272,-1.069629079044817,-1.1272982676887238,0.0985893731521951,-0.5443221869445825,0.4464835787669853,-0.2646385506964562,0.20369178325944903,0.2540364820756529,-0.2677183262494644,-0.08148597822727216,-0.05522043899476189,-0.23238754184865404,0.9917485037424428,-0.4772538980287893,1
-2.894361309606864,-0.11025056190829435,-2.114045072855067,1.5111114762350546,-0.7103058400805009,0.9456037298056462,0.7414151112699944,0.4012085507219795,-0.3048954333799367,0.37600903712243294,1.1027860015816335,-0.3232516602724337,-0.6067827408246107,0.6793575257007429,0.4859678532280258,-0.19346383090398547,-0.5663375348507864,0.16819540013656123,0.28745135479156314,-0.6216951170276158,-0.33925287490443784,-0.44388768051405036,0.3438258376723547,-0.3106667796733916,-0.2187646727488741,0.14882871041117887,1
-3.1063092037570206,-0.6976506756713752,-1.7864387784757303,-0.4142197526515581,0.799392131809971,0.9872809652878602,-0.3390026736861953,0.0050120207278868435,-0.2855789340433429,-0.8759527463777015,-0.07346580577826638,-0.721238404304017,0.20708306651447606,-1.3918969488278312,1.47244696093352,-0.42022584231404236,0.05508304895547504,0.803535834203138,-0.8600895522198048,-0.8145537876865756,1.0743725327044187,0.15896199464697766,-0.035634805604535046,0.6138469786072072,0.6154347136576344,-0.2622170135870281,4
1.8869425752844968,-2.1637651938216718,-1.0975806124861323,1.3999457738217655,0.056666990792197426,-1.2180475420870691,-1.1244007320126248,-0.7999905677798469,-0.16952897125465755,-0.106854778480734,-0.5036890518183387,1.3748795109393055,-0.1448790809274257,-1.16884075613974,-0.0715319475248962,0.23226308145469385,-0.7247149171392793,-1.3232598269756666,-0.5838812203952327,0.2157247614932494,-0.4600729273350132,0.4273123644094808,0.8101189417502825,0.4438693351715684,-0.04456347848551828,0.31192040077425603,3
-1.1482325237633506,1.8795205650806373,-0.774552580440407,0.7506280612851851,-0.5572187878024087,1.2044362893332383,-0.2722872197492492,0.7545606435809059,-1.129956625543181,1.7522220486670508,1.644361289188912,-1.0767980824120513,-0.5656547719964297,-0.9041130571928023,0.11786026605132553,0.1537069766966465,-0.5064674818065773,0.04972119015512507,-0.08377548774611267,-0.6786601053353445,0.49246704981937606,-0.28716460268520483,-0.006722029680621846,-0.4452317499042733,0.08916538798024483,0.5976170593658104,4
3.2960137621825827,4.9051698333518665,-1.2043202492323306,0.46709720820417,1.852261710379097,2.089379346982837,-0.07068677156969919,-0.7233617713432472,-1.0010083837438684,0.10291214040117878,-1.0842209879121496,0.19260015298674518,-0.3416181971885143,-1.153672993958184,-0.7423876014777597,-0.5584389334307619,0.30052141490807777,0.23882360060069094,-0.135068062080183,-0.08976605224034347,0.24573476027048197,0.2813192348245111,-0.6349949360290147,0.3820336230136856,-0.36283424622966004,0.1990405762756825,4
3.229501814847961,2.4156800130226768,-0.16405274541822554,1.319071115033289,2.1896205369203265,0.07108621284309619,-1.0603288260049952,-0.13269069552244825,2.0489452525128873,0.09883084989188246,1.8802886958282696,1.262925390052539,0.14085170161056157,0.38660417601324915,0.3990543800860007,-0.8685906438734432,-0.6673445959912229,-0.37721829291523307,-0.3730326782342182,-0.5778164972313239,1.0099197407626377,0.24948630499064117,-1.013179749070033,0.8410819567819582,0.11621841040952224,-0.6090874216226816,2
-1.060727913543447,-0.4859622407126414,-3.0511225841306593,-0.2954085141545578,-0.5159094775691896,-0.8124680038656252,1.281159471114833,0.28175000786252946,-0.17713963236800073,1.347591840648266,0.201783974774678,0.9532450779489263,-0.7991605362072788,-0.9753455964575288,-0.18585415987004478,-1.3597940017562422,1.2118789783572854,-0.6765645966799294,-0.14161627357431128,0.3717415610934769,-0.22694108692660336,-0.05030717620107863,0.44019636709410775,-0.25587729601004394,0.7418071003879844,-0.4526593819415823,3
-2.445668054371088,-0.7888422370265532,-0.5000894998233201,0.16575933038646312,-0.6865095685539149,2.626313770857556,1.9663670932392865,1.1579906055460756,0.23808928167821097,1.0683313130923549,0.5530806619213168,0.18435587021047586,-0.7890338277310781,-1.376511236346268,-0.08976550903998737,-0.1051730910294062,-0.4474767119984131,0.5821624622157714,-0.2003744033883434,0.6999016198340879,-0.4193494966371327,0.008786891957915528,-0.11684572181424825,-0.3534265963278504,-0.13720053440389787,0.16196915542375784,4
-3.1309737865136777,-0.40171951238289333,-1.5953884247244483,0.038400334002854065,0.24812833052173294,-0.35656631855945775,-0.6421331349796376,1.4945093242830263,-0.7796896222521043,-0.9007592796338058,-0.8490967659576389,0.9871954180742659,-0.11465876711231365,-0.9539094879662269,1.064960774527072,0.03963836364982541,-0.2434629226904222,0.5059312334147501,-0.9376683444767517,0.6805067436982895,-0.25701718188869055,-0.07191470301594713,0.1900482620925255,0.2943682717855028,-0.4247807940351092,0.34479982923732966,4
3.8383969720098143,-0.6039771068590462,-1.311663542089694,1.7291415521751983,2.5558209321613985,-0.361353549491574,0.5371001590861791,-1.0618786972004055,0.6458469672458311,-0.4173117524335934,-0.5574675501239417,0.3474886481095347,-0.994652008288896,-2.526228182280153,-2.1142009800406876,0.14436099051416665,-0.4543871910631504,1.343885736862043,0.8417424742036798,0.5516123624312241,0.8658806643434381,0.7424280566857285,0.6122859653764463,0.17194888185531518,-1.0197852015923252,-0.0013297319361532207,1
-0.061641840572284085,-0.9412874760274581,-1.768499071997459,0.1474163341615209,3.088372636819099,-0.47117422708387735,-0.9992490024326243,0.6768539984439137,-0.9992893819868425,0.925778212187183,-0.2659522530651286,-0.876544354462434,-1.057129925262251,-1.603125254191465,-0.6656057088882296,-0.7657001532227924,-0.636895888181225,-0.982796270103413,-0.527844037260688,-0.7463351931051211,0.9245961589872436,0.3725024140270957,0.15511375289071686,-0.3904469625396346,0.5727231316077968,-0.7702191766691603,3
2.6634640558993423,1.8239955973361244,-1.9197341331621036,0.11354793483688212,-0.2877372890912176,-0.6261631599334628,1.2543990754671475,0.4830509725887781,-0.9139560191881588,-0.21644743349026468,-1.1410067211943964,2.2243097563063032,1.036060139344432,1.5577318886275757,2.4067885311868307,-0.11634981172588747,-0.317257655603436,0.6857911211802936,0.6054853618926086,-0.107768559215911,0.5678958921473632,-0.10227459162075991,0.3103965987634922,0.6475317335893297,-0.21505015892519977,-0.5680134960339096,4
-2.040918701979862,-1.3605548912033743,-0.2382970296165077,1.2813168897259979,-0.02460313286497036,0.9659515230235032,0.7028955971416581,1.3008920657149599,0.18851409614200046,1.2539142129962133,0.15150904168216298,1.5317088604044038,0.5790920599154955,0.0334590372180916,0.039089992305161164,0.49862338621093166,-0.7258050044610387,0.14296700361276987,-0.098384209768766,-0.691331994790201,-0.6458932199659947,-0.024235571360839495,-0.4034193650988727,-0.4565121765458728,0.14119340315624113,0.5497808877899151,3
-1.4347134587215506,1.8548525330196095,-0.7122960625052744,0.40845105855244856,0.14313148598150302,0.7589730049978677,-0.06296679032862267,-1.0562779520702128,-0.18451357740667826,0.6548144991569631,-0.8624413941961515,0.17795971562772647,-0.062325552945421046,-1.6031293521531091,0.2888561954127455,0.021613165404648294,-0.21272512738691335,0.19671975535069236,-0.7554456097190613,-0.5963845911328419,-0.30811499667035336,-0.36204582890664067,0.21505621094208752,0.5964868954930059,0.040919436523850765,0.6433773590194516,2
-0.03148202936151243,0.6075031566991337,-0.8340961984856704,0.5197464479918322,-0.4103815756244866,0.4540378930573824,-0.6659695970587073,0.15250959371178097,0.899067446565056,-0.6812214303098303,1.9496563720944033,0.4352316067223208,1.0117814706673676,-0.9834947888384321,1.2422839272207196,-0.41763453957082175,0.8975562129886043,-0.10855798349019709,0.3917860109862205,-0.511084466988654,-0.0924145021829615,-0.4881911657827595,0.29901470558889065,-0.5237098805276177,-0.21560146385667844,0.10313605030821342,4
2.2168275149710017,-1.1649244017873341,-1.993771117449325,1.3418442741424508,-0.672880582540213,1.6668213861408847,-1.6855882903545778,-0.008020992034263394,-0.10071966740547036,-0.10878336304593869,-1.6216118801253772,-0.7337547443847828,1.3922780814681004,-0.8008666945659701,0.379969142658037,0.13645738789318373,-0.14513501279543206,0.09970880415171936,-1.0206031280127148,0.4712084160343913,-0.3756961245073311,0.26168308754946185,0.5005912830821145,0.36850085431165663,-0.6905930880996438,-0.2542419684656778,1
1.1384075100431246,-1.0320139221768654,0.0038646820735492274,0.7240922984566398,-0.2778414782140867,1.760235896572931,-1.2225404159726831,2.8817626304100736,-0.4028675584279018,-1.1217421898148066,0.16227151744135218,0.23154720537980542,0.46726546330803764,-1.3994700986642072,0.5200955195378468,-0.4897584203113357,0.949456077984787,-0.6614898534728142,0.30809594805726664,-0.13839243935023474,0.7690892388749677,0.5349159386641726,-0.7664211469847316,0.41721556948920463,-0.5549780232646108,-0.29555301531688744,4
-2.3395645691978184,0.7671979570927574,0.39522927580653144,1.0282304808503222,2.3951661679885072,0.8661063925737226,-1.485649689378104,-1.656421077499387,0.34421854922366946,0.7609352358758361,0.5092910990188485,1.6081048843819827,-0.38047331867468737,0.31686853023031675,0.20364516155556533,1.4110550149071945,-0.2725490051863132,0.2515591450340984,0.22565427287572906,-0.6474466428102251,-0.1957486670255603,-0.4419476965187511,0.2735642118104587,0.39914391214224487,-0.22951984040082957,0.5362755031223534,4
5.219927297876054,-1.3165267464726225,0.33178358778238937,-0.0730694879244888,-0.9051829557852676,0.2911782918584588,0.767249003194311,2.6867842440123098,-2.0040606639606238,1.589655816071321,0.4549215969078515,0.7123548313654181,-0.09707463772222212,-0.04198071723544179,1.4800991025450465,-0.18716551709165555,0.09111711778409952,-1.1202776383926898,-0.2044482028354145,-0.8012422167772452,0.9257258244261135,0.2591453325285098,-0.31178511412483706,-0.174692045922642,1.0527930131569396,0.017468966145146824,4
-0.33753946774749627,-1.6490240855765086,2.6348891422966445,0.6511063195604609,3.510571355714083,0.3430554959099797,0.5440130593928986,1.5839170309346877,-0.20014009390061613,1.6264009054664155,-0.4627745157877536,-1.0570305187581417,-1.0210829510764572,-2.5495548934178722,-0.3383904616970552,-0.7877556083995214,-0.45933486721858646,-1.3255827765333967,-0.7433681929619601,-0.6263780152525964,1.2082523127208031,-0.5054164786864149,0.35998979967498396,-0.37766995861389974,-0.05626091637720804,0.24504817101301143,3
-0.04856715388106241,-1.3869679596973563,0.6477359328422752,-0.39199610054771034,-0.18114740312935063,0.15595862643730937,0.5088096260228926,1.2264210507768651,-0.754686993854836,0.9505673258818698,2.1547646292937404,1.2343136969606108,1.154872198329108,-0.6970360373807946,1.8445759033047584,0.14227286647434778,0.7850742795273695,-1.0703319415514831,0.6695674279075948,0.1278695847115524,0.24544709447692453,0.335771075059677,-0.5874851825005548,-0.5073764189623954,-0.3402470048097732,-0.15600911014901156,2
-0.0436495434760837,1.6361955637076322,2.931824036768153,0.38670698251341334,0.5508550415572614,-0.4602239592538237,-0.32924081904370606,-1.7402045596631828,-0.29935132772175405,1.4715895921156628,-0.2961921571276587,0.7642968448288365,-1.3328532190857594,-1.0868319352494176,1.734380098063175,1.994599431824592,-0.029679602056756144,0.5156347384586215,0.8697119749908339,-0.6688319359831945,-0.20053525600671482,-0.137617222384453,0.48227673082028655,0.8597616467967296,0.39287117547272693,-0.9093885495981784,2
7.424049057183866,-1.1802010797715672,-1.2567567633097392,1.4438861327795391,-0.25518597854955194,-0.324152130698396,-2.115013338098019,-0.14920369353883603,0.030877985047651685,-0.09716873558007387,-0.8870327164063919,0.3668219192470435,-0.17299640732207472,-0.48593589762889955,0.27488259889786315,2.404902385990523,0.5718634609448379,1.0772886085604305,-0.8249703108590494,-1.087797270114471,-0.61219299712835,0.07593074909532631,0.5363250271395514,-0.6066105314410324,-1.05527070331764,-1.4010361017048611,3
0.8581159140298604,-0.8595717642915551,-1.060125464105523,-0.6931888373877708,1.5258106083273026,-1.3102684731236915,-0.4033908700009899,-0.22379812264743354,1.034847995076105,0.8055700116607091,-0.300945440434533,-0.9883837139077076,-1.2600026440694554,-2.1837063539706056,0.7082296786232772,-0.1530655793900315,1.7349182702509252,0.45677845417958435,-0.003434049349142375,-0.47045530141171105,-0.6760956987570075,0.19211516417479765,-0.7399078662180196,-0.16889404148043533,0.6806998655222094,-0.8839517321442174,3
-1.5033696142333253,-1.2634887505004857,-1.4022333632998714,0.5369943118718222,1.4343603536613116,0.2998739901259106,0.7211395984103384,-0.25266906997932476,0.35975761624158153,-0.39284989087528477,-0.8354735349271548,-0.1991128936317288,-0.9405885046593347,-1.2929044833218175,0.0576715994811403,-0.5233581732220901,-0.05221486815734038,0.636762286147489,-0.28563190352567286,0.19436765165214295,-0.8715933444881431,0.4644457416461507,-0.6100510090129216,0.5707699641223913,-0.10685964792627267,0.3565295183844484,2
6.772465100764796,-1.4445416738750216,0.6594397164697365,1.5064310995428738,-0.9496118705144609,-1.7010317893182898,0.7369806988230474,0.4119041256069954,-0.1922359198465988,0.9667673215717363,-1.430432397702773,-1.5604728482442014,-0.44578086727229665,0.3750384799149089,2.7390643298038917,0.13815871242829275,-0.8897933853559791,1.9960986000978003,1.5025039194074403,0.9651576644347898,-0.23111128764139624,0.32253615655718565,0.36259705369453404,0.4122753075867628,1.8148176549888722,2.50620971973966,4
-3.4906070088573844,-0.7191232097047501,-2.074213665367475,0.575208687515703,1.4904459881513843,0.003982962892829139,2.6188664322943853,1.6671547961215236,-0.6203282127280029,-0.026020455346833435,-0.5167855423486606,0.5223909467248621,-0.3432000129878354,0.7500889647071955,0.6264892373399605,-0.42982460915125703,1.552907158009261,0.058669594058568614,-0.008875920251199983,0.2047826410465683,-0.1899803449674474,-0.31496667202393425,0.3342454984295788,-0.1639433622375844,0.8147654561137825,-0.22495180896810674,3
-2.6823324063472573,-1.0531893328255109,-0.45498794933637204,0.6890519458174343,-0.5350192564777239,0.8379608252615058,0.3242350536078064,1.4131119357142907,-0.07554129125413907,0.737103349618736,1.911461522800649,-0.054986854255963974,-1.5432701293622368,0.15022718935121848,0.7966792537198567,-0.2870910089643312,-0.14394605961368745,0.7165751375995016,-0.19697501269050977,0.19829095493585175,-0.5351701935600133,0.01955833585868895,-0.5768674551980648,-0.48168995765032296,-0.03842727427260981,0.27963751429890515,4
2.677144019297736,-1.4375534675122181,0.673694617165514,1.84217784056643,-0.04056690815620547,-2.0588538633457567,0.4383799954365132,-0.01312048057310522,0.18009809249081038,0.40442403767617985,-0.10722889747913428,-0.8472795729960114,0.13598743565686627,-0.1764693869173495,2.0189574418590657,-0.017869609915640416,-0.6959591223418528,-0.5778572475885362,0.5018219204683774,0.8553184256200091,-0.5917175362968725,0.6457316626486869,-0.4922137741116669,0.48607391749717965,-0.8395929837636456,-0.20182156282498467,1
-0.7336976771023258,1.2183417259527203,-0.27384913022719937,2.2172234109576445,-0.3234760892615976,-1.587201535590444,0.9818846328467268,1.4560563374223658,-1.1914321059425415,-0.010466245354173965,-0.3036761931424128,1.0072501618511247,0.9207408393615758,-0.2409075300124544,0.6082912457301458,1.1159146442431638,-0.9630936155832578,0.10011829288313673,0.41639058229035164,0.589174257869329,1.1245622996969358,0.3040358904650866,0.3102371302770118,0.4872265156708724,-0.2239708208863105,0.7612652362932815,3
0.4443797674144981,2.044895235493203,-1.2873540470232445,1.3587583902403761,-0.9983271049247038,-0.35185708389340103,-0.5147167947542586,0.5483665712712446,-0.49431792090624227,0.7597470387271563,-0.1086708104085999,-0.11998960611069509,1.0138997661087414,0.27480736924602045,1.1134054008658825,-0.2119920542496708,0.9397366471500183,0.10235490714946205,1.2832583088357596,-0.09162782261597086,1.0438820135305502,0.3756590025583142,0.28492314708889066,0.33138556814718934,-0.7699046571249111,0.18841968593347883,4
-1.3507952928768223,0.2431056653767334,-0.8876180071349657,-1.0279197482068503,0.1458680659275092,-0.5481767952816033,0.8676790589536304,1.5280510408032446,0.22069636407080326,2.3562806856241334,-0.31974831594258674,0.22519183793155154,-0.00936534878975449,-2.27200152753612,0.31084503266781743,-0.31825342252166444,1.0135665787410952,0.08858266770698366,0.2492874046889145,-0.5322916420461336,-0.5441721102131287,0.05357757745019492,-0.3855941943451466,0.7858764079437163,0.3412496784806678,-0.6125734274685206,3
0.9978150994041552,-0.01259654622576021,-0.4126471157913467,0.7005316753740384,-0.41010159866953294,0.7791317615058692,0.7663659844447834,1.802573228599365,-0.13178417874991807,0.6292093191181868,1.7404981282590233,0.170748978812856,-0.7113124245592858,-0.07812769927772398,0.6684978445534432,0.19310543154628845,0.935979305052821,-1.4489334680113013,0.5180565789743896,-0.5551772413942425,-0.14127489073257274,-0.3216553292838211,0.3575537737412789,-0.28028569240636975,0.22834975441802463,-0.742169351513194,3
-0.449986166348065,-2.405149210934941,0.6255163172359177,1.9811931458856264,2.109736588991323,1.3492951644909115,0.7677510670128866,0.9374019323322987,-1.8311322395983742,0.5787975345363292,-0.5117566851241933,-0.17847131169270788,0.735248026542592,0.48181746950917614,0.12412873044586693,0.743137845707199,0.5169914265641463,0.12823767372290826,0.12482030650029013,-0.7506103325585841,-0.6936915177588383,-0.144105011305304,-0.439790528848217,0.5986002924334684,-0.21411158785725673,0.423319454527546,3
-1.2814532535561034,1.2250686480417299,0.8855313117867825,1.5140537654804562,0.9628160445666999,-0.17916271415178647,-0.19900524485275867,-0.5067179040490818,-1.0956051730298366,2.7521583683088005,0.8942020756044264,0.14240307029215746,-1.9508092704123883,1.4435634443628633,0.48583286007821613,0.3887164216130282,0.20539434916068972,-0.03829495047492541,-0.6186333477107434,0.6738332955344691,-0.06763161267650981,-0.10271481959091329,0.6232283735980515,-0.41760950562194765,-0.5306117387708585,0.03289219392754162,2
0.7836933186868817,2.0320142726772237,-2.1534805819159284,0.257980071994616,1.2975247990639611,-0.43629657282509826,-0.3519838513516283,0.739046153632055,0.13379078292828042,1.2139957455423085,-0.4555897181677639,0.03607890177425675,0.21531706634033995,-2.368303378575092,-1.1269028108297001,-1.265054293197206,-1.4539734343363941,-0.3681839180740342,0.32433309494459006,-0.7143637668782914,1.0429453014568215,-0.057002077957912074,-0.025636510580358474,-0.44131736586767123,-0.3659196256742327,-0.34552386513399636,4
2.3666642560522466,-0.9927984522063922,-0.44574085793752594,0.715053326522531,-0.5630179042630077,0.9338632280675162,1.0117938313930468,-2.0445177836981827,-1.129868996155718,1.1861237696634295,0.6006569238420916,0.08633602864124573,0.4671496081772074,-2.2799258057929674,-0.5188644439157158,-0.014636370552608809,0.774739973535078,-0.7382161095526567,0.5298474156818566,-0.4759410434832697,-0.6203315603619218,0.16432738698931598,-0.2621913396031938,0.4366887762570318,-0.0721934388260679,0.5621247142597132,3
-1.1337904275885076,0.0454810590580345,-1.2967055563169638,0.11425495520556796,1.8529384304877403,-0.49075807351415,0.37951495298164095,1.9816906663749498,-1.026281091697084,0.9488193259315205,-1.3615489819104296,1.367325287176484,1.056171207747808,-1.365549647238177,-0.6339107014473357,-0.5057245064551863,1.0433647093258793,0.2982260920793653,-0.3771384379331556,-0.7036434290241708,-0.9119850840763105,0.02924822315457096,-0.8818353519743289,-0.40092317182995985,-0.10955014124636328,0.11183257972017269,3
0.8655908028278148,-1.634315889326081,-0.5713907539954648,2.6040392956134504,1.336119277108761,0.08129707613010613,1.172714900091257,-0.14940960623476449,0.8868832856565149,-0.5249574488227767,-1.001668236598375,-0.08038538094056914,-0.1881869547090146,0.11984873502880015,-0.337713801179487,-1.2873439811733314,0.5743032517249337,-0.1711010542879379,-0.14197774067297086,0.1930535557180619,-0.7785202556391916,0.65303809320664,-0.3991469416068536,-0.23293326189555671,0.5865041622655452,-0.36992863275591503,4
-1.1527837743202467,0.3566451941676556,-0.3968879074883508,0.7568245003566721,2.4146474631888144,-0.18770516288972752,-1.1931068638609887,-1.6648092483097792,-1.002179778720918,0.11677682730647447,0.9779846467783619,1.5757418439150197,0.5179635740603947,-0.9986856741492347,-0.18261523561231613,2.3027452062603877,-0.08605205206132377,-0.3048616749183731,-0.7048268130014702,0.7757422833103336,0.011714372816415148,-0.19256344934126846,0.2968632632570179,0.3201476138538117,0.060197260568730114,0.24218417817440083,1
-0.824594538068341,0.6308929663885045,0.6316275651185086,1.9955373716192863,0.5060028375447182,-1.0332882539884531,1.326594640496099,0.4851986298819741,0.7013133559895223,-0.06382971054632927,-0.05292198451095296,-0.3824695466399023,1.7636108887341904,-0.7949830070487858,1.4476418021818802,1.4575699514077172,-0.558133866939245,-0.5337742638264262,0.3220239007973725,0.7450917692940217,-0.20208444422853195,0.14829321714607743,0.6530479628893664,-0.5506812652543368,-0.28147052106417975,0.09705900126935114,4
-0.35482433014129233,0.8799267797372986,-1.0564608940648674,0.6313832712224946,1.1061518562882133,-0.705223112769907,-0.28348637183588055,-3.503459033872469,-0.7048290354079889,-0.1016085503530154,-0.35775831815090364,0.5824190499090418,0.10161713315398055,0.3014359090785375,1.6665436725770253,-0.5792850928994959,-0.43465466994749014,0.5232804230843175,-0.05627587521111564,0.32705604707185715,-0.11708412417737091,-0.20403182312338478,0.5916875203127516,0.8646327768481018,0.6328791140632823,0.12199592759984747,3
-1.6729192835105924,-0.8868773746744438,-0.8096802032529665,0.7499880559488312,0.5195723004583362,-1.7324054910157416,-0.30619995529090577,1.9565549100800215,0.39585900306315813,-0.7239615890434531,-0.709008464698583,0.6701886525527053,-0.6760437609766312,-1.0309213049599306,0.8627884598088353,0.13765440657362765,-0.439244863079704,-0.5140608622045942,-0.45775010649607617,-0.5463792770545309,-0.426686679383789,-0.141243720552135,0.43950633648916465,0.5516958689591566,-0.27325464461195575,0.27023227870247823,3
-0.00833330947383859,-1.5006047528473327,-0.6635304495469163,-1.244726197973571,0.305944797005074,2.5423972206377674,1.328153054200692,-0.04246283118989969,-1.753186139778303,2.6267946972309284,-0.7592177261278888,0.5170705615925246,-0.9625270065162606,-1.3374044111051624,-0.26592153018447523,-1.1285748361489023,0.4016847738172638,-1.4039498837946227,0.23711899962756164,0.5460514231916516,1.2711686927570989,-0.0853419063549082,0.4345686960758927,-0.5966100844977666,-0.5025408812666662,0.07275013281995643,4
-1.6332840796412116,0.30408159933354284,-0.451755381752816,0.886612187219752,-1.2225150790151447,-0.1835660679253953,0.08610046426502918,-0.4215465592520283,-1.0965029920323839,0.7441177485139306,-0.07134765132781697,-0.7962189072356264,-1.4551619626817245,0.1556228015174707,1.594962025802737,0.35389042456633607,0.28041245663823755,0.30688096989046326,-0.6342487416805073,0.16123650190547284,-0.32602410289535544,-0.11176947955105762,0.2429932205026028,0.5972300459098502,-0.07239890181010776,0.46668273121364817,1
-1.9319286298015095,-1.1479854571615808,-2.3360319443051054,1.6304702087230776,0.1547164418166686,1.748973712804088,-0.573178945772863,0.3534261507163389,0.42126467253986777,0.9486139367327331,-0.41740551797057995,0.23454555636611452,0.5893529465700901,-0.26855346199084185,-1.1002179825603766,0.2716753495972406,-1.0143693907573093,-0.03039968685027083,0.269465032985468,0.6663903145318031,-0.24905849566968954,-0.18010105640237062,0.39317194632293534,-0.6239293751713574,-0.2568182619015633,0.28798414020810753,4
3.095397748904572,0.9240317607085876,-0.153224202211406,0.35667718194676634,0.11988492328888088,0.5348733365583263,0.8725586721370456,0.26107109515335364,1.4134649642247696,0.8757421582771227,0.7372962031885418,-0.9882197575553048,-0.01757402708942898,-0.46053523206607305,1.5881682742115435,-0.4166851382827182,0.2638231749039126,1.0929157207435776,-0.9220998672919786,-0.8760990180911781,1.0148187765408365,-0.037800472255192154,-0.23798369054934665,-0.5016565232428094,-0.7245508500605145,-0.3767359137630421,1
-1.397213955083421,0.3661401059686701,1.094827916258697,1.959708883516421,0.8490027400041114,-0.39702352211178377,-0.3565421701527807,-0.625159368136471,-1.6118377623002658,0.5397702641007519,0.359969963390156,-0.9871611207168548,-0.5337644345548949,-0.2618978453225897,0.8303477112427395,-0.9981494795764636,-0.6207175047514081,0.05890756986082067,0.4010551947543692,-0.4280544840375591,-0.36610210788959724,-0.7094011378219205,-0.9065353012641434,-0.3685663499895327,-0.030699229452426674,0.2660091392507272,1
-3.4123352817990744,-0.6859145558774531,-1.6232155998605673,1.8090946506405872,-0.19558465808725883,0.9278338996855128,-0.5753241341017244,1.582335350606263,-0.18255000288472858,0.17840772601973456,0.951407623199723,-0.01610725998769178,-0.1603914376367922,0.029184340631759,-0.396487341102433,0.175433912983947,-0.19421322658816279,0.405639710388152,-0.6814775771983983,0.7295924127563278,-0.1710201107384448,-0.17200472400675243,0.2811996198842379,0.3520867049585048,-0.4016169589131408,0.5309776715788155,2
2.2738259832261205,-1.874541449510023,1.0843191694887129,1.2656804299096116,0.14978777598949855,-0.12278269908072323,0.6018863618135738,0.05062208027700807,0.7086279514172743,0.5272402275372856,0.06095679932048191,1.6051197180397416,2.005493389506363,-1.2313133410778587,0.851432026749078,1.153584550536749,-1.330845838169563,-1.1254041634451288,0.04800651195016851,0.8308363472007889,1.5134353631922763,-0.5996583563618807,-0.32589519006167983,0.6285426318527849,0.10563607013063936,0.7336401404861129,2
0.9725109871306117,-0.38446491679604733,1.4830114069797158,-0.19746710000617534,-1.0768473510161827,0.04698794482644758,-1.056664009238233,-0.8435623616296256,0.30061846214596666,0.07598408187130379,1.216903127285987,0.8017719435343611,-0.29801281086062487,-1.5027848577311698,1.9109536070043138,-1.7332664973995116,1.2941996420443616,-0.9054255275895299,-0.11770236060794614,0.3167867819711689,-0.3411401406003932,0.3616484380034909,0.012711036540844326,-0.5365876673131849,-0.057872570896401354,-0.048860458705693846,2
0.6493997479840988,-0.13815226024999225,0.02400535167069432,2.484832715369021,1.876510495476737,1.2122285234949701,0.4878006571586303,0.15258658555495475,0.8225626563919036,-0.6243969070695052,-1.8731844114940925,0.31658576915522063,-0.989050099872108,-0.03136597182315033,-0.9259575107760035,-0.319959126994508,0.6735833022697212,-0.4176027318421519,2.2826117214396615,0.12975868122404935,-0.5485227892648313,0.3037269264851578,0.05551623685409269,-0.24492211386120596,0.2976190254586216,-0.594310067476768,3
2.2566045561038988,-0.48400010572726754,0.63467077104025,1.8729060632137855,1.005218747044899,-1.530181278969316,0.4282735919505999,-0.9363284955994523,1.1629748802962299,0.2625894708704002,-1.2527469981071304,-0.18726038732046824,-2.3691037880853014,0.08741956143480673,0.7990815805324206,1.7096573676776732,0.17476783997372994,-2.6816797304822435,-0.5654834559371958,-0.34136354879216396,0.0060479857255358324,-0.9972066557740469,-0.3970484723232295,-0.5051261519870478,0.06014095154857324,0.20965794320656425,2
1.111166416846972,-0.9783364031645665,-1.7868531914518921,1.3785575754118606,-0.008241832362318,-0.2559195407254934,-0.005983192903792555,0.18763908560600542,-0.5137074243476268,0.4338135138625279,-0.08654160064305652,1.3305894980614126,0.5216968339280398,-0.3945989946613225,-0.6828342197314594,-0.8181573573463793,1.2599449728098504,-0.4693801152962749,0.013248796129361792,-0.045654755174052486,0.8821939510088287,0.4715508770153363,0.209482728830779,0.34058448937032365,-0.8350585609566624,-0.05483050743134159,4
0.0730144437647142,-1.6446679180340535,-0.7500034475890772,0.5078432571242911,0.05490627910563323,2.5374914091245113,2.123260129611698,-0.39751721429784986,0.9524025481897841,-0.4621955689803548,1.8594184020346525,1.6172999133789163,-0.24461004861472582,-0.9809786983872644,-0.3305742507089106,0.4221297481510168,-0.4960311284224119,-1.1827858938983957,-0.2852873831500453,0.16710614880247465,0.3326335881148337,0.049393375760200586,-0.8566047966155683,-0.3775300586917886,-0.2464697883700714,-0.10073503048869703,3
-0.9244980176674047,1.864432688377757,-1.1416097539425571,0.7241419903254458,1.1898300490035911,0.2667140681890684,-0.33489955295527796,-0.9832930713849662,-0.054052635423138325,0.6513659541701488,-0.6829144700066189,0.7970613342225629,0.586104148743386,-1.145684249122253,-0.31966827762770345,-0.8272534113147277,-1.3940717545232157,0.23744514473578965,0.9766222346044342,0.7619109939337987,-0.5842991811609562,0.3016967092525684,-0.6642894192273133,-0.41036546050898326,-0.5518480782201797,-0.20517111248251632,3
-1.4768962175665943,1.9343011924406595,0.8750635514771984,0.9398243397120503,2.0833794134582853,0.5243440394771584,-0.5587420937791058,-0.22763533882882828,0.730524088733859,0.21743332265738763,-0.45890966605268463,-0.7513427266621723,-0.5158071514264315,-1.0202936382355956,0.7679672139270046,0.26661900778996306,-1.055592169747945,0.01802267155993334,1.7322115591326683,0.8354367880112643,-0.31330130500305226,0.24842672018735806,-0.03629335861367466,0.7771293575811041,0.11225206814809303,-0.5119404139946023,2
2.737769948423935,0.01394715683374365,0.30377039236932385,0.15104197089326019,-0.4521420143126547,-0.3016721629681823,-0.026289469890949116,-1.5860584454750402,1.9340159694478103,1.0015956850078307,0.21991051366077774,0.08829744690360514,-0.18871219245742643,-1.3637886717601648,1.2124345261340201,0.5078402572502819,1.9215036974425521,-1.5695206539787272,-0.3927374500938024,0.2720465461594504,-0.48556369881416117,0.34003411708943615,-0.5328093576181527,-0.5414879830845258,-0.360220703478799,-0.4547574728398782,4
-1.4719068773881385,0.6424874196841154,-0.06286491513617556,0.8664448849084236,-0.355154340513171,-0.5424637525810541,-0.67833254442102,-0.9747886959746294,-1.5023643455758788,0.5518486938523063,-0.40674555442852206,-0.3019484839904152,-1.5565072627689203,-0.44147672095156965,0.7969170576391025,-0.15711629665114038,1.5787336267641572,-0.22887929976521704,0.1982774862049045,0.015764880452968318,0.6597611757603522,0.8953649021696585,-0.6640170783683607,0.4932267915730288,-0.04896429935168169,0.6410817096014919,3
-2.6272356988790784,-1.5530446181534983,1.7511414690463096,0.0946169569722266,2.291828266515055,2.744378289806443,-0.8788557212722887,1.283250002406193,-0.8775125518632236,-0.8834038107691946,-0.06605266859082831,0.05532158122699798,0.3077895687464362,-0.056851898600378155,1.899696824866616,0.9643861099276689,0.15563346094080274,0.8094068391389497,-0.526951947820542,0.5050296883475536,-0.305990259952669,-0.15801733046766034,-0.1781520426092159,-0.2929623424828408,0.13128796363486184,0.0643143900555813,4
-2.0043785852048597,0.39719443813779154,0.20701003322621309,2.437205709422331,0.5932852357550183,-0.25572928946992485,1.6424225898201972,-1.3384241769248155,0.6803354320484495,0.7603188090697286,-1.2046215841602763,-0.7332515341083196,-1.1776036261320886,0.8378482250599937,0.6161451103247392,0.10740177354539526,0.7483094448331767,0.4324561569640965,-0.9992119775538125,0.6358050415849299,0.43756278552081995,0.19677472511245647,0.10423198297905231,-0.4247760289829593,-0.20436843283748812,0.35522671602208383,2
-2.0196360413013483,-0.6666656469120995,0.19502858033542483,1.3861747412681098,-0.17602870969762732,-0.7842761024468832,1.3566156887516108,-0.04896819327300223,1.6660099239483903,0.9514226953756859,-1.9848343661701071,1.0110135982787194,0.005850887518006704,0.7557643589809595,1.4708093004856517,-0.39251285919913986,-0.32400370770902176,0.029095301639981187,-0.4495850550878731,0.7710452193202223,-0.5307972072852816,0.34743515922406826,-0.2982967990507314,-0.2976621737662771,0.08168998630225129,0.44675692544458667,4
0.7669493396979151,1.5917013547847865,0.7085030229607117,0.8500229227729313,1.0478602564215989,-0.9675070945010199,2.05889764866858,1.9080804170796948,1.1341828201064923,-0.8764314916538547,-0.0807566369872787,0.9267611977815778,-1.2426239127823586,0.9282537209688795,2.227277242884589,0.1596539695014335,-0.3793573118278777,-0.31747813458561985,0.8903590820265147,-0.6042609630258801,-0.1296041148500507,-0.3796230101763339,0.37390389681791064,-0.2940001484101003,-0.17589537110491796,-1.0421327888915028,4
-2.7305252803314164,0.014631943859648128,-0.49365556981711556,1.427789759538947,0.20880968193693925,0.9320708078886573,1.097134409387799,0.828498555454928,0.4954946110259972,0.19223678293411314,0.0802392366338748,-0.8534142885397772,-0.8221805612806068,-1.7611079744659992,-0.698391158180841,-1.514612267227001,-0.3468761954954336,0.24766743962787724,-0.5147028030117891,0.7648119907554918,0.49741695620769594,0.1446833639190426,0.19594076987785822,-0.20499810076840708,0.282080269995588,-0.5032524986307212,3
3.0218013352108364,2.1925489618440266,-1.4920411649554128,0.3737223075749809,0.6170378444206784,1.6309392908772753,-0.7773907541591154,0.8570254728360207,0.19946315176390914,-1.4560962697169475,-0.0501567288734513,0.7868932378690371,1.6489560334130127,-0.437433594137828,1.038470795082395,-0.2529782153972241,-0.4152259699141327,0.8913030893453956,-0.48039967086961166,-0.8513844577701497,-0.2323034946613412,-0.4120416446307284,0.3341325876816239,0.40791320755268584,-0.8561106714220467,-0.4292131562757337,2
0.23568328840693364,-0.9442387122580421,0.8100260807131906,0.7409249914930995,-0.04096461426035681,-1.1636722255563792,-0.7457730851182222,-0.9511637562643198,0.7746404742467381,1.1581694301101748,0.19193236953219317,1.6545043157810284,-0.047635228224152074,-0.6413247090289028,1.0680198992538699,1.8509967328484171,-0.8226717801455997,-1.086695233618049,0.26885137862457503,-0.5562155158083898,-0.2902865315481514,-0.2826028835768482,0.3905681990679686,-0.3396128803087875,-0.007244628374019629,0.03396988184122278,3
1.5480055136467914,-0.933500466811078,-0.3085237784126476,1.5102437524346883,-0.5541598723979182,0.9599622472929127,-0.2976641513938206,-0.5283448331277659,0.32947054777187035,0.9435426918035992,0.042316696276351415,1.5309175861610913,0.755040826495538,-0.6326689891239055,-0.7095101021775283,-0.3192622637352352,1.2746672735184177,0.9151581061345888,0.04519247759072599,-0.7740485814698213,-0.8109591499650821,0.6274304249280324,0.1223300487201816,0.4308728508273985,-0.32786711164061966,0.3355101957956836,4
0.36630304161701455,0.492954274063932,-1.2684541828449418,0.2929891938964848,1.9478275727803627,-0.7223380677764594,-1.8870545324107675,-1.1622292631838667,-1.4854039964320538,0.9519546190170003,0.8690337441217381,0.4371274034077643,-0.20741507966829917,-1.2242728250175077,-0.5822284086754078,-0.4192560871273892,0.7752204150566628,-1.043408436896785,0.03547885660335596,-0.35273599697980945,-0.09756456168584021,-0.9498903052920632,-0.07038286729535168,0.5466383769716883,-0.3067207893906562,0.267997000126101,4
-1.1658717141181103,-0.35364178870151314,-0.6720081965668868,-0.1274969959478993,1.4227919437749166,-1.6673234130477035,-0.20729841692055853,-2.7619685417547575,-0.5085730992823279,-0.5521475628449615,0.21656341818662583,1.098047649429806,-0.6375883515565254,-0.7200910938123034,1.5700427160514316,-0.07870138082276673,-0.26826524803081825,-0.053847879344364524,-0.5759803748932399,-0.45327317374532644,-0.31664617766762837,-0.3124449425281189,0.2976650074499225,-0.3426216234563718,0.08729605954038228,0.2510382923610748,3
-2.001209715867979,-0.6614735936237544,0.10076274091548974,1.7391383842286146,0.3648393905188499,0.5047703778601095,0.8973377021046527,0.5108448640681954,-0.09502930784307376,0.11347440902597201,-1.424029823940392,0.40659944314187646,0.3043163834669219,-0.13273775033283236,0.35935515838001253,-1.01089439337564,-0.41185792784167574,0.40231984510084323,-0.22692824813352988,0.16305429555150727,-0.6180827240033875,0.23117598843165876,-0.16607875368988573,-0.019666259423329658,0.9833839913575069,-0.06653673626226099,2
-3.4926181304300288,-1.2742388256502657,-2.0035856265700716,-1.9683942198767581,1.9449323427675698,1.6230633182650924,-1.7840430543510797,1.1349095117168577,-0.6049941048014623,0.24420181050495635,2.0758652997116402,-1.3642274392970428,-0.1951061406539333,-1.235943913000411,1.4073306607492084,0.0031239359386602316,0.946130546075257,0.26761502850615587,0.09828328999473154,-0.004143270964123554,1.140384101587719,0.20041088847915942,-0.03737491612574808,0.47848613414284114,0.07632944324316528,0.3120241742216964,1
-0.2071791900917515,-0.8102858096955295,-1.6797719697674964,2.0738100842802103,-0.4437429011323859,1.3952763945316486,1.2465699646529578,-0.9410090466528219,0.9349976250249273,-0.9340333774789721,-0.9364725200846331,-0.11265631694099473,0.11154606245341463,-0.6244787904314402,-0.3203003437514128,1.3951097438651576,-0.1513970165068058,1.1051038917377307,0.4806015162133882,0.36399931507010563,0.9011492154486174,0.8144701621183166,0.47210790832889193,-0.8331247979299239,-0.19466554392938423,0.5614122008743275,2
1.1550755489874502,-2.5522020537041086,0.3020707644734139,0.20912334666998172,-1.5492437810479647,0.02663129267845485,-0.3414360776969483,0.006590582633709814,-0.48867975299275784,0.7562864512110681,-0.9178980727367874,0.5207816432938691,-1.381349541369026,-0.3335443487705476,1.636238986782825,0.4629271976771492,-0.21335171284384866,0.09693074667793423,-0.6166608131920203,0.5672227972061342,0.6409226647468079,-0.17408388338661843,0.17350878494784325,-0.627471087800168,-0.3990634249636926,-0.04876945436393966,1
-0.4199163845371406,0.49837011364388994,-0.5803939864429912,0.24686229901662046,-0.7915160072466881,2.0693034791289264,-0.5726046478133834,-1.3868340165566078,0.1372313711642101,0.5085260183748606,0.5844354455572921,1.9628031743499623,1.3056176677243847,-0.5202767975509921,0.5298019837511255,1.2088661582696183,0.427126326989898,-0.7128632234200217,1.4009324954691658,-0.6718013636564413,-0.12325329187141078,-0.2787197974842279,0.5436549035245739,0.678111428438068,0.18262341082283237,-0.42127328726590196,1
-0.30306360136841537,1.601573646947077,0.0818747738799655,0.8958932330083949,0.45356780232216,0.19534324209769693,-0.03350805591636842,-0.47082963415540047,-0.8497842654239276,-0.05945867270222514,-0.2504793068339142,-0.10635929666686207,-0.9738662308894592,-0.3851102731151174,1.0434659081289135,0.5455821494598646,-1.1288097534710153,0.014768194716027203,1.5888585689976504,-0.528183912716984,-0.17044320140284952,-0.4140308801843006,0.5965811189488208,0.8203408889466371,0.40827655482261144,-0.13654033851755912,1
-2.2521762117819444,-0.584303163775647,-0.9443274654478929,-0.3352603350520518,-0.4563935804681732,-0.9370039139655597,-0.899274074029117,-0.8511630896812966,-0.4188461051521333,0.38117611461086576,2.478898286228748,0.5500697535768072,-0.34693758171061423,-0.1573396964668739,2.0753237673007345,-0.114355854838451,-0.9341124352537821,0.14583410229702723,0.243016136509004,-0.4331662687685803,-0.18843947093618482,-0.5390385030074092,0.2736361314601406,-0.28014899619483735,-0.06590928465067879,0.14828138428833507,4
-3.2940671383156177,-0.8630283782778705,-1.5818101211746445,0.5080299406579597,2.281769136310536,-0.5413782782871001,-1.0864057994362633,-0.9571380524537805,0.4098356845819822,0.53710813871056,-0.8099146320276801,-0.19357317380318115,-1.0477702175968133,0.26197264303287493,0.47162361704653744,-0.7409114588558005,0.2071927345265395,0.6664259488817431,-0.9124230641522698,-0.5928787185438277,-0.31469163682548457,-0.3635176306165198,0.18319636640723985,-0.4773556324391295,0.2200506801225191,0.2347421564606988,4
4.846222255462853,-2.329260922581361,2.0420110519836725,1.159757543282937,1.661657579346748,0.9530650614309931,-1.2422572787866235,-0.4608838021783699,-1.1940655461631609,1.6193677965683584,0.8749473608458916,-0.43854805553129694,-2.199890926564382,0.7394268179281355,0.5360712504201861,-0.12406861047114474,1.6056594954347825,1.7799436893315561,1.5908337300408197,0.10345808988304922,-0.10678418724488102,-0.1424387245271901,1.6589102793107733,0.2796015499392202,-0.0017662533211778597,0.941402603493249,1
-2.1350712072736675,-0.3300019699129536,-0.7727402268618452,1.9387389462208562,-0.6200057138182297,0.6508199932881342,-0.32211098683888784,0.25056391418178714,0.13854918339443556,0.0894150034839161,0.5925447271778154,-0.338687432494941,1.182443256826909,-0.1788625493143217,0.6156513615552994,0.3950828113866813,-0.7510363083485516,0.4845762812503106,0.7415101917977049,-0.698061578316374,-0.32336353362616993,-0.2775557583114561,0.44561760399302563,0.3352557057863284,-0.760475829768984,0.10615636968311522,4
-1.8224553178782257,0.7594786709755209,0.6542583278442718,1.135347222031138,1.8740411851640217,-0.3384859453522938,0.8142774111703612,-0.3517485500607301,-1.2375442876508418,2.023733215969377,1.680110057427689,-0.6169190103941108,-1.822490916328487,1.5649598806693739,1.0800629354387532,1.791635499694906,0.5435599819877032,-0.1976534365292294,-0.6197532526946589,0.8131719032738046,-0.3610877065519449,0.34021854117247435,-0.22113726631204164,0.9021538263385764,0.5435806551784181,-0.006987754766840827,4
-1.807719352663882,-0.2608586333286483,-0.42095809604914036,1.4778158027513841,-0.0948100235978372,-0.6622342495308355,0.7119434467586834,1.1829046653059565,-1.3570077104015301,0.7375648761731288,-0.07140564469278327,-1.1875873365457383,1.1046582428812655,0.8596428589706736,2.1108615930669306,0.6886756779439707,-0.520200612923238,0.10071919201032749,0.05723518012089907,0.7169879049260994,-0.18536933547493312,-0.12606635154404897,0.4956898427566153,0.5542252393348147,-0.35690177432339093,0.5110467111010978,2
-1.7728754476021713,-0.17893772656275114,-0.6251453316515347,1.5925707342805115,2.3085497882566046,0.32691213113478573,-0.18272332575581002,2.197090876163767,-0.8404388456184674,-1.4728109864116874,-1.207735429594543,-0.42501660182521983,0.4393467834550845,-0.4687316785257103,0.1488856689745909,-0.2422902297146718,0.8423270583256944,-0.5469693195403289,1.31756986952616,0.14999355882561394,-0.16195748990795447,-0.0872576181690239,0.6826874878687086,0.6655507242159313,0.5028479387817315,-0.4736707076911842,2
-1.3957657991201782,0.6698383363890097,-0.012331762747742515,1.2643379336248812,-0.2317581875587614,-0.31010322674208723,-0.5334369436106934,-0.6039954058499052,0.5471466333045288,1.758078978013988,-0.4291878723768686,-1.4423030694043213,-1.504460231058432,0.40986589808277724,1.1913333228801202,-0.7797765285776004,-0.8884124567955212,-0.33050783934285693,1.064865527337091,0.8036420954656865,-0.4735029419828838,0.34659684726090895,-0.38638501884270676,-0.5940048061997675,-0.6419501466560587,-0.21307048786249908,3
-0.6290648952720707,0.6892841634277563,0.23441777845742343,0.7294426759739591,-1.2672339399449506,1.648039526062485,1.7560271173824087,1.1636890120594092,-0.7277792582047696,-0.9033346965705902,-0.1835139656719012,1.5232803554852563,-0.6690631297347966,-0.40896948070935707,0.9327567430762809,-0.015049057604284016,-1.0887636767422675,-0.08307309155786552,1.2289140178684836,0.6573147702885636,0.06877478573320418,-0.46923891124828476,0.5449907059796848,0.4196023083326157,-1.152312176474575,-0.35317615382921674,1
-0.5992872649859702,-1.5012715849970848,0.2734473266660006,1.4824001361432946,-1.2482393803500282,0.8728497661869529,-0.41323450185843286,0.11046184122505263,-1.1063225990304015,0.01848994618846748,-1.2487461808948304,-0.7233562069775062,0.5391521121482445,-0.11574089981311503,1.6087283538918287,0.08139377164342246,-0.5471363192840137,-0.5786088234362033,-0.2103719507274771,0.6446346377643163,-0.563919701144449,0.5316053446097636,-0.18990749302401017,0.6027991722690315,-0.14154632153464816,0.2266246961978767,2
4.7798909563909575,-0.9640207748324012,-0.9551243601296349,0.6690262934057074,0.04717511118394829,2.4692338847263753,0.46769722219914156,-0.27682914403896514,0.7274392112606954,0.8197083719652069,0.9821585959142337,0.9657614509639718,0.364111731845744,1.4458779062399936,0.854187580519166,0.10291574200061013,-0.16164774080576938,1.2789871430999677,-0.5259673819299998,0.6313052172973979,-0.28450605374847004,-0.10736475532491263,-0.41227511048466686,0.5357664945265388,-0.3727318534161496,0.1822553620554584,3
7.08508250282207,1.127411002443242,-0.9082428209484581,1.9079938494311945,-1.1759408501575617,-1.0049240362794436,0.19015034543048306,-0.040928484405493966,-0.9412769140218115,-0.6679502045563601,-0.35544581885208004,0.655436644461527,0.2685139963788326,0.10081490693888123,0.8623298523131393,1.274620004401574,-0.27786200001084427,-2.1393387879558095,-1.443869283836248,0.7464723493773396,-0.03672744187802276,0.05147355081584985,0.3786824718752749,-0.6232305672285887,0.005654725139076496,-0.07041207831617637,2
0.8726311116117007,-1.5983842135594388,-1.6863861952341737,1.1200537711059801,1.0850066608958218,1.7359127762831195,1.1279246914001924,-0.40891386136185803,1.0951512337476146,0.3902091383652992,0.19458616870052717,-0.5088971394620152,-0.361722271816172,0.399275007766607,-0.037695090073962705,-0.15506739389105392,-0.35304871637819546,-1.2020785460239325,-0.32881092947106216,-0.8702099744598715,0.45588779512859673,0.8229085459800727,-1.022392915807834,-0.38374968207569515,-0.573940625739739,-0.3911260013072685,3
1.8879525180328907,1.7711427628128273,-1.22742879650999,0.16352958104893622,-0.01107968116473095,0.6332377966978335,-2.0498075641739493,0.4602238477430626,-0.906792746644739,-1.0144670475368642,0.16363615349157398,-1.388872393482978,-0.23018125202894532,0.9905964700675437,2.898606887071674,-0.3368542083869056,-0.30323827924068825,0.05408972207907548,-0.13362426248131842,0.47894969682659894,-0.3386790784094922,1.0797981782045702,1.1567423254614262,0.17332022936431205,-0.48669910916787795,0.13042475428637626,2
7.955562186804624,-1.7498559900493587,-0.19532419332609446,-0.48535457316669667,-0.06866250840283464,1.0984683282951175,-1.9030129352036613,-0.9120706000637423,0.9422053817775979,-0.009880362154399336,-0.009468505738365298,-0.2086744966261819,0.22237070086995642,-0.9056155846852083,1.89496457348525,-0.4670629202695369,-0.7851495479184498,0.7455916005619452,-0.04075773674642549,-0.76979449497287,-0.8035619120109565,1.134662899476329,0.5571550354005571,-0.6659290898003261,0.7829759283326168,0.7483290038161586,3
-1.3796554603563012,-1.0514625557275106,-0.44302262718652263,2.206338834333753,-0.08959025311235969,-0.6167195255592833,0.8519197496215318,0.21848284465747805,-0.14943737549016514,-0.2292933596260126,0.6302703017327995,-1.556264710831325,-0.21663844683563158,0.02240431866381037,1.001403829894344,-0.7472822631129085,-0.1134698268763197,-0.5004802208891537,-0.71554732563898,0.8355099564568235,-0.3583883704989253,0.6629625412002318,0.8925565491746835,0.4077914250049316,-0.2683114993225098,0.5748123970360443,2
-1.5995417820538727,0.7566155053346889,-0.9558744717917278,-0.6500720442781255,1.2376608006000922,-0.5664936104201274,0.995434452499313,0.44359345627172725,1.010256637978427,1.7543392068758346,0.5966253055356578,1.518478254845422,0.9912805671872358,-0.41513607964238025,0.9837364132588089,0.902342710127732,-0.6959788919025562,0.22645276987521223,0.06316023380653452,-0.5859918984782265,-0.5195321435362754,0.0033914751713245137,-0.7278637730379178,0.014567689402363535,0.5826624561576713,-0.7827688489018564,3
-1.029399457128865,0.28144312055171633,1.3467299107923894,1.890492632983335,-1.6794808158022556,2.3403120250295126,0.3445130999935164,-1.4950640552142649,-2.2388441007848927,0.529606237676953,-0.99944768729328,1.2646378361081605,-0.12851047793492962,-0.08317324130051244,0.2232191970071595,0.573022747405367,-0.6749935307479633,0.2987451984154882,0.4855085909553523,0.41188462560234185,0.7129077884842805,-0.13420528097792742,0.9292882758782774,-0.4567722212836996,-0.1654374410042498,0.17067087638008963,4
4.7560605493033705,0.8657284435189923,-0.406001158672491,1.4014459220292368,2.512659998376326,0.9239453064604797,-0.09662710465491837,0.23416855990993624,-0.7485501145068393,1.4130046550181543,0.6221744425089469,-0.46399418207517606,-1.783217722644228,-0.8407855908540366,-2.003229327353333,1.3691840077716875,0.5998236054831859,1.430014868688981,-0.779730962422101,0.553823000223805,0.23264012502296763,0.1174234278118773,-0.6928454910942595,-0.5189968385717965,0.0019827538675210553,0.21759225199854249,4
-0.35373927875870137,-1.3324235582176323,0.8881519937105924,0.2801122676481511,-0.10164707783327197,-1.3814083679195492,0.984400589363609,0.9602470755370526,0.8539201396572004,-1.0403126828630076,-0.1747211787678014,2.131941888687148,-0.8937394693242493,-0.6041331106358524,1.8276978014285967,0.673819632914475,-0.6275332009884955,-0.6809005886402122,0.17083007729806848,-0.5230415180193008,-0.5537634290794846,0.17468387729776877,-0.20721781656655403,-0.05711813191752146,0.6252798803467935,-0.6518022156962104,1
-0.8615805998878401,0.5765066129910211,-2.4993116048270285,0.3682031814213937,-1.1470658058209442,-0.36879096951920676,-1.3756126819431829,0.06703078881189367,-0.4854189054253398,-0.19280075322439078,-1.6926251387653362,0.8640413503524088,-1.1496019431977345,-0.12823792992745714,0.5636294266125186,0.9632159173343542,-0.25597766266799576,0.017863011687782482,-0.5819656805792167,0.4357726834608868,1.046960557962758,0.4814293671807062,-0.021807463603386135,0.26539472425392036,-0.298684789315611,0.5131585100183744,2
-0.6660932473363125,0.21588436393946542,-0.371813093750575,-0.13979039608522095,0.741437188403814,1.4798186976768963,0.08785145942997943,0.7839011603172942,-0.4751022523974423,-0.60335796140341,-1.429809227150664,1.353737662694484,0.7613939161795119,-0.18578663949140498,1.4140476479856219,0.9110442190350075,-0.8194405556632753,-0.21711559550999746,0.3031061503285353,0.42637506997291263,0.5161620109039516,0.282342647851877,0.2804523135148025,0.37424235507377546,-0.5797388642402783,0.20215578820708777,3
-0.983034504071036,2.851997055474428,-0.004660202908825399,1.3185119324224555,-0.6695233701468328,0.5009813469372654,-0.44247399927000214,-1.418266335945579,0.07089688053263862,-0.4295084971690216,1.0691504515439736,-0.949842870701474,0.6073574487593919,-0.8541308173586848,1.2788872932051387,0.8317959171791847,0.31546981737452723,0.29839809742489043,-0.7562400950175685,-0.6163843587805052,-0.553001247062817,0.13883872634493624,-0.9109313872415539,-0.31216780429933755,0.17893935081316586,0.29423027118778405,3
0.27380809196239986,-0.6167272756065004,1.605187737159935,1.2087618827250286,1.625072525768389,0.24070682955747008,1.5111041488743746,-0.515329734012901,1.5062886074126816,-0.40151471608044015,-1.3967088073877665,0.18542609727187212,1.4361107774264252,0.3369304776013088,2.331800721795111,0.5335652553671799,0.16434533555821845,-0.6450601150969681,-0.3933131714869046,0.035276126667279174,-0.5565519654529734,0.2919156639593047,-0.44884281379748076,-0.4212313881330075,-0.5498373669258652,-0.45915765676477444,4
-1.7382664691941194,0.28015338853627947,-0.9397213393658956,0.30935113776534573,1.0590147088239255,1.2193208289129238,0.2874841130742193,-0.6559154299315157,-0.0758651713294358,2.204545290316175,0.8493313654254557,-0.14214318255986225,-1.348893563555764,0.775481387038985,0.09485544620624668,0.6601519480308887,0.3638594475810242,0.5750227127689058,-0.550601369415101,-0.19467717645744834,0.5726511728669148,0.8770814574865877,-0.650435282970904,-0.3774683084426978,-0.30533966949413444,0.11331432422228291,1
0.655282809937208,0.023239545990004915,1.7894759467424979,0.09827787757282153,0.20348481125426474,-0.2703255082031546,2.473023780367922,-0.222102237596915,-0.22465359740596658,0.18589528298267916,1.8298800852655697,0.657332771340018,-0.15683601566678843,-1.7985583122580528,1.4253744464744533,-0.8484446278176083,-0.9214392765708049,-0.6378495941326293,0.4557811020503264,-0.56636696913137,0.64578797820857,-0.18134987786642462,0.4699184140260119,-0.29369174450864216,-0.45811314750952004,-1.2430941875845432,4
-1.5894948030156337,-0.3585647314212259,-0.45986882982784305,0.8698066409239984,-0.5446929943834393,0.9222107138337687,-0.4251465680049832,-1.3129082097592213,-2.416700385971671,0.3118096376661842,-1.2076004500367574,0.2957000310505673,0.6156106433961874,-0.2243658569293067,0.9378239368911632,-0.6448442727301962,-0.7798083277093023,0.8183409171447144,0.005936784824471934,0.38933274063007817,0.9395058755375725,0.6980808983326903,0.4023879525847278,-0.18771331864743576,0.6596897354502504,-0.2312685867720305,3
0.14092633907838925,0.8758288791282425,0.6685860621787091,0.8882189508483527,-0.28280148517041265,0.11515502012568556,0.7921317671797404,0.8831425234979835,-1.7295460474167539,1.0273301290322923,1.23832743114563,-0.43728966123828167,-0.17976418274658332,-0.7823922123328358,0.7950592041916699,2.3222960257929914,-0.15843543323615472,-0.08422983879051531,-0.11685545094767791,0.8470769317698975,-0.054074538610349894,-0.7303163956456357,-1.0031598779808808,-0.17730843129488372,0.5900734670521588,-0.3901817404853413,4
-1.1221258447209825,1.9882380478340673,0.1368860968481023,1.0427586311357684,2.116067775269373,0.2928322960837725,0.7014419151805078,1.364653648981719,-0.2717125734325813,0.8321743187797543,0.5775359883118462,0.632395902483174,1.4803561196342727,0.5110461084215681,0.7117011803571153,2.3250203413976958,-0.12911601577925327,0.3055141710770609,-0.0008616953551465238,0.6719903447165347,-0.3035293394850972,0.1965079834400797,-0.5521935761586091,-0.12808394364988804,1.062391770513517,-0.2921616191596917,1
0.7056509082345188,-0.961831073809468,1.07710369719687,-0.4339081606559119,2.0826451120157565,-0.11606257104931962,1.2106342932226355,1.49162973156405,-1.2571018251430854,0.8471016346866775,-2.558972240442107,2.1379815932860162,-1.5997908524969355,0.17601817895139032,0.6158180161880759,-1.286916011991581,1.7342999096239482,-0.9755013505375884,-0.5572968597006751,0.26000660832033967,-0.0707265970649536,-0.8699651074517645,-0.3245517366621609,0.637653170358401,-0.002070084471066891,0.0836532900352423,4
-2.2321256968780685,-0.9270708062177214,0.6351976201110827,1.4271410833975438,0.10251141556682762,0.7207219339265727,1.1030044778073849,-1.1868696067284104,1.0116016416324545,-1.2403918285977038,0.8779418016455575,1.0752243101997865,-0.1153980610359291,0.03580834539792197,1.2067720412747216,-0.42774191404842465,0.12471951914837426,0.8030968011937667,-0.6242404700334533,-0.5058652391516743,-0.16352727234522504,-0.42284525942937545,0.3734841278114634,-0.03788002505064731,0.834260859410258,-0.1260564558165898,2
-1.2454304662541942,-1.3688521412422452,-0.49294602993987113,0.6576309438137949,0.5067289732370585,-0.5001361196816871,-0.076423485835575,0.6439984264619298,0.8010330989548636,0.726348538772504,1.1932979917017583,0.8811705043332414,0.7861840120506511,0.46819310932269526,1.4249240526645741,1.7165728093162715,-0.9733884702918794,-0.34566332275588085,0.5887318670072345,0.7294521786041855,1.478476263705364,-0.5771955254936542,-0.4198724151069348,0.4182652657799418,-0.6071291591732736,0.3731423233837503,4
-0.9465269567493373,2.2453543565873475,0.19229212666790102,1.3446976461909175,-0.392668300381757,0.33818635287991244,0.3020760034835626,-0.6601404816321971,0.8520539680288126,-0.6185570310266152,-2.9061876625690157,-1.8404939790083703,-0.42679036324173997,-1.7324748720249619,0.8902684133182912,-0.14382249076545453,0.8217977050461993,-0.2791156159108599,-1.0763781447693987,-0.8480110728257806,0.0013564265525458452,0.473388785312182,-0.8534211415337692,-0.5033732244988193,-0.21637049770404349,-0.1382071167062067,4
0.597360064952084,2.6457085041715143,0.13390506813182448,0.6943353676607452,-0.6251483092126989,0.2670919497306774,-0.4120733172361444,-0.6591780727013166,-0.7474415644567018,-0.08675660734283965,0.7356757237309856,-0.961817905946375,-0.9401981365260732,-0.32040930858657296,1.6158801037797297,-0.10631274170492756,0.08180109731246107,-0.18119022139923582,-0.6555341063825816,0.7890697440916229,0.01845787371267752,-0.2338671040719931,0.06014283269834491,-0.5257466138539699,-0.23388037066324605,-0.025264977120674197,1
2.5003405267413643,-1.3908080991982943,-2.3720235358376316,-0.2623757483283597,-0.05795045683386181,0.47023854863700754,1.6939543913283603,-0.6955205741858087,1.4160755056683505,0.5272028021049296,-1.0190356504055846,-0.3043322446107688,0.08008840872260134,-2.352025431238056,-0.5486954411863276,-1.3280492328938054,1.1699052892026067,0.8936176712403407,-0.008858100381234054,0.8697219116609399,-0.5697666283870492,0.2022514303042621,-0.8083565079767379,-0.506391076897283,0.032592976288531667,-0.11794572980313518,4
1.2985310629070408,-1.6464835758440373,-1.6254769284102257,0.5094385587801197,2.1310714360081793,0.9022822840211425,0.16570543670629684,0.7133391233026597,-0.4816299823129467,0.261727976873892,1.9723651347885414,-1.2398537999778922,-1.14326896598028,-0.042890832547069616,-0.0871868934570778,-0.10924204212254526,0.01919192690211619,0.023289345086717837,-0.6906332507411695,-0.7382088115130933,0.36572118022863287,-0.17836017794179088,0.07797652636629325,-0.4477613309721802,-0.6154022066759799,-0.2392756719189855,3
0.06972851917391712,-0.8797879316349261,-0.6377011225051963,1.6443633855462971,-0.35119771006750655,-0.2659375684499956,1.1082734699142018,0.9751152507200165,-1.0462292255168943,0.24066274252834519,0.8449725881946883,-0.5422895479241583,1.7277420376446808,-0.2971653833824366,0.6680595108365429,-1.0182440858570585,1.1822591397365885,-0.9895181300922646,-0.6315129170819686,-0.7726757544380328,0.9205193511762886,0.2924726494862173,0.04518649558058453,0.39261545769629735,-0.7436747289871505,0.08393613620543153,3
2.692645906206562,1.0367609023184514,1.3260227799289,1.6972532233182522,0.4443654563395308,0.9823738405713816,-0.6998123778422627,1.010046719247495,1.2233702265552133,-0.3213027679185463,-2.1314196503524907,-1.4623205369596517,-0.8316578008498806,-1.7319655821228266,0.06366420686987079,-0.6165581432860461,0.06861717033338688,-0.30140722879203374,-0.41059087881378076,-0.7865443926065528,-0.6305900080534759,0.25790575224308104,0.005385977320640458,-0.5504670611045483,-0.504570566669325,-0.6272378096185248,2
-1.6636720343291693,0.0959912195012915,-0.9751064728072829,1.3317252717473416,-1.6200757903625462,0.441755801595518,-0.8572863577790698,-0.2365192494790125,-0.18451964295128034,-0.7942469586115827,0.1774896282509292,-1.3369300539421827,0.41275846176776587,-0.6438950220466636,1.5099702062462712,0.9022545046688147,0.151664132775106,-0.30286485753811415,-0.6419811820388349,0.23728873360220065,0.018155458795033566,-0.38337451657903304,0.27290869344546426,0.9168078410061749,0.9775828920238063,-0.39082216548232285,1
-0.02394180097625343,2.3410496539634695,-1.4896775815199321,0.4805255988665007,0.5453820844090469,0.6920580114910089,-0.07241619624344459,0.1580867930012647,-0.6278612721380495,-0.49736410237067386,0.8834828253490477,-0.17828423051569042,0.509666532486993,0.4541846314946364,1.215953092279044,-1.174281140842265,0.6135099765029747,0.2886649585421859,0.03920883059098776,-0.5579723619075679,-0.11967327942904979,-0.3612172964918599,0.4531725075246273,0.7240009284753189,0.29252604389955467,-0.09981127838231627,4
-0.8750084046637908,0.6933993987769671,-1.5433626872575503,-0.8177728469199699,0.7743607239008966,-1.2342916875269936,0.4484191419972736,1.1131789443219233,-0.0921288960086864,-0.305326529828172,-2.3908274883003275,0.012706933795734518,0.6045029095662241,-1.3232614880785087,1.5645777349353542,0.030014233782047244,1.8810042420397612,-0.43459333331620814,-0.5213295498309606,-0.06676993053503298,0.9367408205261433,0.6777506969722136,0.16424506478008893,0.28126646537941485,0.1760213328013042,0.528032273596967,1
-1.6294742719266542,-0.7943809712275338,-1.1020539235754507,2.1181727348871737,-0.2684724144634208,-0.7965278189713095,0.9570410352564852,0.2569473539627162,0.5287867343667224,-0.20037671557772388,0.9990224222217466,-0.6038153084824469,-0.8978476058899277,-0.5206174546537853,-0.25262080710424756,-1.2286520536617536,-0.3895714760303225,-0.12791885077404616,-0.19003907528368635,0.47537348243013355,-0.058275472656098865,-0.6887202168971523,0.1367266599483721,-0.26106913559121153,0.26799840026853067,0.09042549651050409,3
3.761878405723098,-0.27259462461069145,-2.0159555260938116,1.0496278409397057,-0.7005525722154473,0.20099218649235429,1.1094314873740954,-0.6093082487884687,-0.3771518559725679,0.7039846470089184,-0.2667805451893923,-1.1814139819985765,0.05718152395982113,-1.296658390564806,-0.38533782821765084,0.9329161275662601,1.263807809776466,1.1939087917252587,0.8108286128566443,0.7405379043582412,0.6531623279904172,-0.4121053382208056,0.08780684476159581,0.3155769276987526,-0.2545862055970796,0.8309397097522322,4
0.41801197893570824,1.1308934125099936,-0.7167449719133827,0.874713643275642,-0.8962118288499388,1.5723678574569935,0.06119614137956619,-0.0960412246425118,-0.8615173641925522,-0.5407874900937519,-0.8396915763394188,0.14795177651618766,-0.14691273511533937,-0.5046694784565662,0.44329233014804265,-0.8950346998120792,0.38172564505749074,-1.0827689520466912,1.9996065935899219,0.31229687042187604,-0.2843768260640971,-0.40602443605752064,-0.5936051889863125,0.517427627568776,-0.2486762499864829,0.3081751010688958,1
1.4720343117186203,-0.30868374333635346,-1.2247327023880503,2.013869035849807,-0.4998868902251153,1.29674957724763,0.186388365713507,-0.9502802217425121,-1.8235819453415816,-0.02855927147163305,0.6503620195260731,-0.9813968014310085,0.4842030309250242,-0.47755590464746295,-0.2823548728907168,2.2342599448140144,0.13865942761668998,-0.8668469404316523,-0.7752577895004239,-0.8050277743645614,-0.4394966037472844,0.09462692226884134,0.48741065388023885,-0.6985356606511456,0.12149838557707125,0.32558581354608945,2
-1.7403428080787327,0.759563644066106,-1.3628708172397241,0.20735524027052565,1.262552512707791,-0.6392952109838741,-0.4807077944497063,-1.6369534785578186,-1.4974940993798498,0.6614708067307776,-1.2345634015853788,-0.6519476081943124,-1.4862800952511788,-0.4433003825932474,0.4836745628361385,0.24346895146316624,0.03808439829497742,0.14252874764088597,-0.5932423209948922,0.7568756347573431,-0.7558445257137104,0.6717374260695087,-0.6126662582488703,0.5966029866931926,0.007729120376136342,0.5085211189987704,2
1.407643631151998,-0.3895742798714507,1.1286340011553648,0.5527946626207922,-0.17705944935615325,0.7283670807683571,0.394504466434222,-0.2165561407352398,-0.16583511504148252,2.030263442051982,-0.17615756922076806,2.1700917465052156,-0.6135989473792232,0.17888245900970448,0.18961887280465012,-1.0136789192885929,-0.5025402409218384,-0.7739320916611131,-0.9301973907207745,-0.12690087542191467,1.221071698994576,0.2600319195233155,0.7625172379582036,-0.2929712123505349,-0.04766090078799757,-1.0482440465363243,4
3.1442265891596306,-2.1723979484689044,0.47323324901541497,0.2966125387470194,-1.0158187272467483,-0.11668164000860967,-2.5350674399715833,1.2438324722666263,0.8759334633336421,0.05843846284613425,-1.3868586632459765,0.6529765986484999,-1.6567205067811737,-0.04273210046464893,1.3878061273706503,-0.5493349698053646,1.0760170027307978,-0.9125659738875755,0.009787408800595199,-0.6095040387891517,-0.064400725134728,-0.8392213058798818,0.2908603246860071,-0.41044842823504823,-0.2118178062336231,-0.2940285516173813,3
-0.8191963333272474,-0.5484329822232836,-0.2731030599309101,0.8033139674694055,-0.8188322111811275,0.37819394712498233,-0.8034163268674548,-0.5693064526033608,0.2143186747530154,2.437814077174837,0.22258180191680596,-1.6683170816281927,0.2303438631730054,-1.2586277165389905,0.2780975010315995,-1.845576375005897,-0.7141312488180952,-0.026546966614030505,-0.5376962555988563,0.7001399705760419,0.1712549945473001,0.5973002880641534,-0.6306152975257117,-0.375479722689295,-0.6222390934411557,-0.21555474537400413,3
-1.6728272545462535,1.2170367407302582,-0.03286271026298804,-1.2178198023911309,0.34725495684626384,0.6604773242360273,-2.1390727983260955,-0.8042635632062316,0.1925440907136544,-0.18065307923032697,-0.831277650422587,-0.5506404465917781,-1.0636822745007228,-0.5296039675635891,2.7898289085573325,0.6985326012997198,-1.2474252147851261,-0.09314857750471532,1.9612972971090545,-0.6889385795579794,-0.5454508534703241,-0.01489345387568759,-0.33572508704947496,-0.3283866310031609,-0.1082114322931166,-0.2242046447120096,4
0.6470572634374039,-1.2228545083702091,0.16474856516021974,1.1800605486904683,0.21519876102337793,-1.311476923854533,-1.375598117368476,-1.9504102653085857,-0.5238625732035219,1.3235010230287203,-0.7957052630137966,1.282950464804845,-0.8931041042259964,-0.2959260428439017,-0.09430035570790098,0.5763436801608661,1.0112021360329844,-0.23549767080279532,0.6994427380998551,0.022920570144864427,0.9536864825558853,0.22837596311787217,0.00601703568905816,-0.4494874478288196,-0.1177267853194577,0.24005694295426155,4
0.7534038962116798,-1.3451635849803514,-0.9566187256810696,1.531207278737148,-0.4466487439372696,2.8013048678834567,-1.6273654634133687,0.8925452513984897,-0.1387535671763097,0.31650083496745096,-0.8136296698117698,0.8168932983709726,0.5090036994274771,0.5038618078518601,-0.7009555078441715,0.09067672507590241,1.159884875877205,0.3462120171904496,0.2389865145037259,0.13053442303443938,0.424885292490706,1.9864857290939442,0.33737879326993264,0.24023246850474383,-0.15005341289626103,0.5803380714989631,4
0.9619861343348924,-0.8351616712202915,-0.7201407297581551,0.12243438002277174,-0.4909191620970785,0.3189373416001308,-1.4571974901991698,-0.4273969946061943,-0.3041827743187415,-0.23133200182210134,2.582118587004786,0.4082212400492569,1.1544535661507977,-0.6290488435303307,1.3152401755590022,-0.3689101486814201,1.0418139996546656,-1.1116355318875575,0.17893641732413224,0.1123904679500173,1.219642736301072,0.20003595384261,0.01594257835289356,0.37601882247907586,-0.6156290753387037,-0.06729053558278325,3
-2.4008535874641854,-0.838867425180501,-1.1424503317318855,0.8640487395484845,0.49399784033655486,0.1343480804754265,0.7769749824064931,1.8475691524070552,1.0433959783954616,0.6918272160900321,0.08433171805182427,-1.1107523231640355,0.48661561529865355,-0.03269444562780705,0.980906222683167,0.4989621311212267,-0.4303780497833413,-0.07999469418589246,-0.05478108761058652,0.7366479452972647,-0.1435270690376657,0.1788240408641108,0.7585122530851485,-0.1752041594198409,0.7333408408829976,-0.5342070855945391,4
-1.2069590462442628,1.5621804211757715,-0.1010641885869842,1.737595565349233,0.32541465579428425,0.15740186588120114,-0.8172693352585867,-1.1573635479322373,1.4687081628552647,0.07775121206167114,0.32615970407342487,-2.100724217574121,0.31902687708051397,-1.0216168792289944,0.8721347855297777,1.3134762093064327,-0.23314215617712378,0.03312937243104468,0.9333063614711324,-0.6084898094237097,-0.22407009828578475,-0.32314625491530635,0.30443256945544944,0.26062213614585056,-0.8890216169824211,-0.12285095280769205,4
6.6544530397098365,-2.4106932763561937,-1.6135376964119033,1.4053574228088779,-1.114369544625051,0.44165783151660243,-0.5033454256962274,0.09427733709180061,-0.021132613493549987,0.8558145920075612,0.13437997487144096,0.13705759499084177,-0.09891374134439274,1.1595791010379377,0.5131934180757887,0.21292917190902766,-0.006477920934566427,0.3450233811173017,-0.720665971763974,-0.11395264175811685,-0.8989613514213676,0.6620940099660103,-0.5023758248407297,-0.45371197405278935,-0.5988245846762519,-0.86728693131239,4
-0.9242772102556013,2.1383994679696148,-1.0290030021301162,1.5574304683595552,0.7883020165574511,-0.2922031672278133,0.9414220116418593,0.34362845472711084,-0.03686105827455883,-0.3407899350560008,-0.7570519007466117,0.08397909488321018,-1.9399439718168832,-0.5443242039257752,-0.8401221232546345,1.619289283202246,0.07992169167313722,-0.31150708313453795,1.8672073431883667,0.731728573960968,-0.6339138121359128,0.3276833034834785,-0.7280524559134927,-0.5746081886347567,-0.5561990263851674,-0.2674004141458678,3
3.3104916917732763,3.35120048361765,-1.1344738981242002,0.07742736400955202,-0.8544781945046123,0.9382085850642072,0.5122214893910001,0.6786387619285963,1.0196477198908007,-0.8249878617598597,0.033411368804015594,0.5652081900141475,-0.4822928354085511,-0.2200164623090356,1.1171254445523522,-2.1455128521725317,0.2741064763737533,-0.37084026178972795,-0.40612633118301633,1.0334454533841329,0.35102774696775657,-0.9788538019062903,-0.23517251846055318,0.502547285120085,-0.21475584331466283,0.5286448576470285,4
-1.3337217696268275,0.2651962396794602,0.23922040856188334,1.3548457042240183,0.1040452665950522,-0.4568506880732873,1.9574744873765113,0.3810100252329263,1.4345077401673678,-0.24592152642959833,-1.1985746596779054,0.2554731450731689,-1.1535247717705328,-0.7289157347015104,0.3981727897064992,0.4545074676534989,0.15502050218937852,-0.5061617894927107,-0.5227429460253628,0.8480663632010006,-0.3111271308018359,0.36322224638223044,-0.3905539432069582,-0.3330282404050809,0.7968732574824539,-0.5151084857135212,4
4.09834586781887,0.26501976948349376,0.7705074506210497,0.9707722793976258,1.4810641403879645,0.9999940244395131,0.17640012791876397,-0.18186502149190759,-1.4556763599388092,0.08245604844558249,0.42377394347186564,-0.5571097396498621,0.6758289134772542,0.47645172407126724,1.2959805414054528,-0.1817988764539728,1.3465894109419732,-1.5177304778707854,-0.6193799810763257,0.10449546849508581,-0.5432997869091001,0.8866752543800365,0.12319742436165222,0.6168680155888573,0.6162332123598546,-0.2519736152290865,4
-0.21478278006647358,-0.6169981317072313,-0.9623004361059954,-0.3536871951059924,1.7222103915301086,0.013892713398917548,-1.0650271803311964,-0.9775425368060926,-0.840462249007657,-0.389225442444179,0.9731870462932966,1.7404736543965782,-1.432753682195443,-1.0940693285139196,-0.2515847516515263,2.8621868498127863,-0.11406493770690486,-0.9445478974071517,-0.3251693830659561,-0.5718461153377581,-0.5775991877118541,0.1872989559358459,-0.7882301385504151,0.45270049566236525,0.502810006434488,0.32332968221826713,1
7.50344381112866,-0.7545814043344731,-1.8524192932452528,0.4107397679986705,0.8360677102676123,-0.9734489933679045,-1.257199813293924,0.6274181178862803,-1.2898486122354171,0.9073316322508017,1.1358427466239518,-0.2682526227621454,-0.5587953680898763,-1.4449007904705466,-0.9817075925035187,-1.043205029437067,-0.05750286558024923,1.8408205981400791,0.6724699549161051,-0.36583299885876486,0.8126529436181947,-1.4625524288219685,-0.18013954395153592,-0.11765197491888198,1.2675151173221062,0.4979569883518193,3
-1.6531686217148427,-0.4678867169973624,-0.31526834653127017,-0.0955028861982786,-0.772123938078431,2.211024734252283,-0.4258852765130391,0.5535204773342994,0.8058947392006909,-1.2749583146984587,0.3069930267880523,1.1086177546426028,0.4166109545333071,-1.510664464007675,0.6245843122352444,0.5697826295052719,0.5795080727963694,-0.04842098355167166,0.696196064756795,-0.6506763259226739,-0.50953590357125,0.0775584937815235,-0.34602080457358847,0.5289662259841947,0.05730897573425102,0.5369782334478291,2
-2.033212143641806,-0.5089487766604257,-1.755908639062844,1.4109667866932993,0.05179338487779323,-0.5027360122712282,0.8119633202869043,-0.7025125045887985,1.6941089372010885,0.5658745952175851,-0.8967074461567158,-1.4342560543923617,-0.8842045347095583,0.4527027404278428,0.8014224641050784,-1.5448310097328557,-0.2671298372488205,0.09326037277633831,-0.044231145669070375,-0.4827483113790037,-0.2314213550195227,-0.21709518832057606,0.40211685137057956,-0.2849692123345401,0.4479030474357427,-0.6237280294622175,3
-1.430120058266139,1.599946140232751,2.2967193301858426,1.616589587811208,-1.105206894992059,0.9264641697895335,0.5817735755031085,-0.7921182714568755,-0.43132712092681674,0.8261038225340741,0.9648263666678678,-0.3602009271184207,-1.2796755071870847,-1.9832426604976878,-0.18148859525325045,0.1885502174288303,0.016533410554700066,0.14149548950590893,-0.38250111580124324,0.8641961514422399,0.22089099788221525,-0.5131718313976341,0.7211291576567754,0.25369392803620033,-0.5323822622317566,0.3783170102910125,3
-1.3243067764264504,-0.28219768996203376,0.9799141571569294,0.19265624701879402,1.1227760076952138,-1.193888352646766,0.3910908544643604,0.5305587877726435,-0.44039220030507664,-0.02639340319542046,1.404386271951863,0.36127710194375107,1.9923901594196383,-0.846913642889399,1.9258588141834594,-0.9953792749543793,1.1585997881941206,0.5480855059219799,0.6715393227121526,0.1758094595902027,0.10391061277405861,0.4064372071257499,-0.8865438292186242,-0.5018550150130922,-0.30236136434491495,0.05605835341248467,4
-1.332402977219555,1.155628661489923,0.9207748743870778,0.3707910313043105,1.3398051883306379,1.6509658498457531,1.7931518644976372,0.25342524385159265,1.3058003125727464,-0.22284568976349392,-0.448411565421051,1.8088928845854106,0.42327175772761527,-0.520888276477456,0.5778808547774215,0.2536553704907099,-0.9498313491727983,0.19057500440314748,0.6307760630450089,-0.5832114028908988,-0.01422633532509703,-0.8133025994518536,0.6709017213466358,-0.3634583403393562,0.18704400892601178,0.6666647128352424,1
0.4592935437501858,-1.492937826622571,1.5921857551715564,0.16467010704817434,1.4111189923616294,0.6752815389185954,0.527098972477106,1.5847865523369729,0.02065342947320959,-0.21030432234845162,0.1672705095611128,1.8618712588501032,0.18474997866434742,-1.7579852896344832,0.14793302322298324,1.1920999245455381,-0.7605812046081502,-0.0532789035430188,0.46465656459783033,0.06499711939123745,-0.20003917538167473,-0.4390914077646361,0.7168141559556256,-0.47168818210528396,-0.33490249632008473,-0.33970719112822906,4
3.8985393405893314,1.109018366083196,-0.9141394617022822,0.3282164348091845,-1.2692078940279263,0.15923307116460075,-0.20393241864381095,0.6794450770838886,0.16754802245237216,0.12200230002727569,1.1914582145630068,1.855455288714215,-0.9576102262178076,1.4958356797196979,1.382048562013264,-1.8915931821650327,-0.9079018740398059,-0.08947631954810108,-0.6748017066214478,0.4921345575419326,0.05425535137634318,-1.050349215138835,-1.0509229407238152,-0.2100973970927082,0.9670427787427729,1.0290365769681455,4
0.0973237364822123,2.3942017932555113,0.3771420173730686,0.5460080897313044,-0.48283177402725075,0.7102129260252983,-0.965416549309038,-0.5533087491518499,0.8643401902179293,-0.1599774359777557,0.9388697905700216,0.9404369719639732,0.4822071254018054,-1.5583002086413,0.3349729563725854,0.9811460843916817,0.7697521290060623,0.9863898291842947,-2.061456273659216,0.3955051369105763,1.1459124664521947,0.39640501781956733,-0.2512728798085132,-0.5738837197250769,-0.49401188860958745,-0.4391993094201057,3
-2.115437505644114,-0.05618595690553656,-0.11113418004780051,0.6713361853725717,-0.22001772087253155,-0.15263645574895973,0.4818444380896405,-0.6592742719839554,1.0004869409469457,0.711762626250579,-0.529982824644618,-0.20540190600407732,-0.5860231025073753,-1.258796356248286,0.4149916406245112,-1.3431375187360506,-0.5626887525466432,-0.043253230209425696,-0.1342299043575229,-0.48392362081215057,-0.6855915449170266,0.19176848487654302,-0.3445022687479274,0.6548596992660063,-0.37962271945809695,0.1753526993899287,4
1.5232042090000502,-0.6052902129365734,-0.23266282838175803,-0.575235198613671,-0.8251494449391549,-0.06901718619343454,0.6181965199148123,-0.8303872020755556,-0.07326963953731223,-0.011428020457530205,0.5774711325422032,-0.9672510707233125,-1.5823690792587273,-2.268210282144864,1.1171574150460197,0.6426468436078228,0.3268840678268007,-0.2738712091332612,-1.0132500636938615,-0.55794390623145,-0.6208662884802588,0.08214635334160489,-0.7114969492594309,-0.3781172103706357,-0.18755249692399345,-0.20933269332050491,1
-1.3440457580872807,0.5049664226851166,0.06720930747978957,0.11500594870675108,0.5326573679961918,1.0812009093608357,0.4265822152574282,0.12279855851423314,2.0703483291194984,0.2159777121300183,1.219178472351306,-0.3924331628204608,-0.85929441385936,-0.9975770139730955,0.7925775615524632,0.06122187273944988,-0.8282114974424458,-0.10845475417464352,0.4710404642833894,1.0211925068575032,-0.2291231373728365,0.04734353629401175,-0.2985161252518087,0.6001220352236096,0.09253162544327333,0.8076643478271703,1
-0.5951528851572537,1.7081257605063356,1.2345772657127827,2.81950653249003,0.04827289224562665,-0.7719804370651473,-0.8576968902076637,-0.40550781535122926,-0.882969512599384,0.6667333507814552,0.5976242036298898,1.035180614203829,-0.09066767737863889,0.11619358221380896,-0.5321880377861062,-0.5385439318813348,-0.5888569166580507,0.08301073553874046,0.1554037252890804,-0.8321534315603208,0.6974714554379718,0.5224172731871618,-0.6370281717444256,-0.3132781947500011,-0.4386668588126988,-0.1169844998679001,3
-0.35578811092119406,2.3689768072595476,0.04423141082115661,-0.8445842997433399,-0.5620390695856885,0.5948073135148975,-1.3113326259515519,1.5753395287563414,0.3050394003739661,0.08784993364854951,-0.8477433662582752,1.892037360585289,-0.9425347852139949,-1.0148003940501698,0.8953655568930705,0.8455570252731276,-0.13098510759158372,0.48923901082497934,-1.0330569659367164,0.3666285934397899,1.3826941294714128,0.19210280294182436,0.19143913597149215,-0.45814732160908533,0.11634832022547716,-0.06935812812898111,3
3.2615599031882256,-1.4173661898003347,-0.9429854192925922,1.6459550647947712,1.9874158433681084,-1.0166161265951081,-0.3207429331349031,-1.731757158749431,-1.6416127460600836,0.345110351387279,0.5370031039969302,-0.5876397597759233,-0.8570220928775328,0.7823016342270854,0.13379320248274715,-1.306497983047181,-0.11277801176456602,1.800033515955491,0.011796796895486527,0.1336821583419941,1.1035992390758311,-0.2746111398411272,-0.018389337453462076,0.5131475498307149,-0.2164452353881811,0.7014883035324232,3
-1.3477346601265643,-1.2629381990414363,-0.5596396818808796,0.03711190198228608,1.554657951886009,-0.9609292221604102,1.3892552436466488,-0.5755732121172674,-0.20377481276954618,-0.55181309727054,1.390059290468854,1.080916223111996,-0.034006604455147194,-0.8980905097402254,0.7987782112588581,0.2534050208639876,-0.5333495531999163,-0.28488789188143576,-0.29580075798921435,-0.4410700816883713,-0.31119998152272765,-0.422167479426902,0.3289869352154796,-0.37619119503185316,-0.07881356411609128,0.19221555026377088,4
-0.8807806502026899,1.14574001596177,-0.8389290288275861,1.323079592292644,-0.4027520992849419,-0.394324444467572,2.2146244060642863,1.0300594765753355,-0.6974613300254409,-0.6527763885322538,1.6101780856719252,0.5692912858872529,0.16522302032714878,0.2830611618321962,0.9265462002932134,0.32826034643528934,-0.6492175945208186,-0.13003288673661137,0.2789360050643319,-0.5159469258176191,-0.16619966341440817,-0.32760991824843366,0.5884347210248236,0.8065959354606536,0.14576104258069977,-0.30754604954629455,1
-1.1140989261653886,0.24283328288091924,-0.5422368135855219,1.1399484028461238,-0.2195506118731503,1.2878906444505778,1.4599711499674648,0.4475751222313057,-0.8400380018129283,1.0374300614374643,-0.5269188270435535,0.8426049293776898,1.5142454365457418,0.5534972087560904,0.24292721716724985,-0.560408249135629,1.2156606603053417,-0.3419772227582542,0.1780901225335497,0.12053826244439321,-0.23213713982871229,-0.43147793270284085,0.19531417883923383,-0.46827090152447454,-0.061046029898256984,0.42125908296360004,4
-1.4735890248647552,-0.5280628308657142,0.3054150311790868,1.0774126416580216,-1.0707665772600476,0.5145659637202975,-1.5969889149267045,0.4212480281576004,-0.023297200270708616,1.4835424764539566,-0.3789745905509932,1.3306038107555107,-0.9089095928942027,0.04032337978971884,-0.17474434148996582,-1.180759993960268,-0.39715202239690683,0.3886232002798334,-0.7898173530163267,-0.6729881298204201,-0.5239679392270203,-0.03133428112055054,-0.10440254799058565,0.7311563472533149,-0.36342648143607653,0.2516826077936531,3
0.44312816026275503,-2.0248867534678827,-0.9735164734250045,-0.040167640042587306,-1.4031368526818764,0.46397433326227405,-0.3470689458440496,-1.0971495978083656,-0.026794864744672908,0.811333638062789,-1.072017611461866,-0.7542775849257451,-0.9406009118618723,-0.5109400663632515,1.5348332231309463,0.1712477933273873,-0.8900665018017765,0.5153695101156021,0.943095760613714,0.7916472988063938,-0.0779798563182973,-0.40711423763905424,0.1826948428156832,0.6135515991032867,-0.18666164641195104,-0.642122792854965,1
4.258139770006186,-0.3895999899915608,-0.6501734952448769,1.6180701169766316,0.9818966791926205,2.2888941187556147,-2.603769264411375,1.1272185375784631,-0.23135667362099085,0.009838559352502616,-0.5975708423816357,0.910328637497964,0.5504976613820645,0.951153508002404,-0.5547508855038223,-0.9334021857520948,-0.6430853692059861,-0.1844771886574904,-1.1789649695154714,0.6183592357257044,-0.0009357734675939265,-0.5441995667453731,0.16800589252044743,-0.43403781309298783,0.13128686685116397,0.02257246710553421,3
-2.17738147483629,1.1841587194725531,-0.31294960837876756,1.0910430610139084,-0.512608553556605,-0.97820343454272,1.3790308444451536,0.11682794251448919,1.5474309357603988,-0.1846660716228534,2.0670107513191236,-0.027088057225061822,-1.1929145644474695,-0.8892588809315812,0.5398981945743877,-0.906145165058005,-1.1798055063290933,0.15403937219745356,1.6106448221170764,-0.3642113821434758,-0.6598896424233839,0.18623232691139616,-0.5519162505565965,-0.351454027747867,-0.4755737211876531,-0.20819262135307282,4
-1.5153170721033062,-1.513110993726773,-1.1798834008738894,-0.7516075830191276,-0.03939306381158565,-1.047316346535647,0.7548660001812943,0.9015965781306035,-0.7370173392363164,1.9310542744054089,0.5624281922832073,0.4398338257314565,1.587587396424037,-0.3518694146268569,1.7638884936443178,1.0550002556667069,-1.1107583594881365,-0.06320633933952055,0.06550333682000532,0.521973702216218,1.1400382388605508,0.2862702643691476,0.006375592255423258,-0.628625969094091,-0.2586756702046793,-0.08810153616049986,2
-1.9924693202783696,-0.0718027927015354,0.644206407512518,2.4340017652391612,1.5018500563576354,-0.5693388012946463,0.37935136871122943,1.6088944239975587,0.7348016119491249,-2.4763302277288313,0.588177727953114,-0.325020776444922,-1.2563580183639182,-0.5174005332592522,0.06850574982954173,-1.014023493754661,-0.07454457914701831,0.02232518752602568,-0.1345202664311698,-0.6281408650592676,0.695650073091097,0.3796539816232967,-1.2297045696345172,-0.5250845932111875,0.06782912065399264,0.39191502368930237,2
0.8934373688167205,-0.6169355659576095,-1.061373314201732,1.0499250943943237,0.7000966248306216,1.6145655240997785,2.0953156838528035,-1.0703103341821718,-0.5804680656372186,1.331346744991197,0.39942566426821896,-0.1489586091972122,-0.6318109961002173,-0.7934064664458632,-1.553135364261603,-0.3426957886352313,1.0018542585844337,0.45483826584724596,1.1282603021732949,-0.7112620722352395,-0.009202430183904856,0.21118429950791656,-0.4411024631531833,-0.5153269087689067,-0.31963214167812903,0.26913274215934907,4
-1.2972853063998486,-0.22268425128610955,-2.5983008760761903,-0.34012298074851743,-0.875455728730377,0.7311973945314992,-0.3884186978922826,1.2397142483594603,-0.49758631205054166,0.17761274309774422,-0.08668976061368527,-1.70239877722892,-1.4999794284323684,0.2178230566688604,1.4195612158638045,0.9347193053158664,-0.05944855620584406,-0.7639065374958379,-0.42647973731757666,0.1326959911696597,-0.18742955277425824,-0.5072335999799744,-0.118537479630296,-0.5694701568862275,-0.029559415055612985,0.18938915527641076,1
3.7157442019899807,0.9716264300136624,-0.94899949719728,-0.8353923812956858,0.21300351142841256,0.4806356160967537,0.0858901195456692,0.02720872358847394,2.081937558766522,1.7234174221072118,0.32229699708740256,-0.7521781403701282,-0.711022364255848,-0.7916471571094643,0.8995791850193219,-0.8358511071583061,0.640419750882179,0.5821178348247191,0.32159128722669356,0.26716223690432195,-0.4425484157635663,0.1925596071622014,-0.2484230015682334,0.7290628482273899,0.00884830725249078,-0.5852640134453987,2
-2.692715414119152,0.4323284050492442,-0.8507469174467901,1.2365993571775828,-0.5553556211076518,-1.5331416882399371,-1.7702272522026867,0.9617214744211747,2.091748814439611,-1.1009555176109227,-1.2270715229843143,-0.08576181525054075,-0.9710345599529651,-0.6964377082754877,0.8721646458132188,-0.6623059903344467,0.0384516510643031,0.41823641111414506,-0.7356464765813203,-0.5706620258320864,-0.25292336598100706,-0.1942778848099401,0.25435991104267536,-0.5420277308360407,0.196435085394209,0.04227722700842098,3
-1.674186068167091,0.8344930650482387,1.2454701205054357,0.4764452003588764,1.1813819642719143,1.2047069500072531,-1.8867501164983849,-0.26610535311072625,0.537166555558147,1.936765110686946,0.891501256317383,0.5459473112204188,0.2543936992885695,-0.5457602032711494,-0.1956089364672462,-1.0746972474764889,0.9471019497531284,0.3801084053325868,0.08132694968145836,0.8213639789986353,-0.19781448712082192,-0.11842829539566607,-0.10930180039645787,-0.40685612223576123,-0.06265015600211868,0.3277952931086894,2
0.15660136417120038,-1.301789678589916,0.8928050736023877,0.5564720798989766,2.5159956709034663,0.48912330068017296,0.4213646686816366,0.42629066937297466,-0.40012170572104805,0.7835425048489782,0.04356689142379291,0.23153373623290552,1.2096859092071393,-1.2413128725507785,-0.035014648432632633,-0.24420626983619192,-0.4929029453292222,1.426584392479155,-0.07462118178623042,0.9249403558855924,-0.09297344652838291,-1.3707684156092055,-1.272671162170519,-0.18778306102542877,-0.20273108191566216,0.05885980960046572,4
-1.0900749701731314,-0.8008950508070112,0.5100940237978534,1.4258079201394833,-1.3765216974063395,0.2702335475356638,0.16392907173603893,1.4480411243017963,-0.6131121298058481,0.5332404484196156,0.9343447540189497,1.2626376898865264,-1.59643686263937,0.30734694694613046,-0.020403866790752262,-0.5238432176796847,-0.06452712268314438,-0.0714771801894816,-0.8608746661486733,-0.6939102948181034,0.597972476442095,-0.5496029025214382,0.13617908580719795,-0.3637035162108279,-0.20469309680216777,0.152711119385491,1
3.636036304688478,-0.8273371386818394,0.03593776047698645,1.3456655596036005,0.5010744626152386,0.6014362122880922,0.4622023889506202,0.9162707066115848,0.382854193737647,0.370677007902796,1.2559416912337147,0.28080376420962505,2.0351058323651743,0.4348215174951911,0.9721671463393293,0.049726855714123996,-1.004158393164465,-0.15592343036247683,0.13096744058590779,0.8715144402026247,-0.1966018059808886,-0.21403000130779445,-0.7424486473503391,-0.11188604678035838,0.6572663381924778,-0.4268681705125642,4
2.2039055396016973,-3.2743809400216217,-0.22159505588795286,1.2122969507694374,-1.3979342738965488,1.3580285576112092,0.9785905165312777,-0.45492883194501044,-0.3294216171480041,-1.1051186873377992,-0.6840220186805535,0.008341520947060964,-0.17676800191964853,-1.885469535410629,-0.058275651840263426,0.5777377421501615,-0.6647399661762112,0.4867718998709835,0.5689115911321537,-0.6838955029516322,-0.7244112215238059,0.03853181629053222,-0.35441686117628746,-0.5713686319860684,-0.029691166833010783,0.10023174742357034,4
7.225030291204722,-0.5066839788457677,-1.7967164638285296,0.44958572424933313,-0.3435435333211424,-0.12639722200540976,0.4042529690631369,0.21805308974755241,-0.05794981501428094,-0.4213192926247154,1.5354202936020906,-0.29320916668710845,-0.6962075792650523,0.5259668996050898,1.236423692765376,-1.1380971071114798,-1.3320780723998011,-1.1367183832117185,-0.1199475855677735,1.1979851078084032,0.3735849785108318,-0.7399232137883843,0.3315917047860072,-0.2436055064637081,1.5420332840095303,0.6628500251832714,1
2.6182502576468067,-0.5837276168384387,1.1727192938835196,1.6775493621429105,-0.040636912277472736,-2.2859818405904315,0.35476258308371555,1.798546389996333,0.17988018685883395,1.3534413397684129,-1.028277401752598,0.3157114848537472,0.37626678134118585,-0.395456696782525,0.6677621787195419,-0.4988362696389109,-0.3364553656534,1.3367779293070898,0.20520319946091306,-0.7937065665243341,0.1474257144023512,0.005629358962841832,-0.587671773116356,-0.08447492046974783,-0.08611633104085722,-1.5797910041701335,2
-1.9562336557258921,-0.7426003283324364,1.2463265970088,2.350784791927469,1.3049915634757512,0.7186445676479398,-0.0962434772170981,-0.40823463834443285,-0.8190699197495034,-0.10459236089065158,-0.14620816429957345,-1.8117151208355229,-0.18958261380485167,0.819505651738288,1.047054267891314,-1.1584785564355522,-0.003540922661441568,-0.08024406888873395,-0.5469355608615837,0.8291770352934541,-0.3600719005501211,-0.06642987135502147,-0.5442506007202121,-0.222911770673594,0.12942190175114474,0.28201375463417344,4
-0.6977775411343746,0.8184066940261031,-0.040800763912620656,-1.3129431171735515,-1.1346222807044788,-0.102382409027105,-1.302187343728392,0.6912980392025215,-1.582296291048567,-0.6078293958095818,0.7848303349187706,0.3167512859671746,-0.8580926795217161,-1.4617539439908744,1.9343742864756488,-0.128545205415249,1.091324697664954,-0.23225391811447732,0.07434440369047578,0.7109229403314251,-0.5014892461549371,0.6813840141477249,-0.27547709580899216,-0.5973585287397983,0.06034930541213026,0.09057331793660675,4
-2.7053720404958996,-1.0289052850396085,-0.9570386631773629,-0.4612734180804919,0.2758358974759028,1.38020930111671,-1.0942213068990134,-0.15771291766514348,-0.4579909357092789,-0.06516194763368119,2.2411640335439373,-1.2949124937992575,0.8778320431462251,-0.7423394597797578,1.6879562769414602,0.35586222226136555,-0.2844234692263069,0.6998403969860788,-0.6787038174698299,0.7290564014528471,-0.17984681811940703,-0.005437593522061629,0.4553219983022369,-0.4201023789480302,0.1089023590748881,0.3148514128315562,3
0.46589635963059745,1.47848852282458,1.2226696182951888,-0.0823814908721017,0.8959076246705073,0.23280456859180815,-1.6109564190992218,-0.2814914363104082,0.5571352685435039,0.5877964145206163,1.3824540193021846,1.6271362597258414,-0.679668567319569,-0.49408422271792846,0.7161230715191658,-1.1644195038583842,-0.4378529432120381,0.4640675471180408,-0.9667416495404205,0.7612142214205624,0.8616049560669732,0.09985234944925708,0.6376196111301125,0.6391259182720989,0.09632093776169169,-0.4277142032238876,4
1.1555521282190757,0.8794534495438155,1.0745028974948492,1.10092076723791,0.8962419267488475,0.6479182578342165,-0.45240957094763984,1.6869900592464306,-0.041736623720350995,-2.21420958074449,-1.1653421050212738,0.6839182163552495,0.42306672420926156,-0.7159716947301737,1.0742855982241069,1.5114483643116787,1.0702791399025484,1.3308066649971138,-1.3307112490751445,-1.0424967941948238,-0.566842307023726,0.3956646918070407,0.6251788857052487,0.29021688116817707,-0.3787779127950166,-0.009043887010535927,2
0.09184565678460763,-0.9455257692464394,-0.2811083025463179,0.5663176631217167,2.071672658987313,-0.1088517597028891,-0.7991652200455713,0.45339140541874745,-1.483252113008008,-0.5506660527806979,-0.24200334469850363,2.089024044639769,-1.8666484257239242,0.8940700565920583,-0.15064362005231516,0.07847338216823159,1.0971525840324008,1.066702343705342,1.1185354414291466,0.8862170504186435,0.21140486200134526,-1.3921312976277753,-0.1944482456624309,0.8672844414302744,0.04975391411341008,-0.45855641992766194,1
-0.8506507944658837,-0.7708753187192005,0.5928901930407774,0.5342985021503953,1.6262665610633824,1.7478457336166193,-0.5184074214316692,1.0323992170134308,1.6513378230536444,-3.2501013096300966,-0.13401874338294198,-0.5629756686254465,-0.9065656051037727,-1.502726870838061,0.9539133144202652,-0.9066736121525638,0.5133768069619778,0.015616584314636035,-1.1875740565549107,-0.8635078091059512,0.9637848358341224,0.4851766845232775,0.01519174245564442,0.40430167221024665,-0.45383338523283473,0.06713134303649956,2
3.383804379636035,1.9020234618563405,0.7427325904457328,-0.09107364502527275,0.6311143921329954,1.584269721494551,-1.587998658712568,2.4253182455902964,2.251561708492977,0.044100074808781385,1.256016068924257,0.9482169269440545,-1.0075682563562571,0.6704463157697036,1.2765190498918237,0.1466840321054276,-0.4989860419920925,-0.36305157915327035,-0.4697090720757883,-0.6476210290550349,0.16050797950820436,-0.8266885782742109,0.46690186192754757,-0.45430918070787624,-0.1859589758509595,-0.18038294048652367,2
2.281106697169037,2.7700431431479338,0.6820248851270345,0.3495739035587071,-0.20102756996732954,2.333688988730713,-0.3415443019479512,0.6333691265190599,-0.03083581999144026,-0.6540693819628173,-2.2533474785057415,0.8714636591616685,-1.3267743123445095,-0.38620883867623845,0.42505587887228474,-1.8697301684508891,-0.5306625921306721,0.17764854159379453,-0.4536107208445727,0.6025813044316255,-0.09744629725444859,-0.05929952032753314,0.26516215842722124,-0.24763213045822277,0.2091307925745745,-0.9956011668167243,3
3.156810302705924,-2.7901884202215714,-0.4436496275455661,0.8010347654748444,2.224437149624984,0.18629611089383472,-0.44625332579896687,1.1617664025852523,-1.3213633538708045,-0.8725697837346481,1.8278339914812842,-1.0071666868755504,-2.296154374485254,-0.2819356157705595,-0.2837538840411036,0.7847633207662904,1.1269748134078423,0.5130104074479698,1.7617335518094606,-0.7123636745524483,-1.0858806935565095,1.2973680873810614,0.3867298152100459,-0.7178961808771683,0.3844144524976881,0.6841430081297333,3
0.07230491414883722,-1.837690525424376,-1.3956932926165575,-0.07799766330529367,1.4129096055072,-0.1981761998649387,-0.2976564038912269,-0.21942277414463227,1.3377910426940731,-1.0562082978548322,0.45268964743900475,1.460700955156312,-0.9126735889821638,-0.039193399657169205,0.42782747712681946,0.14093240147120772,1.1312426254385568,-1.4896890443246587,0.053631480204186247,-0.6492513171464037,1.095714794012782,-0.07813849123836157,-0.1366196528039076,-0.5107025076240601,-0.19348560623949185,0.1117744882251189,4
1.012445829888089,-0.2184518605556662,-0.36121952092272963,0.25126602679854837,0.9822244395243808,-0.16636809431971575,-0.02968433169283861,0.6957323803768818,-1.5465139205210738,0.4325574999530884,-1.9930203448467274,1.0192410540301842,-1.1104548943524355,0.6331007470028236,0.8084894481175279,1.0901915345584148,-1.0811550695879337,-1.5762787186854266,1.075008281449696,0.04708020732882848,-0.5432664452264464,0.08781083319467893,-0.4153678230185083,-0.31308256165570525,0.2535874913538924,-0.9983261846397062,4
-1.132827667310415,-0.9095843010254043,-0.5908820709149111,0.08064033167067063,-0.07720877467412218,-0.0344463534090621,-0.23630385560397638,1.6934500187150563,-0.11867161879487655,0.5972250383664763,-0.07587184957124929,1.6960951731755411,-1.023142830043922,-0.3901848009758791,-0.126667287449849,0.16668422271359173,-0.2695933251746028,0.7459980102595428,-0.4857567811203363,0.4771522292075095,0.776444696656071,0.7121627413355283,-0.6352118320719614,-0.159563344509953,0.3426143263971637,-0.5845331036847248,1
1.3585549425816614,-2.327686654720641,-1.1993376385896768,1.2746288389945624,-0.7726594124329721,0.825289657379081,0.6718869951624555,-1.55202426427176,0.3182139514704909,-1.3300905556722715,0.34036271072588475,0.12025155647480595,0.4197028850977317,-1.4333292152600976,0.0653314150672153,0.7442349163615144,-0.8739842445547158,-0.3824789447111076,0.4945020111770228,-0.5409072350776495,-0.4377312016342924,0.27026839376275996,0.9998747423005037,0.426702498464355,0.28766851523829157,0.9300389162721794,4
-1.418392410288082,1.6597426550983176,0.31590725967813177,1.7077139426844328,2.5760251558672254,-0.5455534103080186,3.436869998734807,-0.1897958849225542,0.019251874078502137,0.1731177266128777,-1.4894608865120964,-0.00132958506036729,-0.64466016492569,0.5523059780091651,0.2208272828030506,-0.7575006744548726,-0.6131768831328716,0.021145430386484355,0.722889739997869,-0.6432433102070684,1.1717565712460627,-0.0022200772888014884,0.15951690312847916,-0.3421761037987523,0.915927931303261,0.23525817248701536,3
-0.7056081184397001,2.1629590059651016,0.7323473988074359,0.04585558039717819,-0.24674288010343962,-0.7944502037681044,1.662748569040316,-0.21272482681142324,-0.750190037994485,0.1578789210994838,0.24565390969578857,-0.01097386588761955,0.19917286320467023,-1.2131183634837397,1.666206658983532,1.2965919010415736,0.46460032412096575,0.10253019109506217,-0.9530301471416878,-0.6488672008773719,-0.2687765085921037,-0.3725578536937525,-0.005501123037348559,-0.49992129897753257,-0.1901512311252292,0.07669515628939316,4
-2.15764916479139,-0.054963813725371104,0.2243300812970354,1.8451412738733781,-0.14755446477251996,-0.3414207192169388,0.03590746860676598,0.29217621809940403,-0.47872416119662303,0.7866142570078282,-0.9619120706116395,1.4778480869539319,0.9302786844209326,-1.3983095284741958,-1.1723234759140961,-0.3545305856461418,-0.5985225640774093,0.2305989382931858,-0.7426582744832031,0.7855334643180625,-0.0760918029792167,-0.19777502977073685,0.30160071840539904,-0.28822667925262324,0.7936525364792614,-0.4522128667276054,2
-2.034897844722729,-0.8416797712861944,-0.8848151732024951,1.893844509126535,1.1140213011016278,0.918253911377303,-0.10716123463340967,-0.5923187060467486,-1.3364530904929603,-0.14326694764463174,0.23037617040053107,-1.0114992991894722,0.5528728110563675,1.0498639659080145,0.5420121554908811,-0.30530971043301397,-0.2906041188037485,-0.14163489329977552,-0.32521328056371024,-0.6473392892694813,-0.367772313445585,-0.21006642536173983,0.5455643608871034,0.6265487446864841,-0.08424916817818058,0.5902523448124687,4
2.415105807645179,4.237454957350688,-2.583749733326281,-0.0810922817781277,-0.7073027347375227,0.007044423217733588,0.2693369830033657,0.4964555396491004,-0.620552933725855,-0.6416335374747384,-1.332717949156575,1.100566721199668,-0.027205018032690223,-0.5337498535282655,0.3001447418358459,0.2756350626017946,0.06216506124349625,0.1938569639298039,-1.4111215387988032,-1.0063809335495,0.9942673824238903,0.3308337071204023,0.04509621368528594,0.6299885218678112,-0.10078617903220151,-0.7793677247168778,1
0.11562821235818938,-0.14868490573450183,-2.5434228408214543,0.623225244017755,-0.779895458353179,-0.5428099431567543,1.1776797467637687,-0.49968298983659243,-0.5438354975980058,-0.2081111466288614,-0.6146220843743728,0.9340376533465631,-1.3578221594587534,-0.7052518415082444,-0.6192811592615508,0.5174496225088996,-0.2320012951890563,1.0432326576124658,-0.05735835019143993,0.3191163642114727,-0.06538556740987683,-1.520392001766586,-0.46296131211483216,-0.18616791924276033,-0.13091077289631248,0.018970636325138353,2
-2.0725479378129132,-0.741732254778213,-0.09285866908518295,0.6549908154761949,-1.664458573271154,0.3001804171616233,-0.8927794586484655,0.04063968062167723,0.554437115550894,-0.09323901688385271,-0.8977280954727412,-0.7870944895972793,-0.25333027180954865,0.45992484693733393,2.221270053468044,-0.7418112516069569,1.321678891079303,0.29047830022917337,0.5541667304365642,-0.0808863704730346,1.0015942604057775,0.4288103135687233,0.009714072188573284,0.4662073877283643,-0.49915805644321004,0.28664583639267055,2
0.23782675074730236,-1.4107055927389451,-1.4840538278944522,0.4205973729435423,-0.38087497101525564,-0.45496989219029677,1.1516795137749158,-2.2511395825174363,0.6756758942415978,1.364966435694405,1.0036858155878066,0.21351980847105143,1.1967774291382522,-1.0342199006500947,0.06371642966013419,-0.9601431069485195,1.4926889941301344,1.0455776030315425,0.27471733378208707,0.3087097036789353,-0.2292340758996284,0.012129429095041297,0.6849900732435832,-0.2757014523260185,0.530230245187418,-0.5765688561790124,4
-1.7750619326344197,-0.2947077565420799,1.6410183917430745,0.9774415694456619,-0.7428702842586212,0.9162317688872289,0.06570007362925598,0.19594643910492232,0.7915902306051035,0.8952765607543969,-1.517071886440043,1.2027917923163216,-1.0740045703300274,-0.41679930165080525,0.328506696813037,-0.5578391863201937,-0.7077786364335497,0.31513594700967684,0.33101821837739626,0.5209553947848599,1.0886048488075135,0.40174450596818406,0.11990457238789512,-0.07907880519093159,0.413729489606207,-0.4807606394739637,4
3.5099975332961217,0.6742480162445769,-0.07219635238040421,0.14688816449230027,-0.4298646450277255,-0.5500976201594462,0.7553552800250537,1.2591092012772716,-2.136107764736429,1.6017889611277125,0.16183405007828017,0.6494923527978198,0.7888302709856594,0.0126168791083141,0.8384159615119755,0.2341374604261087,1.141572448252579,-0.33741997790294026,0.016967081118605228,0.12126240334732379,1.0359615889491882,-0.1818567569866889,-1.0773600656960485,0.5598274452290585,0.36025075799237294,1.0566091510354343,2
-3.428739359548844,-0.5150376816224665,-2.18115681017188,-0.17025635552123494,-0.4967767055176806,-0.8335091584489271,0.6923414584592423,-0.014253255460774484,-0.22737257838650157,-0.13367634371496773,0.5466036118391884,1.0586104039568167,-1.1721812028485468,-0.465947464004037,0.3405648342666081,-0.5836447411980775,-0.09827475358065725,0.4760605852301403,-1.012918409448727,-0.526570275594433,-0.28444191073053454,-0.3625548094109375,0.10919407558291369,-0.5025763231505885,0.17331633019852488,0.1875022173138754,3
1.9335973825773771,-1.6315745868958138,1.9742617921407908,1.5636208447932973,-0.24317990941448303,0.5733099430328731,0.024027317467567484,0.8571116310922663,0.3825238921086157,0.6057822123572311,-0.07201061848494897,-0.43731471307238956,0.6401386472200232,-0.08861825642154349,1.0225035333158878,-1.1020784827927923,1.5563625963803436,0.06254336372987689,0.37977198335600143,0.1462758271743725,-0.37731117239590384,-0.13756761697360334,-0.10269983686613168,-0.44745510864793675,-0.44787197533282097,-0.2805329199100251,2
-2.216813472216914,1.1253496552220186,1.8732839915482218,1.5294324144931803,-0.3061378774473924,-0.7252729323790444,0.35126972021635255,-0.21571694068029876,-1.886983455864434,0.7145383905454362,-0.4389974066555145,0.537949590678132,-0.5837499382411735,0.5194060739281724,1.1995927291028465,-0.41307879766636907,-0.15970495519126113,0.46651851037690667,-0.28469141884374066,-0.8790379823972558,0.7868537308275011,0.3051500794273786,-0.5473798588325689,-0.4910422349870617,-0.13107156573236645,0.33209117771412033,4
-0.3019690474771905,1.9471988543306267,-0.5952880038716482,0.4190284342208313,0.5243825337044632,1.6598624493628007,0.08020457317442928,-0.24243338599665812,-0.5852106048361541,0.9600970087459894,-0.13660335202425788,-2.513548779940552,-0.42420490986640935,-1.4918943977698433,0.05535151915372854,-0.34638210684258725,-0.7348035959282488,-0.18219606957411347,0.5448434057703094,0.7771529459033408,-0.0764252834546267,-0.42171016537818473,0.059505575684495465,-0.49094910727887986,-0.5092676663685479,-0.0837734004668177,2
3.4489281439533412,0.23223878190431824,-1.0886663793336633,-0.22940749060627233,0.6377988856948018,-0.5762714700535421,-0.15039035281768617,-0.6024858537199255,-0.40413209770376235,-0.5862380140879169,1.962219596489717,-0.11302607544742328,-0.2856585717309194,0.2935397352995409,1.7083719185058217,-1.814145489456506,0.42949502601861167,-0.972097890803829,-0.5957104548140835,-0.436537804004841,-0.32444030472952395,0.5347923121965754,0.9480378385066033,-0.6798407848156527,0.7350132469353052,1.1255305565826086,2
-3.3987204833715707,-0.7257458008556104,-1.1624283548880996,-0.45078194224608426,-0.21213846412986467,0.1098490488111222,0.3798592742907175,-0.8194112142590837,0.8355777039212481,0.7073066790225581,1.1245745829354603,-0.0007313853591987483,1.4734334560437279,-0.726506704046418,1.4117522010911052,-0.3671027953548758,0.8886666855040191,0.42029819689896214,-0.35233916526850684,0.8821925119310872,-0.08486965688675746,-0.12418241871846093,0.2819088999724404,0.47241616677098436,-0.39519954891088416,0.6328273358018888,3
-0.6300428147969933,-1.0949192587483858,0.0807121312884689,2.5836118896952436,1.0865904669342525,0.1796769360856383,-0.3121367687344068,0.4756010814386129,-0.619598745568138,-0.3249547485760452,1.0033396808000041,0.9528127708047286,1.6532726965547802,1.0727259970731085,-0.010108722762419343,0.005957079125566883,-0.4593447646355672,-0.35073055516570495,-0.6122922217856311,0.829064055864164,0.08639495694759741,-0.837245405519535,0.023197589407709284,-0.34465098384420473,-0.23432556321098824,0.08813012758964281,1
0.8616418041298628,-0.9715425041377395,0.9091561695197832,0.9227408889705564,-1.333711681184857,-1.3387824703106723,-0.5283347952651791,0.6829561964052927,0.8786906125101802,-0.24243855854340648,0.7389420220086349,0.6070234804786101,-1.3474758269131777,0.11536905295785528,1.4569230466568086,0.6079930944296201,2.0283065686925745,0.6695662963828968,0.018891880117943627,0.16141357451738403,-0.5316074550748185,0.15958897641390377,-0.46911110150021035,-0.4412461611268568,-0.23858601634047943,-0.2046448646387913,4
2.54180181145924,-1.354888514513278,1.8985981780718924,0.6795823184853416,-0.0009397999474390641,2.418420128925452,-0.8291350030776237,-0.5478286266154561,0.9576799651449884,-1.6667512391870836,-0.7315875796165959,1.6285117473553887,-0.8237530401813188,0.0907470478739947,1.2937753919424926,-0.48393049055812676,-0.2849052805814322,-0.2373526391564375,-0.4415293913663759,0.6563285732445029,0.1701689005635016,-0.10194273610470539,1.2334279248080582,-0.6192448993705795,0.2671357689987018,0.41942596420909356,4
0.6727999239256656,0.1113006489182441,1.0645161360787845,1.3585146562762975,0.20190424488958097,-0.4934395218769871,0.03480811178226811,-0.5764252067115643,-0.7689386060044066,0.6003088515140014,-1.398075832375722,0.8394879749984592,1.159444385124588,-0.9878987373905627,0.2874867650202485,1.482570643237694,-0.054537151587936726,-1.1792738343962539,-1.0967312084843903,-0.8339193751065129,0.046440517997562464,0.46149702732621595,-0.6818933514819232,0.36374670012745386,-0.34329776364518305,0.12403092801035193,2
1.113673700678227,-1.5865693875171687,0.06436084685528085,0.4676811772536681,-0.3495387576238316,0.44220777850958853,0.6972342379192039,0.42275144500111156,0.6817595222456342,0.2188188891087921,0.1531546834655217,-1.4240951203522996,-0.4561096289171828,-1.0667972172473636,0.8205019531239752,-1.000369736817287,1.1928091269843786,-0.5822311099863569,0.22364673084742687,-0.4547950523850104,-0.5448083584935531,-0.05260170611124117,-0.4902010254151338,-0.44326304737282013,0.11454760540002165,0.36249671494100205,3
1.2788728176570208,0.8611554135978085,0.05269196361626441,-0.33680382790874924,1.697769210530812,-0.10344017149828569,0.6067269773030936,2.729842140555741,-0.29645860487111825,1.272840454668959,0.48284520169478,0.6652187027624559,0.014575668125435915,-1.0472274108528792,-0.12912735175742598,0.1969298690756565,-0.6657148290546246,-0.5412386197744912,-0.6655402485209859,-0.7178284510384693,-0.8900598845335638,1.0946372169172056,0.34205829117149145,0.3157706244251724,0.00975953134044173,0.6557422047106615,2
0.18573439661376617,1.3585314181342985,-1.8490439179705498,-0.6815367784825552,-0.3864883019118836,0.37757451939319275,0.7482160071043598,-1.6286034017746118,-0.22018885498154814,1.6863487735160556,-1.4699100556247917,-0.5168265952927384,-1.061657242425075,-1.145153747587649,0.24933820621446923,-1.267748486585155,-1.4889787250493733,-0.4189181260514004,1.4339272071656761,-0.6609817057133605,0.33578284507381145,0.0732028465002271,0.30434454286414664,-0.31059346895962286,0.011078586680829575,-0.6863405046616818,3
-1.5839564149766534,-0.46692041507415194,0.3017084280899008,0.6451823131289435,-1.3966437847483884,-0.05519044075155493,-0.9599954938924349,-0.008335359173439463,-0.30030285726855493,-0.0274821182292176,0.04068741545121654,-0.10911368418838265,-0.16472369574041695,-0.565135289123609,1.3789584502240884,-1.1650539861818356,-0.6523064696144271,0.06160574578290376,-0.2505704981961182,0.27420875749401097,-0.46171028314379187,0.07675574742547123,-0.384179322022567,0.03732774169636439,0.8924451478318676,-0.4473854810538031,4
-1.2463365028895794,0.8228887865916508,-1.891780626470213,0.005618108179987552,-0.27744190451955053,-1.3347547296238558,-0.5194095678126164,0.336854685801992,0.1687065004790774,2.1097060982114737,0.35864773918188086,0.7623693440991476,-1.3068229789732804,-0.3191880950796911,-0.622858117847462,-0.5951632217416236,0.10776526884965383,0.229872650037034,-0.17225266763606303,0.19053077256094084,-0.8588572867124846,0.6406709306584615,-0.6100566381849819,-0.43021833848062385,-0.026149010828882543,0.2915677750288738,1
3.7767806493317284,-1.8755123348864584,1.235483536479457,0.9187302262784016,1.1141467150215985,-0.3647785411257047,-0.5064834512317196,0.5689000884343822,0.41768008784870847,-0.5164677900543353,1.9527564542777214,0.26925357170523445,-0.6238010093252174,-1.8429341675046904,-0.1156073252680176,0.6324186356840116,-0.8982216337786137,0.5112872411103703,0.655881569879143,-0.5416599456028476,1.2888689517237022,-0.5771278668848495,-0.17635629014198648,-0.6077994015495555,0.3754487735330578,0.7967129261135966,1
-2.05251669356833,-0.714001844743737,-0.06493636394308665,0.7056428793542879,0.9085872140706815,-0.7579680666750216,0.34760845615593666,-2.1026796046039107,1.6931683316722483,-0.12262324195517076,-1.3601176615852602,0.9676010574036008,-1.4752382460383064,0.6831285347396648,1.1494013601043243,-1.3847518212436218,-0.18448667684146688,0.5916845896820697,-0.09791252410637323,-0.5131986311989354,-0.34020588194136114,-0.20691844998239253,0.46083223229433434,-0.04974662206055466,0.3803823257811599,-0.5235168936516897,4
2.1990512624997978,0.13841832958917277,0.458015213965631,-0.36931426821520696,-1.432484153371913,0.2422460190476192,1.3056341587768479,-0.5612467743397797,-0.0804759849244678,0.14514673925619914,0.63870676859973,0.5091359799100413,-1.4696100521177122,-1.474628574270616,0.9067530668451451,0.2212812131405416,0.7143825236370517,1.2525909872538723,-1.3693122778831865,-0.8118900256254039,0.8569567730527259,0.06018032652006186,-0.8273325741255704,0.548366949998554,-0.5638408672878333,-0.040528226037926315,2
4.637840822962431,-1.7078504182602188,-1.1436710905917664,0.9452511541459379,-0.4920574498251729,-0.13308251551366088,-0.5436190049193008,1.5718712930032106,-0.4432137318376014,1.2628821796815874,0.9343891886431459,-0.9319223676385953,-0.658912243956489,2.0890859818402143,1.4584608544022797,0.41112865350671374,-0.04754962391699537,1.4075972479054322,-0.3481485702027798,0.6617042919849772,-0.4834733506858215,0.11633259465683674,-0.6404765396790565,-0.08991662709979777,0.5469048883912929,-0.5477166166438062,1
-0.22947553643719604,-1.6127698677022875,-0.8616084705691983,-0.5806086744136394,0.9563185001024778,-0.7176626352668474,-1.1204901056628187,-1.704128132027633,-0.45222943322299625,-1.4486308812359148,-1.1623396227856533,0.9828157793177903,-0.004989878023718582,-0.3919142607088346,2.0672249311861823,0.3932799645246995,-1.022097247945495,-0.7935995185438898,0.615566807382798,-0.8123842377450582,0.9396467978949241,0.30015287064640195,0.08798202356792653,0.2673166785707912,-0.5907164386762657,0.06336222474178695,4
2.1229354541127465,2.851155751252069,-1.9036595890850814,0.9445930213115465,-0.43511447596911385,0.6769340445462315,0.04361178698413261,0.9019814827152272,0.29517592982114793,0.8643346839677549,1.2808639277629883,-1.329535849288284,-0.16780068150230304,-0.293928182911805,-0.1959558855587812,0.3686731760505481,-0.3447385442062639,-0.8914247121998002,-0.42193465560567284,0.3782861947419441,0.20693377422005702,-1.0485702206590073,-0.13728182896798605,0.8189687561790179,0.13657808935089327,-0.5281169950014639,3
0.8045819236282602,-0.015691566338511344,-0.05352758427801671,-0.07715318439724965,0.6513971378051205,-0.9061913729586277,0.05954034039817655,-0.42196174638998296,1.429097450183935,-0.556443054741697,0.18583129765940465,-0.9854287764638795,-0.4140442552866673,-1.6521032215080917,1.46172814735591,0.08473547622663587,-0.7488559455853024,1.118023492795845,1.2000678239135452,0.9729693848392806,-0.23546956408795985,-0.49591088229540453,-1.070476626272596,-0.2627976586067484,-0.15066917618950992,-0.5986411926068085,2
-2.0830108029503025,-0.552534871087441,-0.5939584915523315,1.2685429213888428,-0.3035282880261893,-0.3449512082325859,0.8564636892378673,0.3482495998255725,1.3672533766551789,-0.9951510422211983,1.2695570949721509,-0.1878918131797374,0.007307779988435756,-1.1738029124527964,0.31930997655514515,-0.4839769652789351,-0.2865479742055902,0.21684849736196,-0.35457802104176345,-0.41727275378688555,-0.25447020644940993,-0.10933768422608607,0.6406757624738865,0.8050460988777259,0.360547582987003,-0.1396427287016908,2
2.17116059336372,-2.779614052869469,-1.876890982494421,0.24722666618153044,-0.7987474763571131,-0.24377991290939136,1.2727877213467824,0.8548162983826272,-0.2962545288013113,0.9389794463343217,0.2058917428835167,-0.41023882825298424,-0.8586474117089627,-1.2391758549960377,-0.5864691432691104,0.3131575338323775,1.1721310843537827,0.6616241204569103,0.9164322242739223,0.167073751296593,-0.8953180662090822,0.6647263540278946,-0.29850928068580346,0.6586399886254103,0.05452935247153993,-0.5269385546737074,2
-1.205622367257345,-0.7596828555289432,-0.6490185431291415,0.818425738769997,-1.0126218487880032,0.9122417890625631,-0.440476115540428,-1.03591377292093,0.9928684899667288,-0.5622658022560176,1.6196678934295645,0.11793712666915804,1.8853989332151244,-0.4344743092823277,1.1380942204622548,-0.5011886540707005,1.06314114798547,-0.4013659369513198,0.04861723956776638,-0.5097845104642955,-0.08092088107355469,-0.3841365932300106,0.383280818387261,-0.20198313506908713,0.4114386608798875,-0.5186520149478946,3
0.5482712021680725,-0.296629546542937,1.1759422935965773,0.6773442623222654,-1.8852186886956646,1.2700888921443374,0.2020719522143773,-0.2824806950461812,-0.8752216057673398,1.4118949180486051,-0.5578774562502574,0.06442561848537894,-0.6742906635560686,0.08352010292954043,0.9086899702459592,-0.5164028374550084,1.7284806858478938,-1.0622117154543549,-0.4097885317776639,0.13991996037007082,0.02820692353036842,-0.5536140020960932,0.7140937804135641,-0.48325913376626883,-0.15222056357741315,0.0924864180207966,4
0.0513240673717945,0.5896885289661286,0.30547304417702376,3.018587163052003,0.3090957950629136,-1.9666948499524588,-0.07854677286761859,-1.1267037230776276,0.6411928181165043,-0.26607726994939895,1.1642163892233424,0.7835167349181147,-0.7068058347366016,-0.2696864733778365,-0.898962194254548,0.7057234006593476,0.3822578392144031,-0.8152446623421913,-1.4002226507010822,0.9247047011431426,-0.14996908144055152,0.14913471784044044,0.49975223174976013,0.5019980066597731,-0.5044932362864796,0.0761932331011823,4
-1.828848959210317,0.5271152904573976,-1.0692190207468144,0.6809320697334973,0.1551393213233273,-0.506649953028081,-0.9587063720298796,1.0787129038450034,1.0393933834225861,0.3881776573087459,-0.9355922016301381,-1.654988208891813,-0.8668395476693158,-2.970943360282358,-1.100223155454578,-0.18844590583334,0.018349646190715985,0.4311493299235262,-0.8788387960284825,0.8532768244888346,-0.5921008094535379,0.4695614668485345,-0.6703725777232971,-0.05847734018456474,1.0071643035660438,-0.7132910513999178,4
0.5279529222949482,-1.5913942976495992,1.167614125799309,1.385079193370506,-0.5156513127220933,1.1442304697282857,2.0957206793282235,1.0511024611166522,-1.0630973269550223,1.159569903362021,-0.6086743404388457,0.31715071338629874,1.0784480847861881,0.02956408934867492,0.5361701814692379,0.15621340071494902,-0.5625517247263736,-0.9093144165634609,-0.7578786585116635,0.7051409156126038,-0.3354488081061545,-0.022539703371151708,-0.09998865048346514,0.6422015551132293,-0.3655254335077256,0.17521769517894653,4
1.7853097743960193,-2.1768906114681674,-0.05918552046100102,-0.5012330245775742,2.8619194844415534,1.3200673435385546,0.27676677960551754,-1.1109945479063446,-0.09088784239726032,0.47282680798995014,0.7879679439843077,0.3249537285463843,-0.5287261526209962,-0.23957436845869604,0.31248668383760625,0.23571014797170425,0.11601867036817207,0.8805102459707211,-0.4824456193111207,-0.9406796540108585,0.6001624740288629,0.46646864986095754,-0.7347627094825352,0.5787950500787128,-0.9785172578263286,-0.4026169771063653,3
4.78887601784848,-0.7411754699311242,-1.0946293318673297,-1.2707569880603675,0.9187200383374741,1.4009722303664216,0.6362246843939562,0.42767153852597006,0.9710398497484145,0.8202964681934648,1.0030622207730924,0.9036973291718373,-0.3466635934053344,-0.34108084081780066,0.5280665084433658,-0.11356493556919289,-0.14238371326494598,2.89284713702601,-0.4124948448840687,0.3295045473931033,0.6203090515320813,1.1882071418929674,-0.13977460109037212,-0.6557740824740913,0.02331642435282128,0.4718295785200555,4
-1.4226935950211619,1.3853829414173695,-1.043563096158553,0.17394551426757626,1.2184378180291768,1.6199882606293579,0.7359148303782916,-0.7410216565299452,1.275147333657564,-1.304876271562081,0.22914009559690401,0.6797725753533591,0.22987457229847288,0.0990529848891005,0.6714701001786741,0.259603648457172,1.1725374517890916,0.07989589544388533,1.0151423421184544,0.8467050906227682,-0.22627531760880526,0.33014429548568325,-0.460989639922586,0.7063708071651674,0.7288475731894758,-0.2132605330534054,3
-0.6374033966014554,-0.44677322897920485,-1.4722025912733079,0.1424858137100814,0.1740195761737448,-0.10118416025458166,-2.0308135967345966,0.09031480683977812,0.8204534689170581,0.14992806509440185,-2.28379358223347,-0.22027116508545788,0.7296781910500361,-0.014151744759315889,1.0756852117051035,0.14448881671955638,1.442208616392549,-0.7896626609908345,0.22832818532791518,-0.261304149781994,0.6913948427759404,1.2499176911165806,0.6315789176281311,-0.7161491316183621,-0.018459312831679488,0.3338551853642438,4
2.190659496236225,3.5298863187907363,-0.3806532113913331,0.211627712605979,-0.761917152619959,1.3612710324436665,0.6700548080881,-1.1500757191485713,0.5382766171708859,-0.3711753691305819,0.28341606905849287,1.4967235419465,1.3634325311893363,-0.9371081503099966,0.44727756638040006,-1.6930467545794792,-0.5577177882582496,0.7513076059862009,-0.9580378387413943,-0.6840638870418491,-0.4908557594556413,0.09058486191686158,-0.4122243289098665,-0.442631852090457,-0.31063935076475835,-0.25116197725159656,3
-0.2074626084657318,-0.034437619047074305,0.061133551820772035,-0.5760211706067774,-1.0874606490863161,-0.1704794993538223,-1.004503117726625,-0.6321947389154245,-0.5453751315724047,1.4158650950367617,0.5956894412218148,-0.1328970540362846,0.7435007787186589,-1.1682321741277182,1.6491931831914066,-0.34704684110145506,-1.2496629296654092,-0.23645679097055544,0.3265187267375855,-0.9106003747925394,0.7198964877599918,1.276891028758213,0.6917949851530432,0.1241993532886316,-0.3345725501456329,0.5468813083531233,3
-0.9302695490714596,-0.9082233724333724,-1.3082246419227126,0.24401739420950552,-0.7107319672308244,0.18728150609344246,1.3709098524956915,0.9892873038826959,-0.3091691281787998,1.6809419410738646,1.67988292604431,1.0011907607537522,-1.8652412567276269,0.9535687153437035,-0.30919030886787935,-1.1685854885987783,1.19813875348439,-0.47666457074243707,0.5004614526426573,0.21577983363693118,0.19460879376410875,0.3948535937288121,-0.4622997041654052,-0.17648689638288692,0.30056374569956773,-0.44430582584915085,2
0.25403412598679226,1.5561959319341434,-1.329178038800506,1.1077770677111038,-0.37870914050226345,-0.45582812626506586,1.2475220339421405,-0.1591389785074596,-0.1358117744434666,-1.1022142004466382,-2.6022866030200253,0.13668611329695696,0.826633767564273,-0.41425397215395576,0.9555254082004568,-0.10381334319267904,-1.248974468419445,-0.6299287591839474,0.8977566984615536,-0.81593504976587,0.9537328870717177,0.20081308776495516,0.27191060927225374,0.4874821718767107,-0.32395054152857095,0.5133673547187577,3
-0.49047791075677705,2.916482259112902,0.3627465731990899,0.6048950097323149,0.9187344808398553,0.6544174977024916,0.7420270942317607,-1.5754525543805897,1.6057742463399596,0.3707175739340904,0.2889731026443868,1.2002163565217916,0.05335932937119968,0.22305741684990463,0.5847112649165008,0.7328902696432633,0.3194027789045731,0.3522975986603143,-0.46859587983205825,-0.6583925120049524,-0.4725013927170377,0.08305663744118709,-0.4323083759491598,0.5175784576269473,-0.5059642024772333,0.10015143120687114,1
1.8216397312710915,-0.13523156444773626,1.7565709504589204,0.11238991372395091,-0.9509233204873986,0.014143230033192046,0.3930539538390443,-2.12108603693542,-0.2143722892967361,0.09669741799817091,-0.010024138010373175,-0.36956637785971025,-1.0825340711496265,-1.3357641877648856,1.772798780291706,2.3032291291148415,0.6230822536114587,0.8702557416953132,-0.04932660203817156,0.020110870333788788,-0.4534446580451141,0.001613361118961704,-0.18036466284820435,-0.4017146929798074,-0.2206482930804109,-0.4095955956443242,4
-0.8248075524103846,0.44240058328724885,1.0245766994224628,-0.07388370790730088,2.322326326179542,2.4081112738449826,-0.2888030385696409,-0.08407863926395916,0.798079423076378,2.123071062984227,-0.6383474031631643,-0.3668807645150221,-1.362885348843742,-0.5601163283319252,-0.8007557148962917,-1.3915922595668893,0.9015669834749159,-0.48925601119814627,0.7454033636648095,0.768907306952778,-0.15791810056928454,-0.028886165920140892,0.38423074517028394,-0.26779211273374115,0.13417176700813518,-0.6762962652305178,4
-0.8829794091376042,-1.5908211560044376,-0.9137118154049645,0.49194948181827053,-0.5795840084969388,-1.379818838241342,-1.3535395103163634,-0.08585379519449826,1.0462891082122205,1.7078978922286656,-1.620410832583114,-1.709593843519342,-0.1471585374129364,-1.008273772786841,0.8434200339636728,-0.6428341858946641,-0.4480986019797792,-1.074415198910708,-0.5789614027877071,0.23841109255052254,-0.6957451943754918,0.6337484356812036,-0.6956825926188395,-0.2325446721591543,0.7575852772323297,-0.9029579979566585,1
-1.8099504684505152,-0.6046263442636663,-1.2084365594364495,0.46363693264030353,0.8400504453166576,-1.1432694501320262,-0.6406839201316037,-1.8923501823159672,-0.2602798136344965,0.8707592125370266,-1.0565973852183053,0.7298461953117397,0.8627938169018154,-0.979729474652238,-0.09714920786698346,-1.2195896576262983,-0.7339508000561739,0.6203385649238768,-0.4083310319207225,0.21262723897585348,-0.38186779082055927,-0.3010486785054864,0.17444123462984995,-0.5850094417728703,-0.3301565847430848,0.0939924016378372,4
0.12942490123246828,-1.0913456481801294,0.3116186058803515,-0.47475669127298964,-0.8746782680736048,1.7677268038203209,0.5165547079565913,-1.6123770260825752,-0.05299418221310255,2.3096328752708972,-1.0799543002790883,0.9882407038601415,-0.29894131306468286,-0.059477420634194304,0.5566933278827697,-1.1602795867511446,1.1909587646415438,-0.7215829770755933,0.12915062406724687,0.07225965100035281,-0.2854788358086375,0.5003997026110985,1.5620186601798123,0.2622332685921851,-0.17719031612084463,0.7518660563936522,3
-0.032849539805260716,-1.2663052830225316,1.0562565231859546,0.5006984083374434,0.7264610589308484,0.3330909970754026,-1.3770410033761324,-1.3305781270750894,0.2449298080031208,0.0346663347199509,0.4058749345820512,1.3970805318657074,1.2760000586071352,-0.6416982255030924,0.6371815670656644,-0.6817488422998362,1.3444363881389054,-0.8952418990302282,-0.1829522442021333,0.2733410067917134,-0.4629212215153568,0.22903366988783355,-0.35837735938181886,0.5098212855819534,-0.20713841147555492,0.1660889045262406,2
-0.6169432081993096,1.3060030041858275,0.39294744737228243,0.9535810426418678,0.08126287728212067,1.7948537838214786,1.8276020146918428,0.030066878005544685,0.38224797038474895,-0.24779177389585583,-0.09419118464192136,-0.028732779427524103,-1.4225021844308152,-0.384883483388496,-0.07894168370144254,0.6040245499593119,0.3716275734927223,-0.47433446737265633,-0.8554983140901423,0.74087659688614,0.11302057033700022,-0.6186203702547892,0.18165646038565791,-0.4638270827020636,-0.39180226791113376,-0.031738123306913654,4
1.924278832349869,-1.3871685731183871,-0.1829834882809552,-0.7769352861954255,0.2030636881594192,0.1266582454956144,0.10330971594081205,1.2687176942811396,0.22885134557721432,1.0176196255337857,0.9295713682200837,-0.30240965187802843,-0.22031560734221892,-0.16427662930264061,1.6925073592927835,-0.20014587376815307,-0.5872386324671077,-0.8728489431753288,-0.5506998138371438,-0.6545844407935917,-0.33798916335796303,-0.007716180427340758,0.4370999213078511,-0.2576133091910207,-0.04755844193587367,-1.243148931398664,4
1.6318685888756883,-1.2885135445883844,-1.3335193536652983,1.2356358304890755,0.229130277592424,-0.2573551564898701,1.4554954258816568,-0.3534435301050989,0.6050795324462942,-1.3303467904426969,-0.3946021539302526,0.8101973368036687,0.03024004702719901,-1.3686512910585598,-0.6716334400897648,-0.8222451247525594,-0.14628330273328494,-0.2665871885016412,-1.1153549711157391,0.8602920644240976,-0.12660409790621946,-0.08943146170536755,0.3485159198833551,0.701913449350871,-0.39214399528700195,-0.9044228853958309,4
-0.0002673415135552661,-1.7284905923090155,-0.5031399393018445,-1.6758616872191416,0.18131401845568157,1.5487715279777399,1.0061348447919622,-0.581061413273884,0.6991420034258008,1.8398237738189067,0.27304200589037825,1.3349989561824605,-0.4329952207338083,0.605869424039098,1.4891876698219204,0.20060060986616535,1.3226778792177447,-1.057964707711885,0.23993460394349506,0.18437568622109773,-0.06314031196994803,-0.27181052225467245,0.6607826682806878,0.6733751891903298,-0.0940234403295014,-0.6323065931723485,2
2.0481628847077484,-1.1785890047569318,-1.3231757315344008,1.282981916462257,-0.8892240317372445,0.39339477833451636,-0.8088685464671104,0.4222604707644581,-0.6460319592004449,-1.549709234453693,-0.5982803445447252,-0.16010306778343397,0.7228465637890072,-1.0866057956604018,0.11088205108706191,-1.0883091299050844,-0.753589307467725,-1.5813972897835802,-1.024415416073306,0.3646440582982224,0.07461510729459728,-1.1977152912330802,-0.44268445651208815,-0.2569011776825971,-0.015184691713700297,-0.1306745276335612,2
-2.4237852001431603,-0.8927955825283328,1.299985364597629,1.2996113548791113,-0.11915573621651153,0.9481721272594502,1.935651782956111,2.246369516470558,0.7305175167474829,0.874951964679779,0.04487974463673294,0.27375943217510457,0.5332687606141352,0.06428490518847875,0.5434569113179245,0.20914955815033012,-0.25443951454334235,-0.03365734598202758,-0.6187023672171478,-0.6510573130722799,-0.1912084545372041,-0.626705700024641,0.5649019447243058,-0.30519933257867154,0.07536195628901311,0.4676024888412673,4
-0.4995792984274863,1.1481451940702259,-1.266680120031866,0.5954458883451935,-0.4553974447221767,-0.31910375975092026,-0.134784549121968,-0.20837156923035982,-0.804134263286361,0.8244891515158624,0.2619431310644331,-2.191005089024568,-0.4053296385196227,-0.08198584605377414,1.1827411501513148,0.4067730847734497,-0.015474751719378546,-0.19668911501308506,-0.4318552733375615,0.6803032940351739,-0.2164173414974202,0.2863977777727702,0.5108390729975482,-0.27429005379851035,0.014589217766772838,-0.804274998794411,2
-1.9586326969816068,1.2177213609532893,-0.5871732945405769,0.20440657466683554,1.470378388334789,0.967199846769338,-0.48121724628747553,1.6197478188079504,0.303515417231,-1.3012819393178272,2.452977858178537,0.02035444401373763,-0.1760078809357251,-0.7386094944941034,0.1785667925157937,0.7777489593076579,0.3376053145737441,0.07102201974641723,1.663012680866664,0.5767338031641853,1.3018905572753254,0.1398466613995963,0.11165269559188662,-0.6276697073098182,-0.6233163894493324,-0.0913021157679221,3
0.6585822008508486,2.737464012810507,-0.7709602765540191,-0.11768318304144802,0.9946156990747542,-1.5914480438850993,-0.37374290744352084,0.42723102928917733,0.17196361400594457,0.17351455917621056,-0.26737936410829205,2.491304635249412,1.8910345353650988,-0.6087198848248364,0.5720992296654486,-1.183325711501476,-0.8602701917107538,0.742494360236661,-0.9392603900102845,-0.6248841722808304,-0.28669469987983565,-0.2820777350944391,0.4042207706088371,0.4591464132508459,-0.7164883397610201,-0.026357521600034038,4
-1.4661079984700753,-0.3556507165771596,-0.09596445852108025,-0.30286916630292166,-0.220275807553766,0.8861718970465269,0.4864667413426816,-0.5983991233150998,1.361261690749662,-0.7894334703217557,0.45644418970503325,0.7858040380502131,-0.3569268898040654,-0.2934641884776915,1.3038450165523148,-1.0721339096660474,1.282956400902882,-0.1906276555102064,0.1674963721394766,-0.6650059074568355,0.15730158526296362,0.4355646826568127,-0.5434123228819217,-0.5001853864114092,-0.10812182220849754,0.20200412721678274,3
-1.9982652382764488,-0.3649404541869963,-1.5392217555758987,-0.43493863400508326,-1.1754635293571793,1.632751393965581,-0.2264094265447603,1.3514028248902425,-0.05182628536698353,-0.5959146600205891,-0.5003424114604917,0.849743535821047,-1.2766851737649434,0.006280198416179438,0.6421560317565891,0.17949659669462842,-0.4399949087773449,-0.0022534909644421055,1.5422133369306885,0.049262985573471516,-0.3143836185462931,0.0016292860687163104,0.5245500569988408,-0.30079158518470495,0.4474081538842994,-0.5606892315742743,3
-1.3160445258932567,-0.8434452110517138,0.3518071822646003,1.3236864250051428,-1.1338181238709657,0.9281685869621888,-1.2786275065143067,-0.43070449998356075,-0.03139119641223938,0.06332500040916098,-0.07365291663228211,-0.2977282426865492,0.16216545604974777,-0.09390241498290881,0.8343072724673422,-0.20093591083959708,-0.7127431849832312,-0.3960133322324776,-0.1304199867449138,0.9627022259448266,-0.03868904848200655,-0.7944183219121635,-1.0993483291112527,0.6105513141467278,-0.061249212817945306,0.4770501687467392,2
-0.1585169069139614,2.248573522352077,0.8937242170147186,-0.06748403991790632,3.19929590144305,-0.3378909819902687,0.5148687257398306,3.6442915930515123,1.1888555607766433,-0.16623921702719477,-0.25887447973862704,0.7091872064582921,-0.656445047195902,1.0505130179848408,1.2925637029300292,0.10315076148703574,0.6529066205088778,0.14710152827835316,0.7452197676265541,0.6934605422014691,-0.3672646185012196,0.272069245132041,-0.209131099873792,0.4007599309666872,-0.6224702779946675,0.2045374057549014,3
0.9052530492743016,-0.49270525838608575,1.2877871202037945,0.9840532689146789,-0.6718720466559912,1.1584919736802768,0.9355364977515485,-0.9962122079541007,0.27870378746907465,-0.8009741140602267,0.74564726539316,1.8360228133823386,-0.31495485587700284,-0.9551792560061728,0.164562227962561,1.10476190092442,-0.16762802645907027,0.8000239240097623,-0.1758541821633529,0.7282937555632298,0.10255618986897572,-0.46915994935868593,0.6987900205799134,-0.1552776139298581,0.2899728990230596,-0.808520294041209,1
-1.3590209879808652,0.6145556891977539,0.5602678993672281,-0.13057573072125372,-0.9264704624064217,0.16906737406366656,0.9412850288141867,0.21818385442643984,-1.2524576325716337,1.719172702184023,1.0443286195293133,0.29053330807523087,1.4338461390215378,0.22148958851915854,1.7642647807184673,1.7389631525357763,1.7489222480106827,0.2692859255416372,0.006616314137734173,-0.060988876666262876,0.24999595611033726,0.3875046663518133,-0.5747598925642567,0.7392183314288338,0.12764045066686786,-0.42956352623210425,3
0.43788274075782935,-1.8860765837076972,-0.19864667032366692,0.08848872106638082,0.11237489274139346,0.8540950291663155,0.041329839004382765,-0.4986637316164409,-0.20263715723100245,-0.6260805280286623,0.5978346087987043,0.8228522143423685,-0.6783190977302,-1.0250879465575,-0.05651596636929806,-0.4329152971140359,1.4490367718415735,0.7131951314791353,0.11630685740884911,-0.5982760727150511,-0.6029116247465162,-0.19960125498271866,-0.5565865528054653,-0.3950480955249094,-0.15195677686634032,-0.03973949822396927,3
-1.0899259353189736,1.7368480464312033,-0.19673856380074517,0.12301547849534042,2.256432027071951,0.4077277067661652,-3.168248989616271,0.6895381364892539,-0.40434849928163297,-1.5267406137263293,0.3518043116013814,-1.2817814164096466,0.2576756054821289,-1.815560799904105,0.4453152495458615,-0.4899872180856486,-0.44666521115531016,0.3228727535528004,-0.0002669197561669255,0.16995515919468768,-0.1521138885058803,-0.36896625898624424,0.2532816382680853,-0.53034269857059,0.031810695375194216,0.05984962684901352,4
-2.6261339688565486,-1.2892036967225498,-1.477097227506446,0.6568212113290348,-0.510569275576538,-0.06803498861529624,-1.7785311240662967,1.573850143857841,0.9504826692924347,1.547336386098931,1.4969084672310686,-0.6296792826833313,0.0369625626434024,-0.1602865588944933,-0.17801300420201455,0.3093319687778091,0.8748889780102329,0.07823070879725702,0.21505691217354164,0.04385360072451133,1.1578982728918663,0.3587837533156433,0.2652550850667587,0.8026274714935104,0.5740198233831115,-0.2707630871410542,2
-1.4256115714182998,1.4635471146054286,-1.476930046644843,-0.43158693507994417,-0.6239340166390681,0.5620686388413683,-1.3568483736723504,-1.3277679534816291,-0.5060525834137791,-2.0834007343337797,-1.1496803918381922,0.3222483315124211,0.7124853790966557,-1.1445122407329034,1.4316385965923322,-0.6757841275985123,1.2446310164627157,0.2688020254606343,-0.07031092081922054,0.6148382978316155,0.6035314600265063,0.17045789987218773,0.10896590255855496,0.29939131631286564,-0.41197741673545946,0.2800463017632494,4
2.403730287930327,-0.7770022080070876,0.03610664550771004,-0.40084359688929255,-0.26486137238702956,-0.5688098617109348,-1.4153253588383083,-1.38679088653044,1.3760711049155838,1.5629850765839526,0.2266652749097549,1.578423391891477,0.1567861385034373,-1.2425027580208075,0.09319428387036667,0.3016398197688659,0.8428323310735165,-1.4978023731669918,-0.41796017435659,0.7181678273327412,0.9965607524223926,0.43141157176674083,-0.9833502040877059,-0.4460614793741449,-0.2982352787602861,-0.24646520128844973,4
0.12995959221315662,1.7287262676878663,-0.36809695892616406,1.0895868730868132,-1.5313398206616708,-0.5449720839424169,-0.4597627202561345,-1.2615695644127454,-0.006438101987736885,0.44362844251055855,0.8133645149073687,-0.7738107091833191,0.10026393409721296,0.4145961994994954,1.6504037558476727,-0.7652150244531131,-1.2425758777828368,0.12219396926073016,1.3980058259858532,0.8486763404909063,-0.44778464168596616,0.41120449094078443,-0.5562272830202847,-0.4438540488113718,-0.45927891694634443,-0.15089174830743984,3
-0.15876788821481475,-0.4154282388352412,0.3248381565212996,1.2245970456775364,-1.1750659324849946,0.3506816686007267,1.4617616916747649,-0.7853960429875668,-1.02328394486223,-1.6197188837107155,-0.5192970967930657,1.0565522582285776,-0.2670717905372444,-1.2808739127561155,0.2946302135172377,0.20373850057261084,-0.6218504860363578,-0.8036894077030522,0.17351930117562644,-0.5367604076916451,-0.5071292016712792,0.1095403164364768,-0.37416516352560264,0.647256832934512,0.32846779411732213,-0.3789350832381368,3
-2.44318208761219,-1.371798882309104,-0.6440689351355245,1.6478532840243896,2.824793564378771,-0.024689385740945338,-1.4084372651488575,-0.3963214478107711,0.11026877785782435,0.09684569558090288,-0.8124954281848653,0.7314093105011299,0.2940148627786337,1.3013421587785945,-0.48774742421515854,-0.056488746462026576,1.1774625923110196,0.5050141688647766,-0.1181220065722765,0.5744060264379615,0.48767093082525476,0.02252839300489184,0.23713089978599794,-0.4497430545907767,-0.1649409533121279,0.4324821558613816,4
-2.6979714192787805,-0.08065908844489923,-1.8605902334765942,-0.19049062563045,-0.4703204758755768,-0.24256060107821278,0.43521942609795433,-1.657038991788458,0.1555170493461186,0.29237818719659303,0.07498427964048399,1.213467261530874,0.43979808913305274,0.5778734532153844,1.1820817498795375,-0.5038644419352817,0.7681799065365639,0.16244372014931274,0.9501258084300335,0.2907295178910783,-0.05690727304859803,-0.18236178596328145,0.5244081850510376,0.7896237593698987,0.4730347431878731,-0.31985964877002554,3
-0.737399636542784,0.8945122119543524,1.179915470117339,0.5094444118651446,1.057692370896133,0.258503002865303,-0.0557350524154136,0.05799549397676725,-0.8817216504963722,-0.5926038134431568,0.9910848810676229,-0.7592248656726494,-0.7973716147288867,-0.8869775579206698,0.9841047562792712,1.0944887863524388,-0.14026799836048684,-0.42749538527213476,-0.2835213902168877,0.8546759276065264,-0.3173927302738425,0.36075895043401807,-0.35448537244330935,0.31131056352039865,0.1293760117279375,0.8110383632427584,1
-1.2571220168770523,1.5362733571888867,-1.2573200986250024,0.42941232812531926,-0.28886215361140666,0.46039532758154605,0.19005434987008973,-1.2186303247369887,-1.2468933483977334,-0.011541138034437114,-0.05727296987612509,1.5506445044114234,0.9452360628289018,-0.822507797558112,-0.2955921423865643,-0.5238058098765009,-1.3051256088317995,0.4134703023570872,0.6872289179487793,0.617756229294301,0.12810103157597236,0.6282519003316729,-0.7881414964734476,0.5124752647226768,-0.7674189371695052,0.00355179832494486,3
1.1088381124959739,-1.416474293095325,-1.3683705082461903,0.1253907608852866,0.5276969247137152,-1.0179321750352464,-2.5070772811618935,0.1213936031166125,-0.6125009239330398,-0.2274988913391507,-0.823531220027923,0.6967557793509863,-0.639753550908278,0.25959466482524396,0.5629303352954433,0.12016922432800771,1.3172063375844396,0.5740001643183247,1.0422862230609928,-0.16499534837124222,0.965995402995893,0.19953220547056869,0.11056336098444236,-0.5246394573811851,-0.4323601470602539,-0.773530893675936,2
1.014175838432124,2.3968836665277,-0.6982184113849154,1.3835654788262217,-0.15737491485776314,0.0205631672739885,-0.08657492421002844,-0.2680972622235192,-0.4520333225926996,1.3014810711066005,0.7585570577696956,-2.3279679298756824,1.0228230240233123,0.2866942991528036,0.9585540022328513,0.12399374322263665,-0.3363009428994497,-0.24571743965649057,0.040648867736684136,0.15199476467460232,-0.17287248831537713,-0.27250242197521296,0.3068635979523995,-0.5063770291641477,-0.42073435440479556,-0.08902298332507536,4
-0.7233818349038733,-0.1312868395336426,0.8094778984001887,-1.5787707751909885,-0.30496752969782404,1.4369650747065263,-1.0933097593083978,1.0986541656445548,0.49710894338157746,1.0205922390432214,-1.2170873247914245,0.3716674562284383,1.2308581452531822,-0.2614151622891745,2.5832466694470178,0.6328812803273134,1.0257413123753825,-0.07258552230379953,1.1642931852783938,-0.05159959443071545,-0.3501213009502628,0.44960942075927407,0.3792441611873975,-0.2642790373623341,0.9969546396940904,-0.578272767145981,3
-2.058216294032735,-0.8616957740169883,-1.7544280837595112,0.12996772415493227,-0.01826868862143525,-0.42542747909366746,-1.2063919039481117,-0.7926574651046305,-0.893244543579506,0.22956553634492433,-2.023614656958713,-0.49040867587676995,0.29738879613608027,-0.2704794670428269,0.9442890726643344,-0.8455491828514925,-0.6918832994873201,0.4496673695048841,-0.13729866232758012,-0.6823687545543067,-0.4471726792078035,-0.31673501801922455,0.4071221540047785,-0.020300619679352046,0.4424495439822318,-0.6305108074967471,2
-3.054445746926438,-0.07137379500674951,-1.1622236795331955,0.7628669015309624,-0.41101644145319804,-2.208094683160526,1.6349544968194025,1.0222648372753622,-1.3145897106966766,0.1071229795154771,1.7845832426137507,0.9177975002457934,-1.0855615409820778,0.4033511453817351,0.33723524061078214,-1.1564759190841771,1.0724151555668244,0.31439668512547864,-0.32999999232355326,-0.37864205373930343,-0.21170839327854335,-0.29086148495326275,0.35318863021022895,0.5729545809839478,0.03918843787115145,0.6454566896988704,2
-1.914865065444926,1.0252173745751123,-0.7866390579326218,1.3196599880007527,0.03896257453713752,0.13316128112495668,1.2932062563256335,0.11885362670916136,-1.5897672757294585,-0.8061396129675469,-1.3168692408655198,-0.7063007685869969,1.0141946088459395,-0.9331650299147174,0.24691440167462,1.9542306139353989,0.5031367843520483,-0.04302046216712094,-1.1719325849787874,-0.7705702377579146,-0.40104148587650645,-0.4807657272078207,0.09522863239631905,-0.35436466473125294,0.23459068505490557,0.36406829514798655,4
-1.2595219738884298,2.421594467272547,-0.7580585948861944,-0.15755186582970895,0.6684005205316808,-0.3579370761652207,-1.0544858301056461,0.31999668357901995,-0.9774263386444478,-0.6895617066617837,-0.1239729983728623,-1.9149351963501773,-0.27736668652053603,-1.5636773235931627,1.0599821834786272,0.8316122409678981,0.6301500122831339,0.060969664352613605,-1.3012426918734874,-0.6945684044698609,-0.3540516358998506,-0.19519728982755225,0.11766478407976962,-0.5251234185404138,0.01773189668170722,0.1324222644576734,2
-1.8745339481622965,-0.7013190277111583,-0.06136785198660074,0.9252411849620585,-1.1606877465533694,1.703594822590191,0.8688170717658602,0.10773097422126998,0.5988774330417139,-0.3067498732748727,1.7670451095236097,-0.03266938972187871,0.14494513310959256,-0.7803666810508026,0.23194546454546278,-0.15751873607760325,-0.5222192684953467,-0.10330470452494976,-0.41674492598707685,0.8859082741732278,0.052129425643152184,-0.5543330931440944,-0.06978446137045126,-0.5783121546865312,-0.17848933006990692,0.21919024979767177,2
-0.39164836441732315,-0.6737179053284512,-0.8659387507469022,0.6934980807430898,-0.030974292775076965,-2.3214455002133394,0.14444198112285367,0.5915944054905301,-1.0359981681530606,0.44558648846094046,1.2190822920830122,0.22131102771647732,-0.7379085955646927,-0.5394656064371552,0.009530090190843629,-1.4683929445194142,1.0331367505773164,-1.030821846613118,-0.44039870988564767,-0.3352648400677468,-0.25685459273518224,-0.5545223988410113,0.06747719082564282,-0.4322423503390829,-0.32292572502386246,0.0519605693172432,4
0.9577262325532263,3.2395432421344754,-1.276405824571126,0.7218377264495914,3.0614388162745745,0.7554539890637437,-0.4808754520100433,-1.3627919500902943,-0.5779187886324998,0.41320607241837504,-0.3942267139792352,0.048502784092184496,0.473718360054159,-0.14387407683943954,-0.9223425212609794,0.7704169548070151,-0.36336180672223717,-0.19514447171845156,-0.10293993384395492,0.11275996183356624,-0.20935954401708254,-0.18289372015188785,0.4979502646202422,-0.5726940091133282,0.26679280367340785,0.6332867334219958,3
0.9874277613639982,0.6245261519761421,0.723743674931358,1.463131548020482,-0.6492390853100267,0.21061083186937463,1.0523402304712484,1.0480971456834833,0.9120029137819403,0.2569350573613402,0.3674898736249076,-0.30872881949706726,0.08967169445694433,-0.3390095936384559,0.4086235131257873,0.5020426507529842,0.5690697620247299,-1.683337265423404,1.5085121653989457,-0.49114761459002404,-0.44279366471146403,0.08748697958723896,-0.22326133835596546,0.4445878355929601,-0.4627035668633282,0.23451163842929115,4
-1.703251849764656,0.2807400995547381,0.3206212336317894,0.03204251471672857,-1.22621403389252,-0.04860754437708907,-0.11008169505772221,-0.6342791692347962,-0.08655152119418502,0.053665387012067155,1.0488488199822619,-0.689547060935976,-1.2452417431628409,-0.23111176964303126,1.8911820245796527,0.4394348475317977,-0.1303785402377719,0.3894482097141657,0.09344708181618801,-0.559018715811288,-0.5562820082925082,0.10273823500959822,-0.3801737475488056,0.675848290467058,-0.18735448367277566,0.2514796269162164,3
-0.8066772760542226,1.2508939484069612,0.5514560397085734,2.26481378927101,0.15200375794463594,-1.1080002684360262,-0.6880993169781963,0.35915122567997804,1.0403320599598067,-0.46484952268444146,-0.19431631576375633,1.1421111214087505,1.7832129009446454,0.00596095977199662,0.15978080459765354,1.6889978251419564,2.0650114832163156,-0.47391262588498834,-0.08896604668193013,0.096552016748264,0.7971962378083514,-0.2924992995518212,0.11245288724571252,-0.2190835031043616,0.820686866694874,-0.5910397252791219,4
2.5773184776321796,2.9497838146812403,-1.2244564424347402,0.8309315310203157,-0.22779605801865466,0.46961022562579896,0.156287942053643,1.25698070574695,0.2478532303396827,-0.7573481539560849,2.0980102736714636,-0.2951739062982807,0.25882304206526113,-0.47389632477259863,0.2022047386003077,-1.2302122219713392,-1.1897118433787217,0.046388294321953974,0.4073530941295188,-0.47047119030256873,-0.09773055482080532,-0.08535900552457205,0.826522265759214,0.6325452250811824,0.21304561708838135,-0.18108724179506938,4
-1.3778802209637209,-0.21704994843683312,0.07990463935479374,1.2272482724183762,-1.6935319242431213,0.6275229298152514,0.14801921860406264,-0.5246138321315328,-1.642463910651888,1.026978027097002,0.7577925627416009,0.06940903496800346,1.8100634651537746,-0.5596334358642681,0.22912693456601735,-1.627139092757986,1.1992210681982434,-0.19032580790379458,-0.22274707793107093,0.3181480095279161,-0.08463878264569245,-0.415488232968018,0.2324050370311781,0.7920492434862361,0.41411369054942476,-0.047350998825262,3
-2.9531179003283907,-0.5274215506083585,-0.40878604954777786,-1.0544027685780748,0.6100537211448198,0.987700741682595,-0.33911710166345693,0.2845865738134179,0.214675084678016,0.02866975390566926,1.4066032473517842,0.935846352747399,-1.3677680679975606,0.7391760492401979,1.3809826679852166,0.17680638447701544,0.8045634223963016,0.1478542333148864,0.88404291274771,0.18256216660433416,-0.4597938088880656,0.0476933509138965,-0.4709692289394189,-0.3706809759695945,0.05306500256408503,0.2534530217523204,2
-1.8319330493547665,-1.675823856889698,-1.0362167172148034,1.1340356439490324,1.6670927782869054,0.31016943088806637,-0.4207745836068862,-0.3731043138125695,-0.7038216860468437,0.36538188108853004,1.3617191384828604,-0.4359821681506784,-0.5599057914309125,1.6507079450572248,0.43819672254196734,0.08406265604792111,-0.28973881832697806,-0.32047900763123827,-0.14918245853408565,0.0006978755333978324,1.0823380016037316,0.23946097738056804,0.21291456759258331,-0.30427014083541154,0.327126823522912,0.1369369921138257,1
-2.518071754008192,-0.6318844599190153,-0.7669905563958257,0.2538055410045688,-0.21423650462495947,-1.170006822476626,0.6690527402586759,0.711947791971703,-0.5601317025829964,1.2166517436344024,-0.4163072513962194,2.1644984851768787,-1.510401291552556,-0.46744989506812473,-0.8769909431872905,-0.4536532963312782,-0.5176190196227715,0.42530495603411284,-0.7409611673752059,0.8503588214505455,-0.5831486665447743,0.1709583085685509,-0.4299760524805706,0.6967025114836674,-0.2493963911060133,0.4071677968387905,2
1.1863621277005751,-1.2426830033977478,0.09275643425823273,-0.7166376722070779,-0.3479139180153733,0.6760659313272777,-0.9752597914835013,-0.4593377509298322,0.7916468975046704,2.604819125709461,0.2758242457403448,0.7582761855994801,-0.9540377127046574,0.4404065520501602,0.6308417886577041,-0.04312141107437014,1.0919783621276198,1.7070260344953974,0.929146672147023,0.47249695831891847,-0.7036645733228074,1.1684537803282822,0.8255764992797701,-0.6654016439864291,-0.3556503753014074,0.1762859560882067,3
-2.713799739142307,1.1745066538824134,-1.0432968185607179,0.836148739800969,1.5443840656789216,-0.031897490743304446,-1.1747796528719283,-2.167195985240241,-1.3224298211532237,-0.21072339743310345,-1.0290334071181642,-0.3373368161856263,-0.5183540978763334,0.8182792065575804,0.6217651117031919,1.722308059640921,0.8193354665495102,0.30862817564963985,-0.8893963458597389,-0.18962293551943646,1.0735418981904779,0.3008308842898561,0.06946008712216697,-0.06562543714532793,1.0621926770679628,-0.5636080394807768,4
2.686518289573452,-3.066674884093838,0.6504754241624521,1.435334239194054,-0.8635620615139198,-0.622019051196099,2.4147585868289,0.8058911692869559,0.33351811851434054,-0.9365589149286104,0.3549222356018181,-1.2621690342676641,-1.1036070077348028,-1.8586740880936947,0.34916240320356595,0.5311166132662648,-0.2861136773010885,0.5847435954425066,0.3716118633313526,-0.1976181967851063,0.15667785947164276,-2.0797740167102954,-0.8009587150372599,0.5661869860888714,-0.42021289678198553,0.3204699323093804,1
-0.3881195162745104,0.9621265655408587,-0.5511257684157337,-0.48076881439921276,-1.4705535156881875,2.1917006878675744,0.23137395717206294,0.14415016041304354,-0.5071963924492962,-0.5492635063303812,-1.0614599117983814,0.5646602790798466,-1.2363182672176796,-0.661601730816158,0.5346268716534768,1.019932840367305,1.802401640677488,-0.741397430249499,0.4269779589461422,0.021466537872133304,-0.12809812133145665,-0.2572327382839807,0.5188932894562726,0.3310049593249377,-0.34116787692849265,0.16705040095526108,2
-1.3017586696340409,0.4511850339206332,0.29741411557345404,-0.5417602699373378,-0.4131006379144823,-0.7522480471944964,-1.7510529473962555,0.291925355857285,-0.4336203711491361,-1.0797047701809397,0.17933905822158122,-0.17770158676070807,-1.9146766067559313,-1.3080232496436337,1.5705711218782112,0.0975941162935167,-0.5348256012869009,0.0013916821607973379,0.28421160282849367,-0.5201571990577217,-0.24028353928621227,-0.2643932981528431,0.19474785106077727,0.3140865220959575,-0.17192410253458687,0.3939498824919359,1
-1.0296266393632685,1.5868717273363906,-1.2834355891508786,1.5850647491799217,-0.3009114243990458,-0.41927836386073114,1.2441688701222382,0.13287025813913617,0.5057095927979584,-0.6954283352595909,-0.7250731934617535,0.3506321343748176,0.5148217626372338,-0.7742185083037274,-0.4678546212272343,-1.197665100605679,-0.8121200382708627,0.0696329269980118,-0.10183265771947785,-0.44131355755538637,-0.13697552203982918,-0.5732695284779797,0.3339213185645197,-0.08675596330467004,0.5302794486624094,-0.05063172370307502,2
4.412021225741019,-0.847503148617961,-0.16119661465258692,0.6615053870315254,-0.19410629485029482,0.16338831149286956,-1.4322996320903132,0.5267713396212607,0.8410844922994047,1.7126140100252059,-0.3705466974671721,0.5777144189675311,1.0425043671095249,-0.3218292420657369,-0.03154915200890099,-0.21684445569105743,-1.1263355080503854,-0.832227833989659,-0.6250135770400495,-0.5775692635712087,-0.2449588763149591,-0.27924329000580866,0.469855285098069,-0.4612485506598553,0.504333227859845,0.6157523871754761,2
-1.0445415086718266,2.01674093149217,0.27205396465158493,-0.3982120032961369,1.9250318936465767,0.4198915935599719,-1.3191234330413684,-0.5957830774498153,-0.3168994546769447,0.5621303505751267,0.41815060279524374,-0.582877503227488,-1.3185054867768704,-0.49698425396306906,0.6147521340355423,0.6322512492299704,-0.3645375190676427,0.12378082972282378,-0.026021563487470437,0.8524072896255157,-0.27188906070375307,0.15560037206464847,-0.42140315260562167,0.37686319389937734,0.08454315889200059,0.8688815029674367,3
2.5200893604493735,3.2265569029439165,-0.07712776780233335,0.8089236330367895,-0.3527828037334538,0.8185115014705503,-1.921269559112053,2.0647003685342886,1.6945976264168277,0.5438241586583378,0.02700953402747216,0.5123206875887882,-0.18469837647653403,1.192489214176495,0.7482196809887258,-0.2664130504360576,-0.5920241804768542,0.3612844473138652,-0.24915038558216954,0.5614008195216826,-0.32071892953636305,0.2978911381299336,-0.2593753747390199,-0.46325237467756003,-0.5229866360685816,-0.505198173625261,1
-0.8761886780583004,1.825487639192803,0.8811308385939295,0.36720468411429197,-0.26179693196686915,0.7590267526664836,-0.44098435416085435,-1.2691481821040846,0.2607282030220512,-0.4913436523925198,0.7805797963106551,0.3710729964701499,0.6227598438827769,-1.636774735947624,0.37450575370748873,0.8827160853660675,2.227774112230622,0.030701815933612417,-0.2561082179650407,0.08340662508670912,0.28725814546356854,0.37309378414695843,-0.7138508160114223,0.40149961396063777,-0.2463782838610021,0.22190571802997672,3
1.328539760954391,-2.7686075073132645,0.0072128858763109375,0.9342674222512143,-0.14893422897857297,0.4905938929920534,-0.9052176228535003,-0.27313124431124153,2.4131369419317656,-0.4060854840905383,-2.266572241766534,0.9217061831304685,-0.6559552282270756,0.844371258828741,1.0332548003861373,0.9183900964011097,-0.07083285156307238,-1.0520958931996744,-0.568459557700154,0.6745343701510788,-0.41961404833639987,0.2699046602797705,-0.4619369444201716,0.6177224413695345,-0.5585236540340779,-0.16507936700611567,1
-1.3892138546312063,1.0629660645271368,0.9307559281421736,-0.466208501164444,1.5550409736593849,-0.600949730024108,1.7916466118731773,-1.355126948751493,-0.8922754199409907,0.38405153584922114,0.3429840733103664,0.4777994428181223,-0.5510459658729189,-0.043862665453942615,1.697988419279791,1.7216880224304179,-0.16317954910581645,0.09472470304616128,0.28326015257058085,0.5501690867969401,0.8918122899008797,0.6247665658584161,-0.838644944006655,-0.6499850627976262,-0.2812351182932784,0.2360748171015993,4
-0.7777738589013017,1.2925127746453327,-0.09199718660707588,2.248715457707291,-0.7118177528976379,0.0906844419802915,-0.7297391810167726,-0.7670043321874777,-0.6109356663790927,0.09116356490714274,-0.20312670980723205,-0.790516432347393,1.446576686203413,-0.289580780725211,0.16799564163584738,-0.3249413096666539,-0.4223163201083823,-0.10941009175001029,0.13174172730154635,0.16386896377796767,-0.28297619273353936,0.03148078224591911,0.13054156756082855,0.718033141755557,0.22203794408734143,-0.4296506372259429,3
-1.3224909631827138,-0.9179009974032392,-1.0903755996457085,0.07295136799166495,-0.5023154742330993,-0.005394507175048289,-1.1508866448329553,1.0726354894256076,1.047436847375618,0.7737317536153822,1.7462870218024455,-0.54882362889063,0.6707726290181832,-0.7476439745869918,0.4533761821024217,-0.2095245000842859,1.0593144018574574,-0.2767662420364103,0.043918472127033585,-0.5030686557314369,-0.21952754097782184,-0.12978462366330812,0.5655818763978433,0.7048242121369607,0.1599936931348963,-0.29623459363164245,4
2.151506403809609,-1.4198860662922288,2.358407664513741,-0.019472304739127366,0.3749616905909611,-1.0600079243613043,1.3226953918798134,-0.01514110298860224,-0.4405235963734231,-0.23772268103870092,-0.09532833538129713,1.1613881378132687,0.11018636735274849,-2.9303934465128085,0.45995164492635054,0.7448619374216585,-0.2766209077183405,1.4901937230533657,-0.15660911154861312,0.6531144280993306,0.2386214371122399,0.7843334897894155,0.3231599087595383,0.6536490494807125,0.28569320103396423,-0.2858806306576895,3
-1.8843872466839473,-0.8524331870949391,-0.6101349996916878,-0.4082785743037105,-1.2094684645686258,0.5565410047594229,0.1244465529480148,0.46061449532808835,0.06325811617312782,0.9554223434223247,0.9035830051742443,-1.3963406321261271,-1.4626482801781526,-0.3279403202572065,1.2815536995423191,-0.26979232939545794,-0.4202595018545246,0.5293037721683908,0.1860987150977272,-0.5799647214304102,-0.5994773631047395,-0.07093440104677023,-0.6130419169505278,-0.47349587504564833,-0.12186097812060598,0.20296255622642156,1
3.779585076176002,-0.032652495016335166,-0.9874496757308596,0.9617828536826313,0.11465334471597186,2.2836687819634753,-1.0241994958423883,0.9153172165089749,0.7436135349504763,0.6700717884253418,0.7937343354854158,1.1779505156677832,0.45041490009447466,1.3987160424157512,-0.3730149852655444,-0.5466214810230843,-0.6258017362015561,-0.5055318224946126,-0.9790067170254173,-0.9325678428917746,1.0780426003388588,0.39733838284960976,0.375781029625961,-0.23732453690153665,0.952410028374083,-0.0775791292702034,3
4.3015853971735805,2.9772972085446714,1.8830123347909824,1.8177995159781533,-1.507426020794893,0.1769354844125674,1.852778924816822,0.3694131072940331,0.2646758830787331,0.9192756996013797,0.4927973198487309,0.556898525517086,-2.042981121985698,0.0594182742209004,-0.34383118795244866,0.42052466810519884,1.458312034703553,0.22134840758974988,0.7373915812453768,-0.7428641820171036,1.1518286131491815,0.03965468393922002,0.03220950566732165,0.43922080687082843,-0.4680647767280014,0.5275151775108263,1
-0.5458814440956313,-1.0522406066409582,-0.865614633089906,-0.0672767751477155,-0.8233074986727378,0.11832097435733806,-1.49798722196025,1.8649442859397571,0.1639084974874769,-1.5226084835840368,0.0507209097038013,0.34120103712192323,1.2014022563934623,-1.3700190800774088,0.9310431328218799,-0.12597525868338666,1.0626346249473133,0.5154308677299732,0.29320043885302616,0.1015627169964507,-0.2577467137031675,-0.2669081924873839,0.3215230963600889,0.39085779759937533,-0.540205669939381,-0.0718620338416704,3
1.1141952112279963,-0.25661115685700087,-0.2362305527498169,0.6548093995488745,-0.21409820616050637,0.0704049773545713,-0.17221702510078113,-0.09317137240673332,-0.556326611707657,-0.4707382019683783,0.5806753085621952,2.2697188998480606,-1.0114332670699773,0.29165301376955877,-0.33147143880435864,-1.0456660991748141,0.9375682906900966,-1.2037867649387732,0.6354967219625011,0.25855076620372197,-0.48092264413691677,0.15136001442929164,-0.3613791035641961,-0.4674574585933901,-0.21266059007853477,-0.188201648441187,1
-0.5630810144651723,-0.8084431636193656,0.11334971630179108,1.573985938770148,-0.7396802860025152,0.5911579644292668,0.8955637206140883,1.3573051568265202,-0.425193993751167,0.7998355699627018,0.33176002488173423,-0.012063732020990117,0.7645917102600287,0.03147327934298653,-0.03832614545275883,-0.13530953453460823,-0.6500968685018885,-0.2739372147996517,-0.7068489446508759,0.9533045892706924,0.25774121781489706,-1.5111282422751866,-0.6308510535928417,-0.37384458105790647,-0.0250112505457774,0.3951112590447386,1
-2.1325963902561935,0.23259718715064373,0.45826745186018447,0.7361429695197415,-0.9278603093089528,-0.03781073409574196,-2.447202383027737,0.8293781175349585,-0.0404724335198533,0.19906115656534382,-0.12346337007718561,-0.058518841110744214,-0.7174724623011277,-0.5707820725867186,0.49759606993835054,0.9157578819032794,0.18758987783904799,0.18116303233812847,-1.133146723360401,0.6617183229882366,-0.36595532607353437,0.2949375158122911,-0.5602033697045388,-0.4729637448082407,0.4214180741710667,-0.04136844397957146,1
1.438741666723884,1.438471592189559,-2.2255333010211458,-0.9845731681010289,-0.0883144279625647,0.7832716583996796,0.061029845170539575,-0.4769368794972709,-0.1375453662627906,-0.15948715849406522,-0.9475537677624678,-0.021232648225645072,-0.6204623133166041,-0.04341431702933923,1.105218742560218,-0.3699032878250637,-1.4493564387872078,-0.7680505762802117,0.7712080517193175,0.809912947086605,-0.41828408179687365,0.4193701813812416,-0.5268985663361463,-0.13931873413383092,0.5562207018464048,-0.38422952614279243,3
-1.602034974761666,0.49630872302944007,1.2117537990530032,0.9751413741266672,1.4960936208436864,-0.341980578640912,-0.9094211541966197,0.6317373662618319,-0.38049859789975854,1.0104240246450316,-1.2127439848523172,0.22410252214282866,-2.3704731106249275,1.1533069850039939,0.36161382849119766,0.17731658523364707,-0.5699098721707118,-0.37709376188794025,0.759704667122603,-0.6762195416662863,-0.5383737695500723,-0.11765350401845061,0.0331902951255631,-0.23866843383689113,-0.08008480006059962,0.04615375085333105,4
2.500917932057557,2.524740531357996,-1.5776010167921577,2.1200392666852603,0.2913432640406733,1.7616615963534727,1.265185097828476,-0.04506672329239244,2.1207762888345956,-0.40826542564917057,-1.0126982018880333,0.18683166635892404,0.6520430844957352,1.663746975373893,-0.24897287976484445,-1.2700921687768787,-0.8777401390854055,-0.1380004227422207,0.37847311477814694,-0.5616316870158379,-0.4854669776168983,-0.12048456125373497,-0.6518791908967887,0.6067948960179316,-0.2428503130696259,0.5228591462736086,4
-0.27586744551498055,0.40545828877213685,0.9117546117671131,0.0680801562868846,-0.026418534116114663,-1.1369971333623845,-0.2619985970979101,2.358754022287134,0.20415451727631678,1.0175253084131006,0.2740043840473045,0.9532017183355765,0.697982005771589,-0.10723558163942214,1.4347039904107122,1.1915965428365591,-1.2119658228095345,-0.3475792605620122,0.48846533500320605,-0.8406851985715321,0.9507736619033507,0.46677685320310575,0.4680730152664061,0.5176239679259247,-0.061219687989154004,0.7387776282697551,3
-0.8194804569934198,0.02054529699587951,-2.551031519373153,-1.2860310826002155,1.9997836659234567,0.0201001167118521,0.3570080135098011,-0.7375521481075298,-0.32612376059479065,0.7593911913436139,0.0036805484600265647,-0.42858159743062035,-1.1530568667776662,-0.9476853710768588,-0.2378253719513643,-0.8055433457606417,-0.4560341408598764,-0.4663057304563764,-0.7860225329941166,-0.5331881849879351,-0.4629292350602777,0.04839052471266406,0.4426316436555437,0.47608205690545463,-0.4232765723015978,0.4437181861954343,4
7.06833869236117,0.5266270213036497,-1.144184040708223,1.6403929255131742,-0.2963333413479891,-0.7379688334508347,-1.7182768190518516,0.5739851704944001,2.0739933791577236,-0.08485022373932957,-2.734019109949546,0.12110278134459256,-0.6870014958276828,1.2474327119599513,0.44924632391235725,0.7472819682806908,-0.2752496515177529,0.9165386033668906,0.2395416418512246,-0.6622995938523171,-0.5562910057181497,-0.19803497506941173,-0.6735877619402869,0.5857503408829698,0.4134445767458042,0.8115071196637081,1
1.1164506815966455,-0.021396803334823664,0.731461399882772,0.9878271971627814,-0.0504801818948327,0.7077712204558703,0.5953185041677994,2.0529925136564398,0.15299625738194836,-1.8907197132300706,-0.8140682633779243,-0.6621191269502277,0.19879076452226604,-1.6068717265659604,0.6573887422444235,0.13464741563009403,-0.8274282257894002,-1.3529537044188447,0.13320149495978825,0.8177627405298269,-0.022516668120722297,-0.17262536014912355,0.272970021715738,0.3994122860378024,-0.4481447816405647,0.17090667112484437,3
-0.3043347220791991,-0.2691625504740915,2.2480325028066863,0.24379850825655222,-1.6156081879013577,1.3594780611605255,0.16974866605549307,0.7982364154304143,-1.9489283376904525,1.9336934129711147,-1.1873946477526136,-0.7782873190776,2.0574718357434074,-1.34950786582795,1.4215284833668393,-1.0392620945447644,-1.0752548198244671,-0.4075133886891987,0.21178827944658546,-0.19971265005837863,0.8872962778684343,0.48821641889706796,-0.014438852738545345,0.47716841135838994,-0.6569379771253804,-0.04476059814513858,4
-1.9172076007685173,-1.3231484281474557,-1.3434567818001384,0.703424371980695,0.7457687949564867,1.2122060390300384,-1.172563941460903,1.3707126960460518,0.5890287938936167,-1.0757586125717806,1.13039280853744,0.9383980080577493,0.24335054561040848,-0.814965783767693,-1.0906195922739208,0.6820805415303889,0.7863724961017311,-0.2036342535618439,0.3514763015934189,0.26034294418362186,0.007661725709604615,-0.44461609769113825,0.42825106115981226,0.8041397596437446,0.8362224546088218,-0.2912249934839285,2
-2.3234627149098053,-0.7075051179818064,-1.8830874031273142,-0.7210110520718275,0.561098578108618,0.9563536444397033,0.6268436935164473,-0.45269167613834793,0.5370560811528556,1.7888575970666638,-2.0237315418969,-0.7728963507031067,-0.7713666306799638,0.30351432092207614,0.4118112224650599,-1.1888163714925897,0.740167493912618,-0.09985711912341091,1.1299296354542796,-0.06720567279425764,0.8861639895388138,0.6257012788615155,0.2575932979337417,0.4243040421570666,-0.25146648094722673,0.34868147667337535,3
-2.737431560480785,0.06567393232477156,-0.043019625563948775,1.135152989011843,1.5883249159633002,2.4843218006862404,0.3130064046552307,-1.1308186752024905,-1.049350999926222,-0.671310058565053,-0.08882357924395952,-0.02863771631048866,-0.09141783075061423,0.39000598741126913,-0.25446777371842566,-0.5695850669160223,-0.6741275773168841,0.34654658286312545,0.8329018240629543,-0.8928786249577648,0.7676433377425803,0.31178299709809215,-0.6808254798335659,-0.24526774219730893,0.39213840768675606,-0.4462725160814889,4
5.10359697027752,-0.7013511628126481,-0.6417802958354484,1.6387892926421728,-0.5447037588473661,0.34912940994637287,-0.29741331070428695,0.1267890480972991,-0.2956081810195196,-0.23450583467701042,1.2940109227329788,-0.031173180012242542,0.9749637234792531,-0.3406330201984036,-0.5028868918281928,-2.1959784179488957,0.33171283581612815,-1.7077646744841608,-0.9667971712426624,-0.5423270838440745,-0.7891417519673161,0.8884225695169804,-0.2917675527122867,0.4273922406985942,-0.26975145440257964,0.03256419759718903,3
-2.3938111528369106,-0.6316728948389804,3.114416959729104,1.9149598622096031,2.541763157240433,-0.1956849457134848,-0.6058726402890522,0.9034551289420214,1.2478606774050387,0.11573903708241332,-0.7065288549434771,-0.14006519560629585,0.5115297252450385,0.13026736557222418,0.7244084102534835,-0.5251514943287375,0.10449626364190842,0.20594017581775842,-0.7437905648409635,-0.6070950543346134,-0.1810423018238499,-0.42052065873886707,0.7436580885230958,0.6232642023676614,-0.23140018208037974,0.41927030004673743,4
-1.4187463677399748,-0.05492745718821559,0.3836562796867658,1.8741093986288537,0.14226390584346918,0.8062765100211241,0.7935140207323567,-0.37247079591092586,1.6784195243659634,-1.0216320708559394,-1.1069038758833825,-0.23917927994314095,-0.7824635491344518,-0.656665263444216,-0.43906539415632817,-0.0712791484323707,0.12997008242014327,-0.1994579448867152,-0.49382509162856586,-0.6580756280059529,0.16873575486858478,0.11078148694176661,-0.8040032132702823,-0.5322178952131865,0.09776817502269311,0.45046079233186087,4
0.5840427927897728,0.21440995079469077,-0.656011382515021,0.18704844539273108,0.9016361118100228,-0.3372769898612587,-0.6319135866622129,0.6159699327996927,-0.10353580568780871,0.20749541695781853,1.4325639391379577,-0.445919414299255,-0.15877725064944703,-1.218982332317852,-0.30849430178347453,-1.7906264716047553,-0.39255551921187115,-0.2400461304976848,-1.5597526294394244,1.0323530380750858,-0.35266581277817854,-0.28917408892651253,-1.29969129848312,-0.3175045527948878,-0.0992844688929282,-0.13698935701547238,3
-1.946409571983136,0.5810903134624621,-0.15156266071234825,-1.0860198725284653,0.48272910218318194,-1.9401465767950858,0.6951948648566849,-0.680342185107747,-1.60789507296465,0.9126622983416302,0.13762487761555192,0.12287282439401077,0.9436818083585237,-2.0323222138760797,1.1970410325595695,0.5750866489811595,-0.23008843120863687,0.4450840478314593,-0.7554746727816964,0.2463911598421652,-0.7273545638378569,0.49716451388327937,-0.660016018435151,0.6371223930929416,0.33451156582535485,0.2586464009881728,2
-3.220282011707638,-0.738193294781247,-2.4625087507961414,-0.7121622995796031,-0.34548937573505534,-0.09621750603282751,-1.4080671707188648,0.6424081332419281,-0.3095444665001255,1.2834503613890318,0.6360051139584064,1.118063197813622,-0.11305865650688592,-0.7188080241437248,-0.7283866457269726,0.1497382466777238,0.06357103389788624,0.29796198972963356,-0.3997573181611283,0.18238374708680483,-0.2764453140256328,-0.31768165748938976,0.1792464043930838,-0.37937248971683263,0.32314758136595756,0.10285123957419401,4
1.567615226393956,-1.642467273073158,0.21894698422435915,1.4180255844119825,-0.8628764007316693,-0.38455096751013795,-0.043979020648537516,0.11018682115795157,-0.2649088962467789,0.35223734295461334,-0.2761810187041424,0.23878900852845106,2.8559899488413967,-0.5194292527393193,0.5562601538487377,-0.6721971492088934,1.1308090662575685,0.7659426572144553,0.020510657515473874,-0.0464161512422306,-0.02803791296887208,0.5303378104559565,-0.8171409420903943,0.4673495168977262,-0.7325602057650126,-0.17723510944413523,1
1.749046262822623,3.5491886562209785,-0.621822048156943,-1.2383002909551442,0.9353042322003486,-1.1389925699770416,0.23368622420604945,2.6078201750978462,0.9484705304426777,1.3745231077735933,-1.7352861837986542,1.4122032981439578,0.296559190424841,0.016052375425424707,1.0563635062548133,-0.5993850580561346,-0.2374681773554199,-0.2137433826670427,1.1461820473442457,0.20403840011109317,-0.15614199955670047,-0.36799464122316405,0.39452931062035157,-0.5319517070351653,-0.016746996890048372,0.5644173125789054,4
6.103011815778943,-1.168927166057471,1.2450469803830144,0.21359529173439235,0.9287265910045586,-0.8691364891548866,0.27335181025868094,0.9612375666854359,0.1256724715976722,1.3789490454852606,0.1808931062316532,-0.3430464074015669,1.6993553471270457,-1.1561756854244294,0.8879337169889119,-0.25729274534639707,-0.8875463048041556,2.595818181815019,0.5180248966897807,-0.6260463197244387,-0.6248785158771067,-0.10600600445600644,-0.050884142855834015,-0.46462850897939567,0.44354682435580145,0.8228249802087363,3
0.14475452828493524,-2.232670829400103,-0.8415851919019549,2.0284944836364502,-0.16408944994026864,-0.15252904950407928,0.2436660985764161,-1.2549475393116,0.9699693871767188,-0.33840678954075515,-0.2533790242888997,-0.1763049699946253,0.13907252572486134,-0.015829010596005735,-0.29186087883256384,-0.043769566568572005,-0.44907791490796234,0.5498882318244107,0.034185490303829995,0.7524945365909452,0.5439909162807095,0.07187164709682288,0.28442449510310475,0.27475802325062787,-0.49770578084684286,0.5761727206911499,4
5.080235694550458,-1.226639426635489,0.3587432945880567,1.1382757733597313,0.7232495354375867,0.35439804305400324,-0.8338155752999381,0.5514569172875388,-2.4668831144095713,0.5959640424473469,-1.1365448680157815,-1.9749287756705547,2.511329868538231,-1.0616507696880961,0.45054368120628635,1.5625666827527278,0.8354975471508076,0.7338439843728948,2.2251212535453204,-0.2942274198269052,0.45812957035290774,0.7282972347576436,-0.677015265961348,0.33987668473132987,-0.6855742496376156,-0.20272451582494944,1
-0.041915543822678716,1.6723957263277962,1.5184511920146286,1.0263053070477444,-0.5835992383891482,1.2960375427968183,-1.023976408458763,0.11350110453810047,0.40108465501786533,1.7179570396679764,0.039380613485305103,1.1185112955225078,-1.1928747138624676,0.1341773448422006,-0.4487074355656248,0.8010234798728311,-0.8745089917328501,-0.43296287509597353,0.42159272557601435,0.8508990158945199,0.4581025365251608,-1.1347889737935277,0.6223351870183333,0.6291542398589707,-0.3791873860742153,0.4968641894443982,4
1.7579522727690433,3.4605315605891094,-0.5726749305987957,1.9587841725664583,0.5653857981809387,-0.15789262105904198,-1.1422793519824106,-0.1563157996266245,2.7983489973541715,0.5408046473213853,-0.5377448817345666,0.7683579418848308,0.2201939166910211,1.4099434494194234,-0.26496203255702655,-0.3503615099181333,-0.17610801488569403,0.13969416791290365,-0.7609883106465166,-0.6755318071179489,-0.6588389436658255,0.44358644064839564,-0.4710010698392,-0.38683069672804105,-0.04219761603257559,0.09665552649836463,3
-1.0441721303189855,-1.2054101817387504,-2.016504299563984,-1.3558983786437437,0.8032422810765822,-0.9625804141452015,1.6597757972859435,-0.18649968553477914,-0.42271290959987656,1.4873757247592645,-0.9840646517486517,-0.6460049316923798,0.27731855654368054,-0.7994406319264884,1.0639928497434927,-0.21157081410124182,-0.9451282496474537,0.40697687399184157,0.27180868632622696,-0.6156725551306383,-0.5155870623111233,-0.3287434436836375,0.2360645770134093,-0.6292390146942558,-0.5325295263983322,0.09453957856289295,3
-0.5255289947635184,3.0519446489745463,-1.6577139739849756,-0.028801285575564457,-0.8436663756309746,-0.8583337613555408,0.49749224086133287,-0.604463563652613,-0.3052065660836351,-0.7494337878570545,-0.8497745917033882,0.6905525047496544,-0.5085781544507271,-1.0681947405647032,0.4400372578195308,0.9775460748539709,-0.9415093694325811,-0.21856618179404283,0.7517909637352445,-0.5416205177537171,-0.19105291545712733,-0.398007169235868,0.2945259893469273,0.28661870072077716,-0.27156650971562446,0.6268822041713705,3
-0.14453786135788138,-0.6229163256103855,-0.0747767672525079,0.9203961655004866,-1.1558993197109846,0.8006630682957632,0.05929490159993731,-1.6579831200396518,0.1181924932901575,0.4041552856357619,-0.3813361875520352,-1.1538680625385684,0.36008201129866135,-1.5267856484432611,0.13829347330225755,-0.07860263795411265,-0.5372290798124181,0.4472040821081022,-0.08301567378178468,-0.4523483053943171,-0.12781531901824117,-1.1562600052915293,-0.19140175770368303,-0.187892562097688,0.16932613455549256,0.31595095607200196,3
0.2918800586578765,1.4848571212518726,0.38222984753760036,0.08381807724188045,0.8647316796784031,0.8745627941959343,-0.5783491843296615,0.656162295234299,-0.4882373300832531,0.766252618036573,0.592720080951791,-0.9903223338801004,0.6276232424561566,-0.3958956837058232,0.6456297764103928,-1.2859419336390607,0.8551978635439559,-0.15051771432289263,1.1752318214479471,0.2697878384119745,-0.35406414663101776,0.06774954549026076,-0.20367885841703845,0.7253541628356831,0.1642808486985199,-0.4053697278656945,4
1.2766221979979215,-1.4268443777000719,-0.8725937079055012,0.3983649762805111,1.9547925690177708,3.204048492738802,-1.2210127510516122,0.6362725097442741,-2.6241750120369907,-0.9370838979260292,-0.8686896944926555,0.4582610772400217,0.301999963511823,0.8908977252282212,-0.29345221605726896,0.21160151561461868,-0.3839992340018215,-1.1661815427831206,-1.068439360246081,-0.9171202781574578,-0.3438011419429343,-0.43663143766873713,0.14105657795796786,-0.34444134209396365,0.06691928815404014,-0.07567056685395793,2
1.8702157477885866,0.48205873703039054,-1.5765901396538213,0.8742161892622851,-0.3107848482167292,0.8753153490811412,0.9981965159550343,1.7445463380494586,-1.1706034530695268,0.72671761907965,0.8014805353415707,0.890946321300774,0.3929067399711899,-0.43254948425399214,-1.512217092048347,2.1449080141439274,0.23591233344769816,1.0387880565089584,-0.9464609717100859,0.5509147528189213,-0.48908916702328586,0.03922891788123415,-0.8426568891359056,-0.08830081206008442,0.535417791213501,-1.1514973879310375,3
-1.4958659234566838,0.024858723479302527,0.8644089303061022,-1.1669366894670812,0.6735701305909607,1.5091492827710944,-0.5333983478728189,-0.5494182135882475,1.60427596940819,3.44563274375984,-0.6611686884640497,0.9816251115337777,-0.7665540110413631,-0.7559387153232854,-0.14835436052493334,2.611199173676673,-0.20853262594257085,-0.23568771293656215,-0.34423842251571307,0.6265727931042236,0.19040890732086935,-0.590312789492144,0.709736943208102,-0.5889386282590805,0.003920809894466317,-0.04220750017938545,4
-2.2179653621783233,-1.1902004572889031,-1.7456631364031487,-0.9170548911148753,0.007173450285190217,0.6722330710676935,0.5903314742949893,0.13101848057811524,0.44447047163238407,-0.5620635804126177,1.1739034072088994,0.8564153099139238,0.02384563809612875,0.6378101017299243,1.4297374532691645,0.3787588747906636,0.7466825153363947,-0.0901279984834612,1.0118410863084242,0.22273791173978194,-0.15974406864589052,-0.38417964719340586,0.2948171410541826,-0.4614279092034785,-0.12803326257817624,0.3026357278458016,2
0.09930436351699642,0.8667913599099895,-0.4209537002003114,0.9813537562586054,-0.6185155269975325,0.37671065830073075,1.31015958347442,0.21291353089291618,-0.25545784319570947,0.04295522871158174,0.6915917582666673,-0.07349597207800883,1.411771570981427,-0.2737495871697739,0.48152389355376524,-0.027943237055417368,-0.1822662098058862,-0.13345336799950777,-0.653470908209879,-0.7646370473227393,-0.9071853680717428,1.2463145854420328,0.01268415606261113,-0.30332407222532093,0.7248332525544502,-0.26456401339168084,3
-0.8999109409395745,1.4598694810817152,-0.5588165877074251,-0.8576545484433952,0.5867543065848777,-1.2623567173457164,0.09343525953146174,1.452293005140043,0.8118024668914485,0.2857157680016869,0.9579133916986234,2.234924106566919,0.6467638255365301,-0.5926378707121136,0.62203678284217,0.2820853245906513,-0.3729645389982991,0.7075809341879036,-0.790573776110026,-0.818044407607628,0.6770928320297287,0.6499689029563044,-1.010297254761662,-0.3591002389868726,0.24671723026241998,0.019560359050910886,3
-0.16235274757329582,2.2613677162969426,1.6012174649228657,0.2747065361923714,0.19398746471477687,0.7529922517173516,0.7643531929501064,0.17698776124089333,-0.6225219005790688,1.8122572111044337,-1.252755037642991,1.757952516524786,0.32144033691710894,-0.2441808950712127,-0.1509769833172033,1.1142876952707315,1.111470936127102,-0.0023781954063930247,-1.2676245264587327,-0.2427090965472631,1.4110937979330695,-0.0017891022286666714,0.5591559161190277,0.696704352464444,0.4741725051169594,-0.4680315496974004,1
-1.7412094512228005,0.7491114737461219,0.8085499359268116,1.9449436085439893,-0.14456681132133467,1.157319496429827,-1.2766465264127131,0.9642039616878403,-0.7663031655598583,0.0395533251223976,0.2292396934122007,-1.1929920829984964,-0.17869225466045993,-0.2733583452175429,-0.3127152961719715,0.6530130407139461,-0.4467529943150854,0.5064275822298852,0.8038562703004453,-0.21421099197014293,0.6704266410712802,0.7314690113534525,-0.5721628473336786,-0.6172744341435674,-0.11039225258447696,0.1698207233116573,3
1.546164088672828,-0.7346355477773404,-1.6419115670526687,0.9259349756999119,0.014891536858729374,-1.1298332593016043,-0.06576141189076502,-0.044126562381906695,0.23321947519927194,-0.2481461181860133,-1.8003244369833615,0.9885014046085331,0.06110701773278805,-0.02833508675976814,-0.4515426885734647,-0.9733264952270274,1.1925825341584664,1.4794933338995233,0.2120473152190122,0.662300081847424,0.5942152862123399,-0.6675563530614362,-0.22267090724707653,-0.4827649345101828,-0.6914660532636859,-0.1815787039805864,4
-2.470315992800608,-0.2747713936733389,-0.9080596331706116,1.1853322138003832,0.2880201504734265,1.1376966141408111,-0.5478174725230853,0.6360486402554528,0.2249452816685464,0.6899732283121994,1.4549151380035963,-1.9985647590189468,0.5573811440897486,-0.2210203755688816,-0.14955527562867021,1.2633742425354444,0.4259812450612244,0.24383994389766772,-0.9051197109800221,-0.12010683963841357,1.0911848169373477,0.16720814817472748,-0.14713782148898374,-0.5807203884150386,0.06160649692225637,-0.04899210094658795,3
1.4954142364134286,-0.48402644745702356,-0.005963132133446733,-0.9755062734100501,-0.2620681950563946,-1.3700470713866084,-0.2344825812053995,-1.9309928624813388,0.22409162711495803,-0.23628144741599422,-0.16765783356789832,2.1301463650933714,-1.2061855333262579,-1.5462944102072862,0.4859856697500886,-0.3210184669930743,0.7547864143021915,0.1033608646634469,1.6590581596947094,0.3825271798417713,-0.488186100547282,0.08527332297014123,-0.3123483324176905,0.4352188041493794,-0.4862031173288914,0.08286221055549257,4
4.8975962703225555,1.7079579714020237,0.3430981106464535,1.6308475637915645,2.3091294003606024,-1.7650766217530696,-1.1064246186911806,0.2527805988996411,-1.560727545580426,-0.027700479623905448,0.17202388726788717,-0.2524917678966996,1.0119345369810344,-0.32567671156828754,-0.327684510893848,-0.9846781251777171,0.11589737381527042,0.5073082911090863,0.5119017059690762,-0.5381917532417254,-0.2861455231378649,-0.23212747412647022,0.7649515140153298,0.40671790930206175,-0.3057956484925831,0.5487233689046627,2
1.1391949781489632,0.15369687088666686,-1.7587801771478353,0.5202627360711364,-0.7013046448405484,-0.4276916570388376,0.6095924421791402,-0.2801228839710304,-0.9681122625506425,0.22950606476371482,-0.4681671186580004,-0.4165722771961402,-0.537907409828872,0.8244010604626784,0.6805733277976633,1.3933848653208805,1.2365314836941768,-1.6062545621101036,0.22936481206152565,-0.5325834140608372,0.7691682451371792,-1.210472750276508,-0.61386972481463,-0.358600460708425,0.18289191733833504,0.5125399469086364,4
1.6640365038484906,-0.1271403693387715,-0.533792505816566,0.8895145508259726,-1.3027696533632747,-1.161878525818909,-0.13252730942314042,-0.20941678759136048,-0.034095203710609714,0.27126857167096036,1.0699932388474693,-0.21545711332148684,-1.1961977203651006,-1.2283935797393706,-0.5344289439247991,1.8711498643998818,2.144877218876148,-0.45689498742504314,0.05998771696089355,0.26895337189964863,-0.6467092823440167,0.2325973787399755,-0.8602378160653272,-0.46355298303147774,0.05419804034924627,0.053967885770315416,3
3.9932615160615175,0.18624450124016245,-1.2999015271511851,0.24335393928387325,0.0031832707593108835,-1.1637514099100315,-0.47093314280635457,0.4009088002039662,-0.3075469448217656,-0.31955898157914087,0.5569318048623435,0.020189820199875363,-1.1767722916108376,-0.25271054900224155,0.2953977697690425,1.2658629835721966,0.23965640700830296,-0.601072254037556,-1.4572302344576133,-0.4246379526883126,0.06932544353076947,-1.3221156207520952,-0.4404138201838327,0.6814489357162492,-0.1950981291710887,0.20775159422605208,3
-0.8529204759252478,-1.2564333527238702,-0.5054704892837559,-0.703736983346003,-0.535968276173315,0.8940102528863385,0.4674946292256555,0.19886428505347664,0.8826676002193945,0.010982246199874536,0.44852618894247315,1.4721589655865317,-0.7091178094111847,0.17844366499270498,1.0574897294110719,1.2356493211783033,-1.0635130289430403,-0.8800336622585231,0.7438452410127799,-0.7178656629191389,0.9223828020487946,-0.04095307170458731,-1.061175197968703,0.48670644806530633,-0.34805458173692305,0.27775049622614284,3
-0.4594312760577761,-0.25709491730685585,-1.38311781345563,0.8134015292338231,-0.6402902570936947,0.38033086489986123,-0.9871489290264922,0.3396563606141823,-0.5483094094136296,1.1015163346603432,2.06622021901113,0.4221821610385174,0.38321576736213153,0.6641710402176011,-0.37743793726820507,1.0383644839572628,0.9759860061833813,-0.961645398604063,0.19549908294799076,-0.5828687163572425,-0.15870925886576695,-0.4121739886658588,0.41941587976673694,-0.16400134304005784,0.46577631420467575,-0.4796056633128589,4
1.708192548239936,-1.3386958967162588,0.47172061187429226,0.569733977484356,1.2468937120037964,0.07154398966991297,0.31458417977874664,0.2802525884254676,-1.2966832439308458,-0.34596447622534265,-2.549737691273789,-0.6944438737816586,-0.14768014914774133,1.400328162500874,1.9596046646059497,-0.25203914438964514,-0.05449275914305539,0.06231528991662866,-0.20778059540888583,0.45941971936852755,-0.5827213810636632,0.5284275398010625,-0.21356337065877007,-0.153485404116779,-0.16751910356674904,-1.287008853202055,1
0.6462885970605403,-1.1111688048877575,-0.19051621414636985,-0.7083357558822773,0.04368620504281818,0.8922025698403223,-0.16562649827516795,-1.1474484869984187,-1.6257804735818635,-0.3748658413136416,0.9463599014216274,0.5728508624930194,-0.5183468921970185,-0.27041855658536545,0.9214346122287791,-0.5937825146820171,0.4542498467969584,-0.5270158507475619,1.5142283883435328,0.1917103807585239,-0.4855686686085504,-0.008251248408437165,-0.44358975428996034,-0.48928996749069625,-0.37109756664350857,-0.349782938958221,2
-1.3623916030434227,-1.018469508371873,0.12731442200944082,-0.228603868823016,-0.2911326832141332,-1.5956219715792948,1.0779040597249285,0.5379906315457808,0.9704553777052449,0.02412127721272972,-0.48977533022408276,1.5714114552169465,-0.3659507574327983,-1.1601904511328274,0.5291972082214277,-0.7750204067682732,0.09454037504315331,0.09848608577815107,-0.20213775526942082,-0.7419536863762919,0.7670627875049031,1.3754457611549595,0.8708601908744565,0.5406523435288928,0.8913216381596799,0.2344413494245217,3
-1.2265449469282774,0.3165684336110002,-0.20007196070210229,-1.6066018449491415,-0.8833470789221095,0.43465493410362327,1.8268354335151449,-0.4582464295028854,-1.3668666464372063,0.8747750497742908,-0.28234177438502556,2.143538444936615,-0.3029607348167826,-0.48097681581327617,1.1183645453916005,0.6561509036021227,-0.21762327397085246,0.19634102047234267,-0.8638902997679585,0.059128416676303655,-0.15983328185535933,-0.4808755543939815,0.29875307794783745,-0.3938531612299897,-0.2174258713098481,0.10300568322901593,4
1.0016574689254396,2.163513751722956,0.7072685312964518,0.9317651441306193,0.3956582887979063,-0.8532448607390725,-1.1706774699797953,0.6274580477040413,-0.7952148256465253,-0.9754306839865687,1.571261094381647,1.3063124104311394,-0.9612408792958551,-0.6443205919769921,-0.3559001630675132,-1.6986229061427585,0.27667962095293436,0.35722302528048516,-2.248625004020856,0.9059496667926916,0.059976700404216036,-0.5179874323531471,-0.16190527986317618,0.5000063750334788,-0.6671531607326591,-0.3201129131070329,3
0.056991967642546174,2.090629802405418,-0.8648549552685856,-0.5750858142453488,1.9593687387118697,0.7949085139534826,0.6721873651586276,-0.18391095689202855,0.034667733643593705,-0.09173642273905339,-0.9606829554035111,-0.06324949378121206,-1.2886289092805894,-0.5821663939710947,-0.3368355858820423,0.17264724555900995,1.9233160938985667,-0.36383288517525236,-1.5463182521877459,-0.7535297001095665,-0.4827203907823312,0.12774700872485711,0.2524985046373013,-0.5880965615333742,0.11033886755819784,0.3340849620452388,4
-3.3768193628274923,-0.4761930425063383,-1.0308215444939757,1.6451254790736085,-0.4877863954207596,-0.024631756908128362,-1.0246992384712366,0.2864614261351436,-0.361779933512471,0.28689294161725293,0.22991179273771334,0.115527917414488,1.1872347407938844,-0.12539498451447673,-0.7352441820043846,-0.968360890144529,1.2134912342893849,0.4560363799314923,-0.20334365150723913,0.01285686433434768,1.137484395450608,0.19578598686715792,0.12720883709309103,-0.0970456875044321,0.8777803475933625,-0.31738543047308937,2
0.054607605112245126,1.9544575741023773,-0.3261081500226705,-0.7720815295959457,1.1396446247671994,0.4921155575925458,0.8223141015545848,0.7942292473481736,-0.047013291909497774,2.368731604638286,-0.8479323004800019,-0.19401695752591094,2.2628032844221067,-0.6383924992564218,0.43979147128043006,-0.7251527941374282,0.44650588729297336,-0.14322902563021148,0.33283508462090594,0.051546248814276746,0.5322072117109733,-0.33778735854270403,-0.04006672036070409,-0.54863738241334,-0.21616310015604032,0.3878680208227169,1
0.4374778669991156,-0.5512544623272949,-0.43703309993489275,-0.10684109829780386,1.023019638733234,-1.0834735852439774,-2.3937265893416386,-1.643578229717303,0.8708855112575824,0.5949556439560723,0.4334130018702009,0.2918847579812124,0.4332501561743041,-0.5945192926194405,0.7003671127471446,0.12494361324908326,-0.650852392949234,-0.9121504393925708,-0.07979941823082028,0.14679747931276774,0.5017862310486102,0.33130209297347896,0.40696594723510254,0.6346098636864274,-0.14686603166954,-0.8775949799268775,3
-2.0703014510479516,0.5313061953212094,1.2790863705566369,-0.6748370355160423,0.07539953283038067,0.6970260850863689,-1.2694852093952258,1.2175476681529798,0.46966940653380823,1.0431552785694596,-1.5310103693770252,2.3277212734630424,1.7913827962856275,0.18053840129995866,1.3217142912468307,1.8258975958204648,1.323019857939433,0.2532412637544975,-0.33762899668190016,0.4917983499554738,0.030500377260974328,-0.4585951214600767,0.4820073405059151,-0.47732890445015974,-0.009073580102019873,0.3192398790131782,3
-0.9928608099520531,-0.3046149847457142,-1.1003784046328853,0.8174034793046542,-0.1702437385531702,-1.3656176519908871,-2.2188613770565877,0.3357705125411152,-0.56604343064432,0.700395201254125,0.3262767163331595,0.22712448514458428,-0.6544049746164329,0.7918182121903035,0.13924704152038656,-0.7451321307974499,0.8339657682460654,-0.5459576394698495,0.3866579176770221,0.7963803094032372,-0.22712114504557723,0.1960775194781881,0.6022888699687893,0.3902017029969129,-0.69998723777526,0.08553042649012298,3
0.7962984502254842,-1.2457775946502518,-0.8272979963647371,0.5789674035243162,-1.4449410644789988,-1.9847761498781975,1.2669277927461822,0.6673760392932684,-1.7037126529734414,-0.9305998637166116,-0.3428896740438444,0.4276264228647822,0.184787684908547,0.02695187277334918,1.3313150841683938,-0.5208626420606219,1.0894259798415082,0.001461467049431506,0.2064817612102012,-0.5707761470830371,-0.3497403271271653,-0.419531951596383,0.25683673562812936,-0.49252778653098395,-0.25971716053745997,0.13193118033839718,4
-3.088171184481413,-0.3408183685067435,-1.050920813039165,-0.9782778337959153,2.282608178180042,-1.1534189298018318,1.4274126631510418,1.0712977375096189,1.747009581245449,0.2518917643779217,-1.3926058349656278,-1.1406639819604916,0.16437426026836294,-1.0073195884143937,1.2048341007032528,-0.5771610133620217,-0.04716279079313109,0.25291578293702094,-0.5437442358517388,0.25997160234709715,-0.22819267563059958,-0.1592303546278094,0.272862217061705,-0.3837452669513506,0.5569995546109139,-0.6033601156646203,4
0.2004313504439375,0.9707257208635066,-1.8879373246410804,0.27254681971205996,0.04847713956937464,0.12193030171713325,-0.6994832223706959,0.3097928172849476,-1.7689940336309173,-0.41732138841152794,0.6774404615330816,0.5921875558967149,-0.6091105624451805,-0.6310499972977419,-0.8525256486612054,0.05899468719455473,-0.3344482915269661,-0.13001799672069814,-0.64152458088976,0.06110512536873931,-0.4147477521701128,0.2629196966910782,0.5795692579105404,0.4187204934104232,-0.5011984826774464,0.07781306452952123,4
0.8793248101155405,2.261519879647555,-0.35708007015280285,1.7985460930084152,-0.005399737679948177,-0.09378676654975382,-0.5545344553974115,2.64217694014025,1.0790764553147487,0.8805368346718777,-0.2359894999764658,-0.1455491409583196,0.5943739539774248,1.1901604853377217,-0.008066780842728353,1.2397140623881409,-0.6469129853286305,0.02336912233425346,0.31080637427286173,0.46116540666185973,0.7944406042787366,0.9186550036091921,-0.7016944197834413,0.49300622472458266,-0.29525164466170484,0.5639960300723328,3
5.416190703800191,-0.01365159788918654,1.4470196085614933,1.3447185044443362,-0.20287051001827458,-0.40423913039718135,-1.1289159235271229,-1.4031516071777779,0.06458493262319685,0.1739594262355142,1.2996176917636553,-0.36090088302974216,0.29717380061062154,-1.4229675159098019,-0.2073443028645318,0.3467729374437358,1.644190629724293,1.147494402514733,-0.8215257174005648,-0.7706046947706874,-0.8802062514124566,1.1647895177385994,0.3553826107707219,0.3022560447802005,-0.2364467631087049,0.17014725370936012,1
1.405482637908724,-0.8250941459410085,-0.7248861021321343,-0.6338173882175115,-0.9691181232066177,-0.9215613202219843,-1.8157642577569506,1.9074369502819013,-1.084752577996732,-0.6368708108933597,-1.6475829673449647,0.8670566562414106,-1.3217121233187148,-1.0444001490132646,0.3678975316133087,-0.6972753616893638,1.0792341907759189,0.8057161463270965,0.07501678625998397,0.538328103369047,0.4766693027640567,-0.2181240830138869,-0.16792633331293175,-0.5493311539517673,-0.5763351985243343,-0.4405836984615197,2
2.0465082782840858,-0.6437259929314966,0.7249673006631353,0.1025585491407114,-1.1129277805650146,1.3409791944945597,1.1988273878794542,0.18775153369449277,-0.006753560024308153,-0.46367034474569835,0.6403638235520882,-0.2181638667954633,-1.1837226550806956,-0.9602205212491282,0.7532580520162161,1.0744736936888253,-0.758501586230787,-0.16072666863701243,1.1461375624336578,0.17192479466854457,-0.008730387239647149,-0.5292036687100277,0.7376591325693133,-0.1894644456446409,0.24075056194815828,-0.9666557655408894,1
-1.0358934085152558,1.742332782701858,-0.5424942195407937,1.6461929580294226,-1.3923543988260527,-0.11263034778465661,1.7687957207440455,-0.21791870731748192,-1.216724438197341,-1.1883898624725358,0.11795258539542593,0.5319891559119113,0.6647091237098808,-1.1250017807501465,-0.7553597149386119,0.3082392677829151,1.90039971911298,0.021933865005125563,-0.3798414192785716,0.050694322186396155,0.1490680156263885,0.44342277287602283,-1.0614183171161664,-0.49356716691962477,0.3793412655558591,0.08992272169332989,3
-2.298301594502308,-1.1968224307992856,0.6661693868276976,-0.19724760546513428,-0.7487902277269372,0.5735846682279165,0.9612469729302896,-0.28539174436284437,-0.8766996712777819,1.2766688175490746,-1.6883172106484583,1.3006337833207438,1.006792917996141,0.6810518405077751,1.3516290107967144,-0.5380924630397695,0.6385126630965597,0.6973498201852946,0.12017564343209268,0.3935506553654886,0.8444373678874407,0.595814798455736,-0.3576309600439868,-0.38579941782753424,-0.1122094034787546,0.49383665704324703,4
-0.6892829901689944,1.946646424377865,0.3023177946787046,0.46362772909844757,0.755800870868972,1.5928254438681684,-0.10250797684627218,1.0761424672297322,-0.8193781864338325,-1.1280293113790831,0.1391686649210163,-0.06289110240759715,0.30235600739567603,-0.7367203806466314,0.07503261076340458,-0.5301562517831712,-0.4960440028201707,0.4563126810051667,-0.27056478875478696,0.7606588961285229,-0.3253401350963431,0.11049187452794122,-0.37572793948482436,0.48828417595795603,-0.018079573528332307,0.6031424765676272,3
0.07109369539679601,0.7266258602271739,0.30273256344122484,0.3798859284527318,-0.6385282824520696,-0.968755720052108,-0.06943677106936824,-0.9191358404491125,1.306542236102743,0.06651838008774397,0.0030886901815249126,0.6292328730137342,-1.533913429237789,-0.8006171761586415,0.27761575298631075,0.4308328082693682,0.31692725713175074,0.5649130389802725,-0.5985781908597364,-0.6304765884722885,-0.6982578130556837,0.4970691077356433,-0.2642653286079826,0.5406912792466418,-0.5542655419781719,0.010685679415591415,2
5.7107086865505075,0.15376933906372614,0.0746501290816728,0.1534951671800881,0.5299682505894848,1.4553608272823677,-0.8511810253275794,-0.15692873153002998,-0.3602072243436349,0.19252236052369803,-1.2515578789484982,-0.7632954603350837,2.2909300390932104,0.20325121456021653,1.5393962343848384,-1.3253602834935867,-1.160365259912495,-1.4685398516863308,-1.039545120975907,-0.5294087839092309,-0.0018512057415560055,-0.4219581199184557,0.4381282364241093,-0.21906695887257108,1.6923003871233868,0.47513214795542386,3
-1.4627624305218683,-1.2362580454927936,1.9150983319294863,0.22399834846247907,-1.0824490333725054,-0.5982662065153866,0.7166169934880567,1.8074863291133445,-0.4656990413197956,-0.29101616684847803,0.4147227488130058,1.649208495593621,-0.2403430796491847,-0.7446831389314229,1.068773998413338,0.3482976185703492,-0.38912719492467535,0.11493867815310183,-0.7808467222479648,0.7784950579731471,-0.30366372928097685,0.23272533155879246,0.11735281426871814,-0.060717566474890114,0.8096625939516567,-0.3218234034907881,4
-0.9997409609363979,-1.0089349772098317,1.2314711785731862,-0.07387222348400052,1.0426478749217887,0.6287603910035935,-1.6512589050431978,2.064243030130319,-2.638373519956335,1.3389486661535583,-1.2171264462452998,1.2057765396136293,0.9393439879101824,0.6473343945712504,0.4431455809491924,0.023055780901401167,1.247676974872292,-0.22599016598047728,-0.03805340655195903,-0.039043730849601437,-0.44442233908410317,-0.36691759712282457,-0.30378205425573573,-0.3091850229126782,0.06981022127416568,0.09648286022399999,2
-3.108273331235255,-0.4392677220142314,0.4154164583333566,0.4858172071288374,1.279848348265526,0.6507071556794373,0.7214056356188626,0.5258483334198881,-1.4076885542236781,1.4946948583899942,0.413387203322267,-1.7077537964546299,0.1409115087501266,0.6375078293590329,0.7770141097687915,-0.7898228992659928,-0.12404918886086774,0.3517172977886519,-0.48560777820302237,0.12034353962516121,-0.588175046287629,0.0175976495131961,-0.6262266723192238,-0.4796766717973943,-0.07382734421260813,0.3185106558600909,2
6.108046485357089,0.11673933187332922,0.43195816229694084,1.394549940143875,-0.7924747737048232,0.14336926659130553,-1.4870311357726593,1.276102306998806,0.8340426235192892,0.9995996940180926,1.4955170792334227,0.13857992829164592,0.34436677884613026,0.04401316964873765,-0.40696807562292003,-0.7960431469692839,-0.5602783230122153,1.6406990819836205,0.40194426898821434,0.7920578281002096,1.2387527735892294,-0.10288981040081634,-0.6897748881621654,-0.39004765083242304,1.0699571303118578,1.5306963171317114,2
-1.4518943334292846,-1.5565393054451773,-1.6566725621778091,0.10346230749492172,-0.21105922380800535,-0.17817392179048627,1.5215401825899788,1.1929002199391179,0.17506544625397152,0.6067763653949165,0.5602534627186012,1.9784647714551389,-0.356571599467306,0.004134056619922122,-0.964351795736787,0.6438971874093152,0.27793128041164283,-0.9247992929200924,0.32843643025987274,0.9074434706522281,-0.49854623483165283,0.031036670375531546,-0.8968052418509577,-0.33298175657444323,0.11349448398786575,0.49057334343271786,3
-1.8630114601895025,-0.8824250616869528,0.07611012838075983,1.3173249608178281,0.06357423560279454,0.5342506111754454,-1.1989956545589666,0.7317858216941454,-0.5579230649301247,-0.00026829583961749786,-0.8439185069101148,0.7160722340503515,0.01565392917548426,-0.7705455739823457,-1.122672072432939,-0.3344886412763155,-0.43727174392879375,0.32027524030180254,-0.5217969076560542,-0.8392467947770894,0.7256578428720178,0.6625763024407127,-0.48202305535054407,0.7443050662923636,1.008403596795369,-0.020786135119173987,3
-2.7435276790029794,-0.004086073749202675,0.020204391174348864,-0.8391227773452202,0.513965009157526,-0.8457373204307016,-0.6610368880751143,-0.1766909810365729,-1.5803810469202988,1.6548071039968044,0.43432081474207496,0.38784890935680455,0.012991874717897985,-1.0587458187816126,0.1624749570685854,-1.109347811846392,0.32145685436456317,0.3287194800696227,0.43399023261389946,-0.7245122266418809,0.7181847578611573,0.4083599707532195,-0.7680835093295592,-0.3003015943134325,0.2894224856961424,0.22764089863698148,1
-1.2585676668195989,-0.8305969833502294,-0.8852026230007861,-0.2854120232943687,-0.6616932352566581,-0.0629443575160632,-0.33320124658958183,1.2174880550944576,-0.21612027471584896,1.0398611379543734,0.2713617064101224,-0.4998178161883887,-2.1483857082223587,-0.5878148779336078,-0.148978193816546,-0.32677477524216403,-0.7979116974019307,-0.39259548319437604,0.18975065641856886,-0.5667969240244706,-0.7386170236828716,0.3907155906582261,-0.08612255270911501,-0.03627509330131474,0.7019094529812299,-0.4710754573560152,4
-1.3124376672537215,0.540788470440093,-0.060659695004435785,1.8278067458970095,1.2288644863737523,-0.7321204208000874,0.4176738667299094,-0.23778146042806575,1.5501760279456847,-0.5409100307002763,-1.2185925196406022,0.5809100653032903,1.0217935993229281,-0.17253018398614584,-0.5852571984459763,-1.1926980080605696,1.2614452093534512,0.2336371975443678,0.08068220191423371,0.8833466093280505,-0.11991410980491361,-0.18531068452227525,-0.022660587635151278,-0.48625311539769894,0.10543386389685062,0.1725126701794538,1
-1.3633046126400978,0.4593122728498287,-1.3235428084075909,0.17311731532827163,0.7270410792702204,-1.06893090910425,-0.23781205370152392,1.5620487487046362,-0.44510674884883644,1.5465557339047358,-1.2253383469697285,0.3115454574440985,0.7396564337022352,-0.008213588943953007,-0.1318816917066831,1.1991392908102374,-0.6051146731477554,-0.3618381205537974,-0.29729574610320236,0.022388206341825753,-0.363912896475809,-0.28635042489223467,0.19130198152235703,-0.6110061087111653,-0.2990450662487997,0.09844459678925335,4
0.7499796495001356,-0.7197090342314953,1.4482764719735712,0.9846021883578499,0.3452532507252618,-0.26267609647065104,-2.3583639642836927,-0.5696415057315561,-2.972239391313006,0.15509640992790583,-0.4927291324801234,1.154847502455264,-1.0284789959022023,0.2335272447377224,-0.2129124442237028,0.1640333242126005,1.5235431202888627,0.26342159872252896,-0.33545545398208126,0.6356276574252708,-0.05708977895737361,-0.43713742764728514,0.5071416997460335,-0.4522927392368066,-0.13965556993695305,-0.0005815241705200406,4
-1.8311651716035957,-1.0084398117424753,0.9998972560039833,0.4420839571596753,-0.6326416957242798,0.12680082613563107,-2.1890895089533333,0.21295256735834664,1.2281743666653009,0.775599618593292,-1.931159474335238,-0.020962442394700676,-0.24398366224947202,-0.9714832403878795,0.43002599702089783,-0.9034400999680706,-0.6029198293918531,-0.09859483305647154,-0.7031345861581656,0.772347668286695,-0.10966185345932125,-0.10658109490781256,0.7172190857217756,0.5862516777949864,-0.14700851205485319,0.4008486499295617,3
-0.4997439777882312,1.6709726902398045,-0.11094074859974447,0.6023375106798707,-1.4462879867018612,0.45038211479895496,-0.27069008634113645,-0.5447986920897238,1.032615830282588,0.6285321315467866,-0.2151867451543282,-0.3812360013376438,-0.10399838353662604,1.189851960717713,1.413955410914889,-0.8299199674225997,1.462568718293743,0.22849455213297962,0.5482207267073594,0.2717872136614527,-0.3140477527377414,0.07407127781985563,-0.28968007643762667,-0.12349962703411344,0.948973010827705,0.08383432432475003,3
-3.084143169487486,-0.2191311766913272,-1.6271026326526958,0.695839854424758,-0.9361406369283045,-0.06728405320760765,0.7408029618962243,-0.8896299365562295,-1.0047475329592126,1.7039343555007265,2.100946905877581,-1.0016904189071316,0.46519505198430694,-0.44143508114188207,-0.4551817919580034,-1.1703796272199398,-0.5190227710327566,0.4359148080304554,-0.8426777973177632,-0.4305535023147116,-0.3503065672293242,-0.3770129667228838,0.32291224191853807,0.6837625636609144,-0.26533648031684365,0.5955784540267958,2
-0.26254809613700597,0.08694892310362537,1.2881603961114512,-0.0232499346159491,-1.2564427394138808,0.4675215083367352,-1.37881101979241,-0.743090670688377,0.12205160387137937,0.12691375969793536,-0.010557796044060196,0.0891978056659444,-0.49790808195567365,-0.30622926996868655,1.5818806067504299,-0.7952431724229189,-0.6788558207116797,0.41563988312320505,0.421101084131364,-0.5366530267893158,-0.31094899769653994,-0.1733698662923607,-0.04545770527800064,0.591343253471172,0.0813896324176732,0.6519922066998993,4
0.9571979005251737,3.125560487409386,-0.4324467962805766,0.22437574229217808,0.3570798960477591,0.35277672809124355,-1.2776986455009216,-0.5150416831077004,1.4413072153786644,1.3059829566064312,-1.1967871047829972,0.30978178562013736,0.6360717530515354,0.6171884922620096,0.5148797323674067,-1.3375468130385102,-0.35891468905976776,0.5115477352361633,-0.9489336434697818,0.08042252225355744,-0.15841912068311484,-0.1322822526992573,0.3711938156036921,-0.206637347287676,0.32228998338044035,-0.7160255190186421,4
-2.428253761928903,0.5637412805395025,-2.0692069590744784,0.8857470818862906,0.4796960774892098,0.313432970590616,0.1735649935966737,0.012641261190775866,0.342308223457597,-0.22841723110763637,-0.7368733653497653,-0.08384899928793034,-1.547576076307162,1.6144956755941853,0.047785152771459706,0.5115606047771825,-0.4418695477262067,-0.10647935427308318,0.5410346241895719,-0.6393564811927386,-0.35641492967917526,-0.3005927954665392,0.5096395373994929,0.6132001506136717,-0.30348764145996493,0.4707386784106339,1
0.9024570554970295,-0.160670840333109,0.5687961949642224,0.17527900350120007,-0.9818110269269722,-0.24258917159197937,0.7709639430500679,-1.0008710765600446,-0.4832900452368515,-1.0429857152864825,-0.0182873430063728,-0.10621049572790033,0.037847988245141406,-1.8651464124007475,0.888424018831164,-0.23360052194245426,-0.5141575423149127,0.22358462018086814,-0.12163354597482223,0.5960907360319426,1.18071292863511,0.37557010503734767,-0.05267994672066435,-0.48592612031263355,-0.04212630125231807,-0.9314399108821808,3
1.600490525643863,3.4941482823951655,-0.41673907468432225,-0.3365710637156318,0.02105780720942894,1.4555933957897838,0.8472421121940581,-1.147358039875514,3.2056930239920933,-0.7567657177076057,-0.9003367228463259,0.1156019386407911,0.09904837927035219,-0.9498118339296195,0.6850198421505885,-0.5097684424357325,0.05624098292855076,-0.030935231266381424,-0.7970609113454747,-0.6005352728285651,-0.44899150924399284,0.17346551263919274,-0.4544223072114463,0.4582832612648916,-0.37957704097189426,0.1321877660404109,1
-0.6862139714847666,1.6624814901314038,-1.6477444017356049,-0.5413520120204938,-0.207626337030881,-0.6462132803079075,-0.30916635895859945,-0.5019731224045278,0.09953211270880043,0.4874567081576605,1.373755624766088,1.4241915146857111,0.24915131111874525,-2.6311320733116843,-1.5449267168292211,0.03458504015321348,-0.6819344227966703,-0.30654386976841896,0.5243833956407232,-0.41380624938979355,-0.2695457790410551,-0.3932289669352889,0.2922798893912256,0.4142162575968049,-0.5891797505611827,0.14269050086248294,3
-1.069821180160355,-1.0361446983497722,0.32344253053327005,0.2534748489771563,0.019393356295561187,0.13264166196724106,-0.17520094567282612,-1.0180913454848044,-1.359492527080255,1.357249267728846,-1.9417167922717125,1.052202363751999,-0.4009949987224595,1.2517630022277877,0.7358971911715912,-0.5371741777283456,0.4497976838081061,-0.8474425139227674,0.5318181955632598,0.2770514541379861,0.07848867270625592,-0.9058301435821111,0.3489926588484482,0.9144833045604005,0.5532491650828738,0.06785751502165784,3
-2.1781125377259984,-1.019707721930546,-0.16004806904421906,0.5217983102331957,-0.9926529120269175,1.8083902795182745,-0.08083851720372566,1.1367137881036744,0.7991407525501609,-0.13035570326816043,1.718981805489225,0.24500187077441724,0.44529562992344995,-0.3079548704431918,-0.03444754122675546,-0.12563736919993934,0.7641991578053197,-0.25789914142111087,0.7301588831243383,0.22887295845557903,-0.05938860957451995,-0.25570710830534815,0.3901156549815155,-0.4214522721500795,0.40008868366022027,0.24628316709838616,1
-2.444455323148266,-1.0595829569012056,-1.529846617945866,0.5038503258361163,-0.18353341111326457,0.6054735786623375,1.9290244634499438,1.7717307152779287,-0.05549838261801455,-0.043650333118694484,0.4116530884774459,1.1697224302073936,1.558809742677656,-0.289188733495521,-0.6573833799807729,0.5236519828878841,0.6828584051607013,0.030693668995315976,0.05368358489343674,0.1403216676422155,-0.27926079142632215,-0.4484106929188666,0.22385872839840512,-0.44016443058166704,-0.05727393343049969,0.42872807171791616,3
2.2372769514418795,3.383214918137723,-0.550879798238344,-0.6508088204271805,-0.6162456072113442,2.0783270228943027,-0.04641957543631767,-1.723116901935543,0.13910139710559336,0.21030202405683213,1.1554191958449689,1.9976684443541324,1.9175249856455432,0.07109326147576592,0.6796527148751711,-0.9590867074521526,-0.6880405552969427,0.6314262443009323,-0.8939992886867595,0.07507748871328873,-0.30447790865229646,0.16948685724635743,-0.28750905525061043,-0.1539921630094219,0.5931005554972372,-0.6074791618548492,4
-2.5229371866046506,-1.43147998647172,-0.8281803857517297,1.0672998480838642,1.3657191174534424,0.11695524251112524,-1.23846646353874,1.181503668306527,-0.8290905308843581,0.4975995492683059,0.3794048057043524,0.28237354680678906,-0.9115919568071535,1.2469021875124249,-0.6609808869589633,0.15412611890756617,-0.3562039565998905,0.6281956561038832,-0.29707848157755234,0.6665136142623792,-0.7074537662050634,0.32361754878429866,-0.6003423586017281,-0.20907474180280708,0.014968044088428629,0.10970826192219574,3
-1.063011883965091,0.33235770627892885,-1.5592493330875008,0.5759146083568203,-0.8797552456756352,0.16897914059221433,0.3081213253830858,0.12529470627145153,-0.5502741267321225,-0.5525821104031019,-0.7381471786190695,1.1092958868100087,1.044550182785064,-0.7697422236451837,-0.6734139755682134,-1.8471104850462563,0.7624953871407597,0.13865238942760613,0.4831631277034874,0.28953840351458376,-0.30447166821533417,-0.5482062773698947,-0.29305007811626527,-0.43969604727642086,-0.03293119395901862,0.2720047311927668,3
-0.6124640665641087,-0.0821839933040892,0.6344447402010557,1.2265825563624912,-0.6591362479544028,-1.6322332200471423,-0.23545591610290031,1.2745775707877438,0.5621415008439525,0.45649565010362647,0.022412679042417304,0.2711631163674136,-1.0461078071554866,-0.6674088514801646,-0.25519501882791273,-1.4003962692259482,-0.4669061428087803,-0.3779800828214069,-0.755475403067897,-0.42839075172171603,-0.5801993735062914,0.17972774879234285,-0.25313392095148407,0.9659791515773671,0.29472320904926247,-0.5177541634454277,4
-2.860554152409436,-0.05004311527386037,-0.3727324605879471,-0.39851818763761365,0.8544524938554031,-0.35679258267255953,0.3253800661443205,-0.19384859142235786,-1.1937528401680484,-0.12120600025899142,0.5547323551484665,0.3480185477456901,-2.0766421489349463,0.1317936038416537,0.4555187153325795,-0.8923524253219556,-0.38304123777113486,0.45875710451580004,-0.23948369733931194,0.6388021168436611,1.0423027855360352,0.4533048084043249,0.08561615535497608,0.5186576762941809,-0.4340297671721877,0.3849346383111176,3
2.721078416336881,-0.3857245128088411,-2.1217711853134666,0.554004208615626,0.5522425555053658,0.5795839559733711,0.15968790993326348,-1.8547831663624617,-2.2348625345094115,0.7342956721347697,0.10772426366841091,-0.31084073248954747,-1.1517237845177162,1.6956125557710724,-0.18084510758252076,2.3333806196068103,1.0770989787866942,-0.18478927718548258,1.590748381487594,0.7294794155671521,0.006331730172948234,-0.8197880540895528,0.1291831913329693,0.45576570544573036,-0.6372358055290587,0.12149742854821927,1
0.7900990846212949,-1.9713901471564623,0.5705813124081072,2.274472877483619,-1.2330340657430359,-0.1448866452425326,-0.8547219547501318,-1.4011966528790285,0.5156688072593338,-0.6834890612262626,-2.0567686081940684,-0.021094763582002293,-0.10964476700405124,-1.473609158840124,-0.9711101563705749,-0.6163807142106672,-0.3885747705893348,0.8448023392374446,0.007592969741040516,-0.6539892328521458,-0.7947115448779728,0.08814673978394917,-0.2674070299705242,-0.246953731807356,-0.0023113532868404047,-0.07577233101299777,4
-1.3943651773930454,1.1218921025872157,1.9314318884698938,0.18826216947119176,-0.5752046185005039,-1.6198702995306453,-1.5072793445211734,1.8531652148473072,-1.2399781213564698,1.5709551045175834,-1.2319188897827573,0.3096016060892,0.30103564031521896,-0.002956984711564883,1.3728988275652312,-0.7389793676427339,0.6393811310774502,0.04640214836730916,1.053292571879658,-0.9165411110706407,0.8144485089983359,0.5969737591445794,-0.14061384843725797,0.5155178582529305,-0.33648422577203085,-0.04885164780059114,1
-2.2932607845904585,-0.44710041794149413,0.07672331546300157,0.5963977220168144,-0.7767492159606884,0.3299641341477834,0.5904593895966336,0.08862569253523901,-0.151337044235206,0.146754171242403,0.6696339200997052,0.40846605272230385,-0.2859935304224456,-0.6153345815871298,-0.08032277965873515,-0.6711270338399606,-0.4802188866833515,0.07317913198222865,-0.4120518770934676,-0.49898853310922375,-0.5213646008539775,0.08133623814892893,-0.38721473864657624,0.7348346712845157,0.39384877526164697,-0.12630976075823677,4
1.7704107595666194,-1.2337411217048777,-0.5667613401878623,0.29500771084847577,-0.3024584185111948,0.32901449645286807,0.11727032452476073,-1.2933483529167866,-0.21804927577813502,0.6582978104111306,-0.3085920269970404,1.0853174129407566,-0.6451605263241276,0.6564951370591081,0.06058586885223512,-0.37883950886393175,-0.24268516856769462,0.7974355178997563,-0.24454645172642414,0.032547635697270004,-0.5995631373591487,-0.05660852402572696,-0.5904275508675165,-0.29896894617005226,-0.670417815612955,-0.6259058740234864,3
-1.4501239622083912,-0.4508822586357065,0.47156754795617256,0.37883406470133274,0.025055355035165646,1.6232690092292366,-1.9459257326241863,0.2445987990545212,1.955205907013902,-0.5492297108363473,-0.23325417784937047,0.738457701124554,0.8255460919616657,0.49858297198554136,0.8221752164728221,-0.09650324989653349,1.1480582199109541,0.32669541498597365,0.35740786681948306,0.7642503510595631,-0.1944640507086416,-0.11750385502431654,-0.48104619929024656,0.555119208063239,-0.06385349738098861,0.5055698334306392,3
2.5930511203220092,-2.3206800095663915,-0.9182866409660202,-0.31591807256294263,0.18757017642255605,-0.8332791216033409,-0.5130156342337028,-0.16091924306978886,0.7671234994217933,0.36846824236900116,0.5127895944324075,-1.4851054897435436,0.1979210558592954,-2.863915855627756,-0.33200182023387675,0.20453267588134794,-0.628897413316614,1.2199078815993565,-0.05909364904816795,-0.5279733331200241,-0.4975932458620966,-0.1864355096803072,0.6145807882549437,-0.4534225208546637,0.0741698499869847,0.26939708755612823,4
1.5478408101902599,-1.3093142039786523,0.6595619329815322,2.196402124961567,2.307992792323741,0.7427681548253219,0.6647901089797656,-1.8421952485990156,0.9707430971988802,-0.5364993658788446,-1.3742421533500926,-0.10527804116573901,-0.34797992648364307,0.7664089294247883,-0.6928201460120315,-0.2404100713918432,0.3831640026303135,-0.26215710156703903,-0.7313913666729058,-0.9290928900937986,0.7487493662144478,0.7619103216009007,0.4216707280924754,-0.5822876826763352,-0.09376899603988526,0.3063386902941427,4
2.0916522303912517,0.8607322277047365,0.8171793573065013,0.02154140876391872,-0.4359799052337072,-1.187452831334078,0.1893053432414966,-0.27567336080031113,-1.76034094969008,1.634346538207286,0.8905250191781968,0.21754184235503535,0.5349200514917718,0.25057150557586605,1.1868974617639594,-0.31732398325917577,-0.5142975302019576,1.4315429547650649,1.2114791678414718,0.6211307144270789,-0.6690208686742776,0.8960416872173719,0.2452210981888543,-0.6170189367267656,-0.4124632800261353,0.05144779265305805,2
-0.6472969842856895,0.6828387695517324,-0.8917792148771488,-0.042731538226598184,-0.23029609237077872,0.8571437920187442,0.09517252625589732,0.5015807847424921,0.6929959977660539,1.5919878645402896,-0.1292426982012578,0.7999679611407489,0.3081248944823003,-0.08509266111773348,-0.46481530293159184,-0.031839803974311166,-0.9685017381686174,-0.07719423895130524,-0.20259368471079653,0.7282177140388076,-0.10236893041822845,-0.1453499746017583,0.38463226357266456,-0.14824359159641134,0.18802562616862417,-0.5812622798439676,2
-2.139792439973951,-0.3882867742000158,-1.2596607227448455,1.260021155551786,0.045149536068711985,-1.2420923530823786,-0.060882531033009994,-0.5790461611078314,0.24201204580460192,1.4433110586664581,0.472633565816723,0.4760949623724585,0.25549550528286036,-1.2595450762547038,-1.941211574349965,-1.28120880618682,-1.0670658366659054,0.42184496879289657,-0.32852864922436575,0.9567847309475991,-0.2952051557847606,-0.08953551560454497,0.5348811647959516,-0.36849581468797193,-0.11833372005897755,0.4172607757745033,4
-3.261432046839935,-0.9707871091182977,-2.5783615719359054,0.47176379042531863,-0.9446367778177398,2.0272156177500715,1.14579248630833,1.4385988263337657,-0.4828199872209172,-1.3965983425072934,-1.0903654102428957,0.3985051548451267,0.5968059940395616,-0.2771174918561937,-0.5770984533818461,0.5404274533532525,-0.3088789003035394,0.5415896508666538,-0.5270555545291898,0.6253484923228005,-0.07233115018970045,-0.4525440882237005,0.28929129390967034,-0.03552148935868941,0.9208726904098308,-0.5505997144266237,3
0.4375388558201931,-2.438942386231796,-0.05490331508296559,1.197821339128686,-0.5526088497523557,-0.8685960347941548,-1.662185342615086,-0.871837579228803,1.310580447671653,-0.04748101820559947,0.9658881501800867,0.4196681085313785,0.771978550920854,-0.8559559125135631,-0.04899752745534905,1.3245636009123902,-0.5163964452506898,1.4427163812587742,0.506073706284935,-0.8088121403779027,1.051436230970542,0.12045573332882602,0.43952160983629474,-0.049022941346819136,0.6864719353097819,-0.816349535096236,1
-2.7310613859530712,0.008539056104750095,0.057932178315960856,-0.620625689060294,0.4345115663115265,1.3357998748901019,0.0009568398999619649,-0.7780540343491967,-0.42742805129913464,0.7536907926325384,-0.9632418309185262,0.37699077161188427,-1.1153075730848014,-0.6481120277667599,-0.1261959294400841,-0.873754490904089,-0.7811679282780676,0.22805103856591957,0.32312382340021756,-0.7590649746288386,0.17553356511917814,-0.011577207892694692,-0.4527733185652798,-0.5244920282016151,-0.23739345505193762,0.16971086679977582,3
-2.302167880852036,-0.6381637664721176,0.8813447571215711,0.3609094874546063,-0.11841871775930227,0.2468224222707954,-1.794613181659546,-0.7270649561584165,-0.5689879045940407,-0.3152129650184843,1.2773062352320426,2.4079369774494,0.21751328182673027,-0.06303844560711525,0.10771517217086264,0.7437557198565188,-0.4864887116431891,0.4538730208861905,-0.6773620809561343,0.7484630489939994,-0.3862109671775426,0.12816997552094675,-0.35681603412752516,-0.22338795642146766,0.3545621188003061,0.2845421355224618,1
-1.6486414839695942,-0.618873374199401,0.21425781755086115,0.2853136931063442,0.7911842369655518,1.0713879302929263,-0.008843189304363055,-0.2010750289190656,-1.7378774513483237,-1.5143798273187692,-0.061137217369646175,0.8438087769058675,-0.18937955208650373,0.9176817257568624,0.7647998093157596,-1.430675689940009,1.3934188784205883,0.2694775812211645,-0.08435053734618278,-0.6682607030523562,-0.5525846080060637,-0.1231497655447949,-0.5156361553642692,-0.34684148548064053,0.10148808587351352,0.25828821129627955,2
-0.18741887801644458,-1.0404829431297067,-0.9662852215783915,-1.198729973198442,1.5320100648829742,-0.6696673099872786,-0.090575195821497,-2.471104639951207,-0.15917860164759645,0.20410460489687665,0.3596313200743434,0.15686823292368365,0.5650692636890083,-0.0031751789823540625,1.4760408247053771,-1.0437487113727404,0.87212776546834,-1.086795761941882,0.8314011420724894,0.32860836516121117,-0.27987717711864385,0.17695226291007662,0.6241944613916829,0.328059389396688,-0.6370743130945854,0.14348864934781178,4
-0.2031548297019459,-1.7956235719212077,-0.45941530129110814,-0.2733758015977759,0.3626229455221205,0.18533478116337176,-1.5690979139706311,0.09502796394596835,-0.6761525189019011,0.3289265751829654,-1.1107183248099837,-1.7688057351207502,-1.0866873325471997,-2.252223871659482,-0.4890008018737206,-0.8276304053317831,-0.6182819644123965,-0.7450173186417339,-0.7001347194630329,-0.7207735301940479,0.8301388913343962,0.04260890032454352,-0.19151201983499372,-0.33757757485753637,0.1619340836308972,0.17209593664576828,4
-0.29741658101374036,1.1403885655563282,-1.4443938201649797,1.1081400716619563,-1.0018918774254868,0.591239621679136,-0.3212222514687764,1.280049179477046,-0.33103777069462453,-0.45563513854864546,0.38710509661240905,1.3311897792924914,-0.6419994522130099,1.1639105298219268,-0.6832967879964063,0.4436629147400624,0.7608314544921864,-0.10281277138776385,1.8983215202709571,0.10158309121310362,-0.616603308906699,0.11766548341398324,-0.6043872242528419,-0.43144236391135116,-0.26813703683935763,-0.10850396847151628,2
-1.078500702023544,-1.0342849366950315,0.9941040972046277,0.7228393328389852,0.5848236530294156,2.8156548497220273,0.557769480298991,0.32156982147035446,-0.7629395077746006,-1.1772757267787377,1.4143685001720954,0.7560377436217881,-0.30469497485807134,0.7848622563923072,0.11284249301261841,-0.2814231207676763,1.3729887693742662,-0.458541316793027,0.1243917534411047,0.5243152384864558,1.4185454660879206,0.3051839653153065,0.572083561833967,0.6062552262515472,0.1738441269827975,-0.20457765724711383,4
-2.4088111690780774,0.7240076375708434,-0.0020031366449674696,0.856918420184458,0.3745158001012812,0.4281331964271811,0.9184363258681048,-0.29645217946739083,-0.030038891513149667,-1.559840564703996,2.0967691334968106,0.3549902004107806,0.7476288873006527,0.4514619211039589,1.0092782466555683,0.7297081933959324,-0.4222003256832968,0.42927997699010084,0.29894204633884897,-0.5793214315537881,-0.16736145709248487,-0.5350882769328422,0.37399454425104545,-0.35794045716795886,-0.09996242626434891,0.15128832156347516,4
1.677379401177379,-1.6899675395499045,2.802230888396393,1.5836045603414897,-1.4687211375678122,1.58554741162857,1.4927565104907432,1.0384114634808543,-0.7192914981560512,0.7252071977210792,-0.6348888519747088,0.3750759718376556,0.7812560361991155,1.121419043219598,1.430662107923462,1.5486683420905474,-1.4116181983019493,-0.8078521565550079,1.4715626012757548,0.7531016364997514,0.10980476328948524,-0.40907069959892706,0.4315270129682042,-0.2883321863776387,1.107433924495539,0.3758972334038237,3
1.2827196505131222,-1.2120293052456754,-1.599329029936778,-0.3816236391185846,-0.030382675611649677,1.372407256034913,0.49350796203862785,-0.7014967184660046,-0.6368814989876102,-0.2817241446519073,0.5987198350580126,-0.030995045017726604,1.737804982406724,-1.4427474097123558,-0.18052513265391285,0.19958264099934328,-0.4504854142703126,1.0205975127277458,-0.3896135261616394,0.64322893312853,-0.20502476375291523,-0.292954945946017,0.26501944860735044,0.3982811585209977,-1.0484549850106626,-0.4228681520117729,2
-1.8333846615008977,1.0782936361157434,-1.2284649003026185,-0.5871257342550971,0.32508933844446797,-0.4077036673552381,-0.7270269424586133,0.518791650613606,0.8061037303496896,-0.5614127031965018,1.3052622710987667,1.2454711993068506,-0.6256336182101632,-1.114548715591087,-0.5512965749509497,2.2352639301928914,2.2728171221069657,0.39181970810718403,-0.7152632758182701,-0.664105994779431,-0.23989763156770444,-0.09331332728814834,0.40238565380852503,0.4047781547308131,0.07519734576066198,0.22473422227289963,3
2.7617259868556956,-2.2507659713297525,-1.245767599991764,-1.1627928970449337,-1.0439751976744318,-0.7298559307366442,-0.05667968496627742,-0.8261284851015682,0.6471276650531465,-1.0211057869258195,0.5718789709491257,-1.1797594852271192,-0.5407412886369692,-1.9581258437678781,1.4981065133899967,0.4664337004059367,-0.4068028393120241,1.1372153908719878,0.41980615111681713,0.45068883224567774,-0.020530006092890216,-0.8972500610869113,0.01464392267017546,0.4878046910903178,0.06518890848810804,0.682969079088069,3
0.29952542816192673,-1.0176323149550226,-1.4493992604892956,0.9868029118899136,-0.7440030706592015,-0.4125258165263856,1.733208503309051,0.2611344350171912,0.23003984597838625,-0.6440794312324024,-0.33127692145989335,0.02780237648976048,0.2285624076868802,-0.16083526699647052,-0.23440941311177704,-1.0899994677994447,1.1971397364780818,-1.5552046957608179,0.108820170477345,0.3621292803860382,-0.21186562563504854,-0.34328082244218666,0.20359271531976925,-0.5328249648610032,-0.23600329181440025,0.1422076887039645,4
0.1827685665360177,0.9298034841480778,-0.37974171876710394,-1.2717377518805024,0.2151344426576839,0.636477959044938,-0.3756242800627594,0.6930117395687806,0.5025955697876826,-0.6155906029080542,0.02670610321441572,1.7033998248391984,-0.5544900658419079,-0.45953868652674357,0.5751087800919074,0.8340638671229131,0.35365898114089517,-0.4049716923152894,1.8734188323936,-0.0034343162306391243,1.0112674013262497,0.49880134781871693,-0.4667500887606537,-0.23378057053142262,0.888784280391106,-0.632745219043082,3
0.6688943743720532,-0.8767999332889482,-1.156166758248622,1.1914342063215293,-0.5702018473468161,-0.6447996881573929,-0.5418259239181321,-0.3868316333791241,0.637945577210443,-2.272620678442682,-1.0142503083290926,1.6254168367137793,-0.46238192219136137,-0.19669464667553566,-0.2497992427031184,-0.8003829151521868,-0.5597206351443501,-0.7596363394131165,-0.32725495290587053,-0.5488418126897762,-0.3052221038189853,-0.25652642728336095,0.3465532457875482,0.47990967451604133,-0.586732784977003,-0.13289425789270745,4
0.3819378785378873,-1.1325408724040473,-1.300829210365722,1.0122474481321229,-1.3794507914696617,0.39551267316420363,-0.722126410276481,0.13507185668623173,0.03875849927474041,0.6120634919690815,0.4824735091298608,-0.04699798419522178,-0.013550671640607704,1.2253550394716817,0.23187457114242652,-0.39076133412733827,-0.2541734231086919,-0.8954014867419172,-1.108820637181223,-0.6839500811936793,-0.7621616296647843,0.48289401198510457,-0.6714372476781945,0.6955484903746547,-0.4748593379929587,-0.065118077802063,1
1.3928058450755831,-0.8485342617253052,-2.2352997734993587,0.4663162676790692,-0.3760092092038601,1.4920362542728887,-0.8479061634143696,0.6961108139513769,-0.6961407721094706,-1.5395699255802884,-1.227736048738795,0.004837258219078967,-0.10506538671859722,0.013979106442342014,-0.3810442697722928,0.6515865497453331,0.29179740704851975,0.8233386393261201,-0.9808405061891393,-0.9335307946567483,-0.4745246851699556,-0.3428496409175715,0.21962356157840118,0.4826718781139129,-0.8397385321230473,-0.5440269714251023,4
1.1592995577167238,0.15803764429118927,-1.2397078140159363,0.733333324177079,-0.9914553945803302,-0.9611571252137915,1.0325992342163413,-1.0262241478152239,-0.9138471765220884,0.1045076269651337,-0.8584884264406724,0.33442129905038914,0.9886254118673087,0.009424143579918207,0.3291780515920774,-0.5667689144144628,0.4411272460010381,-1.346581858386274,1.2706997321488949,0.3131807038119566,-0.2060843647717352,-0.3055257179386771,0.40705199872691356,-0.5348346256424138,-0.2652426005158429,0.20232461262843268,1
3.4971142731121456,-0.648590837127811,-0.40571931914351406,-0.6745453307383827,1.2827117801209194,0.2164040705724334,1.14175854313899,-1.4831232540001507,-1.2140893545007587,-0.006792822387892378,-0.15763751223555802,-0.3054598896920725,-1.157923488302187,-1.1359801144351669,-0.2842271645375913,-0.5156240601525065,1.1825954070351319,-2.191547925797652,-0.44030465784160205,-0.6486889439735319,0.7131039103618009,0.771471060543415,-0.6046322597506565,-0.29066279610739243,0.7647080679077848,-0.36777017401483447,1
2.2992070536662466,2.899019026537657,-0.5460574237650879,0.8709163879191161,0.7152016169365075,0.5430535671272165,-0.39863218551152857,0.07312280846657952,-0.6851197125150517,-1.2377395736944552,0.5036593491737098,0.9246051328551385,0.321181680460381,1.397554335529459,0.5236172309979665,-0.5757011407160938,-1.0088014354599062,0.19018326182327946,0.3028735727319334,-0.5640953208785658,-0.4056997726331504,-0.3099492885837463,-0.7658008800184183,-0.30551560446598647,0.26620017400349133,0.3790496173409689,3
5.054900925521569,0.20130875004445498,1.5038064787434164,-0.713730435238437,0.32465298398830467,0.04488342766767856,-0.32714791858531395,-0.02226134231694656,1.3658366347309001,1.9267066895114806,-0.5127833159896164,0.2980056587193587,-0.888305750243862,-0.13058634387495113,0.7556522570109618,-1.0681055899259382,0.8107865375563414,2.3067520796076852,-0.869888417248909,0.11640236188609636,0.09097551246284681,-0.8914546611675902,0.7576182594160408,-0.49091949539810403,0.10592870252270832,0.5079872929935484,4
0.015985136398885883,2.9478925353490175,0.19931861931057349,1.8093285000050043,-0.07891989036443686,-2.048364181729745,-0.22576151803063796,0.21092466449925146,-0.7196116686507004,0.7899912755958595,0.26204247399772856,-0.13673647552215443,0.8162863757434442,-0.9403560596428577,-0.927238259476643,0.8064386367878494,0.8955016180549512,-0.2744766791680315,1.8339305342452201,0.2263832978437858,-0.211019929177338,-0.40203933947921155,0.37652875108428796,-0.5945404033924453,-0.7629539416210134,-0.3411947710373811,1
0.5352873551162485,-1.4898345285127566,0.2485503282097348,-0.017095580896802052,1.2462986445048452,1.5014163092988209,0.10552621356403272,-0.8176662088781707,-0.21757716350982761,0.17221700936139508,-1.7370335015116996,0.49815837197139906,-0.8529837625266697,2.148410706963623,1.2610869169001004,-0.5789844397468163,0.3000222967038702,-0.5607412310556378,-1.4268696977598376,-1.0705618570251987,1.0013377082748387,0.1530639710981758,0.19104592423114866,-0.3668513978001912,-0.463544382248823,-0.20289660742676,1
4.517331027970387,-0.11388850378817991,-1.3592700576451506,-1.683088953072114,-0.617367003407371,1.037605758826359,0.09723103060772734,-0.031550563889143124,0.7102863744160124,0.43600047697078825,0.5779523194229933,0.4046486645345228,-0.5077866129116095,0.10562845583450821,1.0982342998191414,-1.4017146525707576,-0.08723689501478146,-0.8166106069248235,-0.9625129258466785,0.29786644456450595,-0.26976680966201344,-0.3118538361061926,-0.8096545682789826,-0.3804310603223472,0.3925175277787402,0.3153890948451888,3
-1.0464785168459827,1.6308370139153758,-0.02875169304964101,0.39926289986577723,-0.9806218112312075,-0.6845214360465319,0.659421534823303,-1.6917671093880151,-1.3626715397215905,0.7626480974419507,-0.9931077481460308,-0.17092994962274044,-0.8623380009886152,0.1581707905913599,0.5754009364186822,0.2679654796231767,1.0737265441534916,-0.11234160016916654,1.2970857128990758,0.14964827707582756,-0.5824232728226468,0.10246877233795125,-0.5252861449212904,-0.41281346826451965,-0.3453636949943645,-0.11011966667441966,2
-0.5438532511295376,-0.979969652928077,-1.5747471836021643,0.6767109013471538,-0.17244498795425295,-0.34598066053994053,-2.091273002865595,-0.29092396434723716,0.4808072306126068,1.9493621649148598,-0.7572911364685879,-1.8215188900351267,-0.39858563710015066,-0.7912621769338672,-0.892197712182672,2.159816071429805,0.1456339131382951,-0.6100144740132265,-0.7999591043805478,-0.649254091879119,-0.3225089373470477,-0.1752589684945129,0.4863440213201536,0.9417304187053751,0.6986576618201374,-0.610437043524898,2
1.0423515403111492,1.4530112656492535,0.6473097623026234,-0.14181998360645173,-0.026116791414344226,-0.8189389378001283,-0.2996307925044107,-0.02338757503119814,0.34298487639249253,-0.398647953763542,1.1537477431034031,2.377309460271365,-1.1254637426461145,-0.2679179054002462,0.10956812175509605,1.8847833307544744,0.5666865016179892,-0.5866003547446044,-1.6039905939029315,-0.8281198878712466,0.04670972041109017,0.8584223388295784,-0.42979504684967795,0.4102025204415733,-0.4167979891235812,-0.16340061299537037,1
-0.8962538117460783,1.8173765596377378,-1.9416541467869384,-0.382150847425438,-1.1155219019674767,-0.2983593667506239,-1.2901770999448794,0.39611841048932983,-1.6731596171076917,0.015489723904350888,0.634193392460866,-0.2705361832637761,-0.6974858838657318,0.5609766880094608,0.8737304949268073,-0.21864488257966475,-0.34719874875377793,0.25116034713886864,-0.5654330813769506,-0.6811905574479981,-0.23320923071392874,-0.2067013251724176,0.38027359000449873,0.8473711634412625,0.02937325133345921,-0.5419017882737815,3
-1.0361899254842555,-0.37066347309116926,-1.0086698828788339,-0.6224224454005683,0.8095242366430256,-1.099199048146293,-1.954135648012266,0.44009545865397787,0.08604944653850685,1.748758566341008,-2.4489851045562965,-0.568067989114702,1.4527807526235796,-0.4023779494440219,0.8979896213593928,1.118715251165862,-1.351733491845884,-0.31656911092138085,0.6111492664817821,0.5464066343147476,0.49844674766977776,-0.20102388011141453,-0.03395912119388463,-0.6244385955185601,-0.5219672172334419,-0.07095998572951803,3
5.0177597670028655,0.8185474294965521,-0.20304403649406777,0.6032445479253393,-1.3941948691398045,0.08553255835617501,1.0508838986338653,-1.0810479342036714,0.3323622075153174,1.1018773328719467,-1.42366096085349,-0.25360949145212075,-1.9297481584616207,0.9251809456840161,0.2951555502838005,0.9264938555742942,1.9145034522513777,0.8197573992589475,-0.045471968844520115,0.8296861982513593,1.9206334809247245,-1.6556504151419205,-0.6957306083443491,0.9032397284502327,0.5668504212394059,0.23737590124545951,3
0.9088155891442051,-0.007318011608594005,1.5135623299383603,0.5653610994971595,1.6189610771256442,-2.4756373279275974,1.7105484437864538,0.6408770393062038,-1.910581704630819,-0.42293167639407875,-0.7470479611047469,-1.1482195541153004,-0.9828039865632954,-1.2599872777383505,0.40527030685985027,-0.14556576247686348,2.7311481483717075,0.42718558419847946,-0.7941172043280144,0.24051995222918945,-0.3672699551501936,-0.31982991485967044,0.01326514536563273,-0.5722984053875823,-0.26447736454140963,0.051013462720036824,4
-2.8832464784061664,-0.17954153843652948,-0.1929167320579267,1.1253483576902055,-1.5023632535500306,0.5311819574145363,-2.0464353921624574,0.9721466813630422,-0.08455355744812001,-0.8716881363743286,0.028966193518300428,-1.222747529741164,2.13121596513508,-0.19568164660447304,1.162197338094272,-0.34363666924278996,0.6568994321365405,0.29147207317923957,0.297091472388505,-0.7014030140889758,-0.23157792977969335,-0.4413155811363397,0.2626246601030739,-0.37022202652841496,0.007139570718858764,0.2592927187529043,3
-1.4416838773803062,1.1475093045872347,-0.466891185784612,1.5187840426668524,-0.920601603536478,-1.0427364710272051,1.6278522998805087,0.39714204848735624,-1.2128966296403798,-0.5656543560010603,-0.4793152997128521,0.7096936160884533,0.14825368344401174,-0.15493465372357026,-0.27363553699566684,1.3738510341303207,-0.3994524590837211,0.43208396595387616,0.32449888952595574,0.49861185211286874,1.051611684826345,0.4780929722050142,-0.109228279366225,-0.14927489893809423,0.609432703946011,-0.7447672575967338,3
-0.6875633378361536,0.7097499906003546,-0.7027285129018074,-1.3315038039436269,0.575314750296393,1.2165838744800024,0.4430655138965807,0.4554101033470643,-1.0729683343583345,-0.49812841809513647,-1.595158263452271,-0.2093318648576669,0.0653277470621035,-0.9110670625211436,0.6408101450932403,-0.36841213302181663,0.8306700452153747,0.03722922413898036,0.9384726091540544,-0.9625705743277204,0.6059243073050271,0.3573566614621708,-0.8538240486717927,-0.5001380313124473,-0.3607069687962529,-0.13975263957535608,4
-0.6301711151310551,0.2783084546419411,-0.7171284743866436,1.6786438951862166,-1.0231402105841683,-0.5419040120121607,-0.5869832876327364,1.0655480854644899,0.017663947968526432,0.8996544064727419,1.0727870835827764,-0.7174767680246829,0.44287022345364496,0.5857353741394765,-0.22096293221636665,0.49562879409462274,-0.25566340810773214,0.9101711377275111,-0.16706157341035127,0.7878296839049013,-0.041158324337309427,-0.4981322461625075,0.2387143335255666,0.5371349484505896,-0.6192049638461354,0.26216087462901255,3
-2.26339273596798,-1.2812907899248434,-0.6899806186775957,0.6773303164680246,-0.5191419393769083,0.9919640395278686,-0.4723534462499598,-0.05629856729119719,-1.1762582964526473,1.9870915640040494,-0.050260334345692166,1.4306894493798572,0.15508892526480156,1.4477575730946735,-0.6692597871052562,0.722612579746757,-0.768304365404725,-0.04514438755972894,-0.33875627236997546,0.6028943110719843,-0.5490181715912457,0.25690205250224335,-0.3713079801282889,-0.44429669242717207,0.028876544262412533,0.4014120183443019,1
0.4271633243061149,1.1908952507461805,-0.02653600062098884,0.8310678026842482,-0.38412140854348603,-0.7117186373702851,0.8387909952056323,-0.7286721428866535,1.0317817984173971,-1.1805764270433976,-1.5328543358987667,0.7340293734940835,-2.5793103149578567,0.8633280990728296,0.42958564634120744,1.2490444164026286,1.5169765757876874,-0.23486668031719216,-0.4803665364948747,0.19013992665733895,-0.4060318846899543,-0.12113493978993678,-0.7962482983042247,0.5366881750184793,-0.10276880451781854,0.3573448827226824,2
2.7473533566635298,3.114313774440926,-0.487341826426738,0.8371364416346059,-0.4365050863641593,-0.6473076021603285,1.2935360352335439,0.5344638551117601,1.0699026477925442,-0.03779990022795524,0.725805633336742,-0.2436884670179566,-0.42264385809844063,0.027624793282562378,0.13871211777353784,0.5183329467164896,-0.5878527348592267,-0.4105560533406253,0.2617504301064348,0.7679207108830473,-0.6123197710523757,1.2615334358187578,0.026631596350038096,-0.677398852146463,0.18444901947430778,0.6316800641877672,4
-1.7331535555127955,-0.6211358949665488,-1.5331481546325667,0.6875831367099102,1.4427171211078074,0.617476177270313,1.257968791573818,0.804562528973973,0.014367614265692595,-0.27336592101411544,0.7028566923346028,-2.190787116618747,-1.5273480000312336,0.4731895561682418,-0.17356809677454188,-0.604571688360703,-0.6946447674633155,0.005772157122656827,0.9181651679348557,0.915655611357105,-0.09106798260697009,-0.26982652217327513,0.5531002167545174,0.7776629037272459,-0.1092301031360215,-0.4491585765035365,4
-0.15644922572420006,0.34807102922453004,-0.7317328183121371,-0.008861224652625215,1.8497440904188693,0.05451224334220613,1.793558572311531,-1.129405948740378,2.070416865347265,-1.2410863872319136,-0.03311112945573246,-0.9335818732740818,-0.5224553690675829,-0.9915517546140044,0.21507352000110003,1.0660376395068358,1.073566175753923,-0.9709491685539258,-1.9137524423176253,0.8777996941011406,-0.10647107278758883,-0.021687025013735515,0.09378857645348955,0.3250320455690244,-0.5845293374242629,0.06649626552121671,1
-2.108085169155578,-0.4062941629018797,0.7717552032984089,0.6103578322550208,-1.1463124346890277,0.7549954531345514,1.2212992517570462,0.46544162491760693,-1.0861076156541483,0.4787223230332057,0.2960145214338663,-0.2688021593815681,-0.24438454110956048,-0.4872282887662569,-0.02774559646146408,-1.290099540725982,1.0326689092290957,0.26937937606835205,0.40393372977815667,0.22428041631859205,-0.12367555178302196,-0.5658962596205062,0.43027312073422674,-0.4287138541556681,-0.23254786305311426,0.25020156257542253,2
-0.2855326246861016,1.1405567580846983,-0.9859789704181668,0.4850650870793487,-0.38905776982145424,-0.5078174874632372,-0.529350826560125,-0.06879074888390214,-1.2489640853728596,-0.6108421240120647,-0.1709682698252139,-1.5391921164853288,-0.6432421380208793,0.8318995599894732,1.4821784411105137,-0.14367687244969365,-1.1114220948309175,0.013503712454392528,1.3227749653577734,-0.5974717319320455,-0.20474106254329677,-0.4925459013483795,0.3459289526237403,-0.5807937973539615,-0.2708082391385316,0.2498894681489624,4
-1.1893327436051309,1.2207022076388636,0.23001779255365298,-0.10279862395817385,-1.3516376283842797,1.0433752856471525,-0.33081139180330194,-2.0209967879204247,0.0104447754759473,0.23864523341368754,1.4705638647549018,0.821810166798061,1.5336266069042024,-0.5115773360230442,0.881601254636589,-0.4784070869352337,-0.8845438985929127,0.5551603100508291,-0.024635382697754574,-0.612186860127888,0.6180955660821523,-0.20431787752398117,0.16549807033209632,0.5241659019764617,-0.09351080589716473,0.7814978970235655,1
0.7161820744487277,-1.3063934721653725,1.5600235778850522,0.24804539357089267,-0.08709418765332734,-1.7531836484462988,0.4759168209908602,1.5355602907954387,-1.3003442885504621,1.0847130682799169,-0.6642125624708054,0.9434868082502454,-0.8652486416228793,-1.0115518156487464,-0.1898075990281937,-0.4691828027885072,-0.5375753942489583,0.06706825622705369,-0.6775657596551384,-0.8380076435025662,0.6205204424064067,0.4845101912254176,-0.4235175078467857,-0.5484806253877408,-0.26402480989220195,0.08483507066398341,4
-1.9519778437523703,1.9204875771462493,0.931035778395826,0.4701048409189137,-0.6551060915600401,-1.9688343411268794,2.0094366953037395,-1.4295783096898542,1.699878462785979,-0.2575912968200516,0.5680574998531563,-0.6628973606670804,-2.179799782223174,-0.6656911727711239,1.079129379563297,-0.8380931862747332,0.18924082632126907,0.23622099113792513,-0.43270415704747833,1.0958087764651474,-0.29286194755671907,0.2865038137218397,-0.39541416974212756,-0.10037953489424747,0.48799789571726937,-0.39348344659578355,3
-1.6277335554307775,1.1803843101347178,-0.20706153919099235,-0.15519366500070228,-0.5416003298364527,-1.1225915680371323,-1.1928040397200665,-1.7105103986485686,-0.3764902682916353,0.7602091016730449,-1.556685871263714,1.5574720413269725,-0.06114837698096713,0.2957106612824934,0.7077424343987426,-0.7513889247851128,-0.41808335152571047,0.44190286013294766,-0.7043546915244191,-0.6757353144770558,-0.37373886915176985,-0.16032390010685085,0.25367353728716174,0.625687831350438,-0.5326280392464869,0.18139198337944068,1
6.145599628846781,-0.707390932117425,-1.5412769098191423,-1.4030413122562768,-0.5558476886922127,0.25431181410852904,-1.0872236767953551,-1.7011763378392497,0.4716861929504422,0.43203200248306134,0.4164546673276991,1.3048835355473616,1.3172027551781904,-0.5582577090565856,0.7126122025690371,-0.4814917146391776,-0.7503430257059855,-2.154068675137892,0.5214303265884244,0.7642934739108938,0.1162606038655887,-1.4375390654551017,-1.6105076364036222,-0.16337034048332866,1.4558270351162608,1.3080845179527958,1
0.4867773504451492,-2.1844572448279136,-0.6656586617441452,1.4155002599825008,-0.9686003838116723,-1.3300478265238043,0.49085260285833876,-2.099259380440309,0.6725019449292758,-0.27951791153241506,-0.20502081079274476,-0.9508158872634556,-0.4234973732614178,0.17738538854557998,0.6475676169554893,-0.24403395962198368,-0.07270318576343787,0.5659500178015724,0.025889857042080855,0.26247061008166406,-0.23372865199128876,-0.03253404231292292,0.6473790457784789,-0.09678828178718933,0.640925857209959,-0.8594426502430867,4
-0.9999986845862964,-1.4589295464034728,-1.066093212302069,-0.5039943295446205,2.96781412694023,0.9492384559604421,0.767872058138399,1.5490862155978598,-0.2679364842521428,-1.798897652641895,-1.417963685454589,0.902348710003288,0.9231706725789388,0.799482923697773,0.5635489301682924,0.6416148572286874,1.4593661173057337,-0.44143173920155193,-0.21899587019513211,0.5834022589437181,-0.23640467214622096,-0.014288912451915407,0.46549489720322607,0.31960341918186275,-0.46163278069276403,0.2877375740162481,4
0.04930984420180272,-0.7206009680180919,-1.8123809027508373,-1.1863995140157704,0.6973680110184085,0.8769187069069537,-1.0520780867463893,-0.4593781478957875,1.6793620876222604,0.8910703998085416,0.4489032885170368,0.03692993374446488,0.9651506003897478,-0.9872598845377861,-0.20526055219119962,0.10429473150655406,-0.21533786386369352,0.015982051767670688,1.6679042900998848,0.07557093767417294,-0.47002208461158224,0.49829421403735413,0.9998948010550722,-0.6746235445026464,-0.34147722205594194,0.047953784416229044,3
-2.680374184613742,-0.9361591255209617,-1.0083890682680652,0.9633786891029881,0.4753595735134211,-0.9018471858894557,-0.6697229685209172,2.0702013349749193,-1.1087513008667933,-0.44560280500874855,0.752738015574405,0.933382955626841,-1.2482259070521744,1.4656857985092966,-0.2810072468474631,0.5545225411461236,-0.2378545036069271,0.09055716306162236,-0.6684819672214478,0.6917693109120657,-0.27217167004639914,-0.12001183245012594,0.42237220442160905,-0.335680335583227,-0.15788633900214963,0.06379150440609536,3
-0.28020556563104987,0.7782887006169644,-0.24267523871004157,1.4876749891593575,-0.5548302081224712,-1.6570617400747978,0.6137409973998583,1.6701617066263843,-0.9750854461343917,0.4660324864628633,0.0654810574124601,0.7778117094950237,1.2222864532440891,1.0997937377911016,0.2974303639528139,1.0297041716489375,0.7434887501214787,-0.4505920332363303,1.2603451291528853,-0.8851828668501529,1.079089404114223,0.3487407210192615,0.4853821843749391,0.6671425307833951,0.08523101297281455,-0.6642641859353882,3
-0.5682626071317295,-0.7082330743424238,-1.5371192860468395,-0.684087531521961,0.9835278405390822,0.3261576671425427,-0.7728509966230909,-0.4248598971242274,-1.5482244113706403,-1.6932909313508324,-0.265547841735283,-0.3974831652962403,-0.7699798088351931,0.5566530859453412,1.0356827432192701,-0.8906266704105229,1.2846031294121945,-0.5240507682395446,0.20496860669800004,0.1023120610778851,-0.3132768081866763,-0.08714666346014913,0.31736281486227497,-0.5804904257846639,-0.22970027679342903,-0.11728138396870257,4
2.973574160758759,3.6387259605942024,-0.9009977179893836,0.006700559810126257,-0.8809007511885922,0.9218410361858895,0.7363034024036418,0.6850037197200859,-0.41038737369927086,0.21934950477807,0.7595064568419736,-0.0941474597897526,-0.7876868012386519,0.7203951821471062,0.32530172595097767,-1.1050229266987144,-0.4860401721916672,0.181946468972433,-0.4268842737297957,0.7624768829218648,-0.09440002751032103,-0.03981898888746381,-0.4805750275008622,-0.13242496213209004,0.42414032669940166,-1.155460210244021,1
1.053868718985305,-0.5645361448647348,-0.20692343604929644,0.5901575826468142,0.8155183713718747,-0.9494179417247183,-0.6618767394698728,-0.1347500395578747,0.756253712943374,0.5765092703090325,1.5086731246611258,0.3430060572226421,1.520240220896122,-1.6882575066423344,-1.18929507374545,-1.0475297637604906,0.4866813296834196,-1.3015757203354994,-0.024328890841315863,-0.47300706881915233,0.5375535473641274,-0.38687662189010374,0.0076546980876279706,-0.5162879545097133,-0.5782775518695582,-0.26002832041708934,1
-1.0195526818943406,0.18725226628245423,0.4396735145350813,-1.2576562101464352,0.8870934217522495,0.05727498927089948,1.5812590694934667,-0.6271276325324889,-0.7140892207354416,-1.4480664571525954,-0.636017085499189,1.2678424351606372,0.05353912834472527,-1.146965464680193,1.2454379429001312,-0.38299574169779155,-1.480430937313672,0.1723339201370403,1.3842686828974813,0.6558190401510369,0.19205307826538343,0.5295721232963886,-0.36106102220711783,-0.5046294952614228,-0.41547555503783185,-0.2155879233414486,4
-2.220784505277754,-0.4376013345889119,-0.22357359374050975,-0.9573438131331016,0.6557359908466611,0.2566460162107871,-1.6148438003012566,-0.5743834542291494,1.7533723925511255,2.4279601266719513,0.9431327719327774,-0.19063885105205755,-0.25874877611236174,-0.6741067007056329,-0.07362710088689982,0.7850359901520942,-0.3729566813839556,0.670917545677554,-0.3607462067552276,-0.8363971910102566,0.8606665217717346,0.45454056069391163,0.12525076554608588,0.3304503513418849,-0.45298438618211523,0.4688026356487333,4
-0.46305363219803086,-0.09711894567826,0.8868168116737448,-0.7324430808760776,0.3389550466896847,-0.8430580284073979,1.279445649919311,1.524838598891219,1.0902059525366152,-0.539377863994784,-0.4836278384510034,1.3527949007183528,0.2224790620764237,-1.1045033021575312,0.9222085222911457,1.123600751095305,0.03758143281094193,-0.008281590576461178,-0.8993477143978961,0.6600015945028221,-0.6720386686944707,1.2355663688841363,0.20136364183649558,0.28689412130649006,-0.015134956255318842,0.6962870194763972,3
-1.2919905044930067,0.4375541246680561,-1.1752305090807493,0.8780375749156963,0.7226381071130539,0.42143437831729197,0.5772951626553786,-1.8358386606677943,0.8199516061181564,0.7085326129937033,-0.819967310072667,-0.8026571872649977,1.3558370836269953,0.37103415976392606,-0.2486984934348375,0.14693199420045694,2.0083599577368427,-0.1378963988475233,-0.5915735130164331,0.12163478962214276,-0.22535518982394528,-0.13557491402834546,0.3144701840500387,-0.49741688712853954,0.1287712366510652,0.04747887829089951,1
-1.386221586717753,0.08844826232899057,-0.5591551613026039,0.8491646926185692,-0.44542933724298567,-2.0477261818389074,-0.7443353709756836,-0.8668406051766516,-0.6806371159863379,-0.750976735182373,0.8259037163038521,0.8188568237865594,-1.2179929215052105,0.4555799806337124,0.38105666598887045,-0.31427047473618147,-0.5456470627010823,0.11617009077258048,-0.1553620162730694,-0.4033439887154765,-0.24509171649648012,-0.4027214520635246,0.4107367277173235,0.6661340430446424,-0.08587866360132394,0.5532262907217234,4
0.19845299262531185,2.298907080397543,1.4290158149662657,-0.9731510369062621,-1.5129447595037242,-0.4756888361869346,0.957494553016567,0.4410836148737847,-0.7821100205532264,-0.4532129867776728,-0.49358713525090797,-0.5295272952957276,-0.9102554922180264,-1.3986919163111007,2.111071321376363,1.6030604086751796,-0.061203479552901015,-0.4190641666507565,-0.004778904376685447,0.7105327091747794,0.1327933564294766,-0.2470434608103526,0.4565811792882664,0.644500804988639,-0.2854532082280706,-0.9237908505420405,1
-1.753426923606584,-0.722864000059149,-0.08614444602354157,-0.6970714450171499,0.8266332095809928,1.287434767151684,0.3187927402966847,1.6148230753725001,-0.34956376239011705,-0.40737728778957394,1.479985952397279,0.46829504412791245,-0.5146389332212467,0.30174924436010064,0.27407039957473206,-0.572467060628547,1.3054971923806828,0.12062152317576985,0.6645621629686204,-0.01737958403793444,0.7663908597821306,0.5579426197272904,-0.6360577001693114,-0.4880849534933594,0.004635740398701273,0.364051542674673,4
-1.3332985710718193,-1.1664971238206463,0.6657738205847334,-0.23222166876864173,-0.5503536244018493,1.0606820499380407,1.4495253091138192,1.1168593561986415,0.962370728402113,-0.2204114728831684,0.2936006990962339,-0.24610554940669455,-1.4412238748972483,0.44055045776337237,1.2881452753990634,0.1983785145153178,-0.5060845170488972,0.571826386274884,0.8001570246150347,-0.5855010622986363,-0.09404216469152736,-0.5384331182171466,0.8211275356216987,0.8450686319827355,0.17373837739987982,-0.3129605447453715,1
2.0795258174157167,-0.3475931629639908,-0.907882217769977,1.1678470482546084,-1.2444897036355131,-2.686406013607602,-0.1507232707472449,0.25626186096449977,-0.8287284252612392,-0.879652044760651,0.5349070494670697,0.8118892316278067,-2.1333528744749772,-0.8265265048246871,-0.8983542025973916,0.9610190542206271,-0.08777136597721616,-0.7877055321074269,-0.8081535249530294,-0.5276808849154573,1.2173593851263476,-0.39063546766409757,-0.32904063968431085,0.8891099116121419,0.2551972103001626,-0.34996222989201087,1
-1.1172487719127033,-0.7107312025717991,-1.1149404384340136,-0.22053039296247026,-1.283374502288342,-1.4464989496708438,-1.0859429973614092,-0.7828354493563556,0.13462006243478503,0.76372081108103,0.24826614605201322,-1.1642192136676528,-0.34899448437617314,-0.33860091614770654,1.1654195442859079,-0.5270534690429975,-0.7343971505432457,-0.12843985107627442,-0.2784050645038766,0.847719797080272,-0.3168126052374984,0.39986090740832914,0.6802274062918893,0.4903462704626487,-0.45855568203081565,0.19870349643580298,1
-1.940486126541716,0.023681495546223463,0.7678347074988017,-0.04649766628815568,0.6145221647781791,-1.8455339163029973,0.04881437970890548,0.06375761062018702,0.9146609106676221,0.19430197937871393,0.4522361758758755,1.3206129559148778,-1.2411427546294793,-0.7003501590483572,-0.13576679874613712,-1.135941321926194,0.47677499208743424,-0.19963640324408657,0.6486538256499103,-0.36177240384659287,-0.5670888338646417,0.15487753392239897,-0.3029826501418352,0.5612481535403335,-0.31892522592677164,0.45325886438034846,4
-1.8961248784651688,0.16615494128832783,-0.31478594446852654,-1.236952074867444,1.546711121419081,1.9612102029482068,1.1671102345536508,-1.3370546744608802,-0.5740628946848241,0.9327258317564245,-0.5702340465695086,-0.626065271822017,-1.424333324284691,-1.4110141341899365,-0.8172879079650357,-0.8520060244865939,-0.4128247379461522,-0.24512573263078663,-0.4891869813631004,-0.5539488180822857,-0.5103142454578352,-0.2998638750285759,-0.4234181174937007,-0.5017991395756717,-0.003513332201160431,0.33328684233926725,3
0.3088144390714658,-1.2172560698116432,0.14400753598568075,1.5741681118249495,1.3999637611562523,0.9489397010217314,0.12382039897652644,-1.1751753391777253,-1.8049051311286022,-0.502728249468314,-0.16582829757262002,0.8330537196917631,-1.271961490549131,1.7619929342556555,-0.7141835062138379,-0.1366330484792845,-0.33879866170694123,-0.13914046604117716,0.41820064049238276,0.45117895917813383,0.768616506639422,0.7694183363055602,-0.5121496407955823,0.50263044332349,-0.7708333669255062,-0.10947888758195262,2
-1.1012395594373428,0.9014609941860598,0.8271686869618039,0.4631677573016657,0.32774235759288217,0.5401729987032691,0.5196774084491922,0.14931244234730723,0.021201747968666262,0.5673017433001065,2.052052252425315,-0.07483824287869567,0.11256624140034552,0.08076386585680714,-0.005567159868053201,0.2898603109419684,1.4400716347379343,-0.03534623072003081,0.2926443033239049,-0.5409529901746063,-0.46085049754673724,-0.052348476273414664,-0.41452672353482695,0.5199840492880449,-0.3958945308754245,0.28749139100055654,1
5.640850476953772,-1.0501965158281348,-0.2583593554323227,-0.17599502853588034,-0.0869770514606655,-0.056159148771837045,-0.5888201169245156,1.0062862616085502,1.392211686579829,-0.5222748074398095,-0.40407618238375087,0.5344172751835948,-0.605578135542854,0.2211731289708319,0.6260625724389557,-0.2805934676972337,0.015630635511748207,2.495339350048903,-0.5414919701514733,-0.8743957609785382,1.1034137339972345,-0.4915450349268004,-0.2226415889697881,-0.42528092281961977,0.09316890379147243,0.3515379102586167,4
-3.1967268460851095,-0.2696577172938868,1.848818904634377,1.5999256349425437,0.6399274626483706,1.1020406609941722,-0.1740304180819072,-1.0994443439079686,-1.083244062128865,0.027683561040438346,0.42823144193341073,0.7707144470344429,0.0004768348147148508,1.0600412775401888,-0.07115686487791237,-0.9055335159220167,-0.02103122137440302,0.7852927805819204,-0.5314407660244586,-0.6337663247184465,-0.2475516939471859,-0.28170199378676475,-0.08916278374279309,-0.07839542033892695,0.9695705620814447,-0.4022571401533058,1
-2.9292321684752136,-0.2074693721009157,0.6626034669248491,-1.05096643935313,-1.1629600698229814,1.8383981553840163,0.5607188447976211,1.0777219539127194,-0.051657712699423465,0.4615283431790434,-0.9809450759565994,0.4359897122636312,-0.7081939332890067,-1.9178750151854995,-0.22516309096280296,-0.8957733261981684,-0.48271740735679414,0.3694051471240954,-0.7969198472795379,-0.7863510246601199,0.5942385639430607,-0.5586550996182945,0.388822317364343,-0.5970274045922551,-0.15002042938587096,0.31949396097107735,2
-0.2541132765699626,2.093144981676513,1.315333987110234,0.3113394406579684,0.8537511470909389,0.46536973003605153,0.8475319691175461,-0.8285718755716308,-1.1236471183155612,-1.4777679062289324,0.38084403536815314,-0.9655621435198103,-0.29168226395324387,-1.566287324918047,0.48871592231746636,0.9650412301207401,-0.15783565828143561,-0.30524080794566244,0.36738389020482465,-0.5463916546993257,-0.36215686919179574,-0.35029833536859845,-0.7654600655744087,0.37414654971136463,-0.40677816666774497,0.07315027779515347,3
2.4170270852957705,3.135585641709954,-1.1310990998812709,0.6846187315318856,-0.09260614911708116,0.5255722658396261,-1.040301270881759,-0.21897811207252404,-0.43059341974810605,0.2578921449900455,0.062142033635253224,-0.15820441179776668,0.09766110115044065,1.576323178256168,0.3310331594603015,-0.41456325306796854,-0.6873962598324562,-0.16927593093867596,-0.4820674988531657,0.6887513088463887,-0.4588613048025156,0.4204987887380528,-0.6033276452116786,-0.4133501583236854,-0.05965089976771817,0.025866909947029944,3
-2.898247667473545,-0.21683263342473133,-1.0460323495888457,0.6058178361514605,-0.7153620994595855,0.6020327536754507,-0.05036923490221158,-0.6714369534479818,0.6342975449079737,2.4268781455099577,-0.32465314244153304,0.6648249392780142,-0.21903491386837048,0.40157308154726074,-1.2539790352340774,-0.44128334141332154,-0.8160586259012208,0.28237640407139597,0.18533439538142724,-0.5813445723738649,-0.5151899207804077,0.05674163396492123,-0.26941029312818954,0.8310795043196453,0.49158772546993995,-0.3679213954290323,1
1.9886104092690127,-1.1120970106814732,-2.135715132339115,-0.7896909194248685,-1.354713503370561,-0.25486251425068146,0.3121407824636005,0.7213653758513033,-1.5335477933383943,-0.03882755257480088,0.15463258856082807,1.2360934986149619,-0.6341904514064313,-0.07500211479364972,-0.10270605358213104,-0.5825788012955448,-0.8209278873223902,-0.21876352027705526,-0.8889167499849983,0.6876838496378946,-0.7686354161876714,0.7486886183767969,-0.5619307556577925,-0.47280849592685376,-0.11569435555415385,-0.13355825909341706,3
-1.294900735657825,0.8677288224466143,-1.2181865255314221,-0.802590693933808,0.3405723409566449,-2.0417132732553527,-0.3044753910015045,1.5355415678933413,-0.6539283460087035,-0.07646240236350173,-0.03841479830712986,1.1633084715936013,-0.6152462101489453,-0.5366981745634318,-0.00767011754570118,0.5771948673614586,1.5889656431406745,-0.46780190506150093,0.015728428850693397,0.23920949048401083,-0.2007136358221049,-0.15443501706249863,0.3336449423276138,0.41258094438353665,-0.1336783783637132,0.061753460090533396,1
4.3585104398019245,-0.19277926453772218,-1.2773413275993504,-0.25373242827474135,-0.697021827709767,0.8240806124503192,0.18023178757934066,0.049933368720224,1.3444488340081358,0.3041402373594482,-0.8404163750948758,1.1695238713468468,-1.0574282109179218,1.6215084276523444,0.5418094842078829,-0.5170514335022423,-0.7227888058728811,-0.2473219050520587,0.004676900300727422,-0.05693386699971672,-0.9545808409571894,2.322808464870381,1.332437043863487,0.38311019680709424,1.4065734543398467,0.8989959033805581,4
0.053861713920590255,-0.9213753540396972,-0.40116467863555344,-0.9304900697435751,0.16420635861684152,0.694610474246718,0.661458185438834,-1.0827106497785217,0.5099472637037178,-0.7399463964278867,0.6700079124980908,1.8975064461370441,-0.748140041278565,-0.5986488616324185,0.04944703643055549,-0.45994106294614234,-0.8331081528816597,-0.7407299230289663,0.0061908344141096494,0.228292714279472,-0.5690715548101674,0.5555695106105698,-0.1694458748865787,0.4861000622260336,-0.36010394285606173,0.1368433130141553,2
-0.6233442053843857,-1.622409022272306,1.5255248920162787,1.0847669548247312,1.9277012868405181,0.3997921488994492,1.2421847034145483,1.3471613677652177,-2.0461247876056032,-1.6480444316551206,0.6157617512209258,0.25163033300514565,-0.0990369260581657,0.08779924773587242,0.03689302678416977,0.31652900501339004,-0.4011781845150947,-0.9376457621788189,-0.40643277949306367,-0.5694266266019078,-0.5713237304054234,-0.10749860414885291,-0.37062127534932693,-0.2587717800870998,0.49236861021218997,0.45364135717636295,3
8.197470964310863,0.7045598706412416,-2.559657068365724,-0.05171951491890763,-0.9686509942066747,-0.8070391731387234,1.5346444142458266,-1.1520860049736128,-0.6209525632729611,-0.5474311969215535,-0.6279375761873132,0.15094083285997742,-1.4237925520837074,-0.3354969775914402,-0.4326952600683352,0.8417866554106174,-0.2425061345914086,1.0403053953606693,-0.17972544041280972,-0.6453573488848272,-0.3413129824635593,0.3767077706421649,1.1642984085441113,-0.42684162818636817,1.5754863004124955,0.2265526951983423,2
-1.638667853081107,0.5111458505113721,-0.7696766418855778,1.856873443492664,-1.0148357192376931,-0.45410162913935653,1.5801552412988753,-2.3636278240112736,-0.30778211637091685,-0.8199579522391622,0.9210313584356887,0.9733000636681177,0.38785596718496346,-0.07622763554645223,-0.78022925007025,-0.3170484419121571,-0.5366198455655479,0.522422614711004,0.08104615596930737,-0.45545577723817154,-0.2680905689502547,-0.4162004822965557,0.4576233993196155,0.623523058670434,-0.36994401493937906,0.4409449034385991,3
-0.6427057578366351,1.700072745605168,-0.8576679790421002,0.48559986784550974,-1.016690805722857,1.9591997718026317,-0.3431975464182992,-1.2744950672573787,-0.18334359895709326,1.0757024398762411,-1.3287675418906162,-1.1669052001076705,-0.17386954450458447,0.42991802942687435,-0.04248744494849046,1.5192012077322317,0.13890079362796778,-0.5740630614745739,-0.32176019895169616,-0.8475824134971425,-0.6090925995049455,0.3266581091865105,-0.3247817511397711,0.8725684830991165,0.18008599773291295,-0.589615261661006,4
-1.9280996737058578,0.788471603548345,-1.1492252177374338,1.2915194421275251,0.11574284301600311,-0.5807984763887735,0.20183438990470287,-1.123307565239149,-0.060858209266061544,-0.9591992142381786,-1.2068995039384944,-0.44094520603955656,-0.677219112178774,-0.3200624079152009,-0.7006953440937606,0.15062943474845408,0.47119972595519527,0.6600901450988236,-1.1475359073304392,0.7211826560688683,-0.2326790259546206,0.01987571672248794,0.3930463236410545,-0.3915574740496296,0.23396517350754373,-0.005796957817456651,3
-1.35421189302695,0.2750313464032021,-0.06861390169555315,-0.3075542804236183,-0.24218702316637622,0.35386545896565946,1.530644775393492,-0.3472124682790478,-0.059774349257392057,-0.4130178675689356,-0.2251736518302204,1.548817047896198,0.022582920387927613,-1.174121727204027,-0.4905196520095675,0.6169986081186899,-0.041622536486738616,-0.5467592286318874,0.37129334071507103,0.2617469968160994,-0.41598967052152114,-0.30588841787859383,-0.7665152918539868,-0.39649137781149263,0.16133841989735173,0.34744466843786204,2
1.9219860234679207,-2.168955939008309,0.17072131340522204,-0.0022559458554478793,-1.0128877294675755,0.1711398260118708,0.04631901495106248,0.5656424404059026,0.06494188616123425,0.33030737582157926,0.8908559081368993,-1.345141977571916,-0.7341463161332935,-1.51612006523716,0.017626018800652947,-0.1419747801410257,-0.32260061446958926,-0.14737618265656158,-0.4690573436427948,-0.6447074007453035,-0.8515233013856219,0.8633607297463821,0.06711646867884868,0.47324248130664487,-0.4009738978999955,0.12478385878203273,3
-1.3866547404124556,1.802997298112626,-1.1867388098534295,-0.06748022041654043,0.02567880445597339,-0.750983203726424,-2.1402654769149265,0.7398830665372516,-0.6672353361608724,0.0609367808198001,-2.582025389228086,-0.30790309032086244,0.8094933622892191,-0.917740783313516,0.02280221940209615,0.9086795580159144,-0.5295932115483922,0.20431613258075476,-0.5049830569670756,0.3401515611589535,1.0066029072239315,0.3417628971628183,-0.10661954240922356,-0.6725704748280591,-0.27916133664978987,0.08429219147529428,3
-1.6009770049361378,1.4695590381512638,-1.2044807473233585,-0.42575197305374274,2.741954676276041,0.8642057361755272,-0.40658605429815176,-0.6370698113553481,0.40144992319401723,-1.3641734362530777,-0.4561001855357351,-0.8451073038301923,-0.5037935991721899,-0.29537877563862863,0.015911734365044044,-0.06554049743339277,0.2986553004214663,0.33374597077999807,-1.0663161591097685,0.7737484964845428,-0.055764857092496234,-0.060499467418828015,0.385015788323564,0.7227315666702109,0.19935256379136218,-0.2326063818370988,4
-2.434013640072431,0.495643570683337,-1.0317067105228548,0.3543415405479498,-0.5402633577735374,-1.3089271239207372,-1.689048880774218,0.12442254877389111,-0.20262599409101956,1.1482264089246772,0.274660153103672,-1.502231526284319,-0.6502835039184466,0.295051808731215,0.5766389860734437,-0.5876043441085432,-1.1003183702919952,0.03507656144956535,0.9506691025615248,-0.5516324529769432,-0.38616844679874407,-0.21090209852928557,0.5304473528046312,0.6110346242491561,-0.6936976070782915,-0.022390795544514588,3
1.1781659783108278,-1.3531664843396103,1.599903241059625,1.4947890077432244,-0.27447006353496195,-1.3839651455069966,0.669165178482796,2.015269887343401,-0.10296330176711577,0.4220629003695636,-0.9186785254468858,-0.8108219018376891,0.5018909618356396,-0.21647345154531586,0.5187108345871803,0.21285906495651022,-0.45376904217316877,0.4785787878741596,0.3869985821658108,-0.7373556618692437,-0.7150392121904235,-0.015717577482921616,-0.3934209596622915,-0.3197060187459593,-0.7382047594780172,-0.5084762167400921,2
-0.531269073462699,0.2947635667175278,-0.06172980180538412,0.14842146856087823,0.7437245614800425,-0.5852432575808958,-1.1345753037299389,-0.09436722310192092,1.174818130499039,1.4852249999635967,-1.639670881284395,0.47884414804539477,-0.030609180156631936,0.49893928993006914,0.031926158937690095,-0.19159728584538224,-0.6427253861439697,0.02655855360363341,-0.022603693285555067,-0.9010610156460744,0.8467436203569387,0.3394358594387828,0.15155366422474906,-0.45300459148520267,-0.24683579446335696,0.21115336303124907,1
-1.631387696418296,-0.4447389722483848,-0.05656586625953615,0.24752387560281705,0.16003714842603428,-1.4651755807412685,-0.4963885399983014,0.04321819949496765,-0.5605005614207524,0.4589787441639548,0.2752913336280427,-1.7122674490716205,0.9060089195265888,-0.6866275411424415,1.0773905053023913,-0.5529258337557291,-0.742600989966141,0.08454465367352412,-0.09201545647289747,-0.6738527716001051,0.9586635540577896,0.06422229334077321,0.06692614683310194,0.5988860960827175,-0.3355006867562015,0.43344073787964504,4
1.876018288026131,-0.9821946051911675,1.3447864400759046,-0.5367416711268915,0.3678197112457725,1.5495022086223904,-0.5331682362222163,-1.3685005148000855,-0.8821987122202957,0.3457594427652246,0.24787961092953043,1.459788365134233,1.2134037224854628,-0.3531967246398696,0.3923092129066231,0.2134731599749815,0.851395550349386,0.5963836121112748,1.7558360558916295,0.03036045285876664,-0.2909811450695597,-0.13094286571894545,0.11167365926830983,0.47317331344432645,-0.624025130335826,-0.6727009469376337,4
1.025936307688081,-0.05491065363026707,-2.0126664709619404,0.1509824793075796,0.46471545355368593,0.2363265217492103,0.6888886242360294,0.04661313934968209,0.607189884854256,-0.8030047913359522,-0.7027447096664264,0.17433910247856438,-1.5335944096544107,0.7938309376101018,-0.3556894788507995,1.398916289349325,0.9068975495313107,0.41603997094020767,2.293766059239819,0.6037467056619888,-0.22642881523280992,0.21884084888883013,0.8839643215443848,-0.7149643077273087,-0.34433265979963323,-0.27508595914963874,4
1.293430012444363,2.941592375637748,0.8387556500764389,0.19011157473528587,2.241890495864574,0.46078428018237905,-1.3555860976183056,0.9505253237886147,-0.9923277684789383,0.7837628958442275,0.7980624072294698,-0.40105033746933233,-0.13026994138053216,2.044363038515058,0.9001920883497279,0.17457409541573768,0.09013400863495971,0.621859286947675,-0.9085373395368881,-0.7971270618276126,-0.5112596546175455,0.06031112046934255,-0.31666191648308645,-0.35631073883950914,0.10635559228925075,0.17873959815923224,1
0.8987537172286354,-1.4684465422153643,-1.1885616957091258,-1.1503496272855194,0.5725628308417705,1.4312924801169038,-0.3835662829358503,-0.2189092505760152,0.6141485267028985,1.2884359633923113,0.19637897731251036,0.691328653891036,-0.2733919378566317,1.4164565893234422,0.6055137805168054,0.12051404670213636,-0.1217602070992864,-0.9900969505873822,-1.3554917280895344,0.026620209741905338,-0.2988943152223795,0.010687154716187957,0.29685137480251667,-0.18813182664539724,0.10723316182875786,-1.2289329993762905,4
1.0295293885653305,0.29172032017723704,-0.9642595303307098,-0.412828736781991,1.4475089294476504,0.5176817729681518,-0.40823019674747385,-0.5613429030471899,-1.5652515135865872,-1.0198847239314337,1.2691828615063927,0.4813813830421173,0.5115964097558365,-0.11696823413947499,0.06813731413949874,0.15061439129784618,-0.3740851354540077,-0.3526476571846829,-0.9171261514586836,0.15318652732807655,-0.12189743053276543,-0.4893863104683267,0.10761872957398169,-0.4076458502211055,-0.151318611894907,-0.07220874707889022,3
0.29703581021366954,-1.6123291136553757,0.6597920428315787,0.3365634890543525,1.1268823180333067,-0.9426762964235729,-1.4243217398713173,-1.6409191034768393,0.04893917700066681,-0.10681987199820904,1.609047419641013,0.15542999000968843,0.40746628655059974,-0.13810220025050593,0.3678189367334261,-0.5439949311449694,1.6762746821109074,1.066057495526852,0.5068596812214468,0.2983677625943994,-0.6239309265816229,0.540825249362041,-0.3050612981134335,0.7608921456564626,0.28946699581329477,-0.37965781655484654,2
-2.0445261661434007,-0.41154024851397814,1.077426606859681,1.7800502815291543,0.8523868056995577,0.02527430966636308,0.2557595148052872,-0.3221934829100579,1.625034639574625,0.587564769154113,0.565097433131376,-0.9141676683882255,-0.7593115796468567,1.8367564387514372,0.3397543151211293,-1.334766554076033,0.3646673938765161,-0.13278908680871565,0.5996128718248375,0.2589200248427817,-0.500642588690954,0.196455146650804,-0.32257445337087537,-0.39310724671523495,-0.24886372427414216,0.16938513615791825,4
-0.8938092694829516,-1.9424708800618544,0.2904037064396349,-0.6976014745013278,0.10630276398990882,0.5620556605426096,0.6071096320870348,0.211348634151867,0.8474908570928503,0.3345774764875345,1.75492703947223,-0.39871969968718235,-0.5119822560149939,-1.280909928753817,0.19452523910035474,0.46911254105891864,-0.5059622085372261,-0.5347754297456305,-0.34260300718102243,0.7490664147898074,0.9949931870005692,0.8582930401227519,-0.4223048286658386,0.8543166748735477,0.6704861126089056,-0.48432809818688294,3
-3.0550954259492658,-0.3601880211473799,0.7939809758756181,-0.7468736444238276,-1.8921973721076661,1.8652879218114726,-0.21000615896425726,0.20675686202461246,0.42060352065291734,-0.6472251031227249,-2.391734553390798,0.41101857200403213,-1.6585795677926078,0.048646392831042495,1.3352440397130763,-0.8242065472535666,-0.12499018230459949,0.498284838402362,-0.5745092733215034,0.46982539792946315,0.41906550998010106,0.22603995475974903,-0.0444523241159311,-0.33069358093831536,-0.05738531700306922,0.07539338281268798,4
5.309683474377774,-0.046752458854361544,1.5803797995891373,1.541096584368688,0.60102841612314,-1.142310843943633,-0.17127752044835418,0.8481554296093475,0.8626657575900392,0.6589960573024729,-0.8501908224532523,0.8400971124751178,1.8661918991501412,0.012426132057148731,-0.1755666922029603,-0.5606524756130696,0.20065654191130425,-1.1898443902177505,0.25687985959479304,0.5495210274969637,0.06808827146802035,-1.538208404867898,-1.2734844399694496,0.7865033960608081,-0.1474938027501522,0.23541159537834772,3
-0.25156871546308257,1.9013069449218962,-1.2008304369116698,1.525618525897475,-1.059831323191556,-0.4914772732159392,0.6813784887911184,-1.6031907938032595,0.46211586524556425,0.2872732318116035,-0.9739020307151324,-0.9018049307765398,-0.33919361134914183,1.0619183619501773,0.16818880797355684,1.312474001298098,0.37509698145474063,0.009233432650118827,-0.3533918704294017,0.6908806230525606,-0.11785766901598584,-0.246297351292788,0.15873124617660486,-0.4950984554651337,-0.453269987662783,-0.03896012717345683,2
-2.183244705654865,0.3016270867140891,-1.259499072132638,0.8551723923143985,-0.3732844275337057,-0.9915336204294442,-0.3603010099471512,1.1756500611688399,0.8354817545647343,-0.8320437218986216,0.29279735194055045,1.03806357443643,-2.1906959796189045,1.094233951629162,-0.43193977204825906,2.1825794731702413,0.507025920797645,-0.16276968610436657,-1.0792029939787786,0.6757889318935095,-0.285271163075209,0.25686180599785374,0.5564675407966679,-0.4342356882751656,0.18869844085201834,0.3916280585166819,1
0.13540307850439046,-1.525696685518633,0.4743217496385366,-0.5456150945642301,1.4709947170365116,0.3078660124397547,-1.9159252155740922,-0.10643236338744337,-0.6204469048239366,-2.359319072592941,0.13072881616252854,2.217754141105822,-1.2044396026754636,-0.22349448687014,0.03451358792665471,0.14360405831005724,1.0045980949984774,-1.213287595851627,0.12631094742966648,0.7707922474803652,-0.08264682996574013,-0.10337269205731514,0.3024523855563614,-0.5647955662983599,-0.10660419597441248,-0.15229703949193046,1
-1.6205816724758142,-0.8524996546771082,-1.1975560488347554,0.9164836094201887,0.20020445275635626,0.4133657700668623,1.7463907138957013,2.0198238881849964,0.6986038403620314,0.4052250473273714,-1.3970483008773986,-0.6775259048688673,1.5532128524620339,-0.1085285201076884,-0.42125782180631965,0.8272833954881728,-0.9216211813402193,-0.2350201557481335,0.3807680923221349,0.6057467588832548,-0.44139212772103903,0.43499561546866167,0.9344657927775849,0.39442766361356185,-0.44754325428258707,0.4745639953788601,1
2.6357686054988623,-2.4998224111410154,0.30819175547257877,2.129022121420772,-0.4038868116116327,0.013298838119206478,0.02686630108802763,-0.6880829536376327,0.9201394845632394,1.2052197755472291,0.058108224540162505,0.12549480721972142,-0.5497648498940226,1.0159003475346091,-1.2418716535786316,-0.22345599191129123,0.8252047072156931,-1.4323709179717499,0.6842365360418328,-0.5127262677453541,-0.6295136815741605,0.4958994152950832,0.17832024086925763,-0.180880471698611,0.719286042017175,-0.22474917748733014,4
-1.0175319820092945,0.14247302857319077,0.3270801572284767,-0.019108121140080283,-1.0188095793500715,-1.7371663913166182,-0.5715498638260968,0.32201994758371827,0.7285903784238489,0.6186497226184949,-0.8864121904295665,0.6159874841251274,-0.2880023784958563,0.35636803604137846,1.0412915352624297,-0.9280809822146459,1.0608894278281797,-0.4322239912554077,-0.04596235005917501,-0.5078382047530677,-0.24757145597641395,-0.3994623531220735,0.15765133100355255,-0.41632227315848885,-0.05410141045702754,0.32271216161457944,4
-1.184824859961019,0.9691034247726797,0.9836645719260643,0.8569019834101277,-0.5264121484450476,-0.499376935008726,-1.0184383586995565,-1.4200794490953066,1.6455327270054632,0.8448224039323119,-0.5561682936883595,-1.0466505811505429,0.1405339242562567,-1.1084636763749298,0.08750466827111367,1.3818281090299052,0.40231980377665005,-0.3983404139481518,-1.2940131858233148,-0.8149662022435146,0.9110840034734531,0.41533157386028474,0.008911707446050549,-0.3785770474057241,0.26851107487728987,0.4100687722539554,4
1.9511200769278914,3.0729929744701723,-0.4060060274184476,-0.3284160911520657,0.9609088233975358,0.23512223491949102,-0.9574789965836276,1.5631539595304953,-0.44486435887296283,1.1079329872021133,-0.05904629400287739,-0.3259165331366981,-1.1082751174116041,-0.1490602581112765,-0.8262808443057859,0.5388879509991732,0.667562984559226,-1.2018078020215233,1.235794837121565,0.39380185821575026,-0.19445077370867353,-0.2803928795852215,-0.33238913723377517,0.7902400362723727,0.8996488198669389,0.3439198740427554,4
0.8331309390644864,1.9107890614362575,-0.27269655121950925,-0.11808458208598682,-1.025196937861362,0.5325452608864079,1.0890487460093707,0.31995928276546326,-0.2793606006144946,0.08539000867088879,0.7033776814733961,0.20522354713992536,0.29973443899730196,-0.05938812573885018,0.3519528363304296,-0.7011910257858113,0.9701760439592612,-0.612381871314325,0.664214138046444,0.24401067559564835,-0.12073249221183822,-0.021695865495964525,0.5636899821568017,-0.340529999519901,0.5038020341845334,-0.3361092350826473,1
-0.8852405244835231,0.5878157871449851,0.4743584241408661,0.8305528018245805,-1.1286733367522013,-0.061529451480415796,0.806451870345549,1.415457718326548,0.43419620443068735,-1.0494577009992188,0.4861739165962435,0.13581257011494768,-1.464641131418154,0.5051266900092789,0.5356911632594493,0.7661207804170249,0.2496173244582273,0.04659343076085635,-0.7588605253689429,0.7558074644324525,-0.4038541701098457,0.37058806100304487,-0.30802263027335375,0.5920296867364956,-0.1261693359856089,0.3438238116469044,3
2.7163926556096736,2.3233328810833296,0.022610297749433884,-0.6149600983329775,2.4531727658305984,-0.39353882629083525,0.32204129130242837,0.943123238898792,-1.335043099340683,-0.12647258676300424,-0.20877472443168466,-0.8978180484748198,1.153752299315445,-0.38086850807843836,0.8062735792461493,-0.7312123954383082,-1.1047094209950807,-0.3198316595786561,-0.10071623173563646,0.43246959959607295,0.46972754134401185,2.120437557748654,0.0016041483875557873,0.2412269749445301,-0.12760949315681963,0.7791743135360876,4
-1.2735780835654702,1.7189545302136329,0.1609159807938617,-1.3442662739957387,0.41608983899089663,-0.14015729613867556,1.4716985571369174,0.14471186493842242,-1.6795348085796875,1.0498559210888088,-0.8679259217114602,-0.2538103938513129,-0.9133493674579496,-0.6584938563788565,0.3965295220205402,-1.4753943467221082,1.3401741767603161,-0.17831364582665496,0.17417542179281403,0.25713027863622306,-0.14836620589464017,-0.5358366181427082,0.3652888523995533,-0.5400578297004975,-0.16610010173215486,0.34586620056771583,3
-1.7473250684061767,-0.663325245394449,-0.9349639024380608,-0.3352443973323388,-0.5521152293826892,1.5760395642690663,-1.0715240950320446,2.114004201894146,-0.35122806723985306,-0.40803417895024746,-1.3113945809538612,-0.3464004229313262,-0.06248243487234642,-1.1263927255223825,-0.6893685165197697,-0.15689892905794278,-0.13572296241617807,-0.3913633841223675,-0.2783486511250932,0.7366783803263873,-0.11631698189775143,-0.669577885645089,-0.19305748053506938,-0.42416727672861154,0.06977286886279269,0.1935655543998311,4
-1.72463090811232,0.26978027563151713,0.6761120320446061,-0.2849192636532911,2.43100290491338,2.4178260215717566,1.6734489473256378,-1.5503272343106995,2.0787674294883627,-0.4080859106440156,-0.537041049751783,-0.1364747586788625,-1.292370339928153,-0.16545486777537902,-0.4448047257804483,0.20142898360643935,1.087795589155524,0.4761190928537688,-1.462795177127233,-0.6975575477267996,-0.4545619964218004,-0.20675150981417428,-0.39083779047493966,-0.3245720619552276,-0.23959502481021294,0.02593165442926167,4
-1.3715611918762023,0.7215944876944833,1.9244493360748982,2.0806888054937565,2.014387800912889,-0.9535287223137209,-0.9831681867353105,-1.030043460821969,-0.3492891924352054,-0.6801997195651225,-0.40512085057058017,0.7465188811683817,-0.6139490618140153,0.8675302697231821,-0.3766847062228797,-0.6704059318634831,-0.7072076358618662,-0.001621735312461103,0.6975194077407096,-0.5111609391687446,-0.45424175548862383,-0.01818164524815725,-0.20567078272743664,-0.19860463366432382,0.6052504267632671,-0.3098161878910176,4
-1.684521968434375,0.615300784135492,-1.5348787556267758,1.844139546331307,-0.11217618467084835,0.8402230987614395,-0.07482228624108392,-0.45410857403940647,-0.009293440242306416,0.48436483885424114,-0.21944947130433393,0.3023900714127957,0.09260935242360713,0.8474598710928504,-1.709318963243931,1.6504081564756694,-0.7623813224356266,0.27539241025099104,0.8736486507807407,0.4764326001334436,1.1700063769229068,0.037912359928387256,0.2188926774198345,-0.10147657697812261,0.23330199766222795,-0.5413323839705545,4
-1.521522252412861,-0.727087338127778,0.26534979861146296,0.791463467436553,1.8801218588899498,-0.10935645512937218,-1.68660682741817,0.09480205648192971,-0.35813986476509846,0.36732750126439806,0.3810966978638588,-0.6820831753017009,0.7125544244681388,-0.5516232221874307,-0.8844627791814177,-0.6657801929910058,-0.47325812236695736,-0.4502052777727223,0.7397695601319201,-0.5412611601116668,-0.7843547971389487,0.2525718169654394,-0.5848171577615224,-0.37332042434696905,0.040319361380692455,0.18242254952345377,1
-1.5713944838218175,-0.8764009290950819,-1.1225325449726529,0.04319901321452161,-0.047824708027623,-0.03501478382488775,-0.5317015258113905,1.3496354992676678,-0.929894551454064,0.4186488454187418,1.2982775147951213,-0.7526669518806997,-1.1853642181927468,1.7472583525196446,0.5026407190261473,-0.5595051178465399,1.3594246467199325,-0.5362697153622633,0.13290524982955498,0.20164201857603098,-0.608663223748902,0.35288443448107987,-0.6404374787932231,-0.12475861144338475,0.6709305601326543,-0.398232094024213,1
3.68891336720212,-2.497748488851657,0.03976885761748473,-0.9436365369920502,1.391085629714346,0.38465909115350605,1.3610485600314874,-0.6230268182821551,-0.5825692339784211,-0.15834583485825204,0.7817054503686973,-0.5507554091173394,-0.9226823063528792,-0.8314198946250297,0.2789643677005453,-0.30656194770716133,-0.2417697662261085,-1.1334111509066165,-0.9125631769953527,-0.49356145471476276,-0.5324534573593982,0.07290742138277786,-0.4455118896679027,0.8492903925455343,-0.07977714190989892,-0.9711111968218988,3
-0.14601029951472394,-1.6220926975489613,1.5373612906375238,-0.6972227514499413,0.9189376390833313,-1.9941506405095601,1.3449305225741854,0.003671091967137159,0.00035490838627990696,-0.8294925831965333,-0.17084615619998228,-0.8174933295329583,-0.5200027095242001,-0.37516987957111153,2.581855407325057,0.14294918414430818,-0.11382257277695151,1.1170018613744959,0.18237810278849262,-0.521596231901871,1.3801136617348702,-0.7777849483709921,-0.3675272985080049,0.9921344413562277,0.6961717012704236,-0.2836192192122095,2
-2.3287086794468395,-0.4999075175083689,-0.3196670109447428,-0.39871494823348447,-1.2458647944222887,0.03409014463064424,0.22129156608104733,-1.3323174110517184,0.3180908463384768,0.3932954810675667,0.6092405916653347,0.468547531937532,-0.5837529910844182,0.663912154315611,1.1555369737556185,-0.7061695745874036,-0.8014136845822264,0.15293704375533043,0.1277794168788972,-0.6011958899502159,0.5374720470860144,-0.4136322599871837,-0.17566694931456642,-0.5031782752127244,-0.21160814414725324,0.3122802155652757,4
-1.6185132764993644,-0.833319981950494,-1.2331908836937693,-1.530564933283441,-0.3483131863965033,0.4835604847836305,0.21163583594289231,0.5033058133560658,0.3891412743916145,1.3800003662148586,3.1216480897229624,0.38580353334023876,0.37959425507770156,-0.1177425628133168,0.24594701670029376,0.1289860024630927,0.9492101390830338,-0.438999693214468,0.5195723762376682,0.3648414389117096,-0.4972822179362336,-0.019680538749980245,-0.8804260809858055,-0.370545962754627,0.021823096260833962,0.2588277629334577,1
-1.2683694402330283,0.6280688244390429,0.3313599714496358,0.756056623443351,0.10806085623518549,1.2963955526239923,0.10498655120682418,-1.7731089788458552,0.274953939673122,-0.3558796117403831,0.10381729831835301,0.8539218404620493,0.3368315801259519,-0.30462240117297673,-0.5952005328599013,-0.014904718759686157,-1.225652741503252,-0.17105564432367912,1.348749609582848,0.2266459298402428,-0.4824335716566587,0.07435601356504316,-0.18716928221697016,0.6154810540141468,-0.2813936993468526,0.12856749378220833,1
-1.8045958652235456,-1.5813019872287348,-1.0726599135001558,1.5013498133719454,1.2531159939990404,0.6640828101127461,-0.3818395476596126,0.6228770875192313,1.2373420584172605,1.0440725474924173,-0.4042512814611992,-0.1549094657746936,-0.09219064622540213,0.5200543891211942,-2.0372868217165623,-0.08353210424642427,-0.5607822020519732,0.40067377711081636,-0.025535639192654534,-0.7028352355317858,-0.04379217950079906,-0.01702967359690522,-1.0857740806318996,-0.39835700789692075,-0.09769261989243751,0.3296855908034482,4
0.4464247122605366,-1.457366356681415,-0.6194563803483278,0.2965612669399379,-0.6705647780832111,0.15439975192948152,-0.7166579941979664,0.16831635463605665,-0.47237676366950004,1.0416454349763686,-0.6217153280252214,0.8435530201485405,-0.6909817112218504,1.0397040052942261,-0.4976514685693595,-0.15673276644718906,0.9507698047681856,0.3355916991291312,0.6290339745086351,-1.0083216058847553,0.38399529292904877,1.137543192773265,-0.1581080191610274,-0.49539717453607307,0.009360777879786166,0.39552119911962846,2
-1.8933266768379955,-0.33849307278193763,0.3598741006757618,-0.2265227351014371,0.46284661341472055,-0.6548822665742352,-1.0999736840196086,0.8653703055725475,-1.0272304541411947,1.2369835461616192,0.08278445658478686,-1.0956272954486006,-0.7489020562925939,-0.004433766467861245,0.2702017866541074,-1.3223055002430235,0.5017881383697423,-0.1373872797675866,1.198998051561312,0.24780182819551294,-0.5982708124739808,0.09347750781848388,-0.41132441432202466,-0.35953787353930206,-0.24692313059454735,0.014993292859480206,2
-0.15524917363844673,1.024971106927075,1.108628394065868,1.2438524152980843,-0.6167852953518941,-0.04366967881830398,1.3386988089703777,0.5297015224681638,1.1085920899734825,-1.3795997966350746,1.8718720400069504,0.3609928989919397,-0.8520454960275241,-0.3835105458292185,-0.07797351714324426,-0.6004712347177185,-0.7007171214556049,0.011145103636139029,0.456431546941243,-0.3392202466980589,-0.2893810817278306,0.0069410478849058375,-0.19572923962478306,0.6596219984482217,0.4633333100700418,0.057530405388314595,4
-1.4687978056453055,-0.06206590897581132,0.791090592355509,0.3188325594660076,0.5967036724001301,0.49795923908260625,1.1811422445910622,-1.7069293221376698,-0.6510107289655264,-0.6388768749895744,0.049674988071898844,0.3578945342684955,0.5072725787140027,-0.7177435081718598,0.0713776937765021,-0.27750322743683503,-0.45075294500486845,-0.10482321481791612,-0.3500422526684964,-0.5218252443933703,-0.5766903967273116,0.21691768124389296,-0.13180966364912963,-0.036395406564512574,1.0996473973527716,-0.0016788116297388378,4
-1.9723887786894971,0.5077721775037254,0.5580123976345122,-1.4136617456247613,0.4802425638313115,0.8921900800651824,-0.21906644675044323,-0.38208719240386874,-0.6666422481245727,1.0743004856668443,-0.9874857963824198,0.6326986723231598,-2.487047411867972,-1.0949314151050278,-0.7374860722137319,0.2023822444751699,1.2890750222465392,-0.3492076695015099,-0.41703596287723615,0.8145294850659252,0.22587693550351345,-0.3956101532327865,0.8759395955488511,0.7349178032607002,0.7202399674853193,-0.20173441247540885,3
1.666387545926191,3.308273074552493,-0.05585988904486219,-0.3332249982900195,-0.010064099574063927,-0.00527367178368863,-0.848826519732283,1.5506148563528617,-0.013751063531404066,0.054508245578900875,0.25882899605959264,1.1236385172209298,-0.32704173958340116,-0.35299210617071847,-0.5411045135574336,-0.24443609575136035,0.6632735300144527,0.11386397417107855,1.203921127703841,0.267799912278611,-0.2508917920421929,-0.4477774625310696,-0.5390736756506277,-0.40516742579930354,0.05593804409713571,0.27548189982672416,4
2.2990941665283904,-1.002406575531256,0.24858663105269546,-0.8184161270748258,0.8856571324304131,-0.522949348712095,1.0802029938521256,-0.3493303478504144,0.1759448026739925,0.696445591863938,0.7925251591206958,-0.6578523750945796,1.7073668072350745,-0.09262665428898084,1.626213148209693,0.7580618390032865,-0.16535928700153776,-0.21250247602646705,-0.8367221888471179,0.09105345231286928,-0.7529793962881287,0.6294697014169386,-0.6013270660057142,-0.43162820169986826,-0.2678943982473958,-0.22437441459780935,2
-1.419905665471205,0.5372643124940587,0.45538652002573193,-0.2024806538371855,0.33501451615239364,0.9005082885287622,1.1796277425427395,0.7612266560679631,-0.39131321848333717,-0.38781368309594527,-0.2554647680305765,0.8147325516279681,0.8366219890058637,-0.6656246894622072,-0.09527592691935075,1.3890498233858837,0.5602744814253912,-0.2885029431473463,0.7360830928322106,0.4589699178838847,0.7492670484701076,1.2126313181644333,-0.23590202613685243,0.34042452001540857,0.041017803712953715,0.9476560135348605,4
4.270406841670044,1.8916050352954457,-0.5890595409154864,-0.33453548034481273,0.9125729927067688,-2.2698736186341573,2.246603988472995,-0.4304016058177336,-1.220574890470966,0.2855598188393754,0.7290558447354831,-0.061256982004989045,-0.12732105557152706,0.47134585869707646,1.0410333449654723,0.35576986908701885,-0.5235855883215984,-0.7775831503704697,-0.508847832467963,-0.46075564027888,-0.2430443201500655,-0.12691980719088816,0.5349453707669751,0.37040073737794676,-0.4282961629614258,0.40485378504069724,4
-0.3343719778869215,1.0089444242930323,-0.7202201202216238,-0.5579989624806048,-0.4454741864364173,0.3461078847497967,1.4800237578982154,-1.2493028293783213,1.0910813086950393,-0.5987894850971893,-0.5558548527835611,0.9165504394448478,-1.5121100964496133,0.11052789979804473,0.31869001199290437,0.0018031128701428952,-0.314148168275708,0.23795071109259355,0.37276841888742124,-0.7568332168177981,0.7248484078562617,0.5593233132680394,-0.6585818236248027,0.4950602703866793,-0.3256777302862176,0.46583622404873953,4
0.7633884710771158,-1.4952862600812507,-0.2190848643860582,-1.1964038380636992,1.7694971657374432,0.49813546623551735,0.3233691899821669,-1.4126031143907287,-0.32321660761521065,-0.36823758928738065,0.5025309964569993,1.4020898470112084,-1.4550185490424021,0.6380711061898727,0.28488067763906755,0.006824206968756582,0.8996616668081282,0.4265132060648117,2.2853939818980007,0.2534003475411692,-0.4039096042668119,-0.15542150831655074,-0.25173861965863964,0.7541505051482678,-0.26416189249846134,-0.8989056151334297,4
0.34047327453937226,-0.3292733120718915,-1.069765142478022,1.4632145393849707,0.25084158110914473,-0.23911426348594553,-0.42449409864589555,0.7322205815756448,-0.016291685107897337,1.135512134475433,-0.7704652171879396,1.5860772620500523,2.2181046558044595,1.1304774241298354,-1.3230517893470066,-0.07409990287061809,0.24903043767875768,-0.8812991035415446,0.423320157653494,0.8129470391625078,1.0189167863375141,-1.3421272863528224,-0.4647643012788161,-0.02751104000019531,0.16175021036107015,-0.6139010424417009,2
6.131176005052372,-0.42466610152224715,0.3971401272957107,1.3943204368366886,-1.4080365062354037,-0.8556559319884889,-2.0489550468125883,0.7042213220683091,0.20362048551768708,0.8317656701995381,0.4015846954481166,-0.6332769545614071,-0.21359265038947808,0.05754995844584155,-0.33839497725164575,-0.7917678766006392,-0.812546705417415,2.509154434483662,0.27911826971487236,-0.5779207730628062,0.6224551531976878,-0.7691877031496435,0.1531979397868189,-0.3870030428500822,0.9183581756234023,1.3551527494319993,1
-0.1215593736056168,1.4589388410557291,0.4305342735986504,0.3811108881055845,-1.2912308164132131,1.940927883696607,0.6734209891101097,-1.852818357188194,0.4042089110843503,1.3352485408900059,-0.5392748371122126,-0.3285559742327342,0.293486021752736,-0.7753961974974644,-0.735394218066188,0.8079736640964355,0.4195846094165837,-0.8182325573814354,-0.24481353323960703,-0.6163015160631857,-0.3948016998775383,-0.13807807669174987,-0.24896190430790116,0.5492484850985074,-0.14144562278343686,0.4514559719696646,4
-1.6560719345013346,-0.18379502642607481,-0.9051466176725146,-0.4072615479726893,-1.7709426879897638,1.7733055090030487,0.3978841971895742,0.17907454053600927,-1.1666987983314379,-0.6122365198160565,0.38861919688365937,0.32387785814592507,-0.07414376386354872,-0.6999366051333883,-0.19619259002881664,0.5745264481194782,-0.0559175647124963,-0.509955415848872,0.3357575248689082,0.126311837477674,-0.15537664601934495,-0.346947412805806,0.18367955161373978,-0.21205521437099756,0.7173414032763507,-0.3467800677658871,2
-2.7261460474478443,0.16329124732013978,0.7570189196257977,0.7900525595086046,3.1254426862060884,-3.163273934129984,0.34393468144705874,1.1633391906963815,0.31025849211140466,-0.6334217564782976,-0.7374670759185391,-0.3321432177113619,-0.5333740846193338,0.32439950846035365,0.4922516618105233,-1.0095357617118363,-0.06887352002524029,0.33892805336489257,-0.38236913804720396,-0.45709345721112965,-0.19441556959761191,-0.3951832214240149,0.3370002236840338,-0.27656484609436877,0.47157612726887355,-0.683436387365034,4
-1.7779536868832477,-0.1475455606573917,1.3926844026688778,0.0687298264063173,-0.3405815439819827,2.316540260690711,-1.878306562460263,0.8763084495412993,0.33606067696779657,1.5936236656414442,-1.2872826817198968,-0.08184517206775098,-0.5988216892022488,-0.25498830366052877,-0.558578600325505,2.016047647588931,-0.06294186222750378,-0.4605627075849665,-0.719490605502807,0.5386169829253781,0.10148581825544997,-0.47652755367440447,0.7614560210976371,0.35084474785328124,-0.25303526826955064,0.4027689722065932,4
-0.2658459723899273,-0.9727497122929625,-0.4988258588480588,1.550410128870137,-0.41726773076368956,-1.1264630974311451,0.7333951043682175,-0.39320385042002304,-0.18458144059397,1.5684532747847908,0.6159445615548659,0.17864034725499778,-0.33306536326837316,0.8589534459095809,-0.9572067938406288,0.48627131703704396,-1.0944838920542916,1.1865149461313416,1.6103648326899653,-0.682110756313559,-1.0105731404847524,0.8817229173344363,0.2318781552791814,-0.09563811619915588,0.47846226685487375,-0.3391388762272443,1
-1.548154644301824,0.07728200031454785,-0.3692683771748171,-0.27948630123105467,-0.17636552473560357,-1.413292545172718,-1.2441729895780238,1.226712930217695,0.15142723673564573,-0.9591464893539182,1.5308630612940728,0.5638338635817983,0.07978286409430838,-1.3917149867084806,-0.24383263213305,-1.021371463283308,0.9234460699223609,-0.01043706727097849,-0.22322160566774943,0.9370655184444787,-0.08770714425898252,-0.1686331556671951,0.3001713142270304,-0.5623241502420699,-0.25715905842169456,0.08143988766701876,4
-1.9175017295938575,2.3645084767377114,-0.830336879964305,0.5755098048108823,-0.37925215951173313,1.2766064985676897,0.9044568462641155,-0.37492801859539304,0.6267489849286769,0.7371238741202233,-1.2269830717539756,-1.817383910135774,-1.5194790379810137,0.5071879404135359,-0.18587173310982888,1.8751296408173026,-0.2840971997282048,-0.4470402359950897,1.4580057178141277,-0.9716675031524067,1.087183562198461,0.14263092551698175,0.0001818825719976075,-0.39375862839584347,0.21175588581705196,-1.0143589786809246,4
-1.609905299754185,1.4930568897616256,-0.3030379835694627,-0.9939602991132884,1.42591180885277,-0.7588109211766318,-0.6176712189775059,0.10125378993460782,-1.9982677718665878,0.39516251599119007,0.45538370830763525,1.522569201501052,-1.652921899171633,-0.10086656763659649,-0.5581417386835122,0.21486520424933417,-0.6529217738902324,0.14731824778589347,0.16665163193001276,-0.6565262869266756,-0.3510116952315173,-0.3239925401309467,0.2466025601528369,0.5554676804720252,-0.7209197919004254,-0.05416794172038144,2
-2.6877116573143516,-0.8281432419450857,-2.254818288853509,-0.23910875084214622,-0.3475079887274157,-0.43167367862117184,0.3594825264659964,0.1945739983706679,0.6453469048993199,-0.0321694803573536,-0.964857646487755,-0.3553939429943992,-0.699880970751229,-0.3902874912609566,-0.6328799414663205,-1.0725459235146406,1.0106361349635093,-0.20277849161565742,-0.5150803375680575,0.872760979362046,-0.16699999849103975,0.027460260978071863,0.3432566136675469,0.4912093128991907,-0.10067133038012799,0.3595824898829085,3
-3.37804191730774,-0.8453626712113947,-0.10605572467386945,0.6074440239924059,1.6161729362810868,1.1592367221660806,0.9545329875528556,0.2190152891395512,1.1484215385036036,-1.0097807348109151,0.6396283999775042,-0.3345999947647433,1.8686116370562182,1.0343063957347445,0.8868204650464749,0.6347771540051598,0.13534992315614147,0.57222166864351,-0.4976133612578322,0.11066203022762977,-0.11228604817934129,-0.3019917525192046,0.45771361126937865,0.6006457805019085,0.08622399056555093,0.2715663670380715,4
1.7385769437643674,-2.342210973158015,1.3394033942031467,1.1526033846184196,1.0960905114233508,1.2171831410038623,0.7034181249475362,-0.022447682868625498,1.6646099277165958,-0.06023805760456725,0.9176467739755231,0.011048098668671884,0.9964502104574958,0.9378431846667005,0.3152477068032173,0.729208040289713,-0.5698913895345029,-0.5245504449009059,0.3617640516378884,-0.46882704213146303,-0.24036866214620994,-0.5795342660286532,-0.4674801040784323,-0.00666269369367788,0.7414597042795286,-0.3309054316321769,4
-1.5447335040557946,0.32549095498851743,-0.28449078125835275,0.06301755461469767,0.9859167945526143,0.4701855260680576,0.08768502115490981,-1.62729012300383,1.3484889380999219,-1.3968878575698456,0.31302528528028517,-1.1896492207333444,1.0589194523057164,-1.2520556463351464,0.41243915453902724,-1.0626066825253677,0.21155081360368908,-0.08413375234597424,1.612828147481998,-0.4117588682174382,-0.12145495294017475,-0.3460752517720357,0.5358430891645375,0.671545364637625,-0.08893989687801226,-0.483691143766715,4
-2.077036988809695,-1.2374192322683033,-0.527673557258225,-1.095751000010189,1.0452899712271526,1.6631883713188107,-1.077583408449761,-0.5493396261583969,-0.2734615348413155,0.46188682144344395,1.068197932350112,2.1328903426642367,0.052752317767015264,1.1150132896605147,0.0038465911421725414,0.4994851410807507,-0.44888965672885056,0.26001392797430856,-0.44272805567744095,-0.7020576309980827,-0.40613542211165127,0.0237599346108608,-0.25106886507349274,1.029823782006367,0.6385111336285345,-0.5698900178614137,3
-0.777696998382621,0.5510488170285603,-0.1932130188340384,0.14704426008552657,0.2518305659576522,-0.4069839335393847,0.5749744200229236,-1.0142230561402767,1.6046010485617819,1.369964661808095,-0.5304227646178923,-0.9433955545127893,-0.6295811403626439,-2.1424420475286574,-1.3881015464139703,-0.3350527021589128,-0.7114074063858324,-0.3258152860176167,0.275147591088814,-0.5153978062078981,-0.4725213683861038,0.7929972098920955,1.1007056900815337,0.41280767413980335,0.6173945462866056,-0.09077828790854098,4
-1.9729895072170727,0.1838145738823774,0.9647288082243778,0.5405935381574869,0.35304226448427634,0.11467456926027696,0.13263936704701357,-0.8865681822868375,-0.33363182167578753,0.07085366787655042,0.7853451316044583,-0.24898857880767414,0.04134874995521773,-0.16297640814910777,0.19328110639767843,0.8605689958656603,0.11352969044386314,0.6024291439262014,-0.6911700628425,0.7791612146833163,-0.13859992019597442,-0.15730224462208034,0.32421178117405725,0.5668792172664973,-0.26576288227736317,0.38107643982356626,3
-1.564389236618033,1.1933938137562885,0.428563204339497,2.4639774678302606,1.2708921924133003,-0.16908498767605273,0.8796496647549495,-1.4122213209393741,0.5198472692722805,-0.4981435938594027,-0.9436985314232605,-2.14933483371908,-0.5153625651642059,1.157552864647925,-0.10326201879039057,0.4912315543142844,0.5318677978226614,0.3421529930043659,-0.031839835074560105,0.7607540180880604,-0.4092871129713618,0.4229858243997648,-0.6215567953844401,-0.26766616343250227,0.6720619651393615,-0.6220413952135366,1
-2.8948409466849494,-0.19062482376215426,-0.7425751540396655,0.3367632851957867,0.7389870049799401,-0.9791829353688909,-0.40173037785035487,0.00276325547745209,-0.5630719331770141,-0.3686825383434596,1.063191052448355,0.08779247215479226,-0.6406844753316363,0.04553576989122924,-0.35560019349540434,-0.6017187029543036,-0.4106202998424588,0.33525357694525865,-0.39664508090678025,-0.5162273576591478,-0.40514462332741286,-0.1486624212418185,0.5305332723220658,0.6027066707854383,-0.3109924513372764,0.37303351099264653,3
-2.655935422394896,-0.10216313056003988,1.5153711339763605,-0.18592760603628264,-0.6033552422390285,-0.1403094845320689,-0.9733447207821517,0.09817488771604603,0.10224728136000204,0.7819363445658337,0.2426450927218535,0.47883249927816174,-0.3361965112377222,0.17384180283981995,0.9527663350968713,-0.1725677130035624,-0.625919560249551,0.6628474131050162,0.17030608257054045,-0.6552950943520361,-0.14555686594481163,-0.6052441415986082,0.46148582134036603,-0.5167007841645258,-0.3218725677067512,0.07711165509457638,2
-0.4323595745781151,0.7523102578710003,-0.7697688991831031,-1.444507276276547,0.7339084442944551,0.43512629069603115,-1.6553078413443434,0.03379814847647778,0.15843406191763618,-0.4348074266540995,-0.6103300427288955,-0.8607681231953352,0.9447313648529976,0.11676533027556198,1.7738306079852075,2.201222687997439,1.3187804438620894,-0.8428620359542415,0.39865091757201987,0.5956156956212666,-0.11924032257121954,0.08029642976731935,0.43132259501021175,0.29436246196396887,-0.4723821703628771,0.08272919519594052,3
-1.9172555086376564,0.3831392115625764,0.0029743663057618616,0.8779375680013262,-0.9735841600083432,-0.8215681099685603,-0.46718816736957913,-1.4542083563788701,0.9844296598783194,0.9388064010923822,1.900823809359899,-1.505812559556705,1.162748765638574,-0.9187244508926804,0.1395233151148265,-0.36896106987179195,-0.5871756010975424,0.027851830295885876,-0.1895082907323246,0.3872511011719453,-0.12230487890452764,-0.21407385443146307,0.47215716867115987,-0.09299193825598624,0.500980018701992,-0.47573843586414427,1
1.3210758764330672,2.199994564993573,-0.8709790750258692,0.3747300001751469,-0.3682732689750149,1.4686172470674757,-0.30137628837415603,-0.4624610779724129,0.11941509497250632,0.8043958804752942,-1.1884040094307953,-0.09721343188737071,0.8129492924434932,0.14897389659637106,-0.5818796601534078,-0.8313469084537144,-1.6174502561415258,-0.4987286676552093,1.1921001341428379,0.289913319248302,0.09150019478914755,-0.8848935502562291,0.1791174115673535,0.8249231031054958,0.2624849208202057,-0.29103885024300696,2
-0.3477266267809947,-0.9488305940575246,-1.0226860390199397,-1.3071371893030517,0.026623434952807182,-1.3109282859832365,-0.7117120494102207,-1.7778598726081822,-0.7695496407078465,1.2361025502694991,0.12085038280252257,0.8490528943591138,0.0035918372459670376,-0.9015371709285036,-0.15796031282608153,0.5475536254453485,0.37461010884809115,0.5344381368503796,0.5957285603321465,-0.5998354554088743,-0.9566697932073084,0.7436541625023139,-0.27915448923474306,-0.4142277476675516,0.43215302447385423,0.7730349315081386,3
-0.10210085520592391,-1.116833772329494,0.5803915675680131,1.384163126857565,2.9053346521713346,1.0392480050610269,2.6100539533602576,0.8777451188971716,-0.01800312515557429,-0.7512457356164887,-1.15276068315334,-0.6886350709767729,-0.5841793806406291,1.5814904851284837,-0.3232653992010462,-0.43613422993122586,-0.044328309309174155,-1.1790579561208876,-0.06287648465085952,-0.5613576305769962,-0.5053828223866637,-0.025459244547695343,-0.281748195714599,0.8238893133195048,0.3223699975549053,-0.18421751293513827,4
3.4308624762536106,-0.12629100538586802,-0.2417034189333199,0.2202192636750645,-0.3548720909913245,-0.35111886901838535,0.004345651976649499,1.1971204369108885,1.2996234151030073,-0.11765831861210621,-0.8078981303783901,1.0288822340960073,-1.4671980725640126,-0.034539336987834304,-0.5992806957120663,1.1470493236535917,-1.0556358171171207,-1.6181239070164204,0.3240639001148728,0.33465198246926753,-0.39848968227793813,0.4026183745534463,-0.04576557843211718,0.2738704626637251,0.9921256717382947,1.6237755084522092,2
-1.6235054522064916,1.7287383982180238,2.539455114343425,0.5941759606667726,0.6904582035846641,0.7620827556231702,1.3187009417749769,-1.6671100318751484,0.8099622908261053,-0.2577265018214038,-0.9198810509157047,0.2990281846756548,1.3335352126238076,-0.2749390273541228,0.9921164877756434,0.2094072613281059,-0.8771285790880167,0.3450937850771472,0.8821288144004426,0.7967286398519919,-0.16120174730625936,-0.1392877206949498,0.029799706757704165,-0.35135502852508316,-0.0003025644108160249,0.36533198779478665,3
-0.3612183735835794,-0.40655129586740335,-0.37100777024214165,0.39401963380612104,-0.2438592403435731,0.8895644557054755,2.6203617251296487,1.3179900826645066,0.02829786983792256,-0.1433244788063391,-0.9090063253049635,0.6644964682963387,0.6053671617561532,0.15810606521823742,-0.6192148603682487,-0.9298882461227861,1.1892051874869909,-0.6997486961067967,0.3802273223064109,-0.05091728560875877,-0.19729780678502543,1.5844762878812255,0.31100686652648024,0.20354000013700796,-0.07562825524393263,0.8862879245179558,3
-1.510114740631451,0.15046944343642754,-1.1315703135982893,-0.8797830474242688,0.20432552158386064,-1.081033409105133,-1.6304776470116602,0.5232157507606819,-1.1228997924361575,-1.8697341289843783,-1.1035719739334957,0.0512904074445934,-0.9683553911868987,-0.5630731704083054,0.8051967168948565,-0.16795605476017147,-0.5799294122790951,-0.05812805100960601,-0.2571403977780086,0.15228244686930528,-0.36323332790620305,-0.07659491947636515,0.40185627147389413,-0.4294946195327775,0.4015591112893193,0.3426686356306528,4
3.2491983420307595,-1.4441441493214848,0.39103145272811035,0.336851978626667,-0.9968040255102307,1.3875434957358619,0.28389248563707586,-0.2872889282648982,0.2939241051209691,-0.9728544235113733,1.3278832817297688,-0.3523882443194049,0.24259435441445773,-0.6357774057473128,0.13553162307237826,-0.4093293818735301,-0.22565218396424958,-0.29261309308789113,-0.676865763569379,0.15122263771972702,-0.5567662691629359,0.40549144220315564,-0.28717319674172703,0.44673030195907953,-0.598207238308548,-0.4668535242677894,1
-2.199214677394823,0.7119304935442785,-0.1504260019166004,0.8016666828796142,1.0246132916305166,0.6273987635664409,-1.075022161962971,-1.5442151543121576,-0.380373563772639,0.3388905144240461,0.1772239031026739,-1.6833954025651479,0.28801448206327235,-0.12711434839549726,-0.3976910886027573,0.6066958576088839,-0.005396823098144334,-0.025367353715519445,-0.40093796502622264,-0.6785761292857138,0.09454740888171846,0.14396634203187766,-1.175176536682569,0.49193727259833614,-0.11630203045520675,0.5074967072052241,2
-2.9583715412132885,-0.43323944752047744,0.9453915128444471,-1.1922675652602734,0.8587035194818232,1.6121523467430727,1.4520125308200829,0.4284574488077871,-0.6271302046398978,1.8089243983097496,-1.1294975961168632,1.1823676959848548,-0.08858105781320838,-0.19398024334525052,-0.5056855942319002,-0.7694586384099843,0.8959067076431136,0.15231168661064937,0.36673993028402513,0.1689344664458406,-0.16870558818932524,-0.4120329452265388,0.17676513784537043,-0.03659144285252479,0.9712058615931892,-0.2757838998563531,2
-0.5602243747046391,1.8816794669024959,-0.0612631957761174,-1.0089820851970592,0.24188097292268543,-0.98876460188127,-0.36481810151649646,0.8555480342815991,1.7157351400486354,0.7674808847935402,-0.1515727758320909,1.0554887616004016,0.05556914726282099,-0.9753554995025985,-0.23220220523757468,-1.5498283285890473,0.8748646409800508,0.07234106974427297,0.44017020471373364,0.3096451809349757,-0.1975595417607342,-0.2728006538005645,0.2739950406279995,-0.5467691156162411,-0.3787488201290769,0.02469824071744133,2
-0.447670524051517,-1.4322221538455187,-1.2253717704557165,0.11613336923976819,-0.4165527384892148,0.5074772438786541,-0.16247102683493328,-1.0922609569785315,0.9056865651548176,0.28341008789815764,0.8151768486531531,0.07216265568580356,1.383596166827675,-0.8177826799297454,-0.827018347226232,-0.47819382379795955,0.7939955289160074,-1.0255324104376564,-0.21148024214206826,0.6565809478981055,1.1336973739318164,0.3729544128676652,0.0404053133773145,-0.5717833857969262,-0.5192561430556106,-0.06973226396435671,1
2.644713532504292,-2.8703884609763275,-0.6816310810780488,0.787009727969647,-1.165994000129079,-0.965084598791867,-0.05990869030628848,-1.7694037008524497,-0.4173500329399396,-0.13752718223064045,-0.24353857195376416,-0.8129226063557587,-0.17068841472364632,0.7761062982588584,1.0186424894950457,1.18115431823204,-0.8975276065442364,-2.3077499413274984,-0.049467613450497105,0.9792755933381913,0.0995453577369582,-0.532343312787511,0.08143742305306229,-0.27632039261439906,0.3852944535273591,-0.6802904940432,1
0.6132344795226052,-1.1754043785376893,-0.034865442703947355,0.7378408885566795,0.5570089108979684,-0.08904838264680139,-1.8507561341089005,-0.863123831378831,-1.4083288057151244,-2.252871270340867,-0.6071740041657488,-1.721693211436712,-0.3662302546504774,-0.7379624451919026,0.4564665724725594,0.85593528016419,-0.1613871502427207,-0.6390660475774056,-0.4830616568875342,0.7896195835144334,-0.06780224455723294,-0.3346626142433999,0.10989314455218638,-0.6229904817158662,0.12381710671451346,0.20441188401182192,3
-3.192109695475467,-0.8746866741839077,-1.7063069833061306,-1.7124068237911787,-0.23711271725895533,-0.2608684889686896,0.48577050951932027,-0.756014069993897,-0.9347797766440422,1.0648193342568655,-0.3718043380991382,0.6834168772131757,2.1366306395393986,0.03049836569273394,1.0533718489367285,0.032957378076583305,0.6380616983028873,0.34354846756145807,-0.24290054919772808,0.14877092617366564,-0.13836262984645925,-0.3428977315930212,0.27940851479059386,-0.09448725362070448,0.9963811959511416,-0.27128928241342565,2
-3.2099440582088894,-0.5254158283488314,-0.5255784914899087,-0.30875015639360603,0.948508860923212,-1.8075077448494457,-1.3995949161734944,0.035090365387661956,-0.006905897682249435,0.24113519241300954,1.4396544144174552,0.5492088002151714,-0.7950853654409875,0.5022603248151953,0.23389217954384564,-0.26232483233682363,-0.03637953495602312,0.6324667229497456,-0.8986007579084182,0.26952957126098626,-0.18875818027880079,-0.21974610340688328,0.24483278052112614,-0.5069015200906485,0.19007035145998671,0.05670343398355819,1
0.7004115184134023,-1.6248164828801552,0.5754876130717493,0.35043995166717046,-0.8377735246494951,0.2645094740132551,2.3288949961427305,-0.15084531222013178,1.6069574424195003,-0.007603761141199109,-1.7323936115117005,0.5008779126600599,-1.0563889527699668,0.36145898605365107,0.2906546772433378,-0.8037050712560989,0.086395693977218,1.3530449589296536,-0.1907965150378701,0.7162057686013916,-0.42575670879941574,0.411188550935264,0.270681814061234,0.7160775352501961,-0.037501686112313005,-0.36377105920800634,4
-1.9933993204470888,2.1261869725104647,-0.286849261948535,0.8341266710282677,-0.7547251582125973,0.7028466907271387,2.0229709017669526,-1.0811556288176787,-1.1508337660112486,-0.669198371581639,-1.0838275966148962,0.19942763233244165,-0.06556092670795913,-1.4383670068303034,-1.3780785123129744,0.5373980949687166,-0.18548152474010207,0.1722546137959282,-0.34859853688609177,0.49077015432876514,1.0355851174391373,0.4488431568831435,0.07747407619099227,-0.24200382658554223,0.3676321223626391,-0.5320697727873329,2
0.37097534734809656,-0.8358041630035271,0.29934745005899843,-0.2015404563285451,-1.708622439243282,-0.5753875728556564,-0.3792589405071892,-0.3730504811697969,-1.2420059306397204,0.6067975742290589,1.41925770123387,-0.0870257537379693,-0.5028205082675764,-0.5556448146338645,0.3334933481327093,-0.5977839955513123,-0.40782654917096556,1.2471485183918216,-0.4242693204653629,0.6990600286435564,-0.6443372828504382,0.8508515598356066,-0.009480460387816157,0.502099640464563,-0.6205720265138333,0.05186486294343428,1
1.8308501539570865,-1.629906641676682,-0.854725018398757,-1.633286882800488,-0.7255331238218239,2.0473985945589126,-1.8169150403550227,0.26308723925685407,1.4437699846593046,0.34494265979916094,-0.3844596797338738,0.2151510037777493,0.5458990047463613,0.7244925456675557,1.2712976036596702,0.7552067098529088,0.7560104794313242,-0.5704478064765508,0.5766687803188287,-0.6865529973093352,-0.2955767895446331,-0.08575579317781772,-0.254599043980664,-0.08081522896257422,1.3471518302807501,-0.42763056998138893,4
-1.097339872882796,-0.3406520746595718,-1.323270809184105,-0.6789178040095488,0.5058758944717154,0.4745294397186416,-1.121507583889693,-0.8877135331565439,1.403846046983849,-0.17571511974404816,0.5106693758007196,0.7582128897052026,1.0338952603449876,-0.6203500435409174,-0.28968695775492054,-0.4350233355703375,-0.8397819823675104,0.24297243099145324,-0.12630605149796734,-0.46333002468574347,-0.08244510877795033,-0.9756027874817366,-0.025678254731905117,0.6133111470848759,-0.5243596170210446,0.0814380416842731,4
2.3005153322699337,0.23970288131489847,-1.0845077913626535,0.47485212657191966,-0.058620975035388025,-1.62854641065338,-0.3268799152613226,-0.4208570712665963,2.7630463357210426,0.6005536936289827,-1.3144129731010556,0.03467783247312137,-0.8516731159694332,-0.6716190148008073,-1.277053119530761,-0.21361736529397254,1.6346850496397907,1.8207272950546716,0.23104252315369778,-0.36558161238520426,-0.36680379122192575,-0.9927463208483704,-1.3127872356849308,-0.20185617431611955,0.4701025285642143,0.2640276609405435,3
0.3105741551086679,-0.9725345581106501,-0.8697265432187611,-0.1597574344654326,-0.5117442434541846,0.5979996682437436,-0.06494140846632208,0.7391359044063185,1.258449972182341,-1.9917232911446017,-0.5196979801699748,0.09812896830620857,-0.6306457585027067,-0.2456806041723327,0.44009251674112976,0.4801186695320193,-0.9145116103843449,-1.314011899974139,0.604586770682055,-0.7425501641916088,0.03543469163739806,0.41854785196922845,-0.9872209226317793,-0.5984091103540039,-0.3612602562528146,-0.3707160310859738,2
-2.35029239307635,-0.49479883753144377,1.0608282501001733,-0.22464068706605417,-0.18710027963924922,0.8028532531620141,-0.19329640195710965,1.4254297185367009,-0.5133991792305664,-1.2007704453746328,-0.1571238103792412,-0.029378585985625184,1.50865614258268,-1.07085336706222,0.6432577189895703,-0.1936247763943811,0.6377411579909092,0.04028558551576239,0.38805193678091554,-0.03849452232737801,0.8207939707907385,0.43876540224532257,-0.8077045527835962,0.5385751738922803,-0.063881216217214,0.5038264518270051,4
-1.368971253292187,0.09392368474939172,0.5861281416549753,0.39207366199169424,0.2377572360293812,-0.019803582676740778,-0.39216182708744085,0.4057498552344563,-0.18974354305003857,-0.1807102045057823,0.7331741956078458,-0.1879603028160288,2.1252247694330073,0.2538348521054865,0.7723741233270839,-0.3938272176307549,0.7534532745459149,0.38466086318905,0.7608807068740816,0.750110213544413,-0.5379983547341544,0.6074998800717594,-0.36537082041087543,0.4260272703551276,-0.28828556260303645,0.46728997385640064,3
3.973786905116051,0.6649104507772533,0.07923234634473751,0.38963928390828884,0.08561800204906712,1.413481294964392,0.8167471248750305,-0.18483466723440486,1.4314259844675756,-0.5133404112953479,0.9815910699186984,-0.3006867630361569,-0.44466804462270343,1.0031671379213518,0.34014438292047483,-0.3982601176023065,-0.4538870292814211,0.676023898885654,0.3891083741010776,-0.6635754349587897,-0.47627477082186104,-0.12161558457549086,-0.3352121920506832,-0.407181804571862,-0.5345974755295135,-0.3999758992888612,4
-1.760370446970059,1.613901597369879,-1.0421754146147795,-1.502433765946129,2.023468263121057,0.008502384920263811,0.10320248301217218,-1.3891188309311744,-0.950237845351014,-2.4398218361315616,0.1661077239137711,-0.13381566179314594,-1.5352463614247491,-0.11463076557995705,1.19299744674645,0.7321880392018933,-0.8333700991284935,-0.03986458502264832,1.7268392449740742,0.20681360186572284,-0.09641996571273732,-0.3593818837961758,0.4243099913272221,-0.4574245841038522,0.05241083105339936,-0.3788704168312468,3
4.905136858920589,0.2447841185403422,-0.707646352374395,0.3206498369404394,-0.9443331326276116,1.9857065499056246,-0.1136141278885918,-0.43976297648043966,-0.9007809221626717,0.1279558933081407,0.3544000425089425,0.33269890113005757,0.31888499253321395,-0.2787916669082668,-1.256756589626295,1.7023822275884053,0.7757838901619132,2.615083378230703,1.1367225881506426,0.2592465756465271,-0.5837338347268948,0.9221823841119661,1.3387272363083242,-0.824087815407035,-0.20185113780734681,0.215867079923997,3
0.9019265019118917,-0.7106326836902428,-0.31997100272472123,-1.3165509834395208,-1.192758341017473,0.030558083102370914,-0.09695323680091232,-0.7189711433869146,-0.17355825768908484,1.1327289219863867,1.416882310635221,1.2628901789982938,0.09103890360037455,0.46817797944595546,0.7527107312721264,1.5616343245860334,1.5991539921810796,0.8242552836723366,-0.07812827681893683,0.11629718498393406,-0.05915952774840671,-0.9085286432816735,-0.20611570358579345,-0.3939681168679355,-0.3336061908593097,-0.18769575308668326,3
-0.780122640886695,-0.016877766433988552,-0.9124347117684173,-0.8045960677548438,-0.4282473034711936,-1.7207657450249803,0.7692873298666985,0.2739114273508073,0.005738032363480215,0.16225088346181787,1.656017208468588,0.46494760096866733,-0.22660884529851413,0.18645158727899266,0.7495646156217944,-0.625558666444532,0.7395755554635497,-0.2506922712753723,0.842194722443323,0.27271604381394604,0.5549353078652726,0.14566346328428248,0.3984805692950579,0.6012724063816023,-0.15744725903734177,-0.4527610152317352,4
1.376411818404884,0.26150921156782553,0.9046424795865498,0.33926177331337526,-1.307608901659972,-0.1443297587060266,-0.047642264574361506,-1.4112690685307636,0.052460467926655506,0.09532795913012403,1.4201070111953924,-0.6505785823952965,0.3913202936058574,-0.2955619752447655,0.7088294990494369,-0.030297095980837952,1.6004742211599077,-1.417305876773306,-0.7559098277231062,-0.5397028744208983,-0.2139920717028498,-0.06903492135011481,0.24845505056577885,-0.5312534686386788,-0.2116247972698827,-0.11274590478594908,4
0.8687850183012763,-0.3431214128947626,-0.3260830945431082,1.719025087696436,-0.01861323587635083,-1.3461201789530735,-2.189049983853715,-1.3432514887022236,-0.9516929661919217,-0.7740876017511975,-0.5774497024474379,1.5515854467111874,0.8595473393899847,0.7387224969406082,-0.9313942975129776,-1.7543101350353245,0.5815375036595166,-0.9412045493378336,0.09335471725130141,-0.5878609353855508,-0.32231701017373227,-0.25411459078273,0.4473496190855131,-0.4411369261808508,-0.4701194271050544,-0.34248885074293706,3
0.5045387092783263,3.100679622689706,0.2941540151147099,1.8217822042311305,0.6226811007137268,-1.0300810140755952,0.666823540568381,2.6013484664384072,-0.0614602056553497,-0.8082107551638715,0.6821152481407818,0.08327066512332622,1.754791451445549,0.8220296258607201,-0.3170743890422195,-0.9196699795116453,1.1787243295130976,0.301813976084801,-0.1199496973366378,-0.6476410042400674,0.7310028232932853,-0.13876282474742158,0.5073109747970184,0.6921760000819233,0.5264024474571019,-0.12321647517981052,2
2.1927741888985475,-0.9774547504131199,0.7158455814753859,1.5465225190103606,0.1622829948922885,-0.28314322885823173,-0.32683236188546844,-0.8945586664937464,-2.246221600024097,-1.1962799387702447,0.3701532952884472,0.3122121265105564,1.7661357375892222,0.08012068084389243,0.03855425540835193,0.22338021892371032,-1.3633805663084,-0.6974911872574562,0.5564734431110763,0.5831033374842146,1.0589292008571065,0.8382104409235872,0.27588849329117604,-0.285327831745421,0.8804199844884236,0.04461951451678552,3
0.38413522154046204,0.25000546697887144,1.2330097922845014,0.5500534671353532,-0.9995899516937542,-0.2757611791146047,-0.3756093342301802,1.3407262405370406,-0.7702483794306663,-0.14602594821557005,-0.09005783188968776,0.5039671655326454,-0.6797138661561931,-1.9902911821283282,-1.5521274779306922,-0.5244288368094301,1.0003197117368638,-1.2958961086650371,-0.14110860839408393,0.14044663151767783,0.5564824995496304,-0.11173475466426154,0.3297655666246417,-0.5924256485515081,-0.23051938373275405,-0.06271264455893444,4
-2.2785202662432256,-1.0906327035562065,-0.9548532847381211,-0.885897029039596,2.6455698905867595,-0.5753026323073118,0.7947178278821332,-1.7094128859904716,0.22725649715935753,1.0757080855720254,1.2687642090519735,0.34156366096594865,-0.020133861124975,0.9388665914097186,0.19699705029928968,0.06894758381158482,-0.7780871167305371,0.3688988840267884,0.32765424593986053,0.7960496038531489,0.6788045094428065,0.044818758157315716,0.4775570633359901,-0.11184456137322746,0.50256025548635,-0.6158150638836704,1
1.9512468069912923,0.18367028663369245,-2.2054842237674444,-0.3183210540630679,-0.7858768756194604,-0.06142713856804774,1.6914907032445023,0.6827415044103478,-0.5945265905269997,0.10632183350477176,-0.3631652031059582,0.9939395457858219,1.206353024060594,0.6990903876682307,-0.24119906361117077,-1.2346742975367544,0.7759985795937003,1.3787152587547498,-0.6964716792686393,-1.0480543584770032,-0.06987028260431342,0.9598579812634002,0.8643087914367658,-0.707626214831919,-0.4104143842070447,0.18360422007552238,3
-2.8556097449522766,0.8308325813682659,-0.49513600847545186,-0.13637081723844696,0.8767146141467265,0.26238895340941804,-0.7033396105404627,-0.17354210565324818,-1.044117689678692,-0.670678246061351,-0.1425433452291985,-2.5805608346189874,0.4114290197269262,-0.375339763064663,0.9341780668625613,0.7248228589895427,0.3819986362294198,0.26734279165519376,-0.8145125551226697,-0.6502208165606683,-0.18255443484808176,-0.28255986259233246,0.39680485340512556,0.9043298298815658,0.7964268367122096,-0.43123129767441054,1
-2.1532520451711035,-0.4653828085239706,-0.8972815530346413,-0.8950485808771511,1.2699255848712816,0.05588478403928593,-0.5184574479615827,0.5450224734613567,0.24154129881620395,-0.8682049087635725,0.3681856627749139,0.8884120825163924,-0.06949634720161024,0.6390582234569494,0.643967639865204,1.8593696638890618,-0.46761973669281875,-0.19982322379384193,0.08895530348636718,-0.6764819673594251,-0.30575856739021345,-0.3453183686282717,0.44706143054647807,0.5912872145105161,-0.21759921966378418,0.2765363258889385,4
-1.1646075423585587,0.8566163249074218,1.3047028149596736,0.9697713705478002,-1.5934381455754985,0.35231537873417446,0.3047560248756695,-0.888644239905756,-0.9313233046297084,0.28280153987754314,0.25295101034414846,-1.1809521262441163,-0.8969343152264496,-0.38986093411273554,0.15013153833786938,-0.8058524771078148,-0.7722497206380179,-0.28474403819315336,0.4034221264862352,0.8571748449119662,0.017982086266662433,-0.11253825315773194,0.6813700009914322,0.25636843778637636,-0.5278634988288423,0.3987829498308876,4
2.7062680727059965,3.683576364373054,0.28726508312688037,1.182699781680448,1.7213979206470702,1.560832224477493,0.6406252789439931,-1.2034250089084721,0.3850456750384815,0.16388538194262187,0.7437669472197377,-0.9395115787709348,-0.536192396340534,2.0433716050472372,-0.1896590433206406,0.5204325351309406,0.23460432896345068,-0.15059087206626176,-0.8152350803360279,0.6937752209258294,0.02313810428789446,-0.06581157916377649,0.4348119893165035,-0.5530938404807128,-0.13422339758826995,0.23165059262271864,4
-0.7233913317923338,-0.0931363710290126,0.9171876638269006,-0.10780985980462436,-1.0523672728164153,-0.29352651152343145,0.22611867058790214,-0.5196958401202816,0.23610574430474604,-1.3730327782009757,1.8802435175036236,1.2006475659738194,-0.47291221184044846,-0.574494995579038,0.5352408070620519,-0.837751141782458,-0.2603632278753983,0.3830016148037143,-0.2665100604800744,0.04676246910023161,0.7636349987428589,1.2312595803648814,-0.23835042010773114,0.6571289603158018,0.27852183154522636,-0.3808957181285582,2
4.906429799673979,-0.632460328249575,0.5741395725199587,0.050589125536925746,0.5923069717332077,0.18794083102252881,-1.723661791184565,-0.262035315974791,-0.576494336761204,1.0478516978351933,1.4072364116852898,1.5496701484680724,1.0674493768050601,0.7342028576806217,-0.32037032675803967,0.0052022186697919665,-0.7116781589759517,-1.567076439165684,-1.662520296096433,0.33858969683465184,0.9137256816394714,1.355408346311471,0.6085189036833557,-0.6894093405786229,-0.6006672262091552,-0.6778758264142063,3
-1.8587094928776615,0.9712058658127849,0.8010807768003672,0.300472779483612,-0.3114141647777025,-0.1154944381796833,0.9744188992983452,-1.6957796091342057,-0.22410851520444994,0.13594289344506655,-0.7649979035083907,0.8412200074984808,0.8028146794135481,-1.0219858398643835,-0.37908449366319835,1.8023570538289513,0.5750576599393665,0.5014724191390394,-1.1801538342400617,0.08293393440223508,-0.5817634044107035,0.1263013895272415,-0.6718759167509041,0.41292484111355526,-0.19080541355708963,0.3270684578827433,2
0.41937955296756574,-1.1991469662804506,0.023445382533807534,-0.43125673262053116,-0.010088705702464154,-0.24113910513264067,1.879107836482271,-0.11138490146928477,-0.8895350777884826,0.6210822447738381,-0.8040043089668628,0.740328528138224,-0.039986409763044635,1.1131695389878637,0.9274816206713091,0.5336387287380139,-1.1142674160486268,-1.3978863689526302,0.6476768989292512,-0.7752557082150866,0.11031085149708632,0.380219702497707,-0.47343176913849416,-0.3039035641646105,0.07830543743705629,-0.8312231275131712,1
-0.29982090370686254,0.13025738085660274,-0.6052021512781618,1.0260344474387004,0.13375779450124922,-0.21430857640702455,0.9423157130489216,-0.7471309856649995,-0.19204149946850158,0.4451310853129648,2.0902219510359816,-0.7328830357310587,0.4302295993374943,1.2111127186330466,-0.0675814756914187,-0.7500392673630479,0.26721505450557553,-1.021032283908134,1.677508781399571,-0.1772651585057841,0.2683857368383123,-1.4755503780092458,-0.04710313824441133,0.8907808562504036,0.030769960906109894,-0.24155777499282072,4
-1.9685464894472688,0.004313774055224935,-0.2620437841313194,-0.4318398276386903,-0.16232656467131665,-2.2270271808308206,-7.77671746286088e-05,0.13252250876158303,0.3681009951091764,1.021003819777864,-0.4223326270713591,1.7325232614623942,0.4383796221905282,0.18602048914013966,0.34367808542166034,1.4313703919781937,-0.5748790778861754,0.04367344276671969,-0.23060468230333517,-0.5504667524429093,-0.6588779739598951,0.4572967327957862,-0.31578254773809195,1.0043941517804513,1.1591529250601271,-0.023352040535397744,3
3.174221023129656,0.9458999544927683,1.274381680880766,0.9498279033432115,0.298397904424184,-0.022302383770992803,0.8423359830520372,0.5526265570750174,-1.3653916101896262,0.8512053723085211,0.3303819850083468,-1.1567032706812042,1.2572558079448415,1.3448370934902893,1.0355683851008999,-0.49410123445056764,-0.6578756098881008,-0.8217794046061047,-0.29003701363018436,-0.8085909504473787,-0.7232114385622554,1.006420929943371,0.3672574313798698,-0.2277328447258197,0.29978208567613035,-0.6930341562547578,3
-2.313839804060931,-0.35150674862021747,0.8519396946994734,1.198822147486309,1.0383200314055705,0.9781726648569641,1.6377816651152945,0.05483808488714127,1.2886830849973876,0.434678222835106,1.2280854208858991,0.3166573226337065,0.2130319139136895,0.9924241938125139,-0.6512384031136329,-0.15378629138378785,-0.9670551860691906,0.136352161040358,0.9423460323427677,0.632413778502408,0.9087495975689978,0.44894833269547163,-0.553039012722301,-0.32659900450325535,-0.46741776664411516,0.007138635411852623,3
1.437632957411746,0.9862597075347549,-0.2916368750689941,-0.8620172591427323,-0.7144404017097562,0.790028132391509,0.979103780553636,0.42238473546586963,-0.06767984524601736,-0.6874258210376971,0.8291543033643128,-0.020745632271086025,-0.9363811090730151,0.03345561983691783,0.7537064602621385,1.1481280350204366,-0.20700976964443138,-1.1207092669124195,-0.5846432294542628,0.655029240656221,-0.10205557956688588,0.007974916152974576,0.16060851573083407,-0.5444055646658159,-0.7184706002673439,-0.6395258383365796,3
-1.553787847033416,-1.1272433627347538,-0.24830754062143107,-1.7113423339055387,0.20805917255783496,3.24340068487383,0.6453564439620002,1.5254905863159078,-0.09491401478089743,-0.6491637240008866,-1.4649666317506362,0.18054023203789543,0.5413244418258482,-0.5904560043808538,0.45542849082745773,0.6498018094381294,-0.16091845393369755,0.7254268779724488,-0.7335905284477752,0.4723670484054887,-0.07312921214145945,-0.4410081271768429,0.416086661190723,0.4951437430865402,-0.5305368675222365,0.15536861499413993,3
-1.8165094478191592,-0.07646184340630234,0.34939809045801073,0.6278229229756066,2.5973629844536394,-0.7219943910451317,0.8885583287330094,-1.1653475339465769,0.3183969345966075,0.3916917189701708,-2.425831217829945,-0.8349035739604407,-0.6379815273693465,0.6619866575833117,-0.17645573082621255,-1.650656099834543,-0.2256134466400695,-0.11577235909888384,-0.19526388105647344,0.23233054198080502,-0.22090601221967102,-0.14391058694480574,0.33817877176106864,-0.3251063040169452,0.6506823729106718,-0.5649299984377106,2
-1.4847447880574118,-0.466985789414821,0.12305561993550977,0.6607601001530319,-1.0337155430562224,0.7406916233290449,0.34111335045974384,0.6854035560924943,0.4360334471686673,1.0417250915473708,2.1649503268074985,-0.2968557876153881,-0.5790943444562309,1.0487451567154709,-0.2225991330524648,-0.22247530938696292,-0.4607361110349849,-0.1987006139752313,-0.07352336801703054,-0.8035051467566067,0.7198990162408829,0.6357313696732875,-0.6074638974447277,0.6462048849240494,-0.7334221899219738,0.06062393817707966,1
-3.53132265646748,-0.7415347092642242,-1.3508127419692069,0.43875944183535137,-0.28791659656736024,-1.0573714218047676,-0.3619247570488178,0.5368246447655824,-0.48569336858198353,0.6466848182400183,0.6731858079336618,0.09882271955089762,-0.7717683496084033,1.1041079216391358,-0.4269909471271429,-0.2896076216446559,-0.2070016515718995,0.42173759482353085,-0.8615501258700687,-0.7085821727864036,0.26607783156203924,-0.08013291882169389,0.18346492975215958,-0.2653027213113554,-0.07107251903431498,0.34662543752091907,4
2.5197537989523893,1.9986838976761212,0.6817658508481818,0.89512748911169,-0.781533899707247,0.509255896068877,1.0848344090025803,-0.14571233341217585,-0.05902485415754361,0.1889886225420202,-0.24060958267400218,0.28178487887714665,1.0948549129848757,-0.5115930758573829,-0.5145992347935492,1.5167719525636703,-0.5999942086977171,-1.4248934689867183,-0.0367938447245105,0.13453099324897588,-0.4012676963045157,0.08784607710158708,-0.4605459877377195,0.5407669118420937,-0.47751297639296286,-0.09957968765673902,3
2.424135677910472,-1.0693029242775918,0.576645154318739,0.31956114064719876,-0.7109871664155786,-1.0625456753590257,0.8019526205762841,0.27806653865174796,0.471355867059123,0.43022942014785837,-1.7120938677922362,0.2548337141121529,1.0338045662894992,0.39859253026555785,0.9828812502045461,-0.20080294151410608,-0.07252966357738519,2.1353446943888263,-0.4429359767559693,0.5024597677317325,-0.5275296902747975,1.1454634812264501,1.4036103939490805,0.47737818815676664,0.41232789291801397,0.1913402046597825,3
0.8485090263940777,-0.9600008774652302,1.4673727869562543,-0.2866506774067786,-1.255544260793505,0.5624224902281194,-0.24276840779136746,1.8520573090229788,0.592424681750577,-0.17940501191067593,-0.5292994847427623,1.6645108450595807,-2.057745070942186,1.3781560109723439,0.80664547327784,-0.8297632243167938,0.021407024569195385,-0.43730681990301346,-1.2342359462150367,-0.7199756866506332,-0.32112307870830026,0.03525838235798926,0.34757165503552995,0.8485480659736122,0.00616210078645948,-0.8982593106316402,1
-3.2292879556116154,-0.4006506687647231,-0.37544861741665214,-0.7337344807365935,0.3363019926414961,-0.08931737701460472,0.83361010737201,0.06305432489834416,0.5648444334159204,-0.2573036686362559,1.9692664098157495,-1.1625839231435833,1.1707748015142798,-1.0543140846736696,0.7720741503317591,-0.3723060717272996,-0.2205296528965764,0.7050834895743915,-0.8778408839529197,0.9569358655759485,0.048377522241916986,-0.11829575407137392,0.5071817157540354,0.8331845778288262,0.6090512881505813,-0.31341317545584213,1
-2.210859373297048,-0.8975967803143681,-1.1567585756293401,-1.4933616921660815,0.7336987214326731,-1.20046039829672,-0.3478134083131407,0.04644081789001948,0.14481513193101236,-1.174934864329914,0.7492394073516555,1.173189829216148,-1.060034655877566,-0.41412164806458984,0.5026229670782097,0.1192590467472209,-0.64176976640178,0.41831084981945377,-0.055775364220415354,0.6660421216488804,1.2006241071676105,0.4209331064886851,0.10091065884000988,0.2722877683209556,-0.31479212223180314,0.12250266883755329,2
-0.5647314652733676,-1.2347150086853567,-0.6988237325671183,1.0467401784111532,-1.0771025883528413,1.19220422507175,0.4182172243944381,-1.6657344792957354,0.45481193133413056,-0.5607887449557396,0.711398954002391,1.4200209440336542,1.0904003599783532,1.7165979903513577,0.033963917964070285,0.32241552449470073,-0.35297537526047496,0.03515517004522134,-0.585349955663207,0.5909503599557151,-0.6797249031487048,0.999546204457702,-0.26420442213673767,-0.3906598599602176,-0.08605297356608498,0.1638916859656142,4
-2.466619516235711,-1.494592204889418,0.26939296475649166,-1.4010013461162085,0.8780275438858435,0.1630747676718732,-0.9399651556004642,0.736345856458458,2.312952197883024,1.8958337373583802,0.6712588156942981,-1.288326503315504,-0.6491302997295267,0.4144569635605881,1.106701015334967,0.5201909581192682,-0.20217903672800086,0.1421250656519916,-0.41578393535961666,-0.6283138745084657,-0.6774131119983456,0.3286136139011725,-0.33046470744118717,-0.49861682764786097,0.031075461404831105,0.37905109404692744,1
-0.20843169457025318,1.2984274610918414,-0.8652966483498594,0.35478365654363886,-0.101093024575038,-2.3683375513028104,-0.41813289540705145,0.543515073156142,0.16735593256096912,2.025031917126852,1.3451887977138606,-0.7635473892928863,-0.8145780297488333,0.11943968896208343,-0.6671340568042897,-0.4186291052305075,-1.2908127387178872,0.04719936548907799,1.0049906529044272,-0.3931566388746038,-0.2644570955757461,-0.4409670494106365,0.47849859919007326,-0.40929100482856384,-0.4229689416167352,0.24484489463445083,3
3.592763337597303,0.9108587086298118,-0.5674646649534173,-0.040632135696764264,-0.03420850043048261,-0.07486146227504563,0.06374270770619386,-0.5755449273461615,0.37177868462830777,-0.9985667620957372,0.8214584461758914,-1.3045831354798785,0.39538081176510576,-2.1547563537391623,-0.5541295875932638,1.0318256402075958,-0.3483685319634043,-0.7240004758462038,-0.4480375476383796,-0.5403336421735729,-0.29585900480740207,-0.01897358059358411,0.5423058253493606,-0.6275669026920535,0.12711532460313246,0.26093155213500424,3
-1.0380190858866511,1.0330002565467282,-1.8714192336266269,-1.2423978203314507,-0.4529189428186811,1.0846290666518623,-0.10742004469436998,0.15107396592907843,-0.32163965234681,-2.059822995046225,-1.027634261513921,0.05122469350140824,-0.30977729426705053,0.013364513451038548,0.9713685183189035,1.8629253886815922,-0.04257610763012532,0.31147415815733226,-0.08237673214149388,0.49854583815560144,-0.20012237550896897,0.04190674860194103,0.3427373403048161,0.3998747045060209,-0.7113683873059619,-0.11167748576551423,3
3.8090819244702137,-1.581883339789054,-0.951726624186995,-0.5454734774299913,-0.05214527376511098,1.6195582863357252,-0.13396423776206348,-0.16220815141843858,0.2573230598681329,1.1629405061731408,0.37254183831914967,-1.1493060910924093,-0.7399893388158709,1.5278965710611871,0.4515936813616335,0.17633393884659213,-0.27625497606173727,1.4883412768385749,0.036481196938968466,-0.6534220486064579,-0.42046661262796414,-0.5578878049744355,-0.5599048313547035,0.7319663130894282,-0.06701559909147095,0.5819734320062135,4
-1.488643527970544,-0.4907992889254531,0.7815380572669747,0.5078665887954364,0.675710538938954,-0.07013845141310857,-1.5114953261597965,-1.3874930991502912,0.3395496611526001,0.3581882756481309,0.2881856609167877,1.464149085977057,0.45131655435282797,0.0027090477330426817,-0.8311411891766591,-1.074314434728133,-0.48190542566832534,0.8410108565212371,-0.521275673053209,-0.6025589655663299,-0.6011955668047436,0.04377546283991126,-0.34904176364758643,0.7200304963933887,-0.49374707644953414,0.09908762357042813,4
-1.952552953640324,-0.5466937426404772,0.8679645275624741,-0.20599023773991726,1.687322746284296,0.26844927883678577,-0.8913213821334738,-0.7703254377877535,0.860837745542909,-1.0121240373119207,-0.8978728262829416,0.8114354978795497,0.025919022027581555,0.3831819092717485,0.5942521052461834,0.06663541906310283,-0.3755724599763786,0.3169089726808846,0.10960933861420483,0.0746265894432155,-0.24596000402335497,-0.2744001816002703,0.19211482011933406,-0.6153652793469654,-0.2769211863814496,-0.09494686351757127,4
1.3672633220139887,3.401998630264415,-1.250165058494607,-1.4235535284238054,-0.9204262910815071,0.7353877776194992,-0.9435547484704164,0.3472495747538036,-0.5243787222836906,0.6930006915730845,2.0812609933212185,0.09515719343751222,0.7642049702379556,2.006284298820736,1.7287829251962938,0.023856649331392858,1.0637354498705915,0.3816883674711092,-0.4042824473993944,0.054561824283165986,-0.468100025937718,0.22012242710172025,-0.7969171135539818,-0.36439574249983014,0.005102793506447345,0.055630110357201036,3
-1.8610241263675131,1.4168074180134862,-0.039068178289696734,-0.3630306783375142,0.8309305644152928,-0.3753037580913451,-1.62285338317514,0.6182971601580722,-0.25582016745525504,-1.4538130918473704,-0.4793978492926372,0.43578199324423794,-0.3512554595522714,-0.7196293038391474,0.012804347270993686,1.0807824810756064,-1.0593834170610608,0.03310475665046755,1.2173971533845382,-0.660983449556877,-0.6730377840326582,0.046043830232575786,-0.7593677990688633,-0.5365804784925189,-0.008021200365257938,0.046468482232553225,4
2.6777164442678063,2.39978952010929,-1.5640836065068084,-1.674314636221212,0.15990455496522835,0.4603824036666958,-0.6555905684356309,0.18606183320660427,1.101756618959649,-0.9515706209632447,0.7471027767842235,-0.32853908694007494,0.12769363970522343,-0.6573193086170166,0.8613649334153397,0.11905568878582272,-1.2852693471644303,0.4919516344096717,0.9415481540728096,-0.5513020722901667,-0.028669683633270028,-0.42988399034401376,0.5794566970399501,0.7305348494949043,-0.02206480287057952,-0.5136625624915054,4
-1.403019572820192,1.5620893803747016,-0.28886243731293165,-0.3268441035588712,2.094216132374636,-0.07340634628794208,-0.0776273032727031,0.5147974886877145,3.5902000667025695,0.8762228408787336,-0.3226918907844782,-0.5675690723676365,0.48401184056421065,-0.6751457507156721,-0.647766178076386,0.9064989542631385,-0.27824889770183575,0.15155480202696175,0.04206629484914765,0.8663973991805206,-0.3954542215239622,0.4309867422254025,-0.5263257489840588,0.5011335989803347,0.025122982093266803,0.35948197770111484,2
1.9039383370474796,0.12816139417915084,1.1135038547903258,-0.20197684101054492,-0.9502794020513765,-0.9936883477345492,0.5213393639095787,-0.13799587597678914,-1.4498589482905515,0.7581827603022149,-1.746190863092606,0.08990924413260054,-1.0576400108565185,0.1381358617020244,0.7561561407080296,0.19239825541220734,-0.8766566892256973,0.35480433909066544,1.0243956795644193,0.471853574950057,0.9220586738926829,0.5458427582778479,-0.2222931112289932,-0.21819351412653729,-0.04242746092358373,-0.9161837482514731,2
5.346822287885066,-1.6417039566972615,-0.4113683773039647,-2.3503870948388417,2.6293561675900636,1.6659930408532815,-0.4340204883393711,0.8498607134402463,0.18760664287224024,1.485874000517778,0.26192806320702966,-0.006531446603147758,-1.487435557912818,0.3829631189860533,-0.21217999098900348,-0.0810659935068186,-0.3175216662961085,-0.7965721297366951,-1.1733143709346678,-0.9778366897165436,0.1924859149516479,0.7878764524656117,1.0613796342724708,0.2109152732358875,-0.7207973948153047,-0.2724137256182357,3
-0.6876214046847609,2.787690996189167,-0.8555131601540514,0.998608100703876,-0.677612427137131,-0.8726462777001779,-0.4355951841981641,-1.83648446000292,0.3866907982661685,0.751738275783879,0.17116709906537667,0.8060490034554503,1.0372875807751027,0.12971239964267017,-1.1194805768449325,0.49277402542492976,1.0319412194947628,-0.08176837593140955,0.15542344452075876,-0.4660625971247505,-0.0845078214803941,-0.5026612590671885,0.4324798977135875,-0.1544207537817788,0.8415710030029891,0.16830582206642505,4
-1.4315572398645833,0.5893206626306879,-1.462815602348661,-1.7621397342364542,1.25245515709451,-0.778114539684755,-0.6533846092297648,2.6156299137341974,-1.2899895105182815,0.8408281645115578,-2.0077944895505384,-1.777808603079618,0.46250698013191915,-0.7581937618548743,0.3958209214535824,1.9201331400072355,1.9858438939598573,-0.050968991163355286,-0.9041416182380403,0.4057680584913728,0.44558059347355555,0.06359687165296621,-0.06561937908006747,-0.5771968528843738,0.024409712376055458,-0.10721147018275602,1
6.876722810281792,-0.9100053004823689,-1.983170163247565,-1.678162362314287,0.7935147971318621,0.7726589601058567,-0.7630135574233389,2.11618568744608,0.4916511003877817,1.8013667247888485,-0.1039987343664266,-0.08514398781910253,-1.6458123678857914,0.017221824710888643,-1.3693951541236036,-0.3574228867897563,-0.010541870804530527,-1.008992082943627,0.6699991008536604,0.23567630622996205,-0.5702663775308575,0.7302969263594177,0.32603707220112627,0.35790256087757416,0.964953247584469,1.0389223187020513,4
4.501564504172481,-0.7281722786307039,1.2530261222322001,1.154494718009093,0.4331183040068891,0.4514018740835292,1.9645178580863272,0.10993749268656931,-1.4342472551543985,-0.6342909440503587,-0.3171645886172754,0.7316735410498107,1.887514293221707,0.6117374678170366,-0.046466741611677,0.5025957553775391,1.2565355039251014,1.0748945699550025,0.4983656872810039,0.6138424896364428,-0.34516130849428356,-0.004115978163102872,-0.17532963887885122,0.7033956690899894,-0.2599507463838523,-0.8309364989736397,4
2.3408675945102297,-1.2715183801061503,0.21151879738548487,-1.5643080708238053,-1.265798341362782,-0.4133821638152175,0.3442855656340475,0.08193457252307998,0.34668426648927364,-1.1114844714265204,1.6701264474839599,-0.03958088213383044,-1.4709591819680348,-0.5737701746572397,1.5424301732022605,-0.5074124291443248,0.003975679900048003,-2.258539065167226,1.4392657909092121,-0.2255454079763802,0.6188450145451402,-0.5086678045033555,-0.9891766211647935,0.5481066861787248,-0.016384701516387764,0.4767637995428255,3
3.1279074569788277,-3.768625487081754,0.24171404672746824,1.896048519018499,-0.21023990981225152,-2.0596133243160746,1.306834990773559,-1.9313136275698068,-0.9973008089499917,-0.6921925475191417,-0.2189080171103916,0.4313807518242125,0.47244541762260733,-0.1590330769248599,-0.5976969698305038,1.3220257418916808,-0.2771711998671348,1.5556395620584045,0.5269458573835342,-0.5303423722016938,-0.24276130970079496,-0.7854323443531029,0.3269063275025369,0.4528732576893736,-0.31887597270598655,0.06171717588965464,1
2.5890323325756985,-0.7334612365473864,-0.16860051878856966,0.8009780705845062,-0.42936070056804443,-0.6780120322449467,0.852773687943165,0.24330913470593704,-0.36825819806202864,0.28939941888830034,0.5324303230969339,-0.7341917414570895,2.0389875008544927,0.9816420637844299,1.0118572793140297,-0.1441890211475,-0.9080582230321466,-0.5145670754844247,-0.5276419348446103,0.7424901607312466,1.430094607866031,0.07428540780865255,0.15829222054765293,0.7768909221899597,0.5854006442568834,0.3665126212644845,1
-2.2191046034229367,-0.7727420331299909,-1.059580662522502,0.6414404188801192,1.4261559722412382,-0.06821893992276047,0.38818172429419706,1.8558369878916343,0.44667826850690945,0.22274171608266374,0.6666376754821298,-1.3962664930840452,-0.49828527051820193,0.1761900274775634,-1.2761866128488035,-0.6046249141114189,0.5208231084330083,0.0008459402599138164,1.0422893826901036,-0.6293123840246596,0.3468449012993075,-0.13731792369158471,0.29952980661807893,0.44958687087052707,-0.7339191068289647,0.3612806911285925,4
2.2298896229731744,2.0613081636894766,0.26235801226942207,-0.548609007788152,-0.8909543454254097,2.10418837649767,-0.914694574261761,0.8181678265748293,-0.5198235368935571,0.1817019014312673,1.5251655371896866,-0.18661406842719197,2.0083809192422795,1.0678474042112287,1.2648850552952204,-0.18263590210837935,0.11339586010266446,0.2295670463366268,0.20647664945202804,-0.7032909608740936,-0.37770251661006143,0.11036850090299899,-0.11532131399837955,0.5420832967869393,0.35585802771111136,0.9314401075496562,4
0.3856023299739251,-0.27865681298044775,0.5877717651860219,0.700906500965908,-0.6178634621185628,-1.5184399704641574,1.8757028802580775,-0.9532996325758497,-0.596547849060968,-0.2488518779983101,-0.31590258932582,-0.7514179957330751,1.8861645492539267,-1.1846504441762948,0.5778488007531044,2.8234965264529523,0.5345151794011601,0.7746076571705603,-1.0064617426694258,0.5700726728340035,0.5006550246681436,0.05468857212902826,-0.008231172238261596,0.21161909379448846,-0.6894816810841214,0.20805089276831926,3
0.9535611186410968,-0.36434637082837507,0.11824160013519953,0.9280136853164761,-1.7282858119664772,-1.7144177819212638,-0.5278831607246053,0.21030427373920235,0.49517865892944724,-0.1094787638023913,-0.023542888057894177,1.0260166770149024,-1.1882384132977537,1.16642619860541,0.052570325130589214,-2.029659136531816,0.9130139813122609,-1.0699367054149798,0.027750298491953745,0.6575678847150828,0.2318222272706188,-1.401763663426639,-0.419390603160894,-0.24176347713537363,0.4822200384558881,0.7449291119509136,4
1.2846175761529606,1.9304729393488056,0.41422021307200235,1.3885901309582733,0.2827804173040914,0.35441585362016964,0.36971924516363464,0.27121469929721564,2.3935927655907023,0.2739334696662142,0.17685275194757757,0.1653883929577958,-0.6658023985006872,1.2897615584445488,-0.7888813203980002,-0.8399177898169137,0.1527583701849956,-0.7817179343325295,1.6021799161793588,0.24814201563562255,-0.38325272634404767,0.22512627069884714,-0.08790759963629703,-0.21920798635364466,0.04539742161166257,-0.9351128862853321,4
-1.1244365188080607,-0.36704841229933577,0.19434432603630375,-0.3481731190004924,0.8960205928538203,-1.394459559336406,-0.2762990594525941,-0.9546257504092672,-0.02790953241909759,-0.5306113516042731,-0.8734711248611918,1.461625436725248,2.019110095312584,-0.2258605464368081,0.7120761789107578,0.5795463851591753,-0.7920961513570527,-0.4399058744843336,1.0550629244941923,0.8203038926756059,-0.09175819357475859,-0.36222309634091454,0.30131021912595396,-0.5280093597417936,-0.37024707017154107,0.0062691865897736955,2
3.7858204630721626,-0.5934738049264263,-0.9042061074081136,-2.1742308151408474,-0.30248783615849856,-0.20877009120801376,0.5972411742337443,-1.0478184635600334,0.9276057761234614,0.3442980929676412,0.10973541374397759,1.076974812524935,-1.205692350574867,-0.8314856562626475,0.19755014756455216,0.2794011187164007,0.23150857880916054,-0.7998592942733898,1.922643960784233,0.340773407588433,1.120290231913055,-0.275830158335501,-1.008891146357781,0.5340036677996669,-0.16933652042835523,0.5383620404678235,2
-1.6637349871681342,1.8325484182795613,1.1697776351780036,0.3493245011673393,0.19289057207611268,-1.1020530771873478,-0.9200764715939596,0.5231236539269646,1.2138171778172897,0.4545860047411334,-0.3625893706634688,0.22489961295120917,0.028764713158746368,0.26875763647985335,0.4315505272222486,1.293536413754593,0.23091460614476902,0.32223724730763464,-0.6511862681227635,0.07853997886316895,-0.1032774356928106,-0.21917260864997112,0.17279787691902193,-0.5780541407319146,0.18471185968252543,-0.03749758156205913,3
-2.0727817235834864,0.22079141099249788,0.19190477419292157,-0.2822239262331846,-0.25181004693711995,-0.974789572722928,-0.6516062287341565,-0.7030274826584765,0.4024291818984251,0.6258086983666613,0.3859266106561618,1.2257602374255046,-1.4024135085671885,-0.30495158080038576,-0.6790151983543032,1.2053551527614492,0.06838056620573944,0.3116444995840292,-0.7338332498571749,-0.7545422381280926,0.7807217161009651,0.5487547993149556,-0.5811617792804737,0.07079891465028419,1.2206193338582256,-0.39610613261432137,1
-2.494223143046119,0.4853639519442436,0.9302689063176192,0.8283012026917239,0.16960039956444362,-0.06817984631896594,0.4808025459856563,0.2697798418407178,-1.3809058722273588,-0.3243132115996487,0.497114481921134,-0.5402774695925896,0.24276378727617906,-0.7443336416074126,-0.767422618653271,-1.7687736435713288,0.48759806677946793,0.1692202431494989,0.642750007454651,-0.4731473753897586,-0.5523926547974225,0.15507023996939256,-0.17997384947033376,0.8316650341120593,0.34696926450873206,-0.10446736572997477,3
-3.1707450193621614,-0.5843814885697965,-0.5301948538496233,-0.6526677525916134,1.540935430202591,1.9083604359341997,0.08975477674309082,1.161307617657362,-0.9807237743541668,-2.0407796716965905,0.614760881541247,-0.5917177500443046,0.24684840502666192,0.4185760794769807,0.42925324731759423,0.21584235358646905,0.8034007641392409,0.20765019682339214,0.6713149585763947,0.6847617552397884,-0.48437413691968423,0.17559395853924942,-0.7809113133944275,-0.4044668251465831,0.14796289920670896,0.36054188509337093,2
-1.4967156619102648,0.25767032268912704,1.027509341543983,0.3573229587024161,0.01062498425777148,0.41899622380210605,-0.38158325899864437,-2.670655975347499,0.4873831776012304,-0.10584953088619516,0.22084518360713806,0.7337728805369593,0.8109075495699615,-0.22610451283433738,0.020339676298298037,0.16339371610675837,-0.6414984462680285,0.6700987516593522,0.4294138534553433,-0.02773817283637621,0.7734999462809649,0.49394827194723423,-0.6252561400161227,-0.30031566669644777,-0.019768735806016905,0.09125039535007896,3
3.9540094993087807,2.3337494225187148,-0.004006939513429365,1.3846066583196082,-0.7865502917417,0.5018093247075487,-0.21740173085247386,0.45408844054705666,1.2783474508611117,0.07061970184320555,-0.33075258117717227,0.3567667261660422,0.39913603082823423,0.30055942089888504,-1.2099380908464166,-1.7867946829530441,-0.7628997549571596,1.551907543365123,-0.30872916538978007,0.8815410633279211,-0.01626794921496524,-0.8422094061250284,-0.770205326368472,0.009096757581697711,0.1547163744188152,-0.8960150442121786,3
-1.2047317635440136,0.35417781202649173,-1.3684020544209092,-1.0271252500789148,0.1567385524886259,-0.3709078196982676,0.4173928057529392,-1.7088959577205634,1.2738781257994678,-1.14697435464307,-0.3802335317732864,0.6574451259699635,-0.5016182040471209,0.944010987888487,1.3191677893339095,0.2573628408819902,-0.081429542602199,-0.13907655782362563,-0.10601597042526384,0.15039203517477845,-0.2857273380985949,0.23729157241465493,0.5627444029185048,0.3568445774039798,-0.4413198347037014,0.2716945820964908,2
0.8677759943783862,-0.9842247136880585,0.7425725816971007,-1.0266486864811928,0.08869411492667624,-1.2438277199433605,1.3986895871989282,1.395692119241597,0.2909811244385306,-0.3384255727546657,-0.6848092684975219,0.5179474766482001,-0.05078423496808281,-0.08848021491222129,1.1743849736138596,-0.12895491382928578,1.3481024279463143,0.7113111367379354,1.0271544179761747,0.09551148591869024,-0.6991467762779274,0.31534577741103104,-0.23790380598047903,-0.5521541175816688,-0.566768769256756,-0.33123433035925404,1
-2.024801032075119,-1.3221972341783892,-0.17659071471019183,-0.8562826749718737,-0.40719535241202004,1.7878429059181968,-1.2219306501284242,2.018606971331624,0.3948867258875498,0.17035648579378276,-0.45560799973236643,0.2227841295612573,-1.4814395369619253,-1.0105851392815992,-1.1820485826626586,0.5692362903974055,-0.6402046311751365,-0.06513882933720393,-0.3039297694568805,0.48026275070421753,1.151137646340402,0.1940069214001892,0.3731792150448263,0.5310256370556536,-0.21787147365761014,0.36995167387221173,3
2.5379318415242267,4.375940014842157,-0.43755811936892136,-0.5497127383682208,-0.15605649994675555,0.5740936227832149,1.657953496677856,-1.3587762572664646,-0.9291497741421572,0.9369366407684566,0.011690185626279347,0.9680245634412501,-1.6429067630622651,0.8295746910055882,-0.7042988242005488,-0.7639664868779432,0.3244063396333242,0.6170979617786092,-1.7693375630652934,0.6596250943564409,-0.0014461104362547069,-0.3056357494073619,0.40046803123393304,-0.5377030848076152,-0.6526402704556306,-0.3253272965470773,4
1.6572140178647463,1.7578369102334481,-0.257872541052757,-0.7307640238768012,-1.0280171846937505,0.9907655760214983,-0.9677190498584651,-1.4802806215544595,0.736763029675084,0.26781266239673596,-1.0575907839496805,-0.0354259895999856,0.7622441910807011,-1.0249258400762384,-0.11344274035914138,0.37586383298727405,0.8541935679867663,1.277730633100109,1.387616167150045,-0.7877112372368678,-0.6748770914801889,0.38540889753638713,0.0002407066194424392,0.3778775855613427,-0.31779963489348395,0.26810984362350404,3
-0.24692403528778814,0.7326976177141896,1.2814007894182042,0.4458540168518889,1.0365007821896748,0.3431504997838306,-1.5330149337586239,0.01854924956743761,-0.1860375959694714,-0.8275331192881412,-0.3792242888099291,0.4430457878434799,0.14917949115847598,-0.532149204809557,-0.3974805730367567,0.7105155950753027,-1.7172547410246977,-0.49511438289283255,1.7724156205554553,0.5901243056780974,0.884284583615842,0.8081143903357674,-0.1968362321823778,0.5154005990450363,-0.14654008016573827,0.4151941180597092,3
2.358263527701454,-1.2649683201574464,-0.8846412678578175,-0.38874846824009585,-0.4196815901098991,-1.1584052127790165,1.2640568488844868,-1.2324187939762816,1.3039169234754455,-0.40762061061373883,-0.6439146914365248,-0.4419061420485788,1.0146264730961483,-1.0741088929227531,0.4742572128942775,-1.0998780276358082,-0.513673458716401,0.7180399377977015,-0.6675638279749903,0.8804311477784315,-0.17238793897273635,-0.08012915134375868,0.38209414745263,0.43627601891059475,-0.8222195975937834,0.06978901728409165,4
3.5666492572037716,2.1263187737779137,-2.5646027646639813,-1.6711267068753275,0.4521532791280469,1.3303045910639684,-0.3933377735065083,-0.27492318607711635,-0.2341150895016534,0.574282591217582,0.7002233856537554,0.19144957171057522,-0.24069405429205457,0.775504521220623,-0.15403015573868203,2.1585148315667113,-0.7079959697447444,0.7805620222989279,0.4185712258374009,0.3738871599510699,0.4315789432197967,0.5649714211584065,0.6984403034207507,-0.7119623343753541,-0.2204735551754782,0.23707668199098714,1
-0.05147168797618198,2.2979803710595634,0.15690381464822656,-1.2696952933028844,-0.3807861544529383,-0.04478829683362138,-0.9821883569208683,1.2396248689573035,-0.41798308880739166,1.1645889145050656,-1.4276892859079449,-0.6780207932398353,1.5233481950495746,0.6833741262258243,1.752691643002233,0.29066439655093596,0.8174197766175383,-0.0069185210713661165,0.17585452420125813,0.5935885441671999,-0.08531863049442844,-0.21765881872389514,0.24439080015074063,-0.5257330487615699,-0.15175103725275843,0.22574645256243078,4
-2.68155819371396,-0.9706891465501275,-1.2259769801147473,-0.6163643041989344,-0.42659014049268573,-0.08918408683467373,0.6515793924980108,-0.48808838572559093,-0.1478144668398297,-0.8371985944010509,0.36606485927349086,0.44212092489009486,0.9151461651316554,-0.05944637065577845,0.3703470370531374,-0.4495328679629303,1.2053267040514342,0.011454600177580754,-0.14852485893335457,0.08514462437949351,1.1867604101275595,0.3264077939163277,0.16234177015977075,0.7702068776219616,0.6482017567432262,-0.1740938658632759,4
-3.2147385434452587,-0.822017886888414,-1.1636657586630959,-0.8633536012950009,0.30968933911348123,1.0423814350149432,-0.579145271679648,-0.0051080450434965756,1.8441193632396344,-1.7762975856455705,-1.5279858915529387,-0.0548410174575194,1.5534802453162126,-1.263075216850869,0.3186751468221235,0.2591265470380925,-0.15076001009837325,0.722108933031704,-0.7084908402259489,-0.6866691779225473,-0.22470555101514955,-0.3909403591663401,0.20758201711608146,0.39509354484468734,0.0675973748491547,0.26895561841730076,1
2.177351945381051,0.2285755827307136,2.6554579310663966,-1.0246302119767299,1.6042145628399962,1.0062437926223586,1.2431394314056852,-1.9810866430145562,-0.7755861807468987,-0.19036983357952178,0.452507391701727,-1.0342602451160081,-1.4289404293296344,-1.9985237283645587,0.1889502268588155,1.067798154868229,-0.048113253251880685,-1.5774025345815232,-0.5024029673411892,-0.5316474308537636,-0.10001690672877299,0.2746637460643219,1.5695385844081333,0.5797915949608395,0.8141235894147599,0.08583970385535922,1
0.3640743027026297,1.7587377709817074,2.0018580274280864,0.6824140829026769,-1.2924471401353854,0.5698278763514067,-0.6292047487147975,-1.784292483077368,-0.772892765727121,1.2819168659511984,-0.8753143894030933,1.490541966318391,-0.5678317942219298,-1.571235767673848,-1.8540943312647005,1.8574026107267512,-0.9592036622190818,-0.35585568317003946,0.6644085010925709,-0.375912285408475,0.25269750521488255,-1.6808645389992298,-0.36493051661503956,0.26430536508137953,1.5674471463562274,-0.18298287109347866,3
0.7441499139606639,-1.4136215054764574,-0.0276612636382792,0.06566623309216305,0.9546374539472197,-0.38838522682024723,0.7135921779642669,1.185055759846644,2.2288811187517132,0.38221805588346996,0.6483555780604229,0.03328923169274661,2.4221686505234357,-0.36532888475781367,-0.036910259741735334,0.5396795345803318,-0.20512271075939192,-0.681645054013467,-1.0585346829375668,0.09013197926281678,0.6165498773522049,-0.1999083463520865,0.014915890950737618,-0.46802152260871877,-0.3033649434497668,-0.570901268734759,1
-1.7431965241421776,-1.2240021685223146,0.7084690731624677,-1.4893338323489012,0.5671579683040691,0.2987770609288372,-1.1873198951876902,-0.45194943769376644,1.0981857649330136,1.6782358643424815,0.6394240695446093,1.1286256534300714,-1.436359461523386,0.15381769313156407,-0.09344377619810675,0.3459064121548514,-0.6107316629943127,0.13766665013175508,-0.3750259447083354,0.8075442922526328,-0.2990678086914509,0.01601372484104748,-0.18465967459333948,-0.49712104860063044,-0.07528938124598783,0.23743179393513264,1
-0.8560641770018181,0.12234610710042079,1.2466824536111276,0.9714512391756511,0.270637967669628,-0.27387143425667865,1.1462287746512663,0.7541148826717498,0.6527623342863278,0.6232739538902223,0.48310645964277554,-0.08575959721609869,1.2141754396725177,0.8528611228353377,0.19799210227118974,-1.4477321052092977,-0.39325186617474833,0.2350943400201407,-0.7575801988434704,0.18758522301115596,-0.5204472725586137,0.1466198630585246,-0.4168350532135148,-0.32331806573114286,-0.22168409353308963,0.09592133728783121,1
-0.16683593672106822,-1.26707097395586,-0.7207404465988076,0.5218880694725416,-0.7230128788847399,-0.5465359748830764,0.03260738702374943,0.192012305295131,-0.32778977281801697,-1.1029376754869757,-0.07284878195864575,1.5715019518772348,-0.7466395333923953,0.7457029135711137,-0.412564377618397,0.8677712670608823,-1.101933656206453,-1.2232620246378645,0.7011865124012052,0.2679251851353108,-0.6192130426205351,0.1487703959499839,-0.6461882787824541,0.6945670177556867,-0.04602136914415904,0.14876644993186597,3
2.3226939383176584,-1.7937317223381044,-0.08420827775930285,-1.920588566121659,1.6418789680401134,0.7008590728153368,0.7274356120129118,1.581887983234743,1.2700389793811253,-0.5216200686866631,-0.11329965742131341,-0.01071813552287058,-0.7430101030490518,0.33689339874821517,1.1349622547420761,0.4483728823614368,-0.6807287633667546,-1.4424948943938425,-0.16377933704837108,-0.5110641833155138,-0.478151436777717,0.09099933963494596,-0.2950974575901957,0.4937674432204469,0.2332715906127243,0.7075838671310892,3
2.270566440474329,-0.037500997936684405,0.8001031284801134,0.3068041306447303,1.1679956807405873,0.3647032033216981,-0.8575243325502443,1.815296620545394,-1.82582307269324,-1.7354496757612676,-1.9394001823148552,-0.016977014749586034,0.2728115320064388,-1.772615081001034,-1.3112987583962445,0.479515127409172,0.2435920583630275,2.3001913837867938,-0.2770080806048619,-0.3251073240136488,-1.08760307821526,1.1343535846895878,0.3353246347190167,-0.6674937228754657,0.021408062762212174,-0.05608143531865388,4
-1.8893618868186792,-0.2735311534501024,2.453821730284171,-0.065657431509066,0.427831935002583,0.5589323255736423,-2.1887953930520707,-0.01796040889046879,-0.5985169863895822,1.9095912613797776,-1.3889463430596034,-1.4087755741695764,0.04622140992494961,-1.9262896533373572,-0.9122629395472088,-1.8767318415642376,-0.5094129471131984,0.42366920280306253,-0.9660101804035737,-0.74556764515365,0.23880083381303183,-0.11810480785402427,-0.20048913173683874,-0.4737557676985379,-0.14420857676408919,0.11427135523326104,3
0.9360037936151984,1.9195691857572426,-0.21109823501619285,-0.46386688965931033,0.47077919349546676,2.529527146566763,-0.09600630585528964,0.3096618825742016,0.046880911030204364,-0.9870381315342078,0.6686217619646594,-0.272685972049066,-0.24199568832843799,1.1843450968182516,0.5006298248336529,0.4124309176861287,-1.058093973197273,-0.0194662169675697,1.156206998026325,-0.950822693475452,0.8715222823508921,0.3122047510401158,-0.6119615046598529,-0.3665240553475722,-0.25982693566028453,0.005217809051571827,2
-0.14480487457648772,-1.1122500155636308,-1.022720436390909,0.5534098841004812,-1.2543178929791499,-0.12366074425813124,-0.8196097504388362,-0.38102778374143975,-1.6628141288819707,-0.09378273936007024,-0.2329940440814571,-0.25169290472490174,1.0814539783802175,0.18149549254719785,-0.17647407048343408,0.7453701518415784,-0.36869101186980724,-0.7243404618058471,-0.9806981044042519,0.07506992812995814,-0.33513159714262214,-0.12721706108188252,0.3672967081998372,0.610045751268471,-0.18318726054917395,0.13613867509152047,3
2.8021162672082354,1.3147006313287153,0.5321802476212849,1.5764894811778407,-0.40887588263275554,0.6373650087877357,-0.6552645663467858,-0.30708222053458806,0.3977023868862778,2.190132253744208,1.0727759520210054,-1.7332696535460155,0.10153158347091644,0.23757918517982413,-1.6088714867912526,1.4331882781395349,0.4159260130403229,-0.5250126656393578,-0.25120055883217846,0.8878623860482083,-0.1457592851553685,-0.001560646706365749,-0.37696039172583906,-0.39565525577371524,1.0657092258635872,0.8627707665566904,1
-0.5422758295394167,1.007865516945701,-1.2387628400146893,-1.1672570884532831,-0.03783463852483813,0.8881843861958455,1.2231909895740136,-0.9071033294430568,-0.13256754822457661,0.49783800513127224,-0.4312699699020683,0.29156730563887506,-0.44193111166184657,-0.1621543930753898,-0.45065627734144664,-0.45863808764135544,-0.1366520338922497,0.12767905786737282,-0.8764605808867831,-0.6677016704083854,-0.3466429175576535,-0.4039165612945772,0.06361890568624566,-0.431850024406255,-0.3074185576918977,-0.0041630316407637105,4
0.9953840525913454,-1.0534748732716774,0.07594079648704655,0.03061819059723375,1.5713135673160068,0.38331158277476196,-0.03183464030025669,-1.068321839265123,-0.1797692369319484,-1.150187583153085,2.3135071546764245,-0.668264818250062,1.1550287069138645,0.4171662624910096,0.44223290171109975,-0.9982332846685675,1.2827148375460287,0.2035227151170794,0.3366630830767774,0.26616187716118034,0.02313457511138523,-0.3383909108622734,0.4903238617140091,-0.24381987468681074,0.28234691151490365,-1.2434072820867255,1
0.7901239489699157,-1.809698207197697,0.5530119163187498,-0.14472671935072556,2.712430612775731,-1.6150069493295698,-1.414941186323555,-0.2544397222572128,-0.7070520505072511,0.2644496960036459,-1.4037796484698226,-0.14397260316551508,2.1361717387583363,-0.34538167148982046,0.3277077658859433,0.6903567327364536,-0.7317327058382341,-0.12718406353963663,-0.5491000586490993,0.5705907729476365,1.1798271011291368,0.21435342215140693,0.22033817725952293,0.5818075697430778,0.12354441688646568,0.2697721623521125,3
-2.1092121445237058,-0.8986141952950488,-0.0907575067660546,0.3782358749905855,0.4222378395457235,0.1565005010364468,-0.4450741928475608,2.066330503023988,0.10717899188033535,-0.8466110637039608,-1.984789280040298,0.5688497947019843,-0.65817754255583,-0.040300571801277205,-0.927332212442682,0.21079293677354663,-0.38694460323686736,0.30930261133062065,-0.2711563532306451,-0.755392335914207,-0.4308079151764436,-0.4553441854561729,0.14109275496905452,-0.5373841876654192,-0.0355366175264819,0.2563706884681812,3
-0.9412341384063805,-0.436478983511609,-1.6100931239960845,0.37525313333046173,1.3303174412258605,-0.4258403818837589,0.3492557414908761,0.9491066831795272,1.239480051468035,-0.04880476589796999,0.6529905614207121,1.3176942492192663,-1.1139672437978432,1.2620204509684037,-1.5731078552955648,-0.356784736998053,-0.686090705150449,-0.3398219342078386,0.01676569722017689,-0.7172801767871391,1.009040056293526,-0.15782390008399438,-0.04631914124492589,-0.4130137566418812,-0.4640641719761975,0.030013874418524954,4
-1.3488829244817013,1.2078428295059689,0.9720680275799088,-2.362898159153734,-1.18136733923376,0.8281065106220824,-0.02864618155095408,1.0231686877927402,-0.8645252905807669,0.156969001817715,-0.9816731123483303,-0.6442439062655547,-1.156130048246484,-1.1047404464107875,1.3781210656111065,-1.6964018387172835,0.9387222605369027,-0.02353515801113593,0.1749885927166936,-0.5630462211677408,0.05367726947363495,-0.6364315382271896,0.8480830866684455,0.6925219878600186,0.2631533955990175,-0.20936198683071067,4
-0.7118288143964823,-2.5085030936399404,-0.28985393435823487,0.10195642605208616,-0.5630994702541882,2.418414647372213,0.16261098465996623,-1.4420707031909321,-0.5839529883729245,0.3224410557987444,0.4902605057378595,0.6205406362107265,0.9396599098130529,0.8409786594993465,-0.3837450097680972,1.3343287130581774,-0.340491652762239,0.588199615435248,0.07281788348128569,-0.011199409653100472,-0.448614453048798,0.056245509775901675,-0.30541344844397605,-0.16045063366093407,0.8392797719632074,-0.804679848197349,4
-2.9007711413627004,-0.1132351144638275,0.8657152483065276,1.0018793429362283,2.347060809615776,-0.6852584608573525,1.4923128306273243,0.2789502553158587,0.2725015318484427,0.38560359267950145,-0.5199933363767503,1.6108239203172552,0.4602778392528365,-0.10356889754647206,-1.923381379864738,-0.5390636870861252,-0.4487761307380379,0.5327752834435587,-0.5014248622665443,0.7796854631209654,-0.17534036386276522,-0.12178967941617799,0.3696971313105314,-0.5969448494075122,-0.09173471150632252,0.09336109573868057,3
-1.9767496935514093,0.013696658151997684,0.4751663671616473,0.5645828626761575,2.5874958852950556,-1.7136950473685841,0.23518529936263094,-0.9160354917245194,-0.027306932725093082,1.8483467274533316,0.2738004774629416,0.1815584588856339,1.8136234681213999,0.06720771543451808,-0.8358967861516388,1.190167857159915,-0.5327846261496118,0.5988060314305987,-0.053602153063292544,0.8048475240775279,-0.0689676143802424,-0.270954580908522,0.5999845365318468,-0.05402051940116078,0.515166713395662,-0.7260893483993838,2
4.6681506217405735,-1.1506670468835645,-1.3475037436756447,-0.2610618715180188,-0.16887366928351955,1.4026825004326926,0.4506894853609391,-0.23750817799135449,-0.7062797276309167,0.07244734719735092,-0.6805635259173464,0.24028190187293658,-1.0032018775508493,1.8005797368921876,-0.2523997478404303,-0.6485503755641084,-0.39082226540526116,2.415262183844326,0.014542297446727234,0.6561238134852485,-0.38833743826954864,-0.3830316035602667,-0.49395988618968917,-0.3448337065893111,0.26490788709555474,0.5501676039988784,1
-2.9218804497857387,-0.31531606844594046,0.8942363148903586,-0.6954465018930414,0.4574697517240954,0.7949190049742471,-1.303910609382279,-1.1556978043380883,1.3255198286447272,1.3845199554872927,0.155770593773035,1.2827942011086944,0.11433275331840054,-0.6118741470123267,-0.8430808813156956,-0.17418635736877008,-0.7315554737105795,0.6776869017130103,-0.21456926663851575,0.5535775166031794,1.3479523797058426,0.08134592183816722,0.25472248811560105,-0.5731028343270492,-0.10373635482279714,-0.04327590863399801,2
-1.4444795320870945,1.9047399271803356,-1.1150179636762207,0.2592304957665285,-1.2499904370435269,-0.1640146298365467,-0.3693537375828045,-0.14463368214400493,-0.98060285116578,-1.239114940267931,-0.0820181610709569,-1.1808152353987693,0.25430909518129347,-0.287481529933169,0.121667998126292,-1.1860141061140252,0.703271580427509,-0.01255663587144373,1.4318767011084652,-0.01726038836356644,1.206580305738866,0.23017635734446043,0.16571884713020174,-0.3168432863913248,0.2820515323501219,-1.0464964229951081,3
-1.4989113285490432,-0.29709764509563735,-0.40204311176375895,-0.32847937250138726,-0.053744241340139866,1.239744799193684,0.4988789467015089,-0.9373394518062207,-0.6580575757225358,-0.39155095383844846,-0.7378726382476587,0.9455685930680223,0.5913749973313315,0.5435524543947594,-0.263916834400336,-1.3276247528394833,0.6852737623361294,-0.18031274214689127,0.6483144391292905,-0.8375537719096285,0.6782859252688516,0.4838541089403842,-0.644075151870888,0.5275918368607718,-0.4303378543362457,0.33132929133854144,2
-2.273693720670335,0.9713820468421505,0.8040967364077601,-0.8713434462280113,-0.19862413677447918,0.9055676246950701,0.8193039835802709,-0.9402878786836224,-0.9078395948238505,1.0962880954900809,-1.347768287703451,0.3962241992994807,-1.8203850301657778,-1.0474218748136446,-1.1317794840398416,-1.3022738804291574,-0.6375790827593657,0.22724129984931526,-0.2704878294111322,-0.6847961331501337,0.2553008837583111,-0.16377494414158325,-0.07146185814323476,-0.27038564968324286,0.042529491777776866,0.35025446745364486,4
2.237634761473498,2.4820052948008398,-0.5941284322707395,1.2153641073267774,2.116627763355026,-0.004735376322674803,-1.2499534774561152,-0.28970694805108066,0.24377414760173327,-2.1596570072089194,-0.43722492548196196,1.5636652447602477,0.1146445932096141,1.0693602373996776,-1.3244509802100153,-1.354888717936416,-0.6648641190468563,0.8057711541738737,-0.3415532574138893,0.5654494949305654,0.5263465930332425,0.4512819014318865,0.6825501158224374,-0.6282198725355066,-0.19077932991621122,0.25665818739795115,4
2.4236697922647066,-1.486508582101481,0.2806754113246778,0.3066259019263159,-0.606798850679083,-0.6887974298958066,0.16917510057340654,-0.028362079288763963,-0.38603991864038056,0.7321004688019175,-0.4292874755543655,-0.341086994908009,0.011190823093525391,-1.6010279518026835,-1.4487531744066267,-0.7780721645776782,0.20186095715968042,-1.300784861572981,1.038727180194432,-0.4939358626282919,0.1567083924820868,0.0011580312778893436,-0.6393562875405229,0.4980435851683879,-0.5079883676644702,0.10317434729665617,3
1.5608457105643097,2.3810028510602934,-0.23616992662535924,0.8005832351964512,0.37247953202884393,-0.7807168039048045,-1.248126814470359,0.2775541012852666,-1.2096241094479505,-1.0233701932473769,-0.121594494204268,-1.274784409145019,-0.10293108052352262,-0.34616778019979216,-0.4453907052115192,0.4846573397506154,-0.1379489407096637,0.6174415232441945,0.008361341684325386,-0.8082311260453894,-0.5226576349829402,0.4022726479815678,0.8904395012304535,-0.6517930629575801,-0.07537916452526643,0.16426348004620592,2
1.0837891093214287,-0.7083582940913765,1.2293240590186307,-0.8277472657366298,-0.4322061306319009,0.10589922857933064,-0.28529327956671957,-0.804522964882294,0.293225043105659,1.4627876943417795,0.2554459661288498,0.07973902423744016,0.8439336313893318,-0.3048917785483662,0.4970464688632856,-1.6093281275774383,0.8907683110528435,-0.5670255955290098,0.3585430050697991,0.26231725347914764,-0.028585759261186415,-0.374634040362851,0.668130199078906,-0.24695907947377763,-0.03799131687855813,-1.0148747637368398,3
-0.6715779632460039,-0.46508160229491924,2.172929477283733,-0.3923131215585742,2.120293427142685,-1.3314811184636726,2.0645183852223252,0.17505313522923815,-1.1011949921843225,-0.9905633353963401,1.3912661493736924,-0.05942711022181664,0.42967657845910234,-1.682949838359535,0.2695285686580294,0.5816689349866445,-0.15750878321536432,-0.4976468931602659,-0.9229337355433727,-0.34147387605092244,-0.1585381524069716,-0.680782759648278,0.0779748613066772,0.6050244097754799,-0.011623263571154948,0.5517937925003493,4
0.5883823063653905,-1.1124734577967124,2.367127497999087,0.0831983038431714,-0.3513554329562412,1.5796669605486469,0.03400397506649372,-0.23183862016553564,0.7508133174481048,-0.1529931561431296,0.5013536819845695,-0.6209814776073532,-0.677064113656359,0.628055656541501,1.0104947554091337,-1.449664758279686,0.12196083383021633,-0.362361332802,-1.4096186783978069,0.7534194936057308,0.19666164276729733,-0.2529996263103283,0.9001728982886567,0.4941338329872576,-0.7810340657866783,-0.08276721683293449,2
3.8026865465217194,0.18828946496842233,-1.0348338650217586,-0.16462546931338118,-0.6484775997176037,0.5635045277898355,-1.0076193581432902,1.5272891583781754,0.18904996614193786,0.9777208845387411,-0.03384816837953755,1.2914141649102042,-1.0189452486232387,1.5194485310142165,-1.0859310530166304,0.33016461040249345,0.5436224406773719,-0.6594174563539359,0.33908931911159135,0.04914511786508458,-0.555965015863586,0.09792781548474051,-0.3363021769598839,-0.38885474106448475,-0.2012910581115792,-0.24615082168291744,3
-0.9220852485303127,2.148637885071344,-2.430678339952354,-1.1234989180149197,-0.06169847306717661,0.1116685755544063,0.9316338452066497,-0.885456555257815,-0.48212949853141046,-0.12262905125265998,0.05220764270859897,0.8118517200338911,-0.8645772053298616,1.3663440531183455,-0.10209067480498249,0.5275997678137979,1.714806636668146,-0.2649573506026864,0.2178232348249504,0.14390076657313744,-0.19660036552612695,-0.34654935155498334,0.1955960665770947,-0.5241373940552491,-0.2448380618200438,0.16835399133747875,2
1.22131925744039,2.2148360196890047,1.2097656641318357,0.5223565046110393,-0.6503139014644005,-0.6069103137747212,1.5563369365768247,0.6913332998053746,-0.299506920085955,1.144500409678365,0.42261297932755953,-0.026783730878457857,1.4149187139243238,0.04844564026247383,0.12231215535448785,1.2603863185382784,-0.2044122138872887,-0.42308900058106835,-0.7755250015655739,-1.0004969041410428,0.49371620915471837,1.5089835884726517,-0.06909897061004862,0.4050322125969671,-0.29802806463360043,0.5322307604374675,1
3.64051237426014,0.327267812424225,1.1348378930806473,-0.25175965674869766,-1.8418382652624543,-0.1346580718922604,-1.5204223119190154,1.0085255329813805,-0.28482437195694044,1.2867621002322343,-0.7628646766821914,0.060227082576083626,-2.4138214089857284,-0.011841710550966672,-0.41992894092912886,1.0264812355673727,0.6299732026121956,1.8915483322690034,-0.9997666569086497,-1.036820026814951,1.2326559972991213,-0.13283881148770202,0.6783808442464183,-0.44224666070108687,0.5185365905217703,0.3154784192442362,4
4.335014677686152,-0.1502030823880202,-1.3700861153497337,-1.3394433603028557,0.6991092166643451,0.8889646475091477,0.28876506236551786,-0.14807636563269494,0.18534448496937334,0.12057333741721271,1.3190551693006085,1.0249652983141,2.4621909199347907,-0.5349484691754821,-0.3361296353421101,-0.22233659919611737,-1.0047970325308262,0.1311807206114519,-1.202010481215367,0.8064639194740363,0.06455915234583262,-0.6684725456847576,0.11399929286676913,-0.500627355984995,-0.17862103572055876,-0.06934315870116939,3
-2.655526046150055,-1.4145353614038911,-2.4539126424906517,-1.3094703298090917,-1.4688630459126566,2.0479053334809203,-0.47355109971310877,1.3043639169383223,-0.7589926939644458,-1.034478745931146,0.42708475270077717,-1.1411019010610397,0.17795662928095418,-0.80204920545639,-0.06237812215152073,0.7392605420450428,-0.36219384916094016,0.38141029122203424,-0.417988084841696,0.06727517939746895,-0.2890030665795932,-0.26805571122258903,0.3582652879997147,0.8669919575803087,0.43854791977015495,-0.44260019346963564,2
-0.4697532581345281,1.6016186648486737,-0.3803350553701134,0.7316833288134048,-0.08328998204501659,-1.365540823083324,0.33738678930270666,-0.8689435912101391,0.5411403007630977,0.032232098523257056,-0.17347099892609336,-0.8313750861409566,-0.4492647919147304,0.8812401137385697,0.2576532351132242,1.4827685426284456,0.4286087245256618,-0.5478514659107344,-0.9336677724714696,-0.7903619517545042,0.3512361713931066,0.19438372268213164,0.11447809617756598,-0.6776504543795813,-0.3669419896117385,0.048044699172011644,2
1.3614297033707816,-0.6897789479666724,0.4180825833633371,-0.7669117370399449,2.188329431986558,-3.0513855245831856,0.5651483565960254,-0.17137767983025978,-0.2640995100222271,-0.1951148557203366,1.8457201405922636,1.1836226110377446,-0.40060443092644216,-0.5231094171976777,-0.05868491643943391,0.13062591872956072,-0.7510399951402911,-1.301744189418496,-0.76399021182012,-0.45219548905705503,0.44375084729701314,0.033301483162562026,0.22870026419285538,-0.4655253464084879,-0.3081316428431968,0.09566427364596233,4
-2.033580680423196,-0.8345603943698836,0.9081785850977098,-0.8967368338222329,-0.8529201878727506,-0.18396185374961144,0.56573971191649,1.0101261775396269,-0.17396106874897516,-1.6204390327196534,0.19825521714880012,1.710230981712715,0.7572993139883631,-0.3280780785365363,1.011735493361735,0.024594313099756886,0.42898691787177795,0.571748909018455,0.7315384708596366,-0.8502874166820639,0.7319656779872542,0.37458212817166575,-0.7350239397992792,-0.3702779888968066,-0.04888375774285079,0.23687780945888642,4
-1.9358851624974507,-1.2117429981328771,-0.06715312138860924,0.5041462106905219,1.9825133372144872,0.611258016838365,0.03338969295672905,0.8713856928814755,3.4144476204957863,-0.6167802151127554,0.9526405771282351,-0.12737672190243993,-0.26141157023105366,-0.3107224155121084,-1.4154979202140723,0.023369381096428516,-0.618329599653886,-0.38637286554303907,0.12020496943295036,-0.4303429257348187,-0.6513017518920367,-0.0018232278325035415,-0.6451949426982735,-0.24454082184120893,0.10534438333906683,0.18441669104992314,2
-1.252201104503683,-0.013270183967347518,-0.6813173415763218,0.11467982318480235,-1.4129199202399465,1.2725343296295153,1.1068280500890193,0.8481816898263644,-0.5499127355197085,-0.05326608668727462,-0.39762511968798486,0.3108283979413326,0.7722455550835277,0.3421293861855221,-0.551352218124445,-0.8157194819615191,0.8691851543046112,-0.43529919829778524,0.8095050126201904,-0.06793325515152258,1.0304037274313518,0.1023607750405057,-0.04851348956683961,-0.5272496522400826,-0.24674279562731252,0.22137916170990166,4
2.67121356385205,1.7999208438895473,-0.20733680953505468,-1.8667623796601989,0.18755970186386675,0.033390377978744626,-0.06992403120949572,-1.3807897832348937,-0.27088403084730295,0.5580798278457793,-0.4108734884141605,-0.25988173862801556,-0.1258401521398255,0.19896828128544522,1.1058429908371779,-0.18053354237547137,1.1211985732606784,-0.5125351961114256,0.2077366711533278,0.056473973705514394,-0.6688864742589289,0.8810736371900932,0.023846738139649954,-0.6334175760606121,-0.01904729744493561,0.07955715655053146,2
-1.593562216389352,0.2957269760483361,-1.0281895279153885,1.0900863621229573,-1.3925451068083563,0.1906283318877713,0.5472824574239412,0.9454698464756355,0.6905763294173277,-0.7829749181089316,0.640653319319298,-1.6605173923333907,-0.20455101662436279,0.750183508614976,0.01607905329157394,-0.5794561162734652,-0.21593662073624953,-0.1593341761828985,-0.2822672108897713,-0.8429625273376992,0.9706065681540523,0.22694151091943288,0.009724665107719434,-0.4119229583619301,-0.6090445908430101,-0.09788605628921565,3
-1.390900794103392,-0.8784509228860083,0.5304204974335041,0.14332922853264365,-0.8319718703841534,0.011866816056944547,1.6864354713015857,0.04896405132202189,-0.07185889665841086,0.20197266233261618,-0.913344046588838,-0.09653151967165403,-1.2838585280912604,0.5293138153209581,0.09637122943116301,-1.2672725111802352,-0.481548707006153,0.020119426211113647,-0.3573306336527016,-0.8016120299923506,0.8493455050635557,0.6716441206540812,0.8203193043012038,0.49105977322566446,-0.04164028765506953,0.9184236305469341,2
-1.2250455124122246,1.2731196492243326,-0.49083306247618297,-2.2300005097395075,2.3577843423021068,-1.372620057917932,-0.36211695366141206,-0.016536743306648335,0.2613290821059583,1.4054919348163821,-0.8999587030020486,-0.3388453592663736,1.462326925271107,-0.0725429945844659,1.337998326683261,1.2806499737411765,-1.0385896480651011,0.09133323616540323,0.19269481969665944,0.7452610050070373,-0.11159418428527879,-0.28872684875416377,0.2803149271759172,-0.6530403266670649,-0.2366742176415137,0.38893558285279456,4
-0.45312703507677504,-1.0353227404702432,-0.049342473923008674,-0.12640022300963272,0.5649388145544987,0.5038169762115937,0.45705365134776915,1.467229096720076,1.256867451583664,1.0045238925282696,0.43909034292714194,-0.5523840905241209,-0.8818965793660267,0.5599593793599048,-0.6555155772453288,-0.02779842487422717,-0.4260184396598542,-0.3072263341378471,-0.3713895148965331,0.7099314598329852,-0.5986682182632911,1.0265633977633428,0.24793997324759195,-0.22144062508328646,0.565921998889304,-0.21619508462379008,4
-0.7394948781352849,-0.8161569397053615,-0.29095141498949934,0.5558682244716558,-1.858200466881708,-0.023824350297834456,-0.29310977961970874,-1.5718255389472524,-1.7641070168947697,0.5148837721020028,-0.10160492894508276,1.4247863104274425,-0.5104754127755419,1.314234181554806,-0.5668149579222064,-0.05514292762199503,-0.2404933812221078,0.9849461264856836,1.1413950278406184,-0.03767592530989433,-0.8356110981297973,0.8187898561491447,0.19282371798859502,-0.4712943791283036,0.11184157808535783,0.4456066971825622,3
-2.3339867433277246,-0.3838270857643331,-1.0482506640164266,-0.4572598997476822,-0.3351178760151047,0.28308671982362565,1.0095986267541144,-0.2708216490215165,-0.4049368059112341,0.7050714168291238,-0.7625795237074732,0.20991878421434618,-0.5843752562741775,-0.5527804065670048,-1.2580573267521282,-0.9431498489717319,-0.8160314846328516,-0.025601853865170613,-0.3323212227699189,-0.7298097856792279,0.9160080639482763,-0.02415967341713469,-0.042153891967759954,-0.02754829021641008,0.5603539021064732,-0.3033359672239672,3
-3.537854286662313,-0.7446471420226644,-1.5155112156161186,0.3869506969593136,-0.8156935872940432,-0.9949890996594003,1.1591547175710644,0.7622852707430461,-0.14293474022080968,1.5269705353093839,1.5543016190325352,-0.0749158529789231,-0.5413254914583451,1.8023886806443858,-0.43883921150197897,0.057104074058174574,-0.20190311999942862,0.49078562211647414,-0.7640858121355697,0.6842054932462938,0.5721013768430713,0.1066194793522505,0.13947195903708784,-0.5432064461674185,-0.19842420401727773,0.15188254262239423,3
-0.9291408429812823,-0.03928154026566333,-0.21774315198956518,-1.051332720313256,0.8203226278006451,-1.5984583709089564,-1.3790624992285203,0.4131746675434866,0.35296327814911405,-0.8613054923861436,1.1414933583473845,1.209431925757959,0.6751246051448381,-0.5763499418769071,0.17869061718584864,-1.0416239328624146,0.9614463965011684,-0.1250460636848635,0.35744666261332936,0.41981975114977,0.028918809508892508,-0.3171584066656101,0.48594054754870747,0.7229930762073871,0.47868776126277807,-0.6142712465469831,1
-1.937626660239746,0.8656237781416297,0.4770855316417832,-1.3741585612824327,-0.8896837621283796,-0.9098830487073089,-1.0643028789520055,-0.8685817186304031,0.5859522343724888,-0.010699070496955152,-0.9481647044959726,1.5114084483088597,0.134092068554781,0.005455907352931366,1.2988557774704015,0.5323034754490951,-0.9192900041541778,0.3645075636161737,0.3917513899255525,-0.6391224198302631,-0.5000839355979824,0.0418809201637062,-0.39284442303069544,-0.20425258150184675,0.5768623202466825,-0.5011743838458175,4
-2.1769792720012977,-0.7497537149674863,0.8276900271259331,0.4608823549642051,-0.998049067021705,0.10925821696351501,-0.5632894865013202,0.6144890310590894,0.5890790091827542,-0.43054005349540453,-1.5966800503122374,-0.5681408817252149,0.65082046786773,0.461766158045088,0.8658525641032649,0.012573865807663879,-0.28329575492280556,0.7366051132005157,-0.12006517835179008,0.37852285579677,0.8429874679165651,0.7466175243868659,-0.721535240389942,-0.520780147877427,-0.10392138213535276,-0.2671208040411081,3
-0.5769124164444139,0.962520428828283,0.43609541353428,-1.2686920160164221,-0.1066900819719781,0.06490965560253961,1.5554546441787866,0.6207141687721152,-0.3891384205135625,1.881455251552873,-1.153019718583711,0.26874351430804433,-0.2143825030814191,0.09384691759514689,0.20143951498165646,1.6511849890228072,-0.062048539344035356,-0.23411609852465048,-0.6575081039136631,0.6646908917226781,-0.031018983664730822,-0.43136614426124414,0.3866121827595249,0.4438796496266571,-0.4982695605401288,0.3294366503346785,4
-1.9689907949374583,-0.8231161471941099,-0.35833544046676385,-0.599130994180215,-0.7207440322835001,-0.5556198063580656,1.2876031203478882,-1.6998607791486886,0.13335582211986363,2.1027499373758483,0.41066373692862906,-0.18862058974040663,-0.5406195321748068,0.7057124351696029,0.10997998998576987,-0.7348647243398155,-0.6094135451121595,0.4393099525823887,-0.21857821950323303,-0.4916281603174245,-0.6712118572312585,-0.03260708683651364,-0.4119182080299896,-0.16684848001411434,0.034066505369525844,0.3723555875124799,3
-0.8495366972805277,-0.8677381872196037,0.5888550254927237,0.6410238390009204,2.010878654481454,1.0201935265525153,-0.7963984055342676,0.30216584434447546,1.4559029011684113,-0.7612319574016796,1.06146306213073,0.06301901486671733,1.2183267398607858,1.1910014737097772,-0.2351563731086709,0.33984203028111687,1.055019739590189,-0.3153067904419121,0.8995138404176848,-0.6595883660205076,-0.672874067734341,0.44665845177090796,-0.30530466490785374,0.4862750620157713,-0.3474479582080287,0.22232775825057005,3
-1.1959651885951337,-0.45665853416412344,0.697176139640567,0.8410461140064363,0.4407212401129666,-2.093886949798322,-0.01936096946355118,-0.5797291677992125,1.6510497720550468,-0.814443842353538,0.4759162877741541,-1.3514557030137084,-0.12851786380120242,0.6899536755551671,1.0613252197842347,-1.0564617058672257,0.4787121948546781,-0.2076582958308896,0.0877046284398342,0.3771997079744103,-0.24086577551704733,-0.061347613269536576,0.3644990680841849,-0.5248191762021759,-0.37025454411856734,0.00225584665107863,3
1.184714522246682,-2.2127046226847287,0.02764572479534059,-1.264167917095941,0.7377542343177577,0.4360087755004215,1.7374061329430144,0.576423885473601,2.658264258071053,0.5113012645041158,-1.1594075393134498,0.11960675975422501,0.6661177144131207,1.2343627927986611,1.3262963584466834,0.5148279468466602,1.4733431354155306,-0.9340672047584637,-0.06981747991220451,-0.6153293449118294,-0.40952749697426494,-0.13041091237171773,-0.5062120654842146,0.5802459301518402,-0.276820485399331,-0.15672115594953823,1
3.3419351413734524,0.7422366542887207,0.11920550813545115,0.8212278221226365,0.35555842800254656,-1.84632882200307,-0.5820073232558368,-0.11798854632217254,0.30302097426473257,-0.8229369866681255,-0.07534559192733001,-1.105393252395237,-0.5680781876192905,-0.03649376936887567,-0.051041258840366394,1.254783991389272,0.5744382609273474,-1.2193854516633051,-1.947640706845358,0.7620101032813392,1.4056474812258295,-0.24997297080918315,-0.5330625610989891,0.46944441312445323,-0.3341545003942876,0.08960564813546644,3
5.082543096027967,-2.4215091906260713,-0.8285457250077202,0.32246746821534994,-0.2606656088236039,-1.2800354763030126,0.3080184542696916,-0.9567189673849691,1.5123416113156205,0.25819126622292693,-0.4066494658110991,0.4190891364408389,1.0027284398004235,1.3506447749066337,0.380875436202501,-0.030750168891941345,1.0167282033133243,1.2374361925834647,0.727610968840235,-0.6868896670187925,1.377533563655097,-0.8405234001481314,-0.16104519155359168,-0.06693867113145255,0.42137945435616564,-0.8374526835432846,1
0.014061286863891485,0.9933850722961342,-0.9881617033799732,0.5277335945907058,-1.341045034720121,-1.028488343812831,-1.6589220400977032,-1.6915331800543696,-1.4822372838595754,0.7049306505990838,-0.549666908758353,0.37012297079805306,0.8422062196364164,0.2460065403190695,-0.7905463259644699,0.8669984731260896,1.2154568130829326,-0.8008709795060871,0.44605006666290115,0.15319696941216748,-0.21940327533364068,-0.4412208640309523,0.1626973355790676,-0.4441180144684375,-0.2523921581937253,-0.11691139621650132,1
-0.858614763253408,0.44066245859976805,0.12215645332105661,-0.5087859349464371,-1.0705333401982458,0.34679456188844376,0.7353058863783675,-1.906555028289673,0.44834480456030806,0.16660148859771104,0.08868737566816148,-0.6952279615483283,-0.2699688505531632,-1.4168209598503314,-0.28520314805801855,0.5846032120008299,-0.4141643907980366,-0.3737566973969455,-0.45688211381414284,1.065693854022426,-0.035891503595781284,-0.9415703689664958,-1.340959554047132,-0.3805477112129884,0.16207154524877238,0.37243268398499824,3
-1.830931990605525,0.37198748311646,-0.29377557258143316,0.5766659177611916,1.3880877157735239,-1.0498550337052985,1.187063540634561,-1.233067843216651,-2.1353223645690544,0.3827832298593497,-1.0672584157422047,-0.800405893327362,0.6262708759452109,1.4099490571967195,0.23629140114730252,1.6111735690667452,0.6669826756305959,0.08133968131253262,-1.6108947226432748,0.6038149168384325,-0.2891989930973966,-0.043991032246813604,0.17668966635661684,-0.6080450784807568,-0.049942960072596666,0.46763272748515655,2
-2.975312747687995,-0.2721884768321496,-0.7176867950207059,1.0216778862070317,-0.7880010393177218,0.9974717512236235,0.8923530892608333,2.4913182558363594,0.7646513115446304,-1.0801337080541298,-0.1806379143685158,-0.8158729375164923,0.4501931627647605,0.11627355974705865,-0.7982786453666698,0.08926455457662147,-0.3691269856568816,0.21200917349861007,0.060567551337402825,-0.6785325242485329,-0.6414513419475807,0.37006809212232283,-0.49057744344853843,0.7201596602285556,0.6028075682286912,-0.43529692627192046,4
-0.6767890204319591,-1.2799495963756475,2.1436871152580195,1.3753619247092683,1.2375751184785075,-0.3754309169260886,-1.1287855238832287,-0.629267673806077,-0.694585568814721,-1.36944002333966,1.498989629000842,0.8284886248934427,-0.2000364056798631,-0.4043269274822168,-1.1738085911551634,-0.49967032899089164,-0.362534884011301,-0.4787158467605065,-0.940527809047023,0.9012291508536301,-0.36421533634052417,0.226952935610729,-0.4267710328570349,-0.5195305346616097,0.047406760394122026,0.11396697072941013,4
-0.33175259396732026,-0.8038473407981627,0.8523958304097821,-1.0266560094130606,0.7248196245622586,0.5417840866421493,-0.9776504833520918,-0.8644690331501819,0.5145870123398405,0.7739888899841533,0.5825114827686222,-0.2480489031151202,1.3271310138830628,0.2675088871437993,0.7729561148723794,-0.6054922233724666,1.0914256900990242,-0.2871506431799653,0.33279808737089717,0.3153203572901042,-0.3473436170769012,-0.1993398370421624,-0.5246555303964785,-0.36492146063201897,0.35984797652678685,0.5340236471745369,3
-1.1955500518765318,1.393818295680486,0.587037892688815,0.23642169250442185,0.33917964474961976,-0.2954414998281437,1.7677553243024609,2.712394676564158,1.2284306102461227,0.38350889769207214,-1.4305673796652283,-1.6268126995069725,-0.01192614979984633,0.1859636063512769,0.28705639172700215,-0.1571772175631373,-0.6114511600271689,0.01953877850871204,0.18836769598685624,0.5752311807837291,0.8236162050826815,0.9838772256411186,-0.2451314024521021,0.7787152821758198,0.338106478840358,0.06096855686473868,4
1.3795275389796313,-0.28944637948675617,-0.7458339768047374,-1.478382689377326,0.6102327450431518,1.0227841490143532,0.11179453709065786,-1.0965369748661464,-0.7436534013532464,0.45062040765925326,0.8540326664348492,0.5123070736767813,-0.18052927503309318,-0.640921524806722,-0.8257404951584304,-0.1753368791371433,-0.5329014201652336,0.9400931291844226,-0.47708290713419493,-0.7424799681494993,-0.45890484764228534,-0.11804362494632165,0.42423119241305907,-0.43867558960921416,-0.44631011449130514,-0.17833978918452584,2
1.2546110088469917,-1.9042985426051227,-0.9685013291227276,-0.6457530896133752,0.8549645754620124,-0.16248685490022208,0.34292202243231906,0.13077841604718107,-0.9477549316609952,-1.1174898438310155,1.2561252666870266,-2.1793604874512167,-1.0829380312268433,-0.7319885839641516,-0.07106562159005902,-0.7503983844255477,-0.42436398818428633,-0.3919823677272081,-0.34902737437316605,0.7128820268063752,1.1099796884691833,0.32243536499738584,0.019495959249541166,-0.5792587030974329,-0.3302351790781368,0.05223615822393574,1
-1.8952950232195402,-0.3023441607073713,-0.6918234916031236,-1.9736653553610635,-0.8714726415513965,0.30399707117923924,1.0937292197642308,-1.2663681629357786,-0.9027073711207466,0.10546511186895481,0.3791796243243223,0.4823412848355483,-0.39667342989741816,-1.7044346956794736,-0.26058639632334585,-0.6428435637893513,-0.9797750624344417,0.5074587288510166,0.2943627573015232,0.005796969546084813,0.6618617126024667,0.4923584368949722,-0.9505092879826519,-0.5898519710591033,-0.3917646265096428,-0.09747168761079947,4
-0.5987402342580664,1.5935080810763391,-0.10634794457212522,0.1806913327238676,0.7032657214747388,-0.8583255475952303,-0.8576791468656726,0.04332792633484816,2.182476375434365,1.259829373706507,0.30122243150733274,-1.5720447610348431,1.2572247480104184,-1.5455187936580121,-1.1934862227156018,1.1427809120548962,1.5807715707401182,-0.615082286066354,0.6161864310964499,0.2808421636326118,-0.11132268583172741,-0.20682497965383495,0.39349742352298467,0.371810430460757,-0.4675437337898526,-0.23381298185232197,3
-2.7902130220994796,-0.19080554653373222,1.055360367312406,-0.44707106568281324,-1.4701706655736797,2.062068919743948,0.0025867379838970723,1.0030642169382677,0.0876550895377383,0.7906021492264088,0.4548330432840647,0.40647796375882495,-1.0763219991217914,0.6390602214454965,-0.27476395315004093,-0.38401192883505303,0.5408799821629919,0.0563741561165514,0.7713361318764291,-0.7680113587131164,0.7269294749398737,-0.48415959625309973,0.7411273091611725,0.5192227405598807,-0.4451162855376775,0.5062767862174056,1
3.374076665390978,3.7118680716216716,-0.35272590339318216,-0.24103743664524122,-1.1773168395868154,0.12246266431677487,0.4470276470933667,0.5089908336014132,-0.562715360847953,-0.03164790135461731,0.8242569031542977,-0.7009086913094129,-0.34804240048916346,0.617943512037342,0.37369539673954105,-1.6293425972305142,-0.5371822768480489,1.0482785315889873,-0.22965660644796707,0.1696413373779467,-0.13082184567721694,-0.2549965122938009,0.3392060626522415,0.4265642789928502,-0.6143000756642208,0.05553876829517427,1
-0.4635499557870688,-2.1386103188368515,0.17421364103393355,-0.6218084923762144,-0.18518858772985672,2.027481328592604,-0.3294443528647814,1.2826137331430656,0.8218930263892689,-1.8097195388878926,0.3612484688923253,1.012640110996571,0.0006904080939581773,-1.0364210828611586,-0.722953086347344,1.543744011302459,-0.7847953519850399,-1.1765384777500854,-0.18354758277321867,0.7442188511251027,-0.36381711224589125,0.24160925628949034,-0.4062841357167087,0.3420421629587549,-0.08848788248830933,0.2729941308750801,4
-3.2440729180244987,-1.006432374381132,-0.6672376457992331,0.07998593476639766,2.083407964928656,0.3689979798528072,-0.9397702348772962,-0.5600077354898849,-1.3137538093567047,-0.7598377153440337,-0.17539040658267077,-0.39984420516943675,0.21798669286835215,1.7443196257267055,0.15820134823786947,-0.07796211758508977,0.032268770481147235,0.4347039980762342,-0.9255603101427061,-0.7431790799528226,-0.4296381423899174,-0.2897746968697039,0.41288597992353565,-0.2536453851826232,0.16458897442415993,0.339623384009654,1
-1.379777153693019,1.251287309411831,1.4400448665705874,1.2855605921781526,1.0978878462565782,-0.18064479028882172,-0.0692487520016861,0.7032267975960703,0.5138087515084104,-0.6860148262364995,0.2983710985890561,-0.2626834727262307,-0.6676250962654833,-0.6999753175904335,-1.5322519541112494,0.0516410505992826,-0.673345192517364,-0.10699706088295946,0.5471389571659439,0.8887287614488955,-0.364661704331337,0.2912299907917955,-0.057614660300160256,0.8209353407360701,0.22500734101207318,-0.4806053726345768,3
1.6208269686832013,-1.6700166813305066,0.19393853929446767,0.01587353509856564,-0.4142039315178764,0.6859585062909132,0.7537498731506207,-1.5048124988851472,1.6748881762700865,0.15283885521653218,0.017500905651101604,-0.8252965971588205,-0.11783289188422345,-0.1682534579758477,-0.07319968301807972,-0.43311479323080493,-0.5739853488313954,-0.9096558345292106,-0.18948093123563572,-0.41696056895124745,-0.4141752026178149,-0.2927639916465671,-0.6446820710124862,0.6905136362828497,-0.4546045128015931,0.07479557401814275,4
-2.608496402629363,-0.9346466015050043,-0.219576407544607,-0.2478340645752039,0.1663330405184097,-1.2713314147578063,-0.9818870575543011,0.14933580608267386,2.517891732781204,0.2543928572613679,1.3077920837986474,-0.26726038768623256,0.1995754733399074,-0.7277713951499721,-0.3480271493761882,-0.14777434869687667,-0.23172909131865915,0.3989971832668341,-0.9171050451372896,-0.4668097507339105,-0.2961364923889157,-0.3240463660122548,0.21454301222562538,-0.5361366061339493,-0.2931218381922672,0.12537773805924715,3
-1.2726229710679846,0.07277717854169799,0.10166229544482613,0.6870688128724728,-1.435191382935184,-0.9874685490545595,-0.7029779376587187,0.22906881773599838,-0.18560463886867723,-0.9817656455130352,0.3103040661113647,-1.20625845477,1.124484427480858,-0.6372467427963096,0.5357613356559315,-0.3456430178305969,-1.1125593078650189,-0.2167017493027783,0.6566305063455508,-0.5450419793665584,-0.20496331168413956,-0.032087346410109636,0.7997315956847245,-0.10488449303320017,0.8525702934269571,-0.7155897549108663,3
3.883227024369344,1.4659752816050329,-0.4848834515955745,-0.9913449339023906,0.4971659661146768,2.8352319310034497,-0.5758518824514498,0.6946177698824824,-0.23390648815588203,-2.027653701409425,-0.5336966479478408,0.0739043339237723,0.6097565767257999,0.7153104807367606,0.6356658962341659,0.2286595295721912,-0.4939941209564239,0.2223428598000158,-0.2479953534046716,0.4637982547377371,-0.060306968637609794,-0.16492747866668475,0.34364140382447816,0.35842992327190953,-0.8532733026038944,-0.5175754338899308,3
-1.8332510813885523,-1.4160850486857874,0.16229501402963112,-1.583808363722876,2.199720901390414,0.6615849351381806,1.2195670494190518,1.375508290361845,1.8669140347723083,0.6062075956235886,0.5375145195605557,-0.44246559139920333,-0.4119814569952242,-1.0421697417115563,-0.6051266441607155,0.2551847413656454,-0.7964722690065749,-0.26086321835163406,0.26409208142458707,-0.4701582781269897,-0.6091976342683989,0.1655964681355764,-0.07396113199247402,0.8746241095151331,0.4396251536043789,-0.1657833797934372,4
-3.0964946381084775,-0.608730682624608,0.06323850450067178,-0.5105692902470012,-1.1576110239873176,1.1867068753126737,-1.4832355427615385,-1.124151197547807,0.8329522719462794,0.023714469298484312,-1.0373230632587391,-0.10077028233617025,1.5309726602312155,-0.783394982223385,0.09952282507241082,-0.9681425910560504,-0.6037003560483524,0.7992209553433358,-0.602232670859518,-0.8680696803997365,0.7636511255045204,0.5082827096543624,-0.5862785101601926,0.11029265068083495,1.09358501783467,-0.591519036170609,4
6.614139560280496,-0.42894183894297694,0.18206027489471907,-0.043521043721140476,2.018832759154723,0.5835862033983455,0.5666734289421979,-1.0665933422555263,-0.30585990518340334,-1.7806738023978057,1.8139473486551385,-0.5574112363446445,-0.37507234337840323,-1.054928150266504,-1.2510224439398192,1.6769105483240279,1.8983911682022858,1.6567768792814133,0.15608605872381537,0.13075822427847902,-0.754229319346808,0.7464328365402411,-0.1335326774536675,0.27173620555326544,0.3459040638233552,0.7796174427974009,1
-2.23980522076985,0.6083430702482653,-1.3299822879610472,-0.9645263159633533,-0.43411341213150856,-1.142773650050292,0.03838528314349562,-0.3463811929118128,-0.4321631327206012,1.9255792631853175,-1.1145393868039897,-2.2758523687382186,0.6768976699725722,0.5789769612204315,1.1783531879566431,-0.1689121896572121,-1.1917945743802332,-0.08668739850272565,0.7754675623630579,-0.7446802425021797,0.2646796047314201,-0.08084537831374901,0.23571309447131217,-0.3525207082524087,-0.4404310548416047,0.05791092899977174,3
-1.2889948584779531,-0.699842154175894,0.48623208466610623,0.29845417016523523,-1.4320072353075302,-1.3117689780523099,-0.9665801502047054,0.24455431662353833,-0.4853564589208858,1.1504290033017395,0.7963999893301952,-0.4811742236249648,-1.2933602009531926,0.8727987595155657,-0.011440780136912286,-0.746063204494551,0.049939539436217074,-0.2904571497205748,0.2399257430266462,0.23550016671145635,-0.5902465936261582,0.23804756424643664,-0.42951629775096534,-0.3483399519870823,-0.14058132993384626,0.0390096400302781,3
-2.4240026558723615,1.3876462121522122,1.1137824081110748,-0.11372060815916818,1.5432471145898052,-0.6054056174322042,-0.04555272558007706,0.7726275870107473,2.87344440723275,-0.06777889558454596,0.6755889532309782,-0.9503705015881113,-1.4449881412568306,-0.726843885820486,-0.5168792512051206,1.0383023351305076,-0.05400333712535326,0.06215370616098151,0.3366485299048885,-0.6065106266440125,0.531818347747343,-0.08945688774822126,0.22771704332737375,-0.4158496798553391,0.09488474927060427,-0.069136520566997,1
-0.9237904722383065,1.2411599018000259,2.9070238080547623,-0.05331769098779709,0.41116817748535883,0.5073870700090116,1.010816849153984,0.022661505592198237,-1.5641096701636015,0.43445768573362775,-1.435310918871017,0.4127539726085703,1.1045357462755059,-0.8145661374000278,-0.21563649967445636,0.6102048560561774,1.8321896536993871,-0.49778814259302195,-0.9314937094364274,-0.7244402342532409,-0.01538805456955277,-0.8545060969853365,0.6023899437596842,-0.4747136827721634,0.04663456276327765,0.3621409139102767,1
-1.5582286766920923,2.0853180866847394,1.403333908857593,-0.08214309417011921,-1.529719055812261,0.7978978385284772,0.3893410521327357,0.33554472072714003,-0.6146582929371857,0.4415343277545269,-0.49904442425227363,1.0547116059778021,-1.2266688960100909,-1.379645492156635,-1.8366507666832608,-1.0402569030636917,0.9200757894839423,0.11300072730975647,0.39663238967167574,0.5646899830314464,1.10332769267169,0.25681383352929615,-0.19679283024612404,-0.5115050655750643,-0.41459472862135244,0.04417538985781711,2
2.373191952325291,2.691994301887402,-0.2784981471145193,0.09050839722018948,1.5546096471703243,2.559572258871324,-0.18460599558579105,-1.2240042179160233,-0.6690259873662915,-0.7950173954611844,-0.3931018606847838,0.3969593938258357,0.8062979069252166,1.537795706317434,-0.506532774674938,-1.3217062365966115,-0.9546673720390112,0.7862296458485499,0.09850177739831512,0.46119035862764446,0.9904476789735799,0.5552341640761337,-0.47913221150541424,0.5106529761969134,-0.310517097723139,0.4659385496861575,1
-1.0994271413176078,-0.9615671540575127,2.350948661848005,-0.4058411046736963,-1.2104413699681145,0.751004007122615,1.4164288484453844,-0.16097425953935837,-0.4229528573386535,1.409342958576319,-0.6075551400270754,-0.6823690700961841,0.6133032297240719,-1.2437300508816374,0.13594166897362892,-0.8228512117971339,-0.543187798292314,0.5538091438807092,-0.6099220587518815,0.7284361636551662,-0.2937160575989642,0.036333022738305715,0.1862598292123933,-0.5823799762623617,-0.20411366410254056,0.29063317164618196,1
2.34862920688162,3.0287756279940012,0.17988855760237427,-0.5920268601868204,-0.2876193387047833,2.0169259787668987,1.0126888222932238,0.09180393414083912,1.2240227258296812,0.08819310669021917,1.0305365897465144,1.1280086541637282,2.205931237837535,1.0629428799490506,0.45003103388599996,0.3021991196526653,-0.5862003035937874,0.10703482335135478,-0.7815691900445867,-0.7404511596493838,-0.3153857965780999,-0.2669672696637695,-0.5188906291178861,-0.35250430541771743,-0.2218969242366473,-0.1734504272211427,2
0.9310437181471736,0.2902502991380382,2.6301448369419447,0.3436537975755328,-0.8694048991833643,0.42005175093303937,1.1859177128869156,1.0591110323163389,-1.258076969038384,0.4151726386821975,0.12680130280574184,-0.1745793344812408,0.007160552321207733,-1.155451462125674,-0.7922460806310782,-1.2792229087126057,0.9836776428075079,-0.8854198190665612,-0.26591372216931797,-0.49453216696998475,-0.2229031160868752,-0.38009418483152124,0.19256434669671033,-0.1494574776705898,0.5437471226174749,-0.45815836156960005,1
-3.190222820332815,-0.5382118868773896,1.7040704765425876,0.4120046616729178,-0.14511058921908387,0.19296807825530263,0.7422191101004098,0.5071396438647736,2.5236361298257046,-0.35062876032349743,0.2722002966972348,-1.0645622483680028,0.9737258808212167,1.195861504251553,1.7801122849070041,-0.04984635532569675,0.18530321084644932,0.572070813194687,-0.43336716313905443,-0.5979632653888356,-0.3917585896534929,0.11667883063393318,-0.3707347848106981,0.5003748036322674,0.0018509756688608926,0.3186981448753226,2
-0.4001697306959704,-0.6825949002036469,1.952936051608439,0.10197675394746572,-0.03232999826628199,-0.49552325203997155,-0.15414239071763766,0.9046388424961888,1.4927802123791645,0.09835042705279158,-0.057873770323564826,0.5260331411612864,2.180364191091154,0.11952944409268856,0.7986613222407795,0.06603569743573275,0.7472655173668752,-0.3533633581733799,0.4351584064340512,0.501003690714412,0.7115711616228964,1.6698660734430373,0.1473590740995435,0.26950816565852054,-0.07729565305173336,0.8458333854287966,3
-0.5005514460902708,-1.3889617780516665,0.05463261071609753,-0.6306697815629732,-0.4244512986763609,0.2907670796623801,-0.9801889853237621,-1.194057758711773,0.1680102848000503,0.901670054093743,-1.1889560640977548,-1.5632501500761586,0.5719144581983221,-1.2874593964052956,-0.1239360948034906,-0.44126532654578077,-0.9624714203066739,-0.8999804553132053,-0.11845106004607873,-0.60452952090161,-0.40361631029097533,-0.2919576055485294,0.11294699825876985,-0.5623633326561595,-0.3768533676461399,-0.20914835455182765,3
0.8988745100562537,-2.1812116864776137,2.241002495311124,-0.5424319541296275,-0.8845493515247548,0.7107865222796268,-0.0036685226944980437,-1.1833118331977655,1.3011034470981542,-0.6524986073978921,-1.2993816295690166,0.719072917861688,-0.6237112128125306,-0.7820367410435907,0.5349181406565283,-0.028955686947370884,0.007805174006464532,0.9931254755345627,-0.5791314100097025,-0.646456387389964,0.05072102186999388,-1.1335064506951285,0.4770594226864474,-0.4979463458137587,-0.35268199169539677,-0.1258427707111504,3
4.021866721347701,-3.624498166021152,0.3094961085686588,-0.35380972073412637,2.3958915106326324,-1.9548517400175356,1.1139720212328243,-2.1602523543557655,-1.9758345259249126,-0.9535515675052793,-1.6243359256194545,-0.289566476066407,0.6513746116135054,0.6731572360005798,1.2062286704518046,1.3326185262311516,-0.4370959498165259,0.7007437799187032,0.5247142135833041,0.23843961274016032,-0.1029005284310121,-1.434508805253688,-0.19781289840325694,-0.23386967102351655,-0.2352971760568188,-0.2135357663393199,4
-2.513752639077212,-0.9962653262728486,-0.44317749025519354,0.9818506834688091,-0.06259514233743742,-1.2378749158615479,0.5421831603448958,-0.3868328607901037,-1.4665149287155572,0.014996579338642192,-0.6486568909799937,1.0782122285126092,1.4770218330719083,1.873505478347149,-0.16453541305029154,-0.36991517756800896,1.2222541709551855,0.5466159286198614,-0.18079332741650792,0.15257807826757638,-0.2733082618108844,-0.5293983315406227,0.19116664369455025,-0.30763967671666675,-0.051243702059936704,0.46293136739868124,4
0.16029697210487226,0.7617046487800095,-0.3737718437777484,-0.610688070870393,-1.53673858199272,-0.646214994329335,0.580338688577094,-0.7492177432337747,0.655355780066756,-0.6544046427039105,-0.8394051011249583,-0.11499071932105345,-1.3291360068732276,0.45323752979900594,0.8867389484217761,-0.9979339184064664,-0.6225672198660389,-0.29185678114714714,0.16383136822742336,0.23382731401546625,-0.21242212097103913,-0.22609968894550228,0.14957046773292076,-0.4197787591320009,-0.442941477276082,-0.2087705423922289,4
-0.30093514355921164,1.716250878859631,1.0498814840353516,-1.1904212220784942,-1.2865104748584757,-0.8078955782278731,-0.5959260004477891,-2.179013937051042,-1.5617160387166067,-1.168383453653502,1.2113121575486678,0.6493893091286209,-0.6498619417128446,-0.025372653548113727,1.5189376919445787,0.5685874141431158,0.46819639055258566,-0.08343101188241425,-0.3136202175845483,0.696836217889293,0.38341455310557954,0.5492216219723577,-0.7192647126786464,-0.5055849352169622,-0.049167862172535916,0.019028608572112,1
1.5180424969837853,-0.3743840500782326,1.1100625516367766,0.18912060722674612,0.06060751519486273,-0.7984780227444341,-0.8617769204548008,-1.0653965003635415,-0.6400077874840046,-1.250585400162209,-0.14294063533311907,1.4989921757964906,-0.013021759367856642,0.4040970855926219,0.12975952456408815,-0.6425141234016573,0.029614047010843747,-1.40672539803395,2.4119991197763713,0.35997938784234945,0.015221898514882771,-0.553079343807378,0.4068541025454658,-0.2527989326444432,0.11032984446281505,-1.020841691866374,4
-2.080061688773558,-0.7391734349837121,0.5361785363674566,-0.8723376882946192,1.0509812109831986,-0.8132518948635271,-0.11474147642530443,-0.6205154110267154,-0.935549636356516,1.4172101946549371,-0.10904229754608563,-0.9396307632425317,-0.5838145776430812,0.8117101564249779,0.6350376238996112,-0.4718369929102771,-0.39426680366109634,0.4899237849692416,0.03982145134650871,-0.0630700880078806,0.6220528872951173,0.711895252622469,-0.7384146620778528,0.40735121161562354,-0.6610218928375816,0.13286673570073484,2
-0.07364966360129675,-0.6650973833909571,-1.1799906232047346,1.6759755526622588,-0.7573500316767241,0.9523652198896778,0.4672432548103927,-1.686400931223299,-0.23436199956340073,0.12012048811831562,-0.02787942244440557,-0.5354444849309892,1.0379271115083204,1.2750633808493923,-1.1497251052126927,0.6516361767729287,-0.33457095515196467,-1.0323240784284395,-0.6149449225835785,-0.8455975330490743,0.9887018860618844,0.2964100032263033,0.3084560461747901,0.8812045920536933,0.21354575368370388,-0.38322579754464886,3
1.838697976773548,-0.6813514017304451,-0.17496560633961375,-0.9247777716338812,1.4205962601727575,0.17698979728828643,-0.8447887632685696,-1.3176653327732184,-0.2191128903905789,1.8962685000018045,0.36020281106397667,-1.9847230809136007,-0.7085245822590812,0.519797648963989,-0.027113449560349254,-0.632339760059278,-0.09593009972975124,0.7594846357903111,-0.47237504828971727,0.15222453545843323,-0.2750688238293752,-0.14473030570951156,0.392236011470205,0.8303204874342218,-0.3258325563541242,-0.9055298406262733,1
0.9898482156601083,-2.9655780759376964,0.7359533884410808,-0.5289796916113446,-0.7523701953420818,-0.9642107001095328,-2.1118252966798012,-0.0973558430520422,0.16290124413872487,-0.08666635755454025,-0.9651226914271602,0.7266521059690259,-0.5817884806410908,0.2840535425890712,0.599457573957962,1.0508119268104923,-0.9364179619448691,-0.5192028853610539,0.023859818275229077,0.7585000589317625,-0.49683796674006553,0.2777174558315504,-0.22328248290200692,-0.2561565345977421,0.33369475819828387,0.17180874900078927,4
-0.5855993362767865,1.3086496513846042,0.02950858035185977,-1.7634695804257372,-0.8951623644375091,-1.050184387272027,-0.8294748703077386,-0.20159466344115098,-0.49803420292001566,1.9117737738293283,1.0016516385499676,0.03590576597830632,-0.1439607969199462,-0.35079339785985547,0.3444874556679167,1.157199756313522,1.1089406559356283,-0.3314093011432675,0.30247222162697357,0.25007189363868587,-0.1267800179289402,-0.498336028474851,0.008076736734485267,0.47405416578436754,-0.4522997299040752,0.11656650236970496,2
-1.5040590981469022,-0.4219345336631264,-0.6789893791938655,-0.461731781781922,-0.32198322994460127,0.1068276004866196,-0.1785848422747581,0.14055198714307915,-0.03281832143310021,-1.7634415870108573,0.15846570568582166,0.6042688739557188,1.743184703997689,-1.0263800513229413,-0.3717124820287954,-1.1813448084564262,0.88782771877339,0.2630339315022688,-0.18942530007924005,-0.5951621351470299,-0.33597611236737884,-0.22494601584708784,0.4306664702101297,-0.5197778815214396,-0.014812775836157735,0.31554188814280354,4
0.31170524921185555,-2.3217376463147947,1.3249515367889473,0.45460986843872725,1.0796390005829113,1.360189816576215,0.40540277188114887,-2.122059889955602,-0.10194598578408746,-1.0817410205802074,1.3484361679383394,-0.4188630165276788,0.35450026910150834,-0.12387243232803856,-0.3264750663121973,-0.11118120640641047,-0.5188219521058175,0.4351778638613087,0.0650941428676795,0.85697349797491,-0.37481253254619756,0.3368453491365673,0.022413844504381424,-0.07260064504624332,0.8174112390405177,-0.31581628959450175,2
0.3105460389292539,2.5367446143808774,-0.20046990182282798,-1.4027101739679437,0.7837958256582334,-1.5131150014262384,-1.4192453884163592,1.9010514794119315,-1.1791678649665545,-1.420888286377309,-2.0312945848199613,1.0615325758553287,0.9409081815223583,-0.5027767767437084,0.6607807453218522,-0.5434671996224172,-0.8186257409323872,0.6469268591822831,-0.7363768040094024,0.4673223292813098,0.7089983167764592,1.0335241467141456,-0.7931786213604795,0.7207116941252488,0.4169188758044302,-0.3295169108106435,1
1.87162513498402,-0.5612869467497648,0.1387026742809048,-0.6321632202170748,-0.8049733578081747,1.513083761093592,-0.9203799742460611,1.2814890129311058,1.6850757466140884,-0.6617566459092679,-0.8446709922565919,-1.1795046958358213,0.7249145421210593,-0.4235387499826901,0.34011237643646225,0.5062932470418501,1.609679470538494,-0.5714066485790543,0.026799024522286673,0.2617940723825045,0.7666995865677649,-1.1182594007743087,-1.4699073831466727,0.961614751210712,0.47317975866589507,-0.48082315414329474,4
-0.06450304030336965,-2.201286476069686,1.3812513765643113,1.1388956495988531,-0.24906816478025812,-0.17145832979030934,0.22480805983069116,0.47587502139840016,0.37311021107241654,0.2666659094965126,-1.9331110056360161,0.7981515371302156,-0.5311212162955185,-0.357796803011626,-1.6852428594153839,0.0865780034271446,-0.36308700890782203,0.4288669762149847,-0.32506797912191127,-0.6236073709386951,-0.5298701320263097,-0.3881701311387696,-0.04989781487302165,0.10571487858270191,0.6869801142074041,-0.48453538474054814,1
2.143195698383927,2.941498367131321,0.8754898478585339,0.2872636663182914,0.698215839555874,0.22229263489332907,0.7548265834452472,-2.2158834562243634,2.316211266624383,-1.26821122794928,-0.3662990342543788,-0.42547972238878323,-0.4176454350729574,0.5381339911164317,0.5963965916776103,0.168414378936978,-0.31413515650253565,-0.42772938481920997,0.1125242877881837,-0.6726459359328606,1.2331917767591671,0.23652836022508544,0.17171283655595282,0.45232468968832834,-0.2806148983380903,0.6628476543745432,3
0.191434181972371,-1.5963290649070343,0.30581840320480674,1.2576598536153996,-1.2204068812329911,0.7570115889178971,-1.2019260858504626,1.8695687392308507,-0.4791251551845928,-1.4386907472595598,-0.2252228640215461,0.32416879844115154,-1.3561001995751811,0.2355712640872031,-1.3864371871194352,1.3208505219747342,-0.922087681240951,0.5976929855445742,1.4409469259714538,-0.6736539119588932,-0.535235821169034,-0.4772703519483616,-0.3670256963260374,0.7615079743107862,-0.13442330241745346,0.1302883002790961,4
-3.253553297284011,-0.8352061692055789,0.16960284393284727,-0.6955832209067421,2.5764539375067206,-1.3195037733189132,-1.9623490810050943,-0.3204662296499059,-1.4240710153955816,1.0848641709066185,1.8358782957243964,-0.7482198379584591,0.4598969162672328,0.2663204053766778,-0.19149851628757247,-0.0970269784620203,-0.28527563741900736,0.7009182449322461,-0.9139041498332385,0.743351062242601,0.6023874207382901,0.31878835604453565,0.5597226199711177,0.863611994847311,0.5982868597790162,-0.33756165438930047,2
-2.1025035486593784,-0.6753348447339103,2.8560385523004044,-0.4276050985423297,-0.6735243898804175,1.0833428860788823,-2.756508531460307,0.30944874046832754,0.7080425851385279,-0.13322382683013018,0.5442749935444887,0.2642160011628247,-0.47156442060345954,-0.473192275958216,0.4609603769534758,-0.06414151187183809,-0.3758844694580654,0.4893266163897092,-0.41908805892500817,-0.6509031669524641,0.017855722387024084,-0.6560655339889467,0.9634286930232302,0.6635043298896054,-0.176313434493217,0.1713914426051426,4
4.273218281256869,1.722171624949774,-0.44689199774352195,-1.1497995125201461,-0.13148187495183256,0.12475690381165717,0.6776466889935481,-0.06004590352757502,0.6754359523258411,-1.3009122562272855,2.2687992913963018,-0.004489940365970431,-0.13982261861704443,0.2001601262913295,0.8100153419238668,-0.23472544396238468,-1.1570111050789738,-1.3778455238373086,-0.09042922351345388,-0.4166347061695961,-0.46012714485688244,0.23925155552004598,-0.5925515853384961,-0.4527031189747121,0.014166104046496429,-0.04700851675456805,4
-1.0109019795044794,-0.0577675178404314,-0.32797247406376334,1.2616732546305753,-0.5929138447998618,0.25258904578290514,1.0977949141476049,1.4250408046443803,0.716863115426087,-0.28647608625002075,0.39433222206805274,-0.617380458912309,0.6291861707958263,0.6457091436758455,-0.9251297684248495,-0.6934543189644017,-0.3899757736538649,-0.03537299723390512,-0.38551121791073517,0.7018690380498048,-0.7004776854230678,1.0608220573918137,-0.14130120028138332,-0.25512750996989947,0.4271793000739013,-0.4659772897737145,1
0.5516562439542582,-1.4316180654281543,0.38197533818824914,-0.4039093298188755,1.4514517544043408,-0.9043291691326399,0.8205635541457732,0.7982851444746224,-0.42954795116862227,-0.08970784501531957,1.150184761265118,-1.243112556777524,1.5474970115316915,-0.7001264486727374,0.22448833740680077,0.10200547895167142,-0.43261689648930746,-0.8566574782093619,-0.8798474804415714,0.8420628190920985,-0.214542385052182,0.13402036254793542,0.48672289363847604,0.34641831739864365,-0.7364599310624573,-0.02750319069334901,1
0.2444021480702504,1.7530245898325982,-1.7300050884043685,-0.5775043351083363,0.2599738344416362,-0.8387078788538547,0.06501507193253381,-0.9677383642855766,-0.651942108079932,0.4925468500046895,-0.5470324865464438,-0.7042087745120588,-0.7869043417863034,0.30374082369021493,-0.6810489500469196,0.055535120698664425,0.1834208449166743,-1.3098781762199745,1.8959184007347838,-0.3914330806648383,-0.08306417046056615,-0.9607113450909208,0.05724508269288744,0.49088553844781024,-0.6771114368358248,0.14313989555404963,4
3.4074810570374203,1.7628558187507923,-0.2279923023586952,-1.6771183739012994,0.2920518089227289,0.9335088627559809,-0.23987377281694727,0.6448491803689064,1.127032725213574,1.1643623558960308,1.7205622933475095,-1.187721722341632,0.24122609293013836,-0.5898943955048954,-0.07070909388594082,-1.2505216173751554,-0.6597560255349424,-0.817994680626234,-1.3291779447852372,-0.5550652244899316,-0.49330092145075893,0.12392427153848935,-0.47186043701389757,-0.4228320527196624,-0.404354421980528,-0.4868921386361939,4
1.6361881864675878,3.2587773509606466,-0.38685667996225165,-0.8369883059892593,-0.037785631171609387,1.2571094729763228,-1.6846818734749178,1.631970729169947,0.12408389478428843,1.8223527083925868,1.7593002907836557,0.47616165527113924,0.8734402901586341,0.6994807699515454,-0.9454367525565448,-0.9712541600678561,-1.3512265686264735,0.6469152967367384,-0.1329766798916691,0.66163932224447,-0.30598359091081406,0.06731265415738148,-0.3083484530882237,-0.3798932029073541,-0.4303534813796728,-0.22785588687780095,3
0.1935707878095831,-1.6424367026940359,-0.5215232896218126,0.6537935668842105,-0.8416565009044362,-0.9085140008959706,0.40012916870537285,-1.281574559753476,1.0073120528454933,-0.17552474455931674,-0.4799234687588956,0.12052545315708443,-0.48470825699968717,0.8284897156528169,-0.28577158504271355,-0.031540349933671115,-0.802494277416808,-1.3074764228038145,0.12824131489191984,0.02083781864943087,0.3877569410109847,1.471410953361874,-0.48715058184878574,-0.3914626980725905,0.13363013686661118,0.19352498383359407,2
-2.0386726298799442,1.5733723491909928,-0.6311707914020541,1.029228199635409,-1.630227220480322,0.26067158665320533,0.387423054792948,0.25345189235628107,0.6516506589303529,-2.176676109254189,0.02218034615370115,-0.7871726015969954,-0.4319307447089069,0.9327843299620452,0.4045058747154293,1.04208352086766,-0.3906672704417097,-0.04527345891463406,0.9506839780752976,0.11486431880460551,-0.14304693152138886,-0.2916024993772722,0.28446435623754207,-0.652986791191785,-0.3067151150858451,0.01734929952845637,2
-1.9613426135477912,-0.9709783470570493,2.390716577231289,0.5071229025345724,-1.1755097523829154,0.9944634998474613,-1.1110323509037792,0.07486342203970962,1.0634435269549571,1.5003710644761465,0.8221553032128973,1.010643468680675,-0.09789455111180861,0.24382438447046972,-0.7915569533704115,0.14615549168988978,-0.702420736783782,-0.09160551596733521,-0.33492978902604204,-0.6000610362909194,0.014392115818928186,-0.7763069656625932,0.9585967143363691,-0.22368360534249668,0.08708030247726437,0.28574957051961203,3
-1.4642577728356916,0.2720521114171524,1.5491915711782371,0.31953177483537404,-1.3247495337891972,0.9951339508336181,-0.18337939914289322,-0.24435312268110365,0.7528789868584799,0.7575914900406052,1.0509906951900296,0.2020810955475999,1.100849761378711,0.34253817194906194,0.06076832232148183,-0.8850894043658784,-0.44181610494916146,0.8497551741805345,-0.5046487395593225,-0.5618351667755005,0.03356734567775874,-0.6694404055868354,0.6380744146773667,-0.08218573781750724,0.7141734845602353,-0.10855652831067722,4
1.7464325361520052,3.989462374150155,-1.9189324162167138,-1.1995632223856867,-0.9923507940383093,0.8666275901601987,-0.9661336316898103,-0.3646239319093028,-0.37145248300651107,0.7774837427673099,1.2089234511574714,-0.9365060993751851,1.139717899835818,0.9368662538834694,0.5220266047781449,-0.33992359791351595,-0.6163754032206141,0.3611796015895881,-0.8778616571797531,-0.7228832555625968,-0.14772046484267057,-0.43295955773695416,0.25004340784733853,-0.4252903080241719,-0.3374465517769344,-0.1442202742771416,4
1.5437937941797155,0.1800453425238885,0.9586070635836791,-0.5391426295661111,-0.4773977059121033,1.0122279974976165,-0.08027242856813897,-0.7819559028904326,1.6726222043445662,1.1548897469743986,0.8142793787789582,-1.067466264294023,-0.12774526057152652,0.9668759809816535,0.7799963154475038,-1.2414786583357713,0.5367758020637267,-0.3180175356752319,-2.222766595264674,-0.6837550576093042,-0.1843425693145002,-0.14929761035383354,0.5039055259448888,0.4872887950721591,-1.0418115707762163,-0.6196895434287745,4
-2.709413037982197,0.14972437216188342,0.6200950875665195,1.2072358963716263,-0.061844784599949264,-0.2540891027559965,0.3464977377696656,2.179050406063304,-0.7308710255114984,-2.5822928303526793,-0.8035840734306092,-0.6262074589304043,0.6852353806126832,0.29059569932704,0.17433117950820248,-0.7809878568268097,-0.47536869446616176,0.4398096643190222,0.204381617051833,0.1228003299112414,-0.7327824921613009,0.3473107048360468,-0.5511357036542618,0.6356788381065394,-0.11558386630671699,0.23315195576573358,3
5.108716977555734,1.0175672774410713,0.5019508372929532,0.16952316193169992,-1.451711293435356,0.7351687783334553,-1.9374353256083772,0.9772503939173508,0.2921493048876666,-0.2658040666899016,0.15464522580081963,-0.4216424475156024,0.6738942711367509,0.23496251451109545,-0.09726032272909918,0.5881786976628158,1.2378904444951888,-0.9304839550933414,-0.9392137650078966,0.1424242633419617,-0.3043268907295992,-0.07784619653736331,-0.5723177185589975,-0.39352950425211053,0.6627164448179494,0.3780956086036242,2
1.1242642043146376,-0.5148545007445078,1.1771752669200122,-0.2216934005520915,-1.8475502459953452,-0.6478645855198123,0.7742510734588569,0.2727317145899464,-1.7386200855445009,-1.045534071377765,-0.10321631751039262,0.5985823853677534,-0.5346087888499186,-0.06033456501890856,0.45323921081497526,-2.486629310150559,1.268560555761226,-1.1585975704705096,-0.5127026447040787,0.3056388208485106,-0.04940903476161082,-0.2410279615672554,0.598117781186152,-0.256543938831825,0.2978282260172794,-0.7934472819137393,3
-3.0205433566258324,-0.49119912449985087,-0.7785623201442293,0.15811011026332114,-0.7503987744093202,-2.333483787687807,1.1839891818569839,1.422985944956022,-1.1276559616870185,-0.27034219571937185,-0.3717283376856678,1.607425886810564,0.3292721677849666,0.8835559753755946,-0.19442748585361028,-0.09131892402358643,-0.35454838386090787,0.4121828659679477,-1.0887559794486399,-0.5549047570932122,-0.34881910467754557,-0.37685475411967373,0.41384328759069783,0.9764289836937844,0.4195294410205273,-0.0682146074272701,4
-3.1082365451223133,-0.6487462183440709,-0.5492746555436954,-0.2710396690225015,0.8638149192470835,0.751845425302379,0.799904977179224,-0.9139946503374655,-1.4834208076405213,-0.029746370577327843,0.006378243723979307,-0.06891693586013854,-1.68395910044371,1.5992515834979193,-0.5535557148849554,-0.8775996400087338,-0.18206006417746676,0.23101604080260785,-0.48424941297006185,-0.5939543273304395,-0.6392625169812589,-0.21151549056011457,-0.5543348575307225,-0.1275486813171836,0.19251809125035302,0.35390395136297204,3
-3.1798000436684677,-0.9996332913933578,-1.5348828704597701,-0.9740709232589463,0.31721164296599685,-0.04467700948681517,-0.07340184393668917,1.7193487996087453,-0.28056266383940337,1.921331927509614,-1.01120239065017,-1.8040230764415555,1.639206196598552,0.7075161508581252,0.18344699549170107,0.3556104344963879,0.5399417673709769,0.22061375529048355,0.47762209493506663,-0.9240253252857333,0.99606093926964,0.03733171554789527,0.11723321107899588,-0.08279857635999842,0.694591292497145,-0.3429590176176516,4
-1.4677403437212615,-1.433806967972658,-0.5547697477783311,0.30162386683004466,1.4907396516412221,-0.3374575858997561,0.284631320640055,-1.1035336127579967,0.7530181866450943,-0.6695782829109407,0.44383043014639895,-0.20299399980606486,-0.469309439366487,1.476887543835011,-0.12791502041474187,0.10537001420508944,-0.208651603246549,0.2014309517651493,-0.2682233212727626,-0.5490944339485381,-0.35007279024321203,0.04421488158113596,0.8632216569287084,-0.09085704792770312,0.9277094954340322,0.07396693006497189,4
5.091383811285329,-0.0452191569932235,-0.21357864160845136,-0.3958205633792632,1.339633189067367,0.14881618905693975,-2.2697496370339514,-0.0926438313142529,2.0092516487795304,1.2943559350891423,2.2313140954095645,-1.1334681792773906,2.206610363359253,-0.4904050739835839,-0.7502910045463349,-0.6769896091599384,0.2778291462869342,-1.4972727736229878,-0.33352347238317,0.49267173879393983,0.21465301914775453,-0.3470386508198733,0.589424339919461,0.7234766362950759,0.9647896346039704,-0.25682422499818275,2
5.700907983126525,-0.8084555831446385,-2.1188489133110355,-1.5883664512543059,0.012230408888994342,1.1650624645648842,1.5272975529112693,0.9019559579325414,-0.5148061292774404,0.5965619450725972,-1.0841988897213004,-0.5456536862746255,-1.6543611812334231,1.0289454584623947,-0.4032088882248913,0.4835720361934178,-1.1157143519612116,2.61003756903278,1.575307840735047,0.5157576582803626,0.37506521074750426,0.7357562110573738,1.2776377073008398,-0.5288116826249657,1.769031740495074,1.4987201750376864,2
-2.6072031155738356,-1.1850402050736812,-1.344823298408156,-0.5057994301915456,2.5753377841937364,-1.5253420662608568,0.5947221094291283,0.870010730082176,1.5649127486351309,-0.11420922001573276,-1.0464907164254713,0.07107123285844401,-1.642436154730877,0.3825170520082867,-1.2784934780176722,-0.21515664427028922,0.1280108778308471,0.41758798309314377,-0.7626915116645262,-0.7579745372133424,0.8768850416109968,0.27281514083317426,0.06269795868175651,0.3678901418039393,-0.35664452475539454,0.2173631731719293,3
3.498887462549759,1.2864931887906845,-1.5751387501475322,-1.7545880696529748,-0.14000895384577874,1.189089690426035,0.26668611424619804,-0.572070593306643,0.4121877680716486,1.514398453754964,-0.1918654772689746,0.6746638463606304,0.010749064503827321,2.126719149199759,0.3359896178195551,-1.1751229482950902,0.28913497155984574,-1.124577623905338,-0.04517781917535854,0.28030344578971017,-0.2529438043940456,-0.38988701790168445,-0.697059915525015,0.6477751584877401,-0.23455844621513172,0.2919439240642403,2
-1.5023719523309982,-0.18174243819358318,-1.1722240682379612,-0.07877530423379159,-1.6141557971486382,-1.2033919763401233,-1.1158105082877356,0.1022787215088659,-0.4343564363913295,0.4457320886180974,0.4595114961818869,-0.5773551935982465,-0.020562362456266157,1.4980316836879208,0.5576199832189953,-1.361213349539058,0.9929113530696811,-0.3619707818040914,0.7096560316017496,0.28780042733210653,-0.181532535084752,-0.06079188404087491,0.5726567889410845,0.7451152949655463,-0.028613650455451903,-0.45929280618999724,1
6.802266759478864,-0.369430591343724,0.5266531224042421,-1.5878078124272577,1.9868795100267516,0.26821285531075967,-0.22736607688492702,0.16089756492070573,0.035892426046618894,-2.0574843564446947,0.021183372064691165,-1.0828260190396122,-1.2378347697014882,0.9725755319584595,1.725271999467155,0.0788483386819642,1.2337467923865717,0.9635225706321302,-0.03913330904446003,-0.7755371133345501,1.2539222689889344,-0.1433407781359617,0.08911194496585362,-0.3036431651383338,1.2856770440039018,0.26940390078447646,2
2.7529556772674635,2.021950794359008,-0.42080047921250785,0.7214171175716161,-0.944380606341821,0.14677260095931358,0.42423381559867507,0.93290322693947,-0.20873114588165326,-2.4713649642515447,-2.243217830543735,-1.689508955393165,1.185046787876398,-0.7058937418329467,0.2842504060425834,0.7760045953635577,-0.5912847158045941,0.23593786064014086,0.4236978848857348,0.5228055323885537,-0.2338885692599332,0.1881278475027439,0.6389551711281599,-0.6382408020127375,-0.41153866003808387,-0.11080948891959769,4
1.3994688554365935,-1.3459376121667344,0.44935637336824463,-1.370849694211591,-1.0020566660646935,-0.6053860587108846,1.4115562800468016,-0.1040104829313027,-1.8392726512649793,0.7965267258077972,-0.5685353249247038,1.244338491797844,-0.9461641191337977,-0.3821247354569221,-0.14779960429021785,1.4088943068509636,-0.48101751537160997,-0.2099563264284934,-0.6462276481799284,0.5453261918702106,1.2547852944458033,-0.12329817354649941,-0.013890270655189559,0.32803061195650723,-0.5966507364320165,0.2371302020744911,2
-2.143519098679357,-0.6346520610364265,-0.9849022793976394,0.7284096639168676,-1.2839903786751043,-0.5982373952943637,0.5363026029246749,-1.822095282157341,1.0490810681419906,-0.4933249339221999,-0.580579677975632,-0.13601245198213088,0.527495429439326,0.7234153715285923,-0.07039034218733387,-1.201983382344803,-0.6545113890842637,0.16856091607934812,-0.3604679586221886,0.6842527071781948,1.1776291387701607,0.43900765896361227,0.1544942593649105,-0.35005134522794734,0.3017983080964868,-0.20672110394762777,3
6.427716107712887,-1.2836855506261893,1.028510575937886,1.2730717443873378,-1.1296395785903917,1.2564603205683806,0.08609464614323456,1.8987128394441481,0.3168536683017791,-1.3240859718597922,0.15001997970013728,-0.6115118968859733,-1.0794552167641494,1.1388019750023604,-0.46031545600914775,-0.5371431679224747,0.182767792452426,1.8250201121068885,-0.586126871716583,-0.6643987824816178,0.0928981354995385,-1.4816594270839312,0.1707795343740974,-0.325880163437893,-0.026296112153266236,0.05140531495858491,1
0.8750053764871557,-0.8846535993140108,0.029226094578658438,-1.461741376264344,-1.75755572943745,0.9451337334293302,-0.24217622285470067,0.6302305862656485,-1.639274807629773,0.541319342566708,-1.3439626735195713,-0.18217225875118312,-0.447735299567156,-1.2649154155928795,-0.5467922042794517,0.604956727737566,-0.07581968085025986,-1.331460207148957,-0.46627844893191733,-0.9332676988108152,0.6582533823331864,0.5100818648808224,-0.5278476013462301,-0.429806010170388,0.1431667164663516,0.16036717042108056,2
-1.9404425607906475,-0.892980436223743,-0.8183925937167794,0.7384311415978535,-0.6932052450004881,0.4794772143526613,-0.2884610525352622,0.3912798980749302,-0.2649917895188737,0.4144727346586562,0.18176161664520213,-0.5516069782781011,0.10974120280731257,1.901370358541775,-0.31293682583070837,0.1462371276270308,-0.9179176827587823,0.3677178503619235,0.7936038785161202,-0.6862810941160747,-0.7344784706604358,0.11711090055005209,-0.44812701860282345,0.10446420987970863,0.5462457926181301,-0.5847036265577489,3
-1.08037440913183,2.3589196108915655,0.482136680804182,1.4130214783711579,-0.644202946051093,-1.6608319393508875,-0.7739302188768357,-0.7150846408123582,-1.0449095178508672,-0.18759936546353478,0.1649713679270887,-0.0013291439482688457,-0.19092185026761452,1.208473792163823,-0.2580689475953207,0.3955786616409588,-0.5516289892773429,0.29654130383981614,0.11622293187282405,0.8767351452091675,-0.40664713002084474,0.45669623799689074,-0.3241178423063188,0.9542312134196222,0.7773768143820194,0.19664128006415107,2
5.057526306356759,-2.0582631409456327,-1.8939586617372917,-0.8562197416902918,-1.1492199925124431,-0.7832033899413249,0.349088840544115,-1.0528087458415623,-1.7503528693278145,-0.03979906990759615,-0.2621618547541677,-1.2470231126720912,-0.22619550003915348,-1.128897153170089,-0.7796461508344699,0.23663214569140437,1.2001704655677263,1.0053826975236473,0.7963188411539737,0.49234712748709386,0.15743760449211855,-2.1299932373334842,-0.7369550886206883,0.6781803266588775,-0.45041752832692666,0.09971449334402227,4
2.877435041627985,-0.9355842198351462,-0.6382521725480066,1.2643417742839178,-1.8173366911171007,-1.7082310487218106,-0.1503452285147814,-2.4844337217619956,-0.4433465258390383,0.4802703606591662,-0.4849994149335949,-0.8972464323086011,-0.3791652352799683,0.23347009791474524,-0.691685184287753,2.0590522802917604,0.43100545710207955,-1.1742364859460697,-1.2427555398386776,-0.6276770211200811,-0.3991965068619948,0.2506847065749852,0.6051481163016706,0.7821063853126563,0.1747164414967639,-0.5134409178302101,2
0.9319256932817601,0.04560461300254568,0.4475215923822151,0.24658180331875557,-0.862691768576806,-1.1275640073023137,-0.3426955762258267,1.3654570991771762,-0.20847302607226836,1.0114263771326562,-0.14271470511381917,0.8154319135125256,0.07026579225364632,0.3757199849960716,-0.7747010360420704,-0.36831712639722053,-0.9903987369970213,-0.6859089871754405,0.0073089489020609225,0.7187889768990648,-0.4739352212236821,0.7346279279723212,0.03447807636811504,0.4824336238811772,-0.36200698712047374,-0.28091136192420246,4
-2.0871554587161163,-0.799609783202865,-0.6363731868673145,-1.6209350401655085,-0.9766448692100349,0.07612974477823899,0.6746230550992676,-1.3286084807386365,0.495956275895332,0.886829954145206,0.13092324933525823,-0.018801792816801114,-0.7460249424843132,0.13196808680342573,0.39132511891994887,-0.502593928056329,-0.542003313034359,0.5592188296550442,-0.17640621378445706,-0.7775505575234591,0.6660130447378058,0.5366901117850345,-0.7677537646326024,-0.21346779653331438,0.27840749749261795,-0.5396990558144614,4
-0.34087434151139373,-1.303706765604464,-0.9167855197686586,-0.06043738133541271,0.272575366803619,0.5705351779659718,-1.9041022493056043,-0.23359213491022943,1.6581480417394774,-0.8626529247969419,-2.1208216104043354,-0.8645622421777348,0.7191616885154961,0.3278605268816975,0.12878756022632684,1.1110092929469955,-1.2648155355677864,1.0111175850277654,1.8965185375854174,0.5397262985004319,1.3913296607192611,-0.8574231288287318,-0.4780709205234445,0.4357008648117949,-1.016559243521442,-0.22078199058108677,3
-0.26451910296347325,0.040768879894642174,-0.501443257086468,0.46171315755868225,0.35978688931724434,-0.034926531481034646,0.03381445664659902,-0.14193250403804616,-0.6520237435754099,-0.5354846674961566,0.4434066543349646,-0.89024538229121,0.11080184975882633,0.6639138948551536,-0.4300634749086337,1.7384092445983739,0.36359119640081294,-0.6042591164788387,-1.191836528261756,0.665755257095474,0.7482425404349463,-0.18884882787285678,-0.04377583663163058,0.7948157656707033,0.04961568645911388,-0.4622087781888167,3
0.002587632600922842,-1.7012986091691797,1.04344967912557,-0.7256867900084636,-0.4427512094708212,0.11807290451028875,0.520122617261485,-1.107424729804753,0.6726498105777041,0.06501267219321823,-0.005264568242165139,1.553857964244912,-0.5957211036270859,-0.9328534054746985,-0.7838493068836792,1.306596061149753,-0.08946947163902151,0.9030809908624188,-0.2032996295050846,0.18853200487373586,0.001606820223547101,-0.4715939893538018,0.629551972303818,0.6484154544368804,0.396067195087503,-0.6707387755157281,3
-2.19635994179355,-0.44700732469237203,-0.2848863791813047,0.5345125344228717,-1.3144526707376742,-0.7858763054147763,0.18398893367758365,-1.2183598754394487,1.5111462930729407,-0.35391181849849657,0.9602915334112584,-1.0837784641193944,0.20750519576864063,0.9644329879917419,0.7800472574314238,-0.151401920453259,-0.11909599168409565,0.27457863705761887,-0.34785393522206365,0.2834432209790079,-0.2182902769279851,-0.1756173248512671,0.39942696726900706,-0.321195895209788,-0.07321928845417326,0.18398515920518874,1
-2.481588779808101,-0.7563531692384733,-1.7340926095307965,-0.045370369258053246,0.06913438697739818,-0.44277859742123693,0.7589843199442489,-0.8827079545486286,-0.2586594284329812,-1.1562262585811383,-1.1228330700112124,-0.388686116069595,-1.3328724452260619,1.1175978487861387,-0.26381015312617206,-0.7973783432020176,-0.03525036137884174,0.590535203366421,-0.6293008129793799,0.7586504064717391,-0.35022523152915724,0.12788679031007488,0.5220452213233296,0.5404854147260092,-0.43398149792188095,0.351305579485676,2
0.41732737309176815,-1.2936427633394045,1.0673912044456362,-0.4790655819637617,-1.4260255361609029,0.7804974213023416,-0.7456449610557176,-0.1868688898736435,-1.8961549751383044,-0.44903828318462463,-0.08649507761217394,1.5105632545795795,-0.04915683767442026,0.792075822563461,0.1199163704826752,-0.2603491139285011,0.7201073728041121,-1.115994583481116,-0.030837914246810046,0.7332774931614243,-0.21235341873360497,-0.1158029445750396,-0.22034707342136564,-0.38338904633954246,0.03303853670333979,0.039379073667488794,4
1.3301249831826574,3.1131758484064633,-0.3917277635917884,-1.043824236356348,2.223060290180693,-0.8584820637412073,-1.083627085346148,1.9154728912343129,-1.2717138709856328,-0.38559789474063794,-0.1276039264492119,0.04973518555338953,1.1373755939075083,1.9687356673012208,1.1363199265270212,-0.6436401518440711,-0.41892965640379437,0.753196772018916,-0.9859109545161601,0.3568238645877427,1.1582235267459648,0.43240646688968004,0.1928654638111649,0.40109980593940175,-0.8045365141573139,0.013157860402729309,2
4.5046391237188645,0.3888566690339079,0.5598480492049274,-1.0615219636525122,-1.1675213795497863,-0.22273972178489282,-0.10003860007910377,1.035437494935886,-0.8453536171671694,0.9290089328300907,-0.9345669677442447,-1.6613340794876492,-0.922468483391309,-0.68278560084981,0.22981514367392178,0.2615511903304936,0.6660211813933942,3.2247307924169215,-1.1668805020174586,0.4723506492694367,-0.33210478298839835,0.4975773680688805,1.2483185706609374,0.5114717811373237,0.5093965504855138,0.09704858914112081,2
-1.2139921456462215,0.9004226374304478,1.8150034890411009,-0.07696659736405685,-0.8928833006757004,-1.509474611203441,0.3162860605970398,2.0807858337752143,-1.0689197547169669,-0.003508423310660262,-0.9481601839714321,0.3389471684603221,-0.5293765473092237,-1.4897151194375355,-0.5759731760259962,-0.41705018453767434,-1.6545167654381947,0.16731012950339105,1.6748352548944518,-0.636169633493353,-0.29721660174578207,-0.6100429230963662,0.6829338002681437,-0.40120339714454206,-0.7513944064918121,-0.5678194639334286,3
-0.7840818653414711,-0.481394514206756,0.5472103605892777,-1.0287426070979113,0.4862090227139662,1.3247114123603223,0.8076434779254835,0.3078062009647644,0.15486423220638465,-1.3224108730126538,1.526216209106449,-0.1356646014509118,-0.046077649426390616,-0.09394950510204626,0.34565501525337944,-0.010938811372255839,-0.49538803205040943,0.2343084854943053,-0.09330323925622849,-0.579553539571259,-0.43260976008620694,0.21575448535769134,-0.1951626815739082,-0.5567133310105811,0.7842107728527553,0.5747052628299093,3
-1.592643470760823,-0.38772656262238536,0.09220035356073658,-1.2754522054516526,0.002500037768902643,-1.9901646103983408,1.0728096465289592,1.0130342424519327,0.12356785958670438,-0.641762173202282,1.3146750359144685,0.1959300467150997,0.6617843384767051,-0.17635322959954786,1.31412150971628,0.27892024336549187,-1.1475928506437636,-0.03939818074514575,0.4079208627432855,0.941225205916477,0.028069868251498126,-0.32578764716341263,0.40817822386990815,-0.3838082021458209,0.02627153746452081,-0.12416234072680496,1
-0.0028666093394984875,-1.6188219858721287,-0.09640814491243013,-1.6870096232787155,-0.2222127279153741,0.9945216199210134,-1.6712728116552658,0.9168316358106557,1.1593697447165705,-1.1682857064299705,-0.8964326084313156,0.7979872935207496,0.3019957738708092,-1.9660473397265377,-0.6409792582665835,0.4464740336192055,-0.7252470140565672,0.9752707029940987,-0.07965051417752501,0.21751813227192926,-0.32565602493041607,-0.7915436414996198,-1.0092889025121081,0.547166272564429,-0.11777715726906927,0.13861388498712116,4
0.8021373197492351,-0.15276261889458115,0.12868286551264768,-0.6027636517981775,-0.7477325058463157,-1.4605507302623317,1.0588651728672058,-2.2082011248748605,0.6331320992533971,0.567002815664558,1.4683732869953083,0.5772979314725966,0.8323590948901374,0.7435618102135682,0.9462503297579008,-0.019962942441868414,-0.21935016992385567,-0.48601696413162765,-0.6246853863380758,0.2760134312410326,-0.6293930707220513,0.5773165011074436,-0.6454257364627415,0.5368105287612036,-0.7222641077863245,-0.26560398094956567,3
0.29882993454805934,-0.18988312452789305,-1.6903768786390736,-0.2691376560437669,-1.4329497786558838,0.6825599493561054,0.8192232406826117,-0.9437693744904102,-1.1705031293821753,-1.0540825186383678,0.4816736337581152,-0.19915299048181598,-0.2605975403740356,-0.6159703356551159,-1.1100741682685515,2.0698213463699533,-0.02563342170700848,-0.2555452601186713,1.066667914884147,-0.6185917143507894,-0.2720408328243405,-0.6445242213109154,0.14474906271779409,0.45914988358973147,-0.5954484735915594,-0.010683283998938708,1
0.5996815724373648,-2.074346634252312,1.180898242335139,-2.027328138264466,-0.9812321421122605,3.1499301811612765,-1.1096932793626277,-0.10164177137117278,1.3638311987420313,0.038553537129112185,-1.062801069289553,-0.5998865082425714,0.283809751426886,-2.397041465539956,-0.29620588098003586,-0.17075691041283245,-0.47193919088185243,1.0752005334992645,-0.4616010893048614,-0.9264431079696963,0.21938278450761506,0.23162399034722597,0.14775933646396797,0.31988671342462605,-0.3711709294230818,0.15427391167445648,4
1.9614378730914839,2.9962099769274264,-0.5637265982904283,-0.808977462507537,-0.01632044907596245,0.40434870657444194,2.29503644092815,0.8530770275376868,0.20647655773863927,-0.6276151103255745,-0.04185266546129547,1.160988467609565,2.522160794468505,0.16774259840578276,0.18396421557993375,0.11454740611456535,-1.0499869858501885,0.2945355057099403,-0.09177121508609569,-0.6516731207933306,-0.5332647454854723,0.1283460092334155,-0.5057643482666448,0.7796665878914432,0.19441398532233733,-0.4437839299285478,1
-0.03561329214426357,0.9662369054394538,-1.2902918538142225,-1.7037741234090735,-0.3370072827388066,-1.5884047383119915,1.4845365734019629,0.20024047994091676,-0.47252817666785896,0.8305201902579669,-0.644424153869436,-0.027023817715203024,1.6448309181345102,0.04894625343409377,0.7768282174522722,-1.0082341896918137,0.9096556545745322,-0.025322879841411454,0.45105469828296985,0.16290046895891322,-0.29449304014260225,0.3297861523106271,0.823344553140383,-0.35743614402430823,0.49094815960938304,-0.6756171611194999,2
1.9594620387014337,1.30291426391719,-0.36350116216910466,0.7398686689661497,0.9987813925615043,-1.0134849162689812,0.4955204996148063,-0.34666503846593033,0.3258108830393605,-1.0621007749663782,0.052247044730575225,-0.6184482257655423,-0.7792190402177396,-0.40079368913754354,-1.6123607670791464,1.4021937447716137,1.8456600425264515,0.22384762310231324,0.7837913239709147,-0.6430152134740054,-0.168251782284158,-0.4578710242299816,0.4073549378502027,-0.3021878200479969,0.030557040489371357,-1.4709360378658995,2
0.5670510940321627,0.32092133977542925,1.6585826778449135,-0.5090793638179542,1.5090168560767983,-0.6660169273607878,0.40598976166811496,1.5841365478376959,-1.9422290115476268,-0.04052860955631897,0.380472327994986,0.07302608887824986,-1.06835632382194,0.04701749123970334,-0.5069775129384401,-2.033787970486932,-0.1520382370074175,-0.19700719858412302,-1.675713436998744,1.0213122130096672,0.019866273170808482,-0.8449782301898268,-0.7342161976593575,0.9698306253271544,0.23840500916295587,-0.5110450735179048,1
0.0733856756663974,-1.7015441314878024,-0.8495309799386628,-1.2786046656419394,-0.14121335645518496,-0.3416185432436832,-1.612989035210965,0.8936430990545196,0.8302887165214762,-1.2109894921509896,-1.2588657095511566,1.7675317822844607,1.2478468599590606,0.2804821806607154,0.5454135371459559,1.5423312022952085,-1.1523062935209623,-0.8254296766417708,0.26878554989585945,-0.8171269879537049,-0.34776432053665207,-0.29025569486033104,0.3775753512798106,-0.3807028517282789,-0.4997161767576784,-0.49635743845173397,3
1.7021249978383686,-1.585494749288292,0.469775836129041,-0.9976952303566162,0.2709255447019149,0.47866440083435424,-0.7710033266036761,-1.4600127088075763,0.7169925875694436,-1.73639115858995,-0.6888229399247193,-0.2881264326559854,-0.06256998254212917,0.3788938703036396,1.1263391831687681,-0.8301704008819671,1.8447311569143494,1.4136696555393107,-0.12004762834030436,-0.8251709533966546,0.3753383954000599,0.21681795524733255,0.42349663305316393,0.6197069798158974,-0.0055407423473733544,-0.6129609109377533,3
2.1723421308269137,-2.059823780262656,-2.1596585645933946,-2.804839293895887,0.4001099626290196,-0.09298843107509179,0.05831121155838296,-0.012810424703072464,1.0361897085671157,0.1929309433355261,-0.6850440636893598,-0.41672422106794105,0.05430956993056786,-0.8120997162650625,0.16755303016024248,1.122439426376634,0.3432161948626514,1.1847783297634378,1.544891973936086,0.9040653560615152,0.9328072751157443,-1.4696171715746742,-0.521556360245912,-0.4187610452513119,0.16741347009369928,0.7447336021004234,2
-2.0538965962308784,-0.7536720417919082,-0.945882421327298,-0.6171017296480615,-1.3365705927990956,0.33046466730699253,-0.008340683596754814,-1.8773130694261861,0.02371048220878107,-0.3152734866496657,1.7050689855131296,0.5398009843277242,1.6413692421685377,-0.09229125050359326,-0.044514442757169266,0.10462921148962871,0.3061253665095684,0.5234963531374915,0.8726316541660094,-0.6961759388817614,1.2418151198392475,0.056766813649336965,0.2513360097184178,0.8261219517292285,0.47989277688844784,-0.30365539811641146,2
-1.3475986934493032,0.8068668351207068,-0.03814838263887906,0.08123524990606187,-1.2343930875738756,-0.647373198249577,-2.0090387321853576,0.613238881006871,-0.7497450620337484,-0.334701309992352,0.8685560282359126,-0.24109603236320706,0.04426347327092905,-0.7564742968105009,-0.7821052981344001,1.1428940687109435,-1.0707013878225409,0.04695849177579603,0.818894187314112,-0.6045525960828344,-0.5660308571048447,0.039558041272460376,-0.7276814725194106,-0.42739907999668597,0.37512141100789725,-0.07305268308739561,1
3.8106344030984385,-0.7002154331429971,-2.292546484316221,-0.32215721494439326,-0.18882589309367342,0.8027586719856493,0.9586267187029521,1.4427840828581262,0.936713188394309,-0.8332205733064526,-0.3656252017959772,0.6795472088639989,-1.2124916644056045,1.7657434168952466,-1.002427771113414,-0.7891064635948289,-0.7996167271554016,-1.0094946564692637,-0.45994505136061,-0.6537620720304651,0.12358177574776986,0.22465535722540692,-0.8664150005243945,-0.11060598164813623,0.7947317463708119,-0.3733979827516087,3
5.682892327043761,-0.012406116850784344,-1.4110447358056075,-1.4831096599433682,-0.5983622886501297,1.609608909324198,-1.0471039350618023,-0.06721277682442912,0.000633383581073583,1.3108382463280297,-1.455873989082874,-2.1151036320483465,-0.5800940265728858,1.0797433429971415,0.4510058291815835,0.33520794787460095,-0.37630788259572445,0.4350714973215638,-0.14567629852595748,0.5430824996305275,-0.421587188842376,-0.05898411259364313,-0.5823712915656002,0.5238206712143548,-0.726351117235915,-0.4307151423692101,3
4.639045478970926,2.8282773400331895,-0.21995020513485675,-1.265932931352886,-0.5954583487452789,-0.9236148090571131,-1.2953311822316846,-0.6534940097226375,0.41165136834081384,-0.7295207638115753,1.0847977361681391,-1.1051421619964044,0.79262660148542,1.3180605010399635,2.464671709310372,0.40059608948516234,0.20918183439929422,1.1053365061984706,-0.07213370426163779,-0.5634711982626421,0.12317424096446285,-1.1188448769118633,-0.06664899786397195,-0.3557828273805784,-0.21498244576716338,-0.0422759745410226,2
-1.7377297500947593,1.561078911142389,1.0193069940635873,-0.037052913753344116,0.20537969436480785,-0.9521630780764001,1.3254906395353232,-0.9668058250400399,-0.14365774075284854,1.3499779172165118,1.065540617512064,-0.08701752537526758,-0.3309683528160138,1.0052471648075483,0.06100500901294289,2.226991808869559,-0.012229766399022412,-0.12826467112632436,-0.09521375691550847,-0.7585410494715367,0.3426595120804786,0.14611227607889457,0.31880069760245994,-0.4213352523296846,-0.001194926085000408,0.4050231748118606,3
0.7618813074011803,-0.5104648761913428,0.6280356213459926,1.3283924364549662,-1.320988285154383,-0.4602209957278085,1.5017793032046605,-0.2203455996761871,0.8097345579501121,1.0250072909893446,0.8526531057009408,-0.814847275308229,0.45555870098605633,1.4167995426712183,-0.22715886328939083,-1.672942046721757,-0.3954433788786338,-0.48104092512491575,-0.7066678927548077,-0.5492775331146931,-0.3325093938034054,-0.07127667724112478,0.4289049795817345,-0.42514995187717514,-0.541266404052588,-0.10791124600982867,4
1.0383852779736504,-1.6134148735892606,-0.6856917464996458,-0.23004763542138576,-1.232482911211272,-1.0042630132074855,-0.3631833150781293,0.6497065896731762,-0.40178164486059503,-1.485394288474201,0.857867180303216,-1.3193986036953966,-1.0501030987575137,-0.5085579069202473,0.08568307276543304,0.2574903180385884,-0.45497980126149434,0.7536063293693739,0.31339781397221805,-0.617487438249805,-0.3861937910778779,-0.4383642025382406,0.35411955495951747,-0.3601932656821137,-0.529855201140801,-0.5200705118909618,4
0.03509112562827586,-0.6253471261346034,0.3229248820508153,0.8717213728780047,-0.4921646216762351,0.27407437642021365,-0.5710958532544286,-0.885618384483223,-0.6662362197038755,0.4343172901977328,0.19503332030053133,-0.34886926124884954,0.28126763027019697,1.0269504353447105,-0.8726364393071014,-1.389471116693853,0.6286453437976435,-0.8240047908479966,1.2437593895597803,0.18988182982553636,1.2661217984297648,-0.37335895281381587,-0.20794056936803534,0.5440560860180141,-0.4931551989884512,0.3282713203508077,1
-0.5435292268434732,-0.46186519066572873,-0.11663332179110139,-0.03779008069513392,-1.4515263507799931,-1.3710624696302731,-1.1257070698063365,-1.021839469093848,0.4288550473567278,-0.1873948361938507,0.8790579784509241,-0.6076149807207264,0.739188373989299,0.5300086559379649,0.9542474136546187,-0.4275945687491697,-0.7606099778166573,0.16950786923606254,-0.16001674830197035,-0.7979140786134653,0.8709088715628963,0.9732783842061433,0.8051509234771875,-0.1880209876204148,0.7441216138203648,-0.14163631065399374,3
5.290000665851966,-0.21101136906198667,0.24020222556005985,-0.5192206958907971,-1.0525115575579131,-0.08924989076039502,0.1976470702836959,0.4103455947557446,0.7224865156436144,-0.2772404171586344,1.5578448661825928,0.15875560135925745,0.012268564000912455,0.27363352861950313,0.1684100803055336,-0.7226474931211594,-1.0782214205763092,-1.92580650849343,0.185574042856472,-0.149415775499486,0.2092056128073692,-0.6470043112525904,0.4512631699346425,-0.19103071186946605,2.046629991045826,1.116763932426312,2
0.46430958790705534,-0.40785289671764186,-0.7406098530258067,0.14034266744927484,-0.36431266742855895,0.9144371448985349,-0.10669990083714877,0.07312816054556122,-0.42472136925129517,-0.2658935339470873,-0.6833384288342769,1.0060916105093776,-0.5058936822639059,0.24535652432606564,-2.0256715707663755,0.1612709709245609,0.7590664619698303,-1.23082633858487,0.4768607562830153,-0.6450982811949091,-0.344400525461283,-0.3137735636767091,0.33874013844576584,0.4592177674867812,-0.5276774041825615,0.03299580443588605,1
1.0672442564992677,-2.0317670023178143,-1.7013536311242203,-1.0917361496562668,-1.481906351710133,0.001607501359817673,-0.5335505647740417,1.9048323542162016,-2.044166229659889,-1.14180423647025,-0.7752055168664989,-0.27704412522719263,0.3338094968341118,-0.15255601774148825,-0.07923551832783236,0.9957064320271715,0.9177573918780202,0.9411001685659919,0.6893732285999472,0.5253146647821361,-0.3523573149271142,-0.0386773112272936,0.5307266345234469,0.34817589266215876,-0.6166000957690148,0.03572758921906051,1
-2.072781457440133,-0.7056806328865288,1.8220082054342068,-0.4042569851146414,-1.5287767908938108,2.357014201431656,0.3045728116960614,1.6000334997098116,0.5195167202804531,-0.06329618100000932,-2.1426895202077474,-0.48777461576197517,0.005325617691142033,1.2099876409818777,1.1321675021814586,1.0507447253026203,0.09332145039439917,0.20878484137332148,-0.767281858041459,0.46558531417717136,-0.17798946863439108,-0.18693088394129753,0.004512358424259429,-0.49617832075345053,0.06577755955424004,0.3357304157487974,4
3.778553956998499,1.6818285560990514,-0.5271417039447857,0.6338315221871227,0.07443772538965944,-1.5993728402847611,1.3858535052953982,-1.5842658008278478,0.7055984134466725,1.0931264262328788,-0.6586145665279515,-1.170780921010213,-0.5863184852287862,0.11854083188424278,-1.110755444369925,0.5752556572378987,-0.6905088319469626,-0.526047575191201,0.5203889149355679,0.9263678526191088,-0.39305542784649466,0.5486477403157823,-0.3482616913966788,0.8036343073519095,0.1840439298690292,-0.7179556940571221,1
-1.498934866530059,0.35037423047606675,1.33110347800618,0.023797441394483913,0.7740662385275959,-1.0468603886080767,-1.7243287315997422,-1.1471694692832852,-1.1086706261096881,-0.1316006186148514,0.2943729752876577,-0.8430061652844183,-1.363017634429524,0.6429600673332868,0.1650709470350715,-0.41848619460780095,-0.5185055193651216,-0.22256054706140113,0.16109975313468963,-0.5136860514982313,-0.5066649538891308,-0.1223684672316304,-0.5715709209944377,-0.4204646177741623,0.012189689212512218,0.14733907000082166,2
2.0711543783393567,-1.8715832395469896,1.5750302996898138,1.9264845426252584,-0.5327457948729661,-1.725017999242944,-1.005755667124021,0.0625113227144362,0.11355275739614906,0.23669845841081616,-0.12450900961975062,0.1161744273203767,-0.7134645904357827,1.4769259991412538,-0.8739008553548663,-0.05365393363125633,1.4138593727835096,-0.500414672666019,0.6964691770136691,0.23658842826346504,1.0320289114526282,-0.2517364219285968,-1.0352235675102108,0.6942118837403436,-0.23133685282361072,0.39045399840425393,1
1.5216561402524238,-0.2800899681917483,-1.2589459987501803,-0.06237352205236223,-1.2010655674138278,-0.1132325663966475,1.018265588333175,-0.6168144239708045,0.045633155334919996,-0.8577083566957792,0.5998884360916924,0.03547934086964378,0.3212825401643258,0.2615267983800789,-0.3704745630455569,-0.4598502806844998,-1.1108145804968497,-1.4060520745623375,0.17639627847874684,-0.6133336454319136,-0.3320077994964614,-0.06536484473241834,0.45757249160508695,-0.4707309767557443,-0.8597207163832052,-0.6464619140378314,4
-2.547356968388119,1.3189858966976553,1.8794927251801459,0.729420238886001,-1.2398333182445078,0.3558831124925128,-0.7892530310857866,0.05944825161713082,-0.3894747011417782,-1.052487639231393,0.7392808574112686,-0.39836733543091235,1.0003921442377472,0.26590727060928093,0.37257864715860417,1.484735172274974,1.6454401267632075,0.34684412877516735,-0.49770483868490706,0.7088741519059923,-0.26726967073022484,0.20921814630889474,-0.45603947482835017,0.5710442798956734,0.15122374400563143,0.7198014488466035,4
1.8044175345710645,2.6320723732662485,-0.8355953060414032,-0.45073635948018487,1.2218100774317244,0.7131979111083703,1.9015117308626601,0.8982970785367673,1.5169752024402714,-0.6018032774134484,1.5049395366009282,-1.217191043404316,0.9159982900004796,0.1695571723015165,-0.3393067235480849,-0.5387012201966598,-0.9608453388254556,-0.44024552487024393,0.23943298437423288,0.35639877919961976,0.03586232049380922,-0.4524616322277713,0.400130879266118,0.4475706756947379,-0.5690432237640308,0.37430162751696155,2
-3.4322349246044066,-0.5370824447923837,-0.859135986605743,-0.4782280803112335,-1.2840093830385413,0.7615184161790687,-0.9151996968910464,0.5003228564225789,-1.5214271443915182,-1.7258031105521352,1.3140742059769013,-1.3318017698581186,0.5822243771870779,-0.5428074496613761,0.10710925212066293,-0.46840661182963433,-0.1616555919065149,0.5806164556872814,-1.0645295002849038,-0.7339542335526165,0.41438280698121066,-0.12666564104792213,-0.02678136616804263,0.38329539259742446,-0.25112845640958026,0.4676705972529866,4
-0.46063298580614004,-0.39329491792564175,-0.061878680600527175,-0.7249375457889689,-0.7288980138123893,0.5268264044323295,1.1190893513692062,-1.5432116036958476,0.8917799493708569,1.2585155520468096,1.2877608163706058,-0.12299342260708103,0.21734295688646119,0.15505011878531597,-0.3661050126009267,-1.0050979191427178,-1.1052910060412424,-0.15366224911774348,0.05309813251201154,0.8179770922936782,-0.6310393834233022,1.3085479984298332,0.3829509519197699,0.20019018370995043,-0.24437442221976738,0.7602026607834033,4
-1.6054633338596322,-0.20327042154156444,-2.2989459978014413,-2.0714743775088102,1.8383755310252041,1.7082484066355121,0.3883076856938621,-0.45315431772857834,0.26218826532852973,0.22126553359824727,0.4186568305171089,-1.0593022366778868,0.15462126634051002,0.2519977426212192,-0.758536002197104,0.10196513913955331,1.0862709434580418,-0.3715252406673517,0.1362076632956273,-0.8208217946166586,0.9387012156765362,0.2056839321797878,0.12169141604247823,-0.5544798741576226,0.15074352210595895,0.7404135173780961,4
3.9801404821140176,1.4636828938371589,0.49282286392292224,0.8046966599425214,0.37956240957100196,-3.0213916595519543,-0.843392226800574,0.25945613817322066,0.24102903896721337,-0.5291510153594556,0.20252149653198842,0.3509836595239469,-0.1941611014019019,1.388441533270251,0.0612717664109228,0.23983861584900917,1.3243566590262394,-0.8282940087526003,0.5718244661854196,0.39721983030381475,0.1401204851097904,-0.387091407609964,0.5681015867299206,-0.25053399949268174,1.0512788665823845,-0.4124963624567461,3
6.455322306213832,-0.6037418702568081,1.3770462498428198,-0.06602571211374604,-0.17232830626972523,-0.14609816643338924,2.9915426094567503,-0.4821074924255968,0.4371374177321963,-0.01735525578630716,1.314687942521632,0.07009359343466624,1.2583715703669982,-0.7415069521578769,-0.2571933949692768,1.5411844473878145,-0.6738757304387931,1.7438854962441241,0.9858624793836881,-0.7461836838720544,-0.6869432390668999,0.625590699468286,0.4701566963993191,-0.3002833892505512,0.21189786036462643,-0.5753850808269342,2
-2.0531008231030317,-0.6697330631122895,2.6238347873230694,-0.5770428841754319,1.7829996386040605,0.6351077428150022,0.33154713775834194,2.29058722254913,-0.7127039243559639,1.9052872972966748,0.12843444030533907,-0.26252008603950944,-0.2164010679879148,0.05902074684430629,-0.7909898840273961,0.42151529604091215,-0.7852649828040628,-0.1557119624278849,0.29558041953531516,-0.06169195526034759,0.47918491280568143,0.2105122722951077,1.2922403747315128,0.4419463973939165,-0.2951428065841593,0.5346710114630174,3
2.2817578591333683,-1.341984607221576,2.970120909929748,1.1389088799546816,0.6167457110269179,1.1168143667015924,0.8204569057080557,-0.2817483622359212,-0.39731033922218517,0.28337147659751943,2.2632735288225714,0.29113659718259993,-1.9733215524115468,0.6929126291301438,-1.570131789821313,1.8839552722534232,0.4122174618803819,1.3580640471989165,0.29151143286263015,0.6443456979739096,0.07218092285985454,-0.2934558157501821,1.286074943789359,0.3653826372776856,-0.8337016715638321,-0.008138501955720488,3
0.7946056204579812,-1.0157473349334176,2.399307379507579,-1.2476384973778891,-0.1277567200816846,-1.679271710721783,1.4205888137027072,0.7554930822582722,0.0061938336709237455,1.0682760852664566,0.599228350389616,0.9143623781680034,-0.1425678286718278,-0.35676318755814973,0.6745896210608148,1.6198805742400166,-0.13809320194871938,0.9474921879382636,-0.45877768538074554,0.7110637304847368,-0.3303433865771791,-0.07450762358864496,-0.246393582694511,-0.5687450689246532,-0.5578796721481334,-0.21468215969036608,3
-2.5787184900735136,1.1400035029109705,-1.0216709843807015,-0.8022083620221866,-0.9051066830345781,-0.452464118415266,-1.0361741979882353,-0.5238344654112979,-0.9720140314901424,0.6350474869959467,1.1559985010854001,-1.536488983907192,0.357474232634731,-0.5611648939737292,-0.4266246428088627,0.9304276400371088,1.0868729912367427,0.029118899348810307,-0.06050950298974514,-0.772520134385235,1.0913095232243035,0.14214505675678302,-0.028287052977690103,0.5394384669342428,0.052098247409543594,0.3899264990031928,4
-0.9793659200555211,0.017326238466279464,0.6639422486448069,-0.4439448925841196,0.6075874269745235,-1.300568784631609,2.733838202979384,-0.08509564228582593,-0.20727776741703002,-0.032944671914635314,0.10759146919357679,0.25769091549231715,-0.07441063204224833,0.13222939377087986,-0.2636151717262423,-2.0813877033278048,1.2320467645986988,0.5936292607847818,0.886390033934377,0.20905152277554642,0.8774275416452261,0.6020664789384734,-0.4560811834756068,0.735094150343679,0.2724346763722809,-0.38609307570372575,3
-1.6981314117625281,-0.12545348744521795,1.5013236420566765,0.2934348381709412,-2.351029608115442,0.6478928728148639,1.393545366369277,-0.3387700277331187,-0.9946594675001605,0.05728247151349791,-0.5253036898661181,0.9424054532209337,-1.2032629906246148,0.7992783461109635,-0.23741033658138788,-0.8374944973688757,-0.8465523218553105,-0.16141922001071723,0.21103133972184338,-0.8164691429221118,1.2385476326400884,-0.3789380215201723,0.5313631587936778,-0.2887184317252993,-0.21734014170183555,0.1536202680032154,3
1.958142554998461,-1.9438138641209226,-0.4471812924268172,0.49337950010508985,-2.2175680916694893,-1.7721696129774294,-0.8710984126946759,-0.8042991676872591,-1.381458228332714,0.4759421756108473,1.4610297437753683,-1.141809537082875,0.1100844531278642,0.21952321970644043,-0.09282710363217922,-0.26204703302956367,-0.5123642869963787,-0.6973364165631069,-0.5907846363037489,0.3035289552422504,-0.29441518760870755,-0.03286727954871361,0.4110302488451819,0.5086197557160494,-0.5352898675396691,-0.06184261455070466,4
-1.0944205904937185,-0.4255150106979475,-0.11004478280913833,-1.311287191052965,-0.2437059486988241,-0.8705709493912404,2.6223336355484492,0.7220318788656804,-0.05064378427132596,1.5913939678220343,-0.05892969816827561,1.0966450291919547,1.0649115692106168,-0.5811653040142487,-0.9530178910807061,-0.8408110094094104,0.5282152140960071,-0.6255894440615164,0.03012744735446389,-0.46865887354232055,-0.601086059936039,-0.23368310856339683,-0.6068627222599161,-0.36179043795737753,-0.22437184057025716,0.22968754796229207,1
0.3756339840087465,-0.8035826213900151,1.6132963923320305,-0.42798511567925157,-0.7678393422809326,-1.170934913499229,1.6740125185615737,1.3422444914697724,-0.7084044051850239,-0.1363667238194138,-1.0538105232271011,-1.1464918618131648,-0.9615051623132389,0.17322891226299078,0.9364298673894295,-1.154548098841927,0.06008725569804099,1.061798240514571,-0.8032403612333245,0.9013839091923841,-0.0004171492377404644,-0.7201759234474924,-0.5795932919039449,0.07757647823927369,0.6583221555299147,-0.7014374165958325,3
-0.1969078578299802,0.4160071860602123,1.4578071106986688,0.17770245201617282,-0.7136365243629119,0.13912448517449047,-0.6400345920889104,-0.19993958874345094,-1.066457039105633,2.4376605397839044,-1.1535880745933813,0.9206908733186665,2.3212822857932656,-0.9066978914909383,-1.896956714656054,-0.3606327999354454,0.20000417159919176,-0.3988929284778435,0.5683807671846463,-0.6611959555899347,-0.4493369529043271,-0.31806411322816835,-0.03200814871741649,-0.06510794671344941,0.36437554319707655,-0.6367464213099492,4
0.7375321762544056,1.2293096583696372,-1.0802033653960268,-1.3043094538255404,-1.049942567168562,0.04983124038961577,-1.718483454233997,0.3246460738323748,0.5614205537673352,-0.9918765686969221,-0.4450489685667022,0.9561137360675435,0.3068480749193322,0.38642532211186337,0.1180149604201778,-0.1967945338105577,0.5210861092817958,0.3888076222570992,1.6728784135919115,-0.11056963736978906,0.6699750608383361,0.6647932573600435,-0.8974484522574571,-0.4799640420187212,-0.30595308659560094,-0.22426119482560808,2
-0.2930533641008335,0.38489300546905614,2.10205499686228,-0.5626089545146675,-0.15669667959181138,0.7436845948083417,1.1240502961395504,0.3805115206771787,0.9393301971451337,-1.0627836505102832,-0.6971480450976011,-0.3528836293173327,0.9514890220049186,-0.18419228188191916,1.2149560037350131,0.45267765520662256,-0.42117342716424855,0.6259401921091367,0.15878694449513298,-0.8203689553622266,1.3005982415931303,-0.22996075804412044,0.41969390880624025,0.8244407114715933,0.3670239114640713,-0.1525469849577154,4
-1.2037870327906721,0.39890434797244173,-0.363011151118554,1.7483494235066561,-0.4181608525659742,1.0612996100293293,0.31073305927009376,-0.7471266359268458,-0.18879899314083232,0.36240523934825236,0.2843727545458818,-0.8742296554536956,0.48073200438467567,1.2096951274146448,-1.7228404958839223,1.9363528046201244,-0.2618961109405414,-0.39334572601875406,0.21834496797330655,-0.700215512885639,-0.7063895641846782,0.22364998901053018,-0.44063853985002926,0.042782811619636055,0.8827454943580371,-0.31278557044727195,3
-0.5103844212882399,0.6381509488925037,-0.7145062227440248,-0.9867399911373773,-0.2036327779532756,0.9015975309366743,-0.16956713314941357,0.3209716098423308,0.16988111193270702,-0.03461533050231708,2.268239145696228,1.268950531852069,0.7823372103220116,0.05776998420661478,-1.2445992429839758,1.7978069897989293,1.0636169464762928,-0.14061721887097386,0.25632273131269495,-0.9107133868651954,0.5608794956779035,0.782693287790785,-0.8667036190912564,-0.4774644540878907,-0.015108159416602119,0.11944486014823708,4
-1.5949141635925754,-0.7433720755388611,0.844816402879955,-1.8706295816590566,-0.4705092650936955,2.0616778120340307,0.7408791102383743,0.2799297175291511,1.758345661787255,-0.005140947656707154,-0.34598485677654683,1.9877319173865176,-1.4317026718326744,0.989404091328947,-0.03127439123608148,-0.5222427420441427,1.1672669592475766,-0.1039584676149656,1.0136637986317965,0.1731609869687381,-0.1306601965927688,-0.3130126027393534,0.2861881076327495,-0.15507250455249022,0.3719879754453051,-0.5568256103357855,2
0.5478526727435657,0.5656886238570487,1.788924021287628,0.4195548999489867,1.9022393166127507,0.9052606688769299,0.4440027342440008,0.17363871559839603,-0.502972016661353,0.29714195722729125,0.6271459606642817,-0.06819602028590523,2.215406025477595,1.4139818998198355,-0.002935983183364933,0.35654990513619017,-0.4063758614175183,-0.2900322274527768,-0.4200265704438628,-0.8437819545070763,0.24110192739859904,0.017486728867198077,-0.6297315553032,-0.3495249735045373,-0.29412180018520534,-0.12671033230194745,3
-1.5834610286381148,-0.2520333112723758,0.8335417189635639,1.0622150067419538,-0.3955687728346425,-0.27171704989260276,-0.3477553313348054,2.606356461851062,1.5908003951082637,-0.8042030579862436,1.2109173390662205,0.8403324598911057,1.5366307589415937,1.1391495531447973,-0.5931685279445055,0.6657069418018953,1.2658493522417205,0.18243548845633828,0.09480119746972877,-0.6598640093003598,-0.6148272179260446,0.06951682229183748,-0.6366036849367802,-0.34197432399790173,0.010949338873339421,0.19918210052597365,3
1.6485853274039193,1.9145181143158017,0.6550684879544437,-0.6414690146765113,-0.5827365699138594,-0.14224321672519064,1.4666073982853236,1.2196837057597405,0.7190066524091097,-0.4083272540730299,-0.8086902886276478,1.1838119774438083,1.059341896916039,2.759455032079636,2.0386259973211764,0.2165748204126091,-0.9889228978054281,-0.02652526106837182,0.3694495167739246,0.40481550561370416,1.0027052059222181,1.0390261390228992,-0.1857575231781934,0.7527162329252113,-0.04980006864451794,-0.36402088990251363,3
1.5674054836014486,-1.110328752549359,-0.017758710852098375,-0.15179997444310386,1.0484879433961858,-1.236206726188788,-0.39754586068765646,0.5070031595463393,3.1390978361398667,-1.1878574171915417,-0.059064265317529084,-0.6075847054444392,-0.2785539646733321,-0.888096796717533,-0.544192997832508,0.23900301190724185,-1.140973968243154,-1.2112567984230358,0.32510445629057166,1.1715208958065797,0.12782245698965827,-0.19389675501514947,0.7224833795300104,0.737515581992683,0.9531096898740661,0.4227280325011757,3
-0.7085033922125846,-0.8290104759192524,-0.8071766821900651,-0.7644208450425118,-1.684295467763456,-0.9726211447639614,-0.16297459545550425,0.43386550583321154,-0.39148578726463545,1.2539504151507197,0.22322388312385485,-1.8415079176236107,0.46966682193726383,0.8524818881437085,0.7820581170717004,-1.050690913189412,1.4055924874075025,0.4323123301429239,0.24201072941788604,0.31096877350436264,-0.5596503850316714,0.05963457791034479,-0.7982756049498726,0.8954725479592239,0.29319210029249343,-0.2798340344940779,4
-0.6074695375374151,-1.5510047333840769,-1.3903992813022408,-0.6665141056715239,-0.9450034516668301,-2.2100656104762653,2.101700117070129,-0.2156074319706602,-1.2698169813909508,-0.5399708094678816,-0.7999222359438832,-0.07913845788914915,-0.5293166580273977,-0.21972256608245025,-0.13653594928930038,-0.24025912052460816,-0.34115385520991026,1.1110137207762578,-0.3900317824441097,-0.3603213390810761,-0.08843741294132769,-1.1649090300083886,-0.014118667435225949,1.0708841762163044,0.6883513519482878,-0.2830267411110843,3
-2.1751326756037352,-1.2672125576351745,-1.8835621604348984,0.33606035479419766,-0.26592804969864753,0.07851486203834669,-1.1450097086691402,-0.019647742361303445,0.7606272387145783,1.8179307459409002,-0.29960777929456917,0.3368027675089479,0.33714676477088024,1.5053404744124896,-1.857972285860641,0.3399163709982253,-1.0250503584563015,0.18750366928942147,-0.06791272535836983,0.663424381866082,-0.37438042587479853,0.09091579052923922,0.7173144388003072,-0.32237133818172137,-0.15316995387588567,0.2530307209685417,4
3.5354369389974942,-0.2861000346429045,-0.44982495354359364,-0.726108410531924,-0.40411411580452655,1.6130583391276327,-0.5286723371690192,0.5216218130191664,-0.1279649753731034,-1.1722846002967096,-1.2209144226968605,1.1275471952514355,1.1527622298548057,0.5638483525282045,-0.39694565020637723,-1.0626665304624439,-0.5205203052805307,-1.1897459100811112,-0.5318675626704211,0.1594469455373879,-0.3436496515733925,-0.1430921562004893,-0.5225616782584827,0.5635490066318951,0.35905475697322214,0.5937622657894132,1
-0.3516248618440064,1.9695900500618633,0.0208330886947842,0.3801077049247394,-0.4439477773032232,-2.1276052798510894,1.2086091700542618,-1.2626902109959037,1.3968506419462137,-0.8526509711511946,-1.5456372760190566,-0.6611848267707795,-1.5253425242141312,0.14959530874257979,-0.03848406320256057,1.3334141768485603,-0.05514399493372224,-1.026759203374697,0.4063694350326467,0.2663457122890409,-0.6698873100974813,0.5842800956096769,-0.7121340869764611,0.28693362503963077,-0.3890208059207868,0.20122995134063879,1
-1.7426725048540566,0.5012818066134703,0.7213106463392188,-0.2860121513382695,0.814046979377261,0.02583365972823702,-2.175096741763077,1.2966318815950881,0.13600215628512194,-2.4994448276079733,0.4877096122854768,-0.5567869262878541,1.0583351158099998,-1.3032912199493591,-0.12697623118816898,1.4509354267615693,-0.510496312478959,0.010476189480581705,-0.12183356331003571,0.7351658455424085,-0.03889099573350842,-0.1846588195022926,0.3261023228178624,0.2483269328212359,-0.31934457842729475,0.20945342101164247,3
-0.3724794370480753,0.5872889042467372,-1.5001182751196667,-1.0848850584314886,-0.6071336087503505,-1.0546673482307976,1.1178189487754864,1.158465873762562,-0.09935440185732175,0.26063858137597157,0.27535330274131015,0.7157368022491387,0.3021089189640323,1.3019823359920015,0.20398388427476996,0.1723730211130393,-0.5417298600933682,0.4951110060577093,-0.49293977820203455,-0.9491447650006607,0.89941159143172,0.14816708229793368,0.003601872356391121,-0.3890858072224446,-0.7811300964893886,-0.24082690971604945,4
-2.083609601468035,0.09289558882100397,1.2797331171097392,0.7756852764478962,-0.9361777987883408,-0.6285117772614217,-1.1584251355517061,-0.350481698036177,2.0006821455370893,0.47591587933453616,0.6294412214808257,0.14655690664312276,-0.14385985325316808,0.28889112156108526,-0.7817378635601888,0.40655049780633523,-0.019565580257785268,0.09199348172762246,-0.7824712678766302,0.24271792622534905,-0.4818733697479308,0.18415035382385048,-0.4778528814025379,-0.4506389561243743,0.14557181667764155,0.31453655300798233,4
-0.8895271688792808,-1.4875842529463066,-0.33346652764800977,0.7691154060411691,-1.6685263953520653,-1.5601629421877623,0.7462601942968294,1.0792325935444351,-0.9394786467990366,-1.3142070334507048,1.514879789068768,-0.3135647126190332,-0.5826806068659026,0.2959508545709294,-0.4739138679338502,-0.5595634030770971,-0.48602665993237487,-0.8948173423553825,-0.7851708018690938,0.31200094258380173,-0.2657329995422042,-0.13212316663162674,0.239267328065434,-0.5992540738995509,-0.21456250906984287,0.05735904888418218,1
0.9214671345507516,-1.6046330398403694,-0.5493591175392427,-1.354224410017349,0.578915855130089,-1.3415694216764766,-0.3189126909196068,-0.15652853306829245,1.868001296790693,0.2100641332848933,-0.4480513948859883,0.4801015338711405,1.1782273099223777,0.4510504188241352,0.5283654092096389,0.14015104080136884,0.22312551970581523,-1.325534723474132,-1.004142139408315,0.17232479296964634,-0.3130342366867929,0.017531805385855522,0.27625350789012254,-0.5296777949963462,-0.4514893080830686,-0.36955384688405923,1
-0.13191347734156822,0.9883960709073413,0.880094005499675,-0.6121895032674327,2.879720912668922,-0.8739233924853683,0.34268629369852477,1.9306933267002513,0.22947856092897242,-0.2981937879088859,1.443387428135188,-0.6936801091066865,1.6807093846989127,-1.108130235041271,-0.6644853995222919,1.4013369654209764,-1.3334839318991039,-0.19451758658396237,1.0511715283120142,-0.7131838331924195,1.2317860730570467,-0.18145450505369415,0.14977064361251058,-0.6378674383687046,0.03583057458092651,0.17213879386051364,1
0.8122697027216467,-1.9424087850822953,-0.9345038877329115,-1.3137989836070827,-0.10241256268044865,-0.9150274900651056,1.530459147062148,1.2137286547478072,0.8005196905036753,-0.03517496483065824,2.343026494295198,0.47414767927974444,0.013095275078837051,0.7702906911980035,0.2627264899459784,0.8253388641792258,-0.059328573801093486,1.0319165262320562,-0.22375968809668423,-0.031463297884547825,1.1555084511221971,0.27947808259810253,0.2577044583436763,0.7035866954880281,-0.1547578398017591,-1.0488278629977346,4
5.250236478470808,0.9371383835377863,-0.9136637267664218,1.1942668717303553,0.3595811165323876,0.3271174234392705,-0.0013241015640017347,-1.2998464517939479,0.11611356647938284,-0.8930342322278303,-0.8257232441526257,-1.7451497075840052,-0.14242979847093046,1.6678756194142503,-0.5478938540556002,0.5682027800571394,0.11417959843011183,1.7705986776008236,-0.01088795484548401,0.6880065306983989,-0.055692279214693295,-0.40244857693538505,0.49387922626850267,0.3963292829390351,-0.2835975128869052,0.4796487343495588,4
4.275302726316016,2.6374893006708824,0.07791433303614695,-0.6462376183670098,1.0467081190677803,1.6330219816927187,0.20868327466949332,0.21529365639279113,-0.8794720321392032,-1.4086133212546914,0.9459544755910031,-0.5916906937260102,-0.5316996386917485,0.8572347214210887,-0.19903212369230316,-1.2285527081033198,-0.8853576287030809,-0.4814824869291646,-0.11397055498102238,0.729588504248355,-0.310734293019368,0.7578827015074666,0.20746587404408795,0.6059115405659574,0.1250148621340322,-0.657916904125207,1
2.7154965404073277,2.7341628664227344,1.1211992605258858,0.27542890849132434,-1.8006474626517046,0.9747745502493399,-1.833104176475994,0.6535287914400132,-1.5702397157269872,-0.6615092150288531,0.42210722949743745,0.8017021394827177,0.12272661786822571,0.5496510094441468,-0.5177520026124621,-1.1615691176511254,-1.461220344431563,-0.04440115937746879,0.08719384285203613,0.5749464899705529,-0.11548687605176355,0.6322823758804899,1.4583917413860275,-0.6614914738839769,0.08224844891444567,0.32454156232408315,4
-0.17213730876451935,1.3578294651929783,-0.2543398813982941,0.5058347447502417,-0.23671719112351922,-1.156854798576225,-1.3635866825948428,1.2308761677766802,-0.6203694059475469,-0.8505356864330142,0.9905172890504068,-0.5385770473197791,0.2630425943189731,-0.7291031793906286,-1.571942466535343,-1.1751842634079641,1.0486344160899972,-0.3842120471078683,0.18416424929234418,0.3521717699522762,-0.23017382073352635,0.23002602705386188,0.8535334836021776,0.6034913440228513,0.5218358786485386,0.029109733169012525,2
-2.840003499142586,-0.0998062591255731,-1.6387394445644503,-1.824242811405182,-0.19048410166880084,-0.7564659247971242,-1.0522167198500725,-0.8998299863909002,1.0613353590332273,0.623572747698432,-0.27642037572253786,-0.33697310077091785,0.6131552087088948,-1.4972143321180054,-0.8794365133898356,-0.8557643272384506,0.17311855059600445,0.12386088003999288,0.5480008497394546,-0.6602824550060109,1.023188728984995,0.18350879177965582,0.09025407384447806,0.5222310847686105,-0.16015495771549362,0.2987387127019751,3
-1.143722636298239,1.3140264393314929,1.3780281710767182,-0.8842792266314269,-1.2493533844103746,0.45568673897307793,0.2388678890960782,-1.0930939326813724,-0.3342338210492518,-0.207265091737171,0.0905142702809806,-0.10214428697030134,0.15912310275740257,-0.38455452597314177,0.3323703199139906,0.09044048416074879,2.033972302933128,-0.3268470611710602,-0.5414137176548158,0.2267386631810339,0.0003522299773798626,-0.39072915046990053,0.42964594227903313,0.43108008003024495,-0.1668674231754513,0.4774737518987787,1
0.412655738613736,1.9157386448682314,-0.6304703827268805,-1.0194895817942222,-1.3620720095066376,-2.236076454448077,-2.395765061250302,0.46962722720070704,-0.7668801139130379,0.596317660468626,1.1309220561107987,0.6394748481168393,0.8794526735753547,0.3664077890982789,0.2920181472583367,-1.1403457846798133,-0.20124216301905282,0.9960368070954793,-2.0112039855995527,-0.7121531534436586,-0.4315053259595901,0.17731434189486964,0.5024239584513758,0.5012160798021554,-0.6726268028863792,-0.2243930234734332,2
-1.209955234959105,0.6647445002835425,1.190209772238733,-0.4978763733473866,-1.5416062313897088,-0.28670613366618025,0.8355829663330985,-0.8512145688975735,-0.7413656832034179,-0.22717625693678814,0.6554932683363099,-0.8660930261817006,-1.6395767780574715,-0.5765075194824756,-0.024333602493044438,-0.24135653203157897,-0.09675804008362826,-0.03767515478084525,-0.5786290685959993,0.07513438124067888,1.1590121304032892,0.09139449681193465,0.19842860277338567,-0.40620909703816843,0.08692777231010611,0.3270680229219387,1
-2.9211344929136085,-0.24680961548570252,-2.0801186527515814,-1.8662762971490017,-0.3728810718568004,-1.2627723992620856,-0.8383993305188616,0.13598298345873303,-0.5999848140066893,0.6569429505823697,-0.4509429523016071,1.2559983304765485,-0.15796214982444692,-0.6571116129205654,-1.1682525376325192,0.26981671606131497,-1.177280442801605,0.22247228156862178,0.08567099316908168,-0.5800603049632507,-0.3629191519444061,-0.3437946774475597,0.4394244920136968,0.6863844618280446,-0.014735605997691454,0.10324936364983811,2
-2.1772480573208433,-1.2558414463426897,0.33159837310737234,0.24163473783488262,-0.3562636236375285,0.7226300716812208,-1.0354366358878142,1.0475039684036034,-0.2670643211924624,0.10276728579177481,2.0374788421486523,-0.18021005633327258,1.6651704562415253,0.6243533785532452,-0.515253392354068,0.8934874769985746,-1.0397483572152482,0.2299635700627235,0.26679885183217183,-0.5335524079984529,-0.42458395528775233,-0.702946710383195,-1.1466626267896556,-0.27424510210352243,0.2023110007716405,0.3533685145107698,1
0.2155388957958948,-0.7257581904579612,-1.3818504466170187,-0.8809657174577132,0.8441150670875238,-2.1109799392318838,-0.2389164694481897,-0.4940005693021995,1.03975147601932,-0.09661809225299355,-0.9752684508612002,0.5448745255574056,-1.2188270547591165,-0.3738118105904509,-1.2814736795789796,-0.7695773314694215,-0.8625298457527018,-0.8155063698495605,-0.4885801042218103,-0.3506983102641818,-0.2179129244460155,-0.8617212078869624,-0.1321830717896221,-0.487865974407966,-0.29336499258900106,0.016525392073976332,4
-0.8120616584467696,1.0070546311926933,1.969652798404935,-1.967438654052946,-0.40337807275848,-0.869381344792995,0.047634704268639805,0.26740597526919907,1.3045090806505477,0.61099831164469,-0.08450399121733017,-0.6145150420926927,-0.027730445503416933,-0.5401227402782098,1.449897503277818,-0.518341502245727,1.45936731607284,-0.3922321300102181,0.2125181760580874,0.3368243813846313,-0.28508787501787913,0.06554690231301884,-0.10914730611258816,0.46563708174184215,-0.24211284908766192,0.43147617892164064,1
-0.2579539341278605,1.3614674831704154,0.9128331078676122,0.6235193596683485,-0.8723535200220415,-1.3339968074668769,-0.7525460334270089,-0.4765723888080883,1.227957214299114,0.4559708710912294,-0.2061298966227666,-0.1845243640650022,-1.5848741209002943,0.35711695966332063,-0.8640099856022058,1.3375654889820392,-0.4949464317608679,-0.4635623827957249,0.5821927098709669,0.21394333128122447,-0.6327545589435842,0.6271358028066076,0.06395691931646007,-0.3638408506058265,0.36134318507576696,0.4216513326684069,4
-1.9342542871278754,-0.5898216384831575,-0.5600194139726175,-1.6211452116078973,0.14123957176816962,-1.0783123202278235,-0.6908469344567486,0.38447432858557623,1.4139923733438886,1.0581480178265967,1.123473807615327,0.6664823205480332,0.2015249416353875,-0.14842358274028755,-0.5611699500957799,0.9944144064590179,0.6978478772871718,0.3303876542624085,0.1873764149481692,-0.5227034026459099,-0.6051930534283712,0.09111217367594374,-0.7205128682715978,-0.2531938099730136,0.47907645799058507,0.2286512192300345,1
-1.3018847284357153,-0.7218015847388549,0.40299731878814565,0.9548647995875543,0.15905918119407939,-0.22432840805643495,1.467112285787898,0.8109484141595228,2.410774231341078,-2.937758080664154,1.476180869280257,0.0003896253971605118,-0.14704021479729001,0.17544706506095248,-0.43998980257208675,-0.07694783789012369,-0.496626188311396,-0.10681268851607634,0.5340186952589955,0.1809171805372022,0.49270164822827833,0.2882117180059636,0.44920201141015426,-0.784482808776562,-0.3910938865283324,0.11624092460308336,3
-1.5319832215741473,0.8893809496903058,1.1350723766664146,0.8449631442337288,0.9367033237434549,0.621671182307797,-1.9488589066991744,0.3616098671168853,-1.963908706984629,0.02217345955018219,1.0416040266410167,-0.8184498530601517,-0.6328920687725219,0.4071954312581887,-1.6095109999795731,0.24296776196123102,-1.4953952634406695,0.10083011846192094,2.055469770197868,-0.6755662330638625,-0.6462298865956414,0.15480415300703648,0.08809516309711359,0.6458162415568187,-0.38340050087968075,0.03223160025889742,1
5.182272796658034,-0.046849227966713404,1.2626383264133318,-1.6708680983946875,0.39850719627828424,-0.46350553519104853,-0.8651133600715816,0.24199749542357746,-1.2757843865034042,-0.12319281537084241,1.6247387862044778,1.143907789308585,-1.8284226175190375,-0.8836891483560427,-0.909030847339869,-0.17824126353439715,-0.655632583508256,-0.2103122627354713,-0.7979441242096733,0.6405432813462686,-0.7186205549687077,1.781473671817831,1.1201109508736569,0.13355718786548182,-0.15007633128649442,0.24705972247853977,3
-1.4305275020916752,-0.95832067864958,0.20612311178185005,-0.18257226126012574,-1.2697428610261619,2.9949478117819117,0.9373262821261257,0.2771372003772145,0.1670690674821679,-0.013699646910031933,0.0003271223481408136,0.7141070401494032,0.6016261659066557,0.7342188266051362,-1.2136392851327347,-0.30623462916150745,1.0067982564177278,-0.430793791954641,0.06943766373900753,0.6921489136499402,-0.21985736547181414,0.15683000693708557,0.13537868659778485,0.7645418877385735,0.32490546773177725,-0.1780008061740189,3
-0.531120773612688,1.167207242797309,0.7291593720966287,-0.721220095809637,-1.5877091574305537,-1.0752259060238285,0.7565255878941527,0.23468393746107896,0.2242595882415007,-1.0925583244695816,0.05650148658119142,-0.8087107283642461,-0.5064404472429512,-0.7015507968370182,0.45709065591986886,-1.7004255812049782,1.8064788678902919,-0.372570173645833,-0.5662285409782475,0.3352398785935227,-0.5096168787441916,0.24741385916481565,-0.5762401201175995,-0.4774735438268429,-0.07009156291137059,0.024491857933093344,4
-1.4920555716301063,0.1626290080628384,1.0729796168931094,-0.8122654643650491,0.18558814922414205,-0.15289860651457476,-0.03714819164146718,-1.933304124623946,1.5195145844785258,0.476932599594012,0.7527477535085411,-1.7161000618146305,-0.7107806522107082,0.5926163195834482,1.0427504822891558,0.4758823937573941,0.06244012006554036,-0.35042200780826843,-0.3375912060489396,-0.523444906092317,-0.5749582329244277,0.48099247053954725,-0.26265777500022564,0.3808123223347977,-0.19311488876593125,0.49987261419799683,2
-1.4953723016826126,0.38236705892570605,1.748007435521483,1.002626938765645,-1.1983329397984825,-1.0606275181438027,-1.8935891746046223,-0.6588162817566204,1.3503714745454272,-2.634215652950204,0.003483945914605426,-0.1695201155944612,1.1527143706838707,-0.39575088815351506,0.7517115727236768,-0.11994454274048551,-0.7531289225405047,0.18315692604692568,0.3387623440882455,0.8862386591707271,-0.34192774459119746,0.34576763485965134,-0.49378312257027185,-0.02500715852811699,0.7427948072553981,-0.6318442115247251,3
0.3491561432151259,-0.08508548246593285,1.1050514673276899,-0.9380022720955308,-1.9135886841700123,-0.45103641840861,0.6453013683381439,-0.049939105500862134,-1.4277575093929205,0.18239404163398049,0.7340477599963947,0.34566818848058956,-0.6310302797893185,-1.1566997766270146,-0.4084740718141697,-0.08271485005908395,-0.8696304461434079,-1.0372851902014233,-0.3531849721307089,0.11710913403612669,0.5980145363308106,-0.1133495980015231,0.2380829090291772,-0.6820131742875744,-0.3644061414471436,-0.12410838868030521,3
2.1777442242738725,-2.2879689905944844,-0.044156180661401145,-1.5405956554996192,0.8163546410509,0.3106436913299935,-2.053524870261393,-0.1683596041390437,0.46842604708011004,-0.40061254402617813,-0.7841749850998271,1.747804684149459,0.03432419296172863,1.0947783841013492,-0.11528311134866144,0.923203322538354,1.2362154041727293,0.9614828249310726,0.13263828823335183,-0.7674125025705669,-0.23722601773150234,-0.8942765221859539,0.05534859461063354,-0.35973248778044753,-0.16533464391226768,-0.16844714340743608,4
2.153585950567107,1.1038701752245077,0.057759879354535984,-1.7296594963831595,-0.5731249202406143,-1.032992341196398,-0.45558345366820346,-0.3619452507827995,0.1768530067566013,1.048608785830653,1.3545032080329527,2.3225807640612346,0.2738400116964627,-0.07291642695342229,-0.6706586000945758,0.9468010667221558,0.47704912593364346,0.1019478740130746,1.1804106353183181,0.23221691237681938,-0.1355272342078159,0.07619570191645747,0.8280318171302256,-0.5544520494430774,0.4093289757565637,0.33904959993824135,4
-2.026341825330291,0.7031970373693422,-0.9225109506600828,-1.36534691168535,2.317415578922655,-0.7011249339127833,-1.3882756651100892,-0.9335572772513183,-1.0068795246201718,0.23518069994522753,1.0374365638472443,0.2355807150092681,-0.32863048239231196,-0.2547782116220158,-1.3087718733569433,0.15263162466242744,-1.184426535393256,0.24071918334634393,0.6162066811587974,-0.553879080907937,0.604348101931226,-0.20466308460218283,0.3793523592142298,0.6539452831430115,0.6040034967889795,-0.16615648628013077,1
1.156394405910278,-0.8054442656235221,0.9397487638498333,0.9277119926538326,-1.5608301417721437,-1.1423758493919325,-0.5560555843302372,-1.1698341151226455,0.7259357491805803,-1.8453888210147722,2.456258422499887,-0.06649734508548787,1.5835549400597198,-0.6629611588012706,-0.02830566310454045,-0.7564965476049164,-0.12847186332841726,0.5806407549898895,-1.0257587738230247,-0.7103896355828493,1.1506290016801033,0.413617030721426,0.26124388294190204,0.5316840073823406,-0.4913006918470941,-0.3111074019008402,2
1.8634111513988603,0.6979792446266584,0.842694270334553,-1.4818000328297654,1.6119159737053093,-0.1969637000236629,0.2496674849264098,1.2447562201795332,0.2699144792763811,1.048774337140266,0.7868938542813533,-1.244698448020204,0.8993708158816169,-1.0644028376790342,-0.36179940660968446,-0.2748589701461978,-1.184016670151564,-1.0381637846330607,-0.18604464749638538,0.901227455289653,-0.022585562277165586,-0.13018046401179242,0.44696443844073436,-0.2939178584011577,0.2037413193999146,-0.7063014375837987,1
-1.8948634057323337,1.4403231885078758,-0.08264387093503561,1.2293671002413369,-0.48333262556035894,0.28986427539491855,1.1237872130733753,0.7737604411456636,-1.6470245399345218,-2.1397416079600444,1.1312707452289295,-1.4905356478853018,-0.2258412701484245,0.18589036235900816,-1.0647194661122357,1.717967407416494,1.1561224267715609,-0.3682564375386395,-0.6581313865134168,0.7827387842745406,-0.07315092836358816,-0.18534827982928564,0.20779827612176816,0.3856457597991234,-0.11298632662144956,0.6363245705047462,2
-1.740255219081596,0.8171672834223402,0.8435892490452555,0.4367810653343287,-0.5714894813135557,-1.3848229606017783,0.5948904845475024,0.6117341593870393,1.8594555921657439,-0.41837344903296114,0.033181270985954206,-0.9425078968056527,-2.165930384584294,0.01530941992679027,-0.6983350966194324,0.30380060989828467,0.4791351837786867,0.41872736025257484,-0.6075181371692838,-0.7048017034094358,0.810329310400932,0.6376187990984441,-0.6769030979278883,-0.23782915865544077,0.7687575824552396,-0.5394885629399465,4
-0.014951413666224137,1.740972123162136,1.592190641140589,-0.2597214796359618,0.37136228176056596,1.0480099704529409,-0.007846952758864281,1.430138750422606,-2.3589621908785787,0.3454965450489035,-1.3271853887493954,0.7277488152173147,1.766604745755701,0.0421594465717618,-0.8431671470653338,0.2681301101514289,-0.765388679263937,0.3402134241868623,-0.084705654010426,-0.10129058771919593,-0.3569628752982654,-0.35880695032037757,-0.20901560116946286,-0.027460393208371854,0.19754705952950652,-1.0187417349852113,4
-0.19633091363724578,1.617644748968427,2.342931848609005,-1.3921773819188945,-1.439559419465639,1.1683549932939166,0.4326661848794117,0.8369538298794362,0.5224129677478813,-0.5852806845139922,1.1155369879706825,0.30688324957733887,-0.37543768430044144,-1.3749934733089104,0.028746274675982387,-0.0003869938074723546,0.8594348783632527,-0.005168920080667908,1.4173143315110788,0.2755602750794346,0.2524645375425368,-0.8643184189510262,0.824624504128562,-0.5666243423822531,-0.25035968971300415,0.10385929947805546,1
-1.9026778435349336,-0.1258890459206504,0.2824950186854184,1.4272947972487657,-0.09442947819458554,-1.6999883898820878,-0.3720254704077745,-1.1499567413348093,-0.21632501268143445,1.2635525080869743,0.1583014302959609,0.6848152553252718,1.1422106116139317,0.4658581203591157,-2.112075609858096,-0.8126140585649323,-0.2166187242444321,0.5553276774186265,0.6024342608039288,0.27595850379997866,-0.6891573296005138,0.3321093186189732,-0.5388049821641733,0.6392564514368783,-0.2594010774007695,-0.06471419174158291,3
2.1368678187841406,-0.7131773110514391,-1.6040313869345744,-2.278873040616817,-1.0443158823222614,1.4540762436369201,0.4579118581524559,1.4611517443048359,0.052197146458020025,-0.21276025919766559,-0.7721055116285233,-0.4426333824803817,-0.9257849953679985,0.6687716092272361,0.3563132831983999,0.6777492728895279,-0.5117266129673614,-0.26997489487542686,-0.5236548287027084,0.4127249565654564,0.4286190447818674,0.1850138162766148,0.04325373638970278,-0.5843579123012081,-0.7198745054350322,-0.6392996712264569,2
-0.8184858472158354,-0.45695697892065285,-1.1293232982400139,-0.4358952481152751,-0.28730334538667784,0.21113958758789084,0.06230768857156684,0.9590694578500732,-1.3325039001757122,-1.6396393994223044,0.46683953216591734,-1.06268210773221,0.12364060707689221,0.36939767714263966,-0.3633372959440566,-1.5699826611951813,1.0765710217931557,-0.11073411405287814,-0.30564122759656165,0.7692439039634095,-0.21277445966777606,-0.04881326996940607,0.36564316575713035,-0.5708881966235175,-0.31856854857397243,0.01929240612214719,1
-1.3667758495659286,0.33966356056504543,-0.5631070800576411,0.19127103003388818,-0.8996101425574867,-0.08151995144796413,-1.5105705974692525,0.22379572158693953,-0.41897496095711556,-0.337020734388585,-0.5341001701619127,-2.4995724467490645,0.5681872294909863,-0.07651500802043483,-0.09081554117237697,0.21117371858662776,-0.9192414238869029,-0.5072100147497344,0.4857997645572338,-0.739804200796176,0.43371020556519146,-0.27684337228691214,-0.003865205424476332,-0.5860230853528569,-0.29029543283784437,0.03798677922456942,3
4.577100703051114,1.3082881985272639,-1.2882400292508693,-0.21780312412296018,-0.7518457227711078,-0.44366998198820545,1.2933959334643395,-0.9421235041512551,1.134271258035696,-1.8913482868385894,0.1369243058465872,0.9003964512413078,-0.6598813141961443,1.5308807106587907,0.10501807072820843,0.5133141002450821,-0.4883341742193844,0.8361624065973924,0.08135935901491353,0.7574066219433739,-0.014574877581444953,-0.26612232154029,0.4867605512973744,-0.551774925398966,-0.5214886524531134,-0.16239735791185536,2
0.11186048776033232,1.9488983840283165,1.754979973904348,0.7443775821449502,0.21432947174486316,-1.0277404993833192,0.4328215073194818,0.4474344720374008,1.6168340901849507,-0.3758359177241948,1.7112264000264565,0.18644165614298755,-0.1171706365293652,-1.018136411688609,-1.6176571984234382,-1.0479158050672581,-1.1200759111981426,0.17815763363371345,0.895190871143309,0.46925004949841237,-0.35356774370335076,-0.006896187151928551,-0.23480887381532378,-0.42881972284023234,-0.09643591806956575,0.24275808360823056,3
-1.6644473011463865,0.22617051716556366,0.3049641526219116,-0.13031384693121253,-1.2692461060497104,0.4824650823769057,-0.887736025131545,-0.9150057443626086,-1.131825918158621,0.10159103135413489,0.5103748946950577,-0.17077270081789248,0.21399685688410597,0.3639118849327214,-0.38551675662177814,0.18779771113923951,-1.1486902897833373,0.2772315706424046,0.5563306579345804,0.7773221405204925,-0.07256980925718104,-0.4536022278510594,0.2755285596806945,-0.29578591944835,-0.05156289835747989,0.1332950312928747,3
-1.3245656940086872,0.06292592822808511,-0.34759655825304175,0.5014850352835305,-0.18223883062212382,-0.12375315145665737,1.9438347206025433,0.33647197437122756,0.45360425909399593,-1.7403787052864814,-1.0172139123209025,-0.40407132018734054,1.46339393884857,-0.22625523696315877,-0.46952279798005137,-0.12637720351172171,-1.1117588498745372,-0.12346822425394005,0.7722870539875466,-0.5660149671460757,-0.2777306094788774,-0.6520219998743314,0.3285631844304076,-0.35971688250075073,-0.23453971915084687,0.0649428541564511,2
-1.2010228939010048,-0.5464715042085456,0.8580709795375668,-1.9603371141311405,-0.6847025895492903,0.6143317297540628,0.9180619635209075,-0.799757853986781,0.21865283645237282,-0.060729447543804486,0.533935317425907,1.3068191602869155,-0.2645306223724554,0.4384027064228229,0.5272590243516299,-0.9823248875267038,0.6470516166047953,-0.2154376929757764,0.5264060609548219,0.6211681724241549,1.0439072041207929,0.5036438950700025,-0.38970507735925436,-0.4905604253482157,-0.378560292012362,0.06733395225947995,1
1.5657946664369784,-1.489795287417054,-0.9552554596968652,-0.008874046722477215,0.3408001460022449,0.2615248617226238,0.5505180676675143,-0.7359914309290739,-0.48123769101319686,0.43436595903462044,0.601961241996067,-2.9067043384553424,0.6328344151343084,-1.0387905691996633,-1.5856694054238047,-0.43919432044486695,0.9922972057899879,-1.5568120675304822,0.04618160628629089,0.4074881586032394,-0.12475029788465282,-0.7877887927959857,-0.0782732740120752,-0.479351111308408,-0.2556726963262651,-0.023576999131271554,1
-1.5104374408241674,1.0400692786068095,2.158451622317438,0.9362271105885134,-0.5042919977121569,1.3560605261188303,1.1159658283849414,0.5405196965662727,0.6177253858218174,0.9446984420154341,0.4383961868671239,-1.4778827791975204,0.7048431672795399,1.5314028872405367,-0.13096946983535437,1.2166366972631357,2.2297158447480103,0.18594947577575788,-0.22713756319139505,-0.7510870431501215,-0.3260680534474311,-0.4655668577827003,-0.3589885180062262,-0.33541296967899914,-0.22540581067590926,0.08995617021887937,3
0.7837634202212557,-1.951271738962658,-0.3687153212203798,0.3535483964245924,-0.40038734298025747,-1.1633187391496569,-0.7150217263654821,0.9411391335115723,0.026318624473089032,-0.4520663426877448,0.3223263149523308,-0.12440665570540486,-0.23091530447675426,-0.016772968827911582,-1.134610513701271,1.3646650334706703,-1.0953453172018393,-0.18875168559518507,0.7899949189430007,0.5636707888652988,1.0359997472320022,0.49641404133148975,0.3280506615596032,0.223204766749743,-0.7284093890788957,0.1378373628937573,4
-1.0092333258147448,2.5603786512695916,0.9499749218064338,-0.2057509743307447,-1.3065670220533758,-1.7394636700792092,-2.099592706890969,-0.40416086333528506,0.8182364376084672,-0.20191349050084875,-1.1365691296875944,-0.05880512926035671,-0.8104799773963944,-0.21710671486640093,-0.1894753087679659,-0.27763902411550906,1.4947526966186502,-0.09858781985423158,0.5855343468252501,0.05436030347134276,0.7919301148488572,0.7883304262864816,-0.608996688892381,0.46877127839456767,-0.2221138501886778,0.39417160028004766,3
-2.9445518367544357,-0.13377484378470791,1.5995075258034464,0.12635585436073787,-0.7344540969181862,0.3733517545427271,0.378530728904131,-0.7503579469069367,1.3017223779023863,0.22001709694146776,-0.16775422547096566,0.2349670542234398,0.09597180359889126,0.618046581158696,-0.11332826490629576,-0.6603061402602689,-0.4169468202849911,0.49162746947324587,-0.07584639165810264,0.07326297001438146,0.5736835276002273,-0.16206840074277776,0.49078564490057985,-0.351771879978944,-0.18827781709148536,0.1561486697610996,3
1.3874775146222371,-1.075717715048352,2.3124409586098116,0.6384202196586674,1.8327769712806556,-0.6827998555560509,-1.129806000282758,-0.9903714382479497,0.6147991248481219,-1.098881028881462,1.617839420644847,-0.22914997494865608,-1.526480907110442,2.3582058429742916,0.7121409474738983,0.18424622962842127,-1.0573320727696272,-0.861115059612026,1.698030547840071,-0.5246267313278667,-0.47707223179653574,0.20843621804818238,0.091755272841956,-0.3125339762488908,-0.2615722191750982,-0.31763912048550974,3
2.4235132073338153,1.3178626652102514,1.0081488455925376,-0.5579092193100448,-0.37307871955609406,1.3488688755472051,0.5199109860828637,-0.809960865200826,0.1805000273020836,-1.156961436444152,-0.5129141957416662,1.1701921106506032,0.5362089085517354,-0.9144473754106544,-1.0126997675507885,-0.3581015447504461,-1.2025784284399028,-1.0682940471452596,-0.023136336872010645,-0.5398802774494667,0.006260591063653556,-0.6493593137722653,0.6016941132438164,-0.4687555282273241,0.0897067340354095,0.26296704183265984,2
3.3920341438439365,0.44487014285749393,1.2695274192595243,0.47012441803038885,-0.48785383985666086,-0.07269421780889733,0.11305964772014204,0.9561386868659568,0.2570042646375311,0.5262185769119195,-1.1860202738610437,-0.21899529514335117,-0.37449081472330287,0.7760200533098961,-0.8461959544202959,0.5924702799430349,0.7769391624272494,0.47242998784410795,-2.2299318180370893,0.33206766190498294,1.1794496805375603,0.11481368567560915,0.07422631075019107,-0.5155082892799051,-0.5430962771713678,-0.41971015624376695,1
-2.003428544958536,0.033721576219184514,0.7273992957589979,0.6094560480254613,-0.954255579160276,0.3127651391527979,-1.5831220688915957,0.8400588831360428,-1.3417563985032566,0.13522717300701909,1.180440370777188,-0.2206980434103123,0.30784693145936065,-0.8543490340438971,-2.2790059216238316,-0.21187020474471022,0.6561273957562258,0.23415754719177292,0.22102410943476092,-0.006381095584099227,0.8313528946386869,0.4555644923707799,-0.7181704133752885,-0.29890115281987534,0.48983766581897936,0.1520075419988991,3
-1.3769831107355524,0.4916683159856271,-0.6251738949445297,-1.2177099520195016,0.06291026796594176,-2.030452516738216,-0.6026812174839895,0.7141377172730461,2.7185980580609925,-1.0181568850691323,-1.212134481184365,1.1649383983782733,-0.10968254380469755,0.4298303160096558,0.2889295999464133,0.8798566011696132,1.766084034585727,-0.14821429871814454,-0.3405598326959605,-0.06633722447951228,0.9843465182728774,0.943167157290933,0.46338651066950337,0.3044790886288956,0.06107152288881835,0.3695564796119538,2
2.185307040304156,-2.7470407049315733,-0.0580043687352941,-0.518530306917203,2.404783353979762,-1.8424483257566047,-0.6637708015301557,-0.8732326059190283,-2.035557137006149,0.9630326443366521,-0.6913518571694507,0.25846645961189907,1.781771697543576,-0.4145888889124632,-1.4558840050363424,0.3132467569237191,0.530644802519356,0.876247702709316,0.767241081923485,0.8683223363467213,-0.03285923902161409,-0.5870686974145441,0.5391075153483087,0.7773126818318455,0.44816480910687184,-0.3780217337943064,2
-2.79701307605121,-0.25809487592738195,0.2111228988525775,-1.490162152547978,-0.7365843609666367,1.1496867636005406,0.518793976607138,0.39820101023760884,0.6177721111989031,-0.4328315017269718,1.3466934986323242,0.1675059787630438,0.042178500303429546,0.9922537279849306,0.7102754098260264,0.32261570930077177,0.3660345691473797,0.08403255980366107,1.254091460883306,-0.6110727367771935,-0.4507453490135809,-0.1401725826587827,-0.43077524131754147,-0.32448147356430684,-0.050016797696303725,0.24334113328521448,3
-2.9382252819331804,0.147164073493957,-0.5075268063034102,-0.019024112681016444,-0.8270720184167311,-2.002670434774271,0.1737605593732443,0.9512891016337696,1.0513382411376915,-0.0948231795292191,0.4435852014736105,-0.34460344629477785,-0.3803118488112455,0.5684888747518698,-0.229891819216683,-0.2416909486658693,-0.18974295363469998,0.5799956594325199,-0.7853099641978399,0.6666661761516687,1.2375112210739225,0.4643144825020635,0.15033949167592214,-0.32449322720980545,0.5414543172834437,-0.469227357732331,1
-3.044187297403223,-0.4788367137456846,0.5276059376911848,-0.17582088528547352,-1.067375563725534,0.3919016333018517,0.7245229389708555,0.14339598781057888,-0.24894531016568794,0.6935966283744686,0.6522562459815724,-0.3356910052085744,0.9097760043856257,1.3127452119066796,0.13361012334391195,-0.4907918544289523,0.7193564188615613,0.26799433633691067,0.2455301431229883,-0.7024551448990809,0.15811930202747485,0.25787094022633683,-0.5259289482316731,0.6405490515964555,-0.17957810874097377,0.7366909824239931,2
0.160636993077336,1.8221512414152372,-0.4346369711446454,0.33573549876895864,1.21999790547297,0.46750975704526987,0.08473596845526654,1.0732137929634564,1.391584581050444,-1.008131263795111,1.6469464801704188,-0.6329497412652604,-0.3652952615622445,1.064902844076328,-1.0993528814368012,0.8652775703521133,-0.22965406134709596,0.43633577976298266,0.06541226209639632,0.5214387391891332,1.295686369630608,0.29539984511790224,0.2571534421427619,-0.25550572530615817,-0.1763457100983799,-0.8627558305439823,3
0.12764425022960457,-0.6500764542907094,1.0361537674988772,-1.1941870677341606,-0.2833426605640369,0.7536599435361302,0.9394823764076262,1.483262765398508,-0.34984561548904586,0.30156568851790844,-0.09427788261965357,-0.2577757891779155,0.8722978729160796,-1.1361911673046543,-0.7845353537750253,-1.0226817949775655,0.7458443400353627,-0.9092033869402701,-0.40196108589187535,-0.6021679521149521,-0.28123722727835887,-0.18399011588596081,0.7510515868619987,-0.5722376601372898,0.09689700103074748,0.42952737921608936,3
-1.7094305609021896,-1.222329391732533,0.08047042356818859,-1.9555203302318032,0.8755685684713991,0.33418857488749265,-0.7648578435264958,-1.6875361756778824,-1.2249838328324034,-0.7188883301051837,0.9180121469835084,1.0718553438822966,-0.609258287519703,0.46723162262860063,0.06087804164475009,-0.23933696938184587,-0.23194341020731502,0.0030948877423458416,0.3070964904451244,-0.5272835781007239,-0.24920368116364347,-0.5037911408351111,0.17661619162096545,-0.3838137297857841,0.15867610562977325,0.3728125231188163,3
-0.7682410125772041,0.8032248325161728,-0.42180956714985673,-0.31351539057515365,0.01233540220322667,0.3755120574078362,0.8926253380024993,-1.9738067790279612,-0.023432774811195697,-1.3697028428659328,-0.05594527336726032,0.6099374633948479,0.9098042619549405,-0.0459165876739641,-0.6092643975619185,-1.0919817215489254,-1.4974938253087466,0.1658237043157498,1.717714040425933,-0.5567113577463867,-0.6190323264469856,0.08995295964864733,-0.5186652845383893,-0.1393397853825561,-0.021075474801180074,-1.077173681025181,3
-1.2624219922814555,1.0568867004205968,0.04308408284533489,0.463485934962907,-1.3876139650888675,-0.6568700232867883,-2.3924463086897028,0.11055190514257895,0.007130067981064533,0.13328242918065128,-1.0500194463783363,-1.6218948420917534,0.47021796172470615,-1.1916340521782325,-1.2385553457318768,1.3763901084727799,-0.09151199870506647,-0.3480476742883885,-0.9631832414924988,0.6629632999311971,-0.7123941948012632,0.8606499283823982,-0.6091964811255082,0.3498136434665642,-0.032273943683104676,0.3681636627298464,2
-0.27493576688889704,0.8667902870951427,0.6542233522698117,-0.8397437942385594,0.1360340801354701,-0.36659658965698017,0.522729113535655,1.2216522531108527,-0.13763985418896427,-1.2773399555403449,-0.8682660091809163,-0.4658677239863001,-0.7482460238179283,0.13431509410949635,0.18215199753817007,-0.29590986027079963,0.7913274710193824,-0.43632574485220754,1.2177078831830026,0.7912954431354898,-0.4080404501723861,0.5992891214339929,0.04188854860606172,0.603711719168609,0.18504096682062912,-0.319399036178115,3
-2.6191931384867373,0.8864657867105481,-1.6887934386602839,-0.30307579042450317,-0.649703217103231,-0.5453280941286566,0.13081353183909322,-1.3899394192611316,1.6310337039394884,1.1761737582872405,-0.9658365772496935,-0.656294474157886,-0.33742567185183847,1.3565801750816189,-0.5759783065591515,1.5288140269620407,0.13276969475609868,0.1546544309419722,-0.7285677688412326,0.5045405328107372,1.1661403834455752,0.39627066671173905,-0.026722368065419107,-0.5713571231547243,0.04656201777497117,0.2661886060494309,1
-3.0025136724515433,0.09750907933564944,0.5879769061204395,1.3281540219663095,0.14643178782860392,-0.1998396739356914,-0.3817473534011644,0.498884840037689,2.2600656813180517,0.3996988253647024,-0.7271183339027333,-1.0111378456777504,-0.37740935426654365,-0.20751150329342596,-2.2046994142429055,-1.3917138952101518,-0.4423377746436187,0.28274777176054144,-0.32355482622381093,-0.5155795510308451,-0.3949466925501565,-0.3391219021795078,0.3669376837650901,-0.2792683519023942,-0.1265199626710548,0.2065490972521034,3
-1.3891566666965791,-0.7765197766592989,-1.4464182236980718,-0.5563935240953358,-1.0146864412158643,-0.34058632957064555,-1.1262842322108684,0.3714225778402343,-0.8031292385072109,-0.7919713793757518,-1.0398257097936674,-0.11314319327490797,0.5512185499215976,1.0880334533973466,-0.10098952287800625,-0.9717841163759663,0.8708724443324701,-0.08206866528278246,0.05996510817651141,-0.8778011879305329,0.941047712628648,-0.035188753704892134,-0.08642971885721343,-0.4113487031511675,-0.23215562579212348,0.1315530970601243,1
-0.72103615723096,0.9245854821114009,-0.13134000813302782,-2.4865733587650545,2.6515443047244562,0.9207707311586403,-0.003162879142486457,-1.0406972265909515,-0.35970128874141505,-0.6179880400553182,0.03376326656208203,0.0034721135868249647,-1.7111702510086255,0.40371257460896043,-0.050203260212814384,0.84700076904188,-0.7318219834102788,-0.07210200003761175,0.8497237712603746,0.7420779617644405,-0.37361628117836526,0.1720684480477379,-0.40218528899922923,0.308309727800411,-0.6003749144575845,0.03750824259971334,1
-2.275394052006882,-1.03738089304391,1.7592223667961537,-0.5910505661586999,-1.7939753719242781,1.6333087495307281,-0.20493198933973664,0.41466059287184415,-0.0816799117446104,1.17562027854157,0.7686169639666216,-0.8120676726518574,-1.2862303176963685,1.926294269609216,0.808799570565413,-0.36276777314645686,-0.4829018625691011,-0.012801462736757644,0.00588985143875994,-0.8739050058119137,0.9967960079290502,0.23541075998374655,-0.09329550473920839,0.5021522878304499,-0.4049193162437769,0.43809887973277867,2
-0.22877601873314934,-1.5971222311345077,2.0878393820153653,-0.7127933528406456,0.7593909010547987,0.7304177391323703,1.0087171276906717,1.4887888219150045,1.6629562584967768,2.4789200404898133,0.03029310197755702,-1.7572612309691182,1.6407324343963214,0.6361787389054712,0.4552979664713317,0.3648802000106675,-0.3861583412852744,-0.7083103105664404,-0.7239408840126492,-0.6797172367609956,-0.4452963970135115,-0.27199781816059926,-0.26036980274710747,-0.24792886283349874,-0.4945660274935167,-0.2009508913054822,2
-1.365718885673041,1.212645834236933,-0.526054559925503,-2.131774976905059,-0.11589253574007541,-0.476745245524167,-0.8364883437859164,-0.4978622864067437,-0.4111957834749964,-2.909768253759093,-0.3166397376285607,-0.28096473026342556,0.5525216527147591,-0.5954663080154802,1.5740491828304377,-0.7864967628749334,-0.3666319519125333,0.5424709649608778,-0.6922253958522989,-0.5470156370723971,-0.13845212486160852,-0.373576083651907,0.29983324884703805,-0.17500252809239963,0.8020578552203056,-0.26725201906623997,3
-0.4546925080223985,0.8033357868869172,-0.9041545161497864,-2.026192794018264,2.0128786976876545,0.42913078130225063,-1.2790061157139427,0.2943345239330403,-2.1983307413824202,-1.8471840319627448,0.5394502719351401,0.13674963021836983,0.307926899538434,0.8764519792105733,0.46316651101987616,-0.3392928833718421,-0.24207994775626218,0.5434323584511386,-1.1461696934141468,0.5996189612272262,-0.20504334011633768,0.03662132774086853,0.41633214110608874,-0.5325893795006389,0.023631803193377165,0.16948631884967208,4
4.310681481606581,0.9322300829031864,1.4435167125300177,-0.9171950561969139,1.5984013467084799,-0.4707689119866722,-0.0004391639256140629,0.25152009019092575,-0.15999806294374483,-1.3991172270276295,1.5725405392916352,0.31547276318367123,0.003550652744052705,-0.6862257148674483,-0.35623223730982356,-0.30799225974015143,-0.915898392663951,-1.19382175551004,-0.413392564614051,0.7684292569269451,1.4096792831005234,0.03872371867631603,-0.12590399494068724,0.36759362301566073,-0.7006357639893779,-0.20555041340273766,4
-0.5350676301634327,-0.42138279561000974,0.2720120135443803,0.6518847092909053,-0.2685334523445697,-3.1127735196520683,-1.0790878103677668,-0.5523121251965022,2.316130185224991,0.507179354762121,-0.0850840951870969,-2.012575262969435,-1.3022161285522178,-0.10277708364470066,-0.5255659545352844,0.5428569373275394,0.37196771353605473,-1.17839638155433,-1.2390333850719475,0.41236716599419265,-0.23213787452494394,0.105542563875721,0.4399763159004884,-0.33699911622307377,0.4117044603722263,0.0014369155144636247,1
5.721428793347851,-1.4176905837907303,-0.39318478773315674,-1.6545127389518839,-0.5612189576516884,-1.0550700765949825,2.67544629763565,-0.1404800427377738,-1.7289055400792794,0.8200450651003763,-0.48244709257985774,1.2929466298881633,0.218880759632915,0.6226790453385147,-0.07849107315632428,1.04286672423433,-0.5055804238178985,1.4579607219078545,-0.3911018640423999,-0.5006366823582651,-0.1975298590026481,-2.0242120234326015,-1.644740428302643,-0.05568126937577897,-0.39532055070858374,-0.4138394550632078,1
-0.47236011441297315,1.4453203236749197,-1.1176516104199858,0.5117689991834773,0.5158618205101354,0.11460905499811151,-0.800328171875217,-0.6621563556352241,-0.5644684372267426,-0.3613741740858983,-0.8728705022931121,0.3747651493317122,0.8195939820535812,1.1345801999480984,-1.5686237818627984,-0.031093980523326428,-0.3670487120138497,0.5819154398561853,-0.4344991796106429,-0.7410708589550402,-0.26242188506596165,-0.6758969837630013,0.16101688073784354,0.6549120061804472,-0.8153947738610389,-0.1304544683292312,2
3.7079091718800643,1.7669402379568566,-0.7273522132345257,-0.8959146307840222,-1.635522297711962,-0.012071974018583693,-0.19147587265604069,-0.8094673232403882,-1.358609634120311,1.1831386146514222,0.21301424620884954,0.4789728281159167,-0.5807623321909857,1.103838478636322,-0.7970609298726712,0.8349860871743633,0.8901659154107755,0.24719273412038886,-0.32104366646932664,-0.943280127749243,-1.0421824650961018,1.6540598762005494,0.6893323917686904,0.2904663012095696,0.06976460622892902,0.6838078476947917,2
0.893941634440181,-0.36366701003488233,-0.34691281295050674,0.23486271175180753,1.1665752145182566,-0.5512550611538304,1.4772665224824215,1.3077633847444503,0.78787526176107,-1.1091294038151713,-0.6218535562033861,-2.6394584502114995,0.20879350703774643,0.28423064967249434,-0.21885863166851005,-1.3589534384225914,0.09268684373011904,-0.011964951829185212,-0.7734691659181889,-0.6517849745717456,-0.5674302598664805,0.5158689666366042,0.8814617767096441,0.28525033806042716,-0.5230714617230844,0.3486882489782201,2
-1.9949750354833942,-1.1743187735074707,-0.288859446430096,-0.9310557266727725,0.46077689235647473,-1.4310382645078341,0.30544618215466585,2.7852200843999406,0.3142062586480065,-0.07801177255523113,1.8381752655167762,0.5115987847600145,0.14225816820261827,0.5177392237783704,-0.4251575884335486,0.707143428344887,-0.5776506582777455,0.17192152130822133,-0.5228289211071988,-0.5967285550872635,-0.3273140932603234,-0.3141934936498487,0.36483152501079774,-0.5585443834790922,-0.24126403082905212,0.2515239197974842,3
-1.1516602455838105,0.7264663695136585,0.1083768253102768,-0.13433500031867104,-0.22211948460337497,-1.575747056218229,1.249195012616664,-0.12372537372119476,1.6627659384480369,-2.158012695309315,-0.24514270941567037,-1.5021283866623663,-0.48618577814058167,-0.23352668176075345,0.6936174645698283,-0.25190402830735853,-0.34578046081708497,0.03160989527097209,0.213651096170171,-0.46320458055325225,-0.24785155331938902,0.22026545690134805,0.737852636106295,-0.7101919270498478,0.45979283062224874,0.6075848865485196,1
1.5731353546885174,-1.4496591077776495,-1.127952754585624,-0.23470648039752895,-0.9740930783706833,0.5218024532152806,0.13216722668247305,-0.5808377992910905,-0.35382204018706725,0.14617554747083683,-0.05220954370809079,-1.518110870732447,0.4883059118595192,0.12306899655189289,-1.048726087217806,-0.8894682597925957,1.157118189458074,0.7415563880811475,0.5516598775919258,0.07714480601072864,-0.8248019768709479,0.6188884157316257,-0.35613462777803073,-0.2207731595183342,0.2264469727052468,-0.8756620278279895,3
-0.640133450739455,-1.749418350526166,-0.5940251776094723,0.1660038934578864,-0.3532728210785126,-0.8940392165660004,0.9363254728704161,-2.356686883909366,2.8916175235423367,-0.9154676654724501,-0.7294903497363859,-0.07813555625285162,0.16610208717438696,1.3034765262445136,0.35614401007242713,0.28571766436064894,-0.058154794950350204,1.2827218566141227,0.1167420392137862,-0.6437544363690206,1.2450597023147598,-0.5926724094256093,-0.211332316917156,0.7663031897122765,-0.28545358568472046,0.030812284291998927,3
6.0932637074041684,-0.6526274729035236,-1.1044407923524489,-1.5434646997975399,-0.0808585865316727,-2.5849001160083893,1.0958124623897818,0.9841007078923201,-0.590655327769537,0.9421631841037137,-0.6244938549401244,-2.117538231453591,0.34624908582756514,-1.3471215941079593,-0.21977145301974976,-0.9595952895722957,-1.2169703498173403,1.7423054368055912,0.05715821661363782,0.9276355928050058,1.3808098155800173,-0.5527453889366291,-0.08481931056597533,-0.23798649675187047,1.220953657025667,0.7107010140888745,4
0.3695649401521675,-2.6478324136735107,1.5036576210321775,0.43525089280837936,2.0780279187400725,1.353533951111414,-1.3229855282720173,-0.8263541343195782,-0.7284307454266777,-0.9690694618603252,0.023978916024484414,-0.25387848837546395,0.7015033523685366,0.6808967768990597,-1.1403893074556706,0.4320947329546119,0.5298322815295241,-0.09414990058270514,1.1888981936860372,0.0944639488592214,-0.5505642687439856,0.3557837197472521,0.11049819134138093,-0.13766214208443878,0.8595547732740219,-0.3122616191003239,3
-2.063637641503635,1.3276927204447821,0.16379036016726609,-1.1764278966359365,-0.34405419894967326,1.002086146685398,0.20030893691413915,-0.1192079121161006,0.434571453806974,-0.5400315731066154,0.3419213992249614,-0.5962853748340288,-0.24728719672188637,-1.2494734567200438,-0.9418677943285053,0.18291255379033458,-0.8317969090868674,0.2349284754528291,0.37793032390172154,0.7797871080374497,-0.39511741589976124,0.08713645317723442,-0.5635297491140335,-0.604484491939428,-0.30141939436502085,-0.06534979643312834,2
0.5066265099622183,-1.6055271996212102,0.7174058108271806,-0.18526768795765663,0.9329657090611084,-1.2053343658601918,-1.0293659573344074,-1.17444376742827,0.6037187716432993,0.14947412075440028,0.3251231020795039,1.2068005015024152,1.0411622693896423,0.805370245577866,-0.43769297185264233,0.9551575570534736,-0.9602744622157934,-0.07740969855613948,0.1773126868860276,0.7434253508313855,-0.6298254022362286,0.5286925719106629,-0.36817799324303363,-0.30340554486208354,-0.1491023229023665,-0.1754146108563921,4
0.11290561189675866,-1.1076792199961363,-1.0218337156613662,-1.6210379741773162,-0.1107495845104536,1.2818007714600186,-0.1562267217801473,-0.2827718984081333,0.7228924611103132,2.106751950200855,-0.8007483952864098,-0.5816765910941305,0.19870949773515123,1.0344425432447892,-0.5765631486884268,0.7875271769978447,-0.27558004180378726,-1.1502838213013875,-0.8930776154616379,0.009750353678810886,-0.6835241932075262,0.36653030548566873,-0.4520320820665998,0.5649279376709749,-0.5374689903600854,-0.2060894530677832,1
-1.2615948300836586,-0.13850359291999417,-1.5556337932572084,-1.2505501546521236,-0.137232447693883,-0.9162988269745167,2.261514594278404,0.6502956748969858,-0.8540972262058827,0.31265241851143755,-1.0162984241487922,-0.2396617938057602,1.0521278872227093,0.05726639005356006,-0.4117563592296262,-0.5333236852766178,-0.8603356304743317,-0.34783663507815243,-0.45030713253375043,-0.6588949493385494,-0.4768354778758872,-0.2237791153710748,0.30234351677304605,-0.4093422718089775,-0.4860507338864092,0.05085270911217412,2
-1.1097401153000777,0.4052992310755973,2.1173610832618577,0.6590641081071869,0.5116770683584979,-0.5467868841975033,0.7188318751077333,0.23096671972171834,-2.0665456273351688,0.13563562093584539,-0.5382119118334469,-1.994451896313051,1.0928787816188517,1.0744909835798442,0.7006624558818974,0.5545607703133313,-0.5761295550315252,-0.516399955273392,0.5263767656974078,0.0753855878987039,-0.6089981238873242,0.23377840537877384,-0.22642446148665496,-0.3026521701124016,0.027607017378625497,0.05712556854874509,4
4.022660059263182,-1.5103152489347618,-0.3519381121230426,-0.2573383383995756,-0.5178327014721628,-0.2669957195497344,1.450797751104954,-0.780346513679751,1.5670545920471952,-1.098488200202396,-1.666854277694599,-0.5010838453775812,-1.9579947240589544,1.036436382001081,-0.21225254372674282,-0.15630914906313892,0.06525910733184354,1.7362391081167385,0.29534015944754044,-0.7500193401151632,0.7885212234547552,0.13667354382152247,-0.6428656919936152,-0.10296000516073157,0.8242267627012014,-0.006046324951608244,4
0.02201766963197635,-0.7625830380840746,-1.0799254957849806,-0.20193632950432766,-0.9991750053806316,0.8077236147296286,-1.4783813202606606,1.6922185576526918,-1.1626592071269017,-0.6690947035226101,-0.6410208383016205,0.8506634727638195,1.158358096512786,-0.26091077604869417,-2.0861212888029748,0.34424775167783833,0.09813957488496004,1.3635416075584943,1.6710888948291898,0.5329103504418035,-0.7296972509491834,0.3930172060812323,-0.32909457549069737,-0.4820029354908002,-0.02331134465821973,0.18763139080659633,1
1.9041159992602799,-2.129291566833126,1.5072454685088514,-1.03447938999065,-0.5618589820363574,-1.8579738761715805,0.9484368390332127,1.1897201476561698,-0.4215593105834392,-0.4900226063959946,-0.21593011325694822,0.5195996757760032,0.5577648402606845,-1.183020742891178,0.1478682518710255,0.566706635041128,-0.6979391193339122,-0.19315885335793692,-0.4800981667617575,-0.683760868686223,-0.8676917123824258,1.059018352249647,0.31456684595048984,-0.43882138070405724,0.7433733405075853,-0.2896552987165917,3
3.8345467909922606,-0.6158283015826964,-1.6069655675365293,0.04989883052001132,1.4559265155456895,0.550273137782937,0.49157164538025167,-0.014152624002227271,-0.9714719561281182,-0.549776592711835,0.13193094044320783,0.11308829265569806,0.09132930876420571,1.8139451884977784,-1.6235648629625412,-0.6388400436264541,-0.036341015011606546,0.7335188784347361,-0.27919365490217135,0.7860209977803231,-0.034067616677287825,-0.451444653298968,0.5070885640010429,-0.21986272623986092,0.8293500575447812,0.034038418316486324,4
-2.9425913459028132,-1.0000121306620608,1.5697295591391653,-2.1173765104624884,-0.2737776873382754,0.8160688814323088,0.4740550909018658,0.46060736296928306,0.0811817620082878,1.7649792191756246,-0.9615270976488012,0.5109588622325247,0.13743745474954505,0.7026657273601229,0.6825089372510372,-0.08254428579175152,-0.5617657889355729,0.30634371549749995,-0.4706817593342572,0.02548725266699985,-0.09490120958197171,-0.5074542546989455,0.7851796088058898,-0.5492469553106245,-0.22326066169593214,0.23726616278554255,1
-1.116492644537818,0.544182104965163,-0.13910708530313987,0.4602362278982676,0.21261275651678074,0.507637627460287,0.6419891960634603,-0.5735527511889142,-0.48194818895770547,-0.3436873003539652,0.8755032502142844,-1.0688822622938805,0.7698598590862712,1.3231615699198753,-0.4419655698744132,0.23506848981247816,-0.4215881859594219,0.3948837203682569,0.47446186262292317,-0.7653698581490945,0.36420145773208606,-0.03411551364198166,-0.05620053702400816,-0.17595359518248205,0.13620016658379602,-0.6677890668353569,4
1.8859735969544593,-0.8543663777018691,1.972958441274024,-1.7592509739881403,-1.1670853543615387,0.08949395321923942,-1.3282963991550587,0.019127309253788614,0.672373800779938,-0.5558533071288196,-0.13577439628083002,1.453295000227164,-1.5013362866824052,-1.2026959506015202,-0.3221042581444,-0.15260627285211037,-0.5109023812324301,0.8333996524069562,0.21562993232633929,0.06534833584599962,-0.04848682169703389,-0.48634890731766567,0.9205348129440962,-0.530188329645446,-0.6854557394785139,-0.739127965304947,2
-1.2866692987139325,-0.7952022333032401,2.9029016399658487,-1.9400274705342115,2.249818479842227,0.21517621515067006,-0.2550015207597927,1.7151049360466883,-0.9832985620338797,-1.3248427651445278,-0.2718934302728422,-0.7523865191024716,1.0614806245895712,-2.3123100486394974,0.1340109077166976,-0.5832483358166921,0.39045259384954156,0.7962931295523072,0.8089001746264595,-0.5744105466922067,-0.43725282231491147,-0.2637966691506449,-0.04144552698595729,0.5174873562924179,-0.06286707573680894,0.5512719774105775,3
-0.49787307050560686,-0.1430639485016022,0.032610112652041764,-1.5578688231297753,-0.5807925773922934,0.9465005047639146,0.8608420537722805,-0.6353568915362375,1.190895190944299,0.34362363611833063,1.1674548051793483,-0.435454616823834,0.15953550882324607,0.018938290313558852,0.06711259809184644,0.537061175990584,-0.5646019774248665,0.12077023951023401,-0.27201615123007955,-0.41985802870054206,-0.3022701692432371,-0.6684247292476566,-0.7489638999473871,0.8095161868840577,0.06100425920237001,0.5257643776979559,2
-1.67383038179419,0.5366943505967775,-0.1763183097624306,0.8710386256081577,0.902446081096568,-0.6423059955468573,-0.07455730461759677,-0.6745418171515101,-0.5038561875921824,-1.7138017721972463,-0.3709959716830685,-1.39568855109402,-0.24955673713269647,0.12047021966390202,-1.2970618674233716,-1.1403402327455372,0.8521033561073657,-0.09604055237168489,0.44993633412011313,-0.45678988050285607,-0.20400996467535254,-0.4115674420715069,0.4258514723520025,-0.1513202200997501,0.6045276789334392,-0.17932114243387137,4
1.9214464081757723,0.900609798889774,1.340620877442531,-0.24618428960548835,-0.9932738533482706,-1.8516875775737018,0.554813943616745,-0.2949838962248982,-0.878836700752776,0.20212677693331169,0.24822165694404216,-1.1003017925870393,-0.2797185189940976,-0.38089361912873587,0.04526502079327488,1.324120942677049,1.3903736195382685,0.1647138441424767,0.7094738729948755,-0.5528050991611759,-0.25247850133368666,-0.42110856805805624,0.2793415774195948,0.42137075380775624,-0.5508815553570495,0.17196821635394557,3
-2.5868723889019827,1.114609391199615,2.441920758948743,-0.5592848467720226,0.1221100070549981,-0.4651666622864277,1.0745407156697795,-0.02065931628836658,0.5379446968234043,-1.3995937075579297,1.0631575463608591,0.39660482236930183,-1.6281021175743478,0.32551658697934555,0.36916557793172095,0.6182043683791605,0.4305917614647215,0.4243608691077164,-0.7808320059216338,-0.520222932874525,-0.3549706008284933,-0.20204638126659527,-0.17312295226422983,-0.25586170648848916,0.3412406723365274,0.45028322702412715,3
-0.957901707258896,0.42738480114751176,0.6577691848250474,0.7469541769540876,-0.5794392765609006,0.0010580517765757934,-1.7281133369992225,0.8714257734089668,1.5083065834211693,-1.3432850693669158,-3.0715501927967166,0.15382938937718044,0.4942923091611794,0.12481278107730999,-1.1950796275551452,-1.1540882299616428,1.2046272834992848,0.2824565594861293,0.09101623131574978,-0.7395092310255783,-0.6612796619778913,0.016821087629648387,-0.4026530279852841,-0.35963679484819183,-0.06193153422833026,0.010483841857428018,1
1.1235639300212894,-1.668902727295511,-0.24032977158388175,-0.3256815609992948,-1.5299041984908555,0.1671529881556919,-1.6489593951745265,-0.03313145437840075,0.24947356256787856,1.085953916907543,-0.7518365296683889,-0.7032133390454262,0.22669298307251023,0.20576645917594819,-1.1327584929477,-0.5731353986197925,1.0323486511896602,0.30120052574336487,0.05489001843016569,-0.7051405046416023,-0.6474928291696195,0.09764839863812985,-0.3141284239245206,-0.3114620112648345,0.13714989367128558,-0.31976810080632695,1
-0.4504228894039598,0.7709088253265846,-0.0922402378911918,-0.13366669218669047,-1.2944149667097746,-1.0416804212433004,0.36984144230227406,-0.299352306644803,-0.11622284478653969,-0.23363325750212213,0.35050625970190236,-0.04658571838350011,0.8604562625493327,-0.04786224059491043,-0.5784442223729032,-0.46164325459167344,-0.11567896411835152,0.09589962873405405,0.17040570071284847,-0.0010259226335753006,0.585540472691383,0.9100545187968001,-0.9299273402073999,-0.458342836251035,0.02997031919277671,0.32651058816259754,3
-2.26011832119007,-0.1680049353392267,-0.9417556268301489,-1.1668805356044922,0.6480737090836113,0.48100913147031427,0.2766688888029806,-0.7587191938273736,-0.1120093361277742,-1.2383385747431266,0.7052672510999369,-1.3275899863420548,0.030834236761557113,-0.49437788486817497,-0.4195925063308605,-0.46117038105579133,-0.7726827173480844,0.3179101245816727,0.18145833241267914,0.8954985163078598,-0.025744815613892472,-0.6168130197201255,-0.002670796456624838,-0.6076382350754854,-0.4001674680791069,0.049056809013349925,1
-0.21481160509915667,0.7177831888856785,0.687537960627397,-1.1158155527553457,-0.3430941130852038,0.0536990218637956,1.2311616722328504,0.3464341418712242,-0.16923301963182294,-0.39939222148726783,-1.1839903251296566,1.75446351879959,2.713712985300262,-0.4235880590658198,-0.41200564147709134,-0.3282170416506742,1.0118520452780355,0.1659773305859023,-0.4823232010517634,0.08826666975661854,-0.49015947292305695,-0.17043581237332747,-0.6413461423935716,-0.39638762616773937,-0.07457501550877235,0.020430557384245197,2
-2.699337908369908,0.3308979089486616,-0.5282381352642574,-0.8671302542537634,-1.1095590982589216,-1.5485397722120107,-0.18556539290876686,1.048164719625956,-0.28621870525360626,0.2858902826301751,0.11523827207236252,0.8326703509981289,-2.088737364868234,-0.016206969998138178,-1.3404572485185415,-0.661540231061076,-0.8708703947051745,0.21601005339323456,0.24242165491754736,-0.4851864884137125,-0.23212509972520667,-0.21997083757966263,0.41425218575331474,0.6965332849913402,0.36980389847288897,-0.5188688679217057,1
4.591942508884113,-0.4500836685524312,0.5939734344109479,-1.4592324027564618,-0.227708790150659,-0.47613444723400206,-1.208844890301849,-0.8688144186982261,0.20879695667979056,-0.706466102627317,-0.08609138328704868,-1.0884132980403178,-0.1540092343126545,-0.8064223625081655,0.4769685833901711,-1.2960433181085649,-1.7277945158307024,-1.4304124628457473,0.41974638825651667,0.6805700285753513,0.0002107920213720976,-0.26216841552140635,-0.3335520874327198,0.6394740616228072,1.723035466989479,1.731329950289076,4
-0.7540455361567703,0.511640887346581,1.793889204645713,-0.638727429667084,-1.4181790054572971,0.5411230456851114,-0.25305141072938575,-0.9833401791203632,1.0251632802952817,0.3649378503257991,1.2024606440511945,0.1702912721488586,-0.010545342655050706,0.20434248413366204,0.1302557045435513,0.48884601288172336,-0.34266758479198767,0.1829624231860028,-0.20801256568410434,0.7986219533808547,0.008160064754778472,-0.25778120365247537,-0.3073388472321222,-0.25608618897858465,-0.13375920217639242,-0.4386981442234112,2
-0.72301446991456,0.445494103453293,0.5500997221271012,-0.4151650207772895,-0.7325113913818581,0.5206556839411962,1.1562299483122314,-0.8075226150659646,0.855941947871662,-1.946607339138913,-0.04174834385671422,-0.34354272758191173,-0.5096517836214941,-0.9370420146032403,-0.6644445688147532,-0.4607980260269387,0.011769576932997917,0.07354238590019545,-0.7263176393187449,0.07871054082220995,0.0512006279540931,0.8504556053186015,-0.31154587025504665,-0.45221687611069,0.22976240147547952,0.2562775922852465,1
0.2177300018454675,0.9102629089157455,1.1626960218756954,0.9367117222224004,-1.2412729816987176,-0.9868077229029546,1.1275134922143164,-0.3657670367244337,-0.026098366470523382,-0.6640717542777486,-1.8040984183640822,-1.1953887699569403,-0.31964384923845246,-0.7835164379283277,-0.9549460637101618,1.4501239796165095,-0.01631883572515187,0.8093518354848792,0.5338295796226886,0.21135111634630788,-0.4350844956415273,-0.573231318821636,-0.7766927867902623,0.6979217420017384,-0.22653730677510908,0.15522111786207274,1
-2.6729085375191026,0.26921879680931743,-0.8843197729326746,-0.19669975558130423,0.035531228874962704,-1.7781899495003297,-0.4566064793880801,0.3420233496816684,1.792948375521072,-1.6960123514903018,-2.2435635512703196,0.8603221215722713,-0.7310550112469386,0.08117279085233356,-0.9275018090919261,-0.7261399088399245,-0.6087232226704088,0.3629296135764197,-0.1960559375552691,0.7825032569607896,-0.30034808918322287,-0.01635819946039023,0.4596331202833918,-0.4084631256200745,-0.30424818764779854,-0.041123053553888005,4
6.906293053199423,0.3642417828817024,0.604212782887463,-1.8425304311040165,1.8432361938077664,-0.9011931941337857,0.5910986364995121,0.6080398595292551,-1.2473560829606718,-0.31078311194267133,-1.0074557480837802,-0.14387930707941043,1.0193265875550908,-0.29532901896238584,0.08567524224516285,-1.9215473427636636,-0.3566604429835433,-1.5883081157393257,-0.022923255204430382,0.6877384477277966,0.05599790496131134,-1.2419945899038118,-1.0337282520420445,-0.28952425366944995,1.541326342003303,1.6218389297300093,4
-0.996269669947916,1.9406939679602637,1.0671147731249817,0.40181468542908233,0.2877387844567459,0.2677767953126351,-0.41492046934456445,-1.6226681899543376,1.080854106633475,-1.0895231441608015,-0.7232605417965664,0.12479069490788858,-0.1858932122932473,-0.4891989029022976,-1.4993587228968244,1.008922649171458,0.48788535631473323,0.6122729021867782,-1.0135136236474802,-0.6954804580929537,-0.622213422230587,0.09223884849471643,-0.3968368707701546,-0.2744880671765621,0.22068820468755812,0.12738819498756854,4
-3.0787774703139354,-0.4960013019213622,0.6673393191017674,-1.103537691993278,1.3074828306141966,-0.6988538506802541,-2.7775738269482764,0.12702620446181853,0.008625307474998995,-1.4298173102021596,0.8725287567970711,-0.1510684892759072,-0.327790423026539,0.47063304796975214,0.3651849572744061,0.08569331440030374,-0.32254640249968775,0.5920081798748388,-0.3287572779885159,-0.5900102983525489,-0.7037056248119888,0.2611288805732818,-0.5759039801927186,0.7533400073154213,0.10760437675898947,0.3176631220813345,4
1.432974608139477,-1.311531301871973,0.745630628683144,0.4220574374053676,-1.597512752867107,0.05859458069696679,0.27982462099831507,0.9285754074841966,-0.498113198461451,0.018311548244103654,-0.07194461989847285,-0.5258780787409181,1.1048821207263708,0.09061128430715384,-0.9058688406490946,-0.7404211553507034,0.6804386643569793,0.5541058899652385,0.7779718938316197,-0.6994185126601936,-0.6886307121835342,-0.026249226216351968,-0.29842675991821366,-0.39675750940072985,-0.4582580660301905,-0.3013392815619565,2
-1.1026307877584993,0.20848066760679365,-0.3789542083072274,-1.7041376697733046,-1.07679550768345,-1.1480983424791185,-1.5593617250926053,1.3718496667270963,-0.9929980463525467,-0.8025427900630012,0.6175557015081141,0.12102426464088016,1.1593100860543148,-0.12187775750130911,0.6862953574466736,0.5539996920906811,0.500446345365562,-0.11749636679244169,0.761913318360175,-0.6208180022160169,-0.22664641961236082,-0.3962956714334133,0.382659022464667,0.47054287519560317,-0.4139846085217053,0.2065070194868597,2
-1.059777827492419,2.0758643493537523,-0.5053880470395201,-1.45758045321822,-0.6754962689905564,-0.4388593695272123,-1.6596370098811783,-0.016023305838205375,0.6274441568500951,-2.1256752873202704,0.5142121543812697,0.23508153001255178,0.4592751710249155,-1.0281470167241646,-0.14572004526381183,0.5172813495177967,1.1264312822860287,0.024634364117197157,0.016168601380724776,-0.5048876166366182,-0.10901146023609293,-0.4077652470785687,0.31337349531801595,0.4386620714355393,0.05208431308564565,0.6495917208949268,3
-0.49959421398971327,-1.691836628169992,-0.4169483749327236,1.1391892076711554,0.25532062326185057,0.592246272587663,-0.48572315948795125,1.2429482766363453,-0.5222997811457908,-0.8010416249362545,1.1968114842535011,-1.237580699236713,0.032872512593046785,0.7125597423553488,-1.8783067386980368,0.5597988127532845,-0.6154147632744151,-0.7153101965998002,-0.28187632927432654,0.7215963603778274,-0.2551829243981141,0.40288047382096254,0.8665378403827764,-0.44754212433189666,0.5234043439303708,-0.31671769304092595,1
-0.6752106177990952,0.4036597053787934,-0.21537695690203099,0.0459514091494036,0.07393517589859151,-1.2924886738699577,-2.0435945822068438,-0.5440446219932364,-0.2541438469970047,-0.3502229896083084,-0.9879805977459474,0.42597194017509926,1.024201880656673,0.7286022031102332,-0.5476096519586123,0.19553434952601595,-0.5321212564456486,-0.12321304756491278,-0.6181406934472418,0.7885901343123582,-0.024562549014934088,-0.2738008170785404,0.37329899094445573,0.8081772031495125,0.17414795127992697,-0.4562743532080048,3
1.3319288396475233,-0.6049388872943486,0.8780771123317862,0.11738889444866346,-1.5297381747902734,1.42152023381649,0.20936474463026356,-1.6005130058091461,0.648359935027343,-1.2555888523333782,0.25396322140308725,1.3266656961372878,1.891693951609074,0.8377404880704153,-0.21157997221728836,0.33870618652577206,0.9929997360615778,1.116242173719683,0.781818718295156,0.6102820212197352,-0.3083419011598275,-0.04822777611798325,-0.36061120138138425,-0.43017657226811595,-0.5238371289678108,-0.370840173745523,3
-0.7844847761301484,-0.341483351097522,-0.07297939268860226,0.038287672709596494,0.5788895073130622,0.24948769301664284,0.16511654918439064,1.526322285605808,-1.3249716750257559,0.9305431256548506,2.6992320845851516,0.4998027995954798,-1.072906427392712,0.6756039792190607,-2.7680235530508686,-0.4105812733735749,-0.608842479061154,0.05450171930824623,-0.4751755473560314,-0.7968891762949989,0.8786373515060545,0.15503951370571747,0.08129797499224749,-0.4308726717178639,-0.34652416016058535,0.05011617235604475,4
2.0649460038439664,3.921107886292327,-0.5651107695238945,-1.8147650040602996,0.11565293060400855,0.08496876689246607,0.28292932003564286,0.63865691244806,-0.3005248817987952,0.31615590582695613,0.3463368654901914,1.0550144296511863,-0.20611066640657186,1.8312723847985737,0.045909907851069326,-1.4048574533890938,0.4380049315989235,0.26238966616680576,0.16412288462957367,0.19177045391830866,-0.323868466293995,0.04443330302883633,-0.2645976238012601,-0.12877888549313846,0.5847954107902228,-0.36711673648575216,3
-2.2578624308588235,-0.5763552547110085,0.4777582454307717,0.7281269661078376,-0.9462983909407737,0.2689112110406571,1.3066757995539597,-0.8774496312567508,-1.3013680977039335,-0.6755410090003336,-0.3846366912228131,0.5457723067126641,0.149196893546807,1.269704279792261,-0.9174935729083319,-0.32626204135026354,-0.08399960623734973,0.6772019743743208,-0.6401580741041054,0.1108980337859252,-0.6301829284472938,0.018696975758422642,-0.4307956392192474,-0.18261956756358133,0.18563657114616572,0.26203437470187996,3
-1.0228931079016015,1.1466161392524354,1.1347513698183684,1.0089300826588095,-1.2594374622233224,-0.6508498118690182,-0.7231137954739566,0.9889635651499462,-0.661725149653743,-1.1026206507495455,0.18761780534788608,0.6943912992567033,-0.10389427126549264,-0.3384112662204742,-1.7703927845535385,-0.617509910812652,-0.664568664731231,0.17984184628615174,-0.3764267531116664,-0.7913721105008902,0.7634840054786729,0.494203045438771,-0.6398067629505506,-0.21870236968302073,0.5644768175849836,-0.4413431725746538,1
1.6581258774477237,4.250529618264803,-1.3695617971470235,-0.9327070954307871,1.8294653494674717,0.9162827993831748,0.9747141424505535,1.3220001364764187,-1.0587988040657539,-0.3024724809678724,1.4187370478988826,-2.036316730319931,0.07658433150326985,1.0161840299013085,-0.8907808761064308,-0.3670732166302039,0.3542566544414539,0.2180392156618621,-1.650909900058958,0.08776949204793437,-0.11482392798816464,-0.5098383893594547,0.03217727207728926,-0.49725475076490766,-0.2875166442767137,-0.05286057753246458,4
0.923478267928222,-1.7770619847245852,1.8502213048570928,0.2867500487872102,0.2091477399988132,-0.9000121305758,1.8172395733512268,1.5124644925247939,-0.8950774992908866,-1.0758313692553987,-2.072674367221432,1.264576259137504,-0.6960240436462222,0.32364277682416975,-0.983044848351305,0.23537974800190994,-0.33066788175209383,0.22918635443185867,-0.19388865722684964,-0.7633481666707861,-0.6437765461280464,-0.11676711864602377,-0.09817000691586485,-0.5255037655511233,-0.32539402009191165,-0.07822315307720694,3
0.1975801468222061,-0.9987779399333402,0.9132548547806365,-1.0520072044593363,-0.5366890726448416,-0.6445772477860049,0.6431802549306778,-0.24791139576157672,0.9344208271263238,-0.3050325237231594,-0.12828561185699783,-1.761846730699195,-0.14047543879414734,-0.47704640123521647,0.6171119423528768,-0.8422872248263578,-0.040887164770895545,1.2648497793321292,-0.12099965170543817,0.11572336555854514,0.9048136756795871,-0.20924706932428497,-1.2939750705615707,-0.29594512551291957,-0.3913986098099152,-0.19983909574349923,3
-0.867216218561119,-0.25735048212957246,0.41785518831736207,-1.108905460226386,-0.7094546982836284,-0.49407741403585836,0.7786308205996366,0.3721390658469126,-0.6758324140777164,0.6322317029517663,0.625391253102971,-0.39331509732155745,-0.23316338858389185,1.76165451612657,0.7840997638561561,-0.44187830224808833,0.7163858396355555,-0.36054293269548926,1.1124065599685637,-0.6222728901504624,-0.6373098069140525,0.36230863600833546,-0.09286084764762671,0.4961446058402626,-0.5464505517774413,0.22232493912513218,1
-0.923025206054844,0.9072156019856705,1.9831877042723038,1.0515101531870878,-1.2691627729404973,-1.2763079343982315,2.2044782731790105,-0.26438475562830377,-0.8036492534393318,0.5181858709041108,0.8443597106881796,-0.15083435078988136,1.4749199482713948,1.2482443514883939,0.3057632111764641,0.9855772438986379,-0.5553154118345685,-0.29387977096981294,0.2131998810442475,0.14899611771540633,-0.25549797491626314,-0.0024070924728367003,0.43922121606800935,-0.648395229297607,-0.2336405651891689,0.2529865798390062,2
-2.6780634943447335,-0.14769438173819124,0.400472969371183,0.3169187145988002,0.33947263645838044,1.60815044247279,-0.8168989806559216,0.46131137778462755,0.422245915705158,-0.30858531972107217,-1.6335751220629957,-1.7770766490503112,0.4368776200944393,0.7469252426153992,-0.7771115142773907,-0.5353784639296003,-0.5976842436080768,0.07005630345155435,0.2889880544343386,-0.7499640597662078,-0.6126755644162521,-0.21956105365499387,-0.6102137487973975,-0.425272812128811,-0.23382991548180507,-0.054237553270927386,4
3.9896009667605576,0.4152182353747823,-0.3756807676550743,0.2701526700826644,-0.5064666621411787,-0.42379258704309875,-1.1622111354292424,-0.9268950119207137,1.9859969283684311,-2.6956038874778514,-0.9606849092322326,-0.17518754584869078,0.5884824682950736,2.6381807095485876,1.4348364468602766,-1.6429284852045634,0.3433445063419754,-1.2045874735508593,-0.43797612117005275,-0.12158969982762223,0.5786515856674894,-2.1871204989000614,-0.7097074790777523,-0.1296142750068808,1.0823995326901044,1.1725142953320484,1
-2.7804429670821187,-0.44038261559445985,2.2354687338418286,-1.193699740999611,-0.14908982572084556,0.14734108619145142,0.5343012257518175,0.030412502243135586,-1.089574339367782,1.2150292649120453,-1.6931677229681628,0.8707060226980966,0.04910262573024003,1.2803303692482904,0.5650053279322247,-0.2573221110921125,-0.44795526197517077,0.5383224662448083,-0.4366960472999321,0.6045036082597116,-0.14435740842614944,0.008022386667293404,0.3119966126111127,-0.2006751843138881,0.6780597824890242,-0.5917709801447053,2
-2.262253609977175,-1.2839630629931076,0.4728125850105661,-0.7638423427571179,0.7147757729475358,-1.655777383749837,0.6496935843015328,1.235233558170319,1.2796113932526363,1.0412452687878109,0.04803415422468571,-0.6775086089969076,1.0168639082381004,0.7950039501055861,0.3041551532509928,0.45138548064752965,-0.3218894657109275,0.1809449260993591,-0.5451986033612778,0.14368460137236114,0.033925895088742435,0.5779771873516721,-0.6989779123798312,0.9329949323364508,0.4301144702073474,-0.17896504139283972,3
6.198455171008015,-1.0931207279459765,0.9167644153755895,-0.09233991825407496,-0.0011175323349093204,-0.8983462150966555,0.6279932170974156,-0.10986279213625985,-0.6715507227067454,-0.9325805852620085,-1.4985212952246667,0.6299922093473779,0.8730746522986502,-1.1609221084605164,-1.359767064847168,0.037915789368365184,-1.0567720884138254,1.19098742173365,0.24845598710251682,0.7997505218240517,1.2350259860420547,-0.5031037869938554,-0.9791974636656566,-0.07451084558314361,1.3095610516909728,0.3669523901516298,3
-1.781615492291201,0.3585075771174806,1.0516950340718512,0.012414192502364448,-0.7217267259690775,-0.20026308918241498,-0.08261639770916843,-0.7180428663040619,-1.3766397733707407,-0.8431603510063,-1.3399230457153675,1.6150134833340068,-1.3138061020082303,0.4205051826056102,-1.363078278037951,-0.48412495861841687,-0.382246125396477,0.021505197159406995,-0.48986395992779247,0.15019473908040976,-0.4958643413743926,0.031186528559505843,-0.04372044574069726,0.6880936721109707,0.052736553857924036,0.39983961464667794,4
4.46463783287986,-0.024099588205748108,-0.10554932141403134,0.8181270011211907,-0.1795656593783615,1.1720065010105762,-1.1125469799586332,0.21352297831718078,1.036964060371216,-0.3234361147175252,-1.7335983645908035,0.6367040779311174,1.3453067736145692,1.838324752193941,-1.1815606479086738,-1.4205864173803509,-0.9381600828433034,-0.8796868992514244,-1.109439172391047,0.7788596149525303,0.12574390237586583,-0.42720964312250503,0.3564228108475396,0.7903241141498063,0.46582978956428706,-0.34679151324806773,4
-1.7442127929923605,-0.9969183316749309,0.2967186449073914,-1.0560198805444816,-0.4257779569020019,-0.6502130347330782,-0.7182977583221567,-0.832711700764991,1.7220158373640566,0.9132767595871625,-1.1914819027104346,0.09365547356484408,-0.2612412596409578,0.7336964717097854,0.01719946751797855,0.018055062114091608,-0.7183252001857444,0.16969046304858576,-0.11537343717277657,0.7293164802728032,-0.6345165441917896,0.7392965430653501,0.03223034146012404,-0.33220062517207927,0.17297307829083416,0.3871815896809007,2
0.45847706875737987,-0.14285066413678332,-0.909272330942981,-2.1419991160741483,0.3420508594323012,-0.474796837637609,0.02775932304211939,-1.3810841931990205,0.8927092284200141,-0.7911309262175682,-0.14194377422865995,-0.7168148278759499,0.9379365616859082,-2.4261015456573922,-0.5849855125419541,-0.6698704532961484,-1.395203581038829,-0.47487284616146647,0.22924180506045072,0.9239672389703977,-0.18388203250242843,0.3887917050366812,0.7448271044214241,0.37241829736437665,-0.020276168776784884,-0.4688896018625227,1
0.726302367731823,-0.9727080571567797,0.7222494083839566,-2.511496587791816,1.0368298030246685,-1.6077383352508776,0.6223686721223309,0.880814066496955,0.30593193915763217,0.7018841860727232,-0.35598125649323065,1.4558181663278733,0.42660105485252575,-0.9213185039445765,-0.4509018752923535,0.48053285913176447,0.35603407370868223,-0.27281358096303104,1.6674098915067586,0.11422441532363402,0.05451193588825935,0.4998418372689196,-0.29604527135363445,-0.5860370477449318,-0.3253397916160219,0.020394085097541766,1
-0.7994464503458685,1.3216226516348926,-1.4477913360169918,-0.43328734445488865,-1.4761124877097225,-0.5836116841678743,0.5858940224566985,-0.8886269328669496,-0.9285366472970601,-1.0710266245523214,-0.4110088520171778,-0.5068076391781114,-0.09757937514638759,-0.1382731512540371,-1.035256529650532,-0.049467445617326425,1.5843945652704046,-0.5652527571072741,-0.6148182307097859,0.02884049104380444,1.0710444840396638,0.08037384567421807,-0.252570217250761,-0.530318053855381,0.05778146798956405,0.40335108576327666,1
-0.9913653866285478,1.9643918041303834,1.851763065595206,-0.8890625895245624,-1.3235402828243863,-0.6449498429183237,0.549773000457972,-0.9236551644543374,-0.06767173045337083,0.5379576932065456,0.08333201938201527,0.04882768076870041,-0.3701244436777791,-0.23591928072843127,0.13721012744687533,1.163035646326595,0.36459395965330976,0.24491192459892075,-0.9660103527201158,-0.6519439435182689,-0.39198072566746656,0.13998615653214486,-0.04322153150843151,0.8790642394894038,0.24179195056012945,-0.3901303627360603,3
0.31628600672179535,-1.1469842270392159,0.5919196598215899,-1.1524755453216584,-0.956906456793764,-0.8186887616000775,0.41828366196804473,-1.1256012353362432,-0.02598052264982316,-1.4987729284163163,-0.1385978618877232,1.7617975356514994,-0.08903139112437211,0.2188714393413185,0.2899478523303049,0.22211958453196393,-0.3772805324066817,1.5568969462792457,-0.04727906180602757,-0.9905270536985994,0.7478445148209242,0.7482076844835821,0.4523209265055221,-0.5083692440576745,-0.26145766109821816,0.1725121999574312,4
-0.117499488291488,-0.08166550262354731,1.4143615337155893,0.019207012922220268,-0.5128658342908614,-1.6626686406030053,1.4215011083608504,1.299323378730634,-0.4725041017285333,-0.8273094251036643,-1.3483254153170356,-0.8848578423556946,-0.08715929999118496,-0.36727300870897484,0.05261157390903663,-0.5409571339801562,-1.1748536052425684,-0.6723340317220702,0.8506048164800465,-0.5408403236302517,-0.7008440397427157,0.4036810941894122,-0.126127316243543,0.31726160127291414,-0.3410866438587487,0.4079108958127629,1
1.0664195459368093,-0.623400942457578,3.1289813843894896,0.9191260089387601,-1.6676305253013792,0.12403798946821626,-0.7767048545966108,-0.6397632639290093,-0.7615511360687653,0.642362530365284,-1.1696115482208487,-0.36085924487861054,0.3837457063978473,-0.6907181274092192,-1.1586630703743737,-0.7608189274071497,-0.4450297827303777,1.0510080690045265,-0.2771770651938863,0.6228167809733025,-0.25932201571158303,-0.21256579287603058,0.15131916626047917,-0.30524252305681193,-0.7471337570201682,-0.5564971934744632,1
-0.8183374353446609,-1.6501363285046906,1.5924829295784575,-1.4510022940392677,-0.850061158002811,1.0398030274017822,1.2686562413453146,-0.12717807353721003,0.6421055548121714,0.01954761189760854,0.04090385466988159,-0.26922929143952656,1.5091049583720386,-1.1988007549966562,0.18300193828554376,0.2529255571909413,-0.6374576322909198,-0.874214598549468,-0.7810255954009103,0.16710425696232756,-0.10008299705951933,-0.42711340540737025,0.34707244623949757,-0.628113011504745,-0.238685401222428,-0.05688203862876347,1
2.1820441287486743,-1.7382521719134207,0.2557403610541511,0.5602342693644163,-1.3633567065732486,-2.4051246537568054,1.28021308182174,0.10629649698588745,-1.1328695013707033,-1.5430543585736554,-0.5887009876375325,1.409092677864311,0.2837667956156313,-0.8869594679846733,-1.5243419133060045,-0.3489899883486291,-1.037112842266574,-1.6126718853835782,-0.7602284584288334,-0.5505937428999758,-1.0430320853059665,1.0990780715780066,-0.0887555283324198,-0.4038060096592292,0.3341826591258631,0.20859229842902782,1
-1.573095744436106,-0.6368643240920333,0.1125564429883761,-2.583347685079514,2.7664189474187717,0.10865714559125715,-0.07431712732168667,1.112596804062119,0.42346380325578237,-0.06721869268823798,-2.5790583978308526,-0.25397036358849306,0.7892098188367052,-0.32851099157185987,0.07944116395054067,-0.4874458330836579,-0.5559916147678351,0.08307935241226569,-0.8245966594600201,0.5879425816901406,-0.40566001734617585,0.40050179388639745,0.5718427986562018,0.40465012522693194,-0.44521801558943497,0.3591764015172184,1
-2.5569287450502993,-1.0714892114915757,-0.8820200158817247,-0.5884973052654981,0.29902595662869275,-0.31302475603709795,0.727824430230732,1.41618550921353,-0.5295212206518516,-0.7712216453946761,2.0035149475018486,-0.8928775463918758,-1.0988167948801673,0.9407258301846567,-0.7498373533168593,0.2344950714790705,-0.15062187079512834,0.5571228115734597,-0.6592813679909516,0.8156528442150435,-0.2039886778362133,-0.2451583901367102,0.35086338311702736,-0.3529157672471346,-0.202989969908492,0.1359883809960713,4
-3.4528555981873246,-0.7061636781373685,-1.474451249149336,-0.9393594584763058,-1.1104714686902752,-0.6082590353873546,-0.44808561590943863,0.5894689617855311,-0.7456831951198227,0.32428076900266306,1.564333673903178,0.7020345911382017,0.20521868639654822,0.5169276596556961,-1.294757227032869,-0.018422818721183128,0.6195752784258839,0.4604031771053742,-0.1569185918855938,0.648934732004894,1.263503905898653,0.3765719660899457,0.24269852560796318,0.8157356245752637,0.5226343093896048,-0.16702456133533283,4
2.5680974224662956,3.3851409176675,1.2958272809932871,-0.34157331925350226,-1.032018989508546,-0.13706425132207636,0.6628177719413433,1.0638276158571076,-0.12844830536658086,0.6560082930880111,0.640774425700793,-0.48808389734829927,2.8523812030971145,1.281437451841812,0.9503555764543261,-1.4772668512496532,-0.2896706345786192,0.7101161289857447,-0.5616351031813863,-0.6684091323423526,-0.46750662210487387,0.2566448113119084,-0.0966783150924493,0.5373483423677754,-0.138254068173499,0.6212805552249718,3
0.20079661434183416,-1.482371355826317,-0.3114785622802858,-0.810248453675905,-0.687107911275636,-0.05667954616583112,-0.5450768253597145,0.107686075118378,-0.40454070640926454,0.9747876727937477,-0.17203580880003141,-1.3158286265791288,-1.0879174200114348,1.1884891724728746,-0.20121600452641578,-0.2732049688533262,-1.086078375147411,-1.3212477913939642,0.1260836074761589,0.7584091230284995,-0.23185424377218897,0.12613405642190742,0.3956107536673375,-0.6313689547553911,-0.4035060120578187,-0.05314569273436349,3
4.63237126931126,-2.6225119621012687,1.1966005918012652,-0.49949895453671467,-0.44384491979055196,-0.7087338558169365,0.6648642544109098,1.6419093399645692,-0.3799424396176386,0.9792100447920121,-0.2388810475829895,-0.45879997257007765,-1.0316100142376872,-1.5065774228787383,-2.138305164496213,0.2620653935298743,-0.44641919434426297,1.2304185914583596,-0.07502302474992273,-0.7397409417724302,-0.7760443756786815,0.15847552656254857,0.2049011930614841,0.5297867382561297,-0.9296663363896321,-0.3699973055455413,3
1.5205051701687609,-1.8801419381831361,0.07469305264836125,-0.6791052774677406,-1.800807972810988,-0.7117088818735879,-0.756939316244025,-0.3896111653240255,-0.9285248237077827,-0.6178448321711895,-1.7921687103424442,-0.14337033749915443,-0.5562635564572807,0.3249230252186919,0.06199304309393223,-0.21319509872634745,-0.6092572593335028,-1.1370734553306936,-0.4891968449485026,-0.7733292798996969,-0.06763749578326968,0.8308693132438082,-0.29479368329795685,0.5158821733361162,-0.05419280485305827,0.35379336072084355,3
-0.8395498814847617,0.7434324412996373,2.8743921573464775,-1.692890585938557,0.5204126078587089,0.08455316076556624,1.7384433889413962,0.9497389708870031,0.7082105778486522,-0.48163954454306934,0.31600311862160035,0.5124867021723389,-1.0416406329563799,-0.26033893861759205,0.42845683064108453,-0.2780988773087173,-0.23903139721899003,-0.11636226037204463,-0.4514181777113735,-0.5904205877193671,-0.28253582782326403,-0.19181522167475684,0.1822199112640098,-0.38077319958867917,-0.25838962757012873,0.05993647966055356,3
0.11221291355784652,-0.7742989451888176,0.07962569986482877,1.7170281106724006,-0.30411282333555995,-1.9868891783055356,-0.9802754682815181,0.3619866595319025,1.9881324410489687,0.03593576790242768,-0.5320271292113974,-0.936580226105712,-0.22768628142166397,1.6269671647303368,-1.0365688426762256,-0.8177850518137337,-0.643463418288151,0.011159549601229318,0.0921379261764995,0.7694311743285942,1.348927586075304,-0.3327670392438476,-0.23582841416411526,0.6552910169382798,-1.0211019184834316,-0.050381470991248574,3
0.9539589274304755,-1.3349515356537525,1.4093015833582831,-0.8538178304506929,0.5824010288989778,2.3261486450011404,-0.15665040921022422,-1.665306372534426,0.5720885232930677,-0.029538045334806737,0.48913703499388483,-0.9472255134702351,0.5169175754301755,0.3042321935400273,-0.16033526043171914,0.27304113743729347,-0.756351290366798,-0.5907802791857206,0.6055721861643261,0.1421724900382287,0.0480559048571367,-0.7180043576787972,0.43264374617670875,0.5332457007876281,-0.9384672144934874,-0.44997023401374153,4
-0.16818686995418877,0.4697014427369766,-1.0962755170756187,-1.9956682859711519,-0.2567442471512302,2.0485297784072953,-1.294780357502159,0.0808752220304188,-2.0028960611382143,-0.1609585845900123,-1.0573770149703088,-1.1478699938367964,-0.5045637245370735,1.124600981555113,0.0970111132871456,0.015541930554456405,-0.4996083341279904,-0.30460208471276623,-0.4581654544064773,0.48546846673256977,-0.5225244249556925,0.6612843943150402,-0.14601766113894368,0.8110714839724238,0.1422813453515407,-0.6838922056272742,3
1.9700798835125175,0.7020711903129376,-0.9522781253976575,-1.3616513708187665,0.1884881285226908,0.15649029325030656,1.0061935952908445,-0.559475012382296,-0.6791602534700246,-0.2369850307020023,-0.3734780633259593,-1.2009140189456442,0.11115291853119802,-0.41345971348813904,-0.9527160408272458,1.4218008575879884,2.0327835858966226,0.5194074983728245,-0.5301574516964468,0.43086827828072877,-1.0156806677142889,2.021666887113282,0.3483785742626691,-0.8062167410200444,0.5757562798372995,0.3638798342329899,1
-0.0917355333321893,-1.372959651198142,1.9382074230830642,0.9009581609677914,-0.3241361783584325,-0.3945528976344774,0.5604158560309648,-0.22325965399520237,3.0522389853582794,-0.8635701249880461,-0.09245395070415624,-0.1660442441088507,0.5921855773448678,-0.2380762475774833,-0.7601516382783562,0.39625338129549853,-0.4836153801378838,1.1580112010295898,0.532849714580721,0.9106282726573066,-0.28001994335409147,-0.28160606664462423,-0.42302978149867093,0.6863511627009966,-0.5459855972711937,0.018370402793686035,2
0.51368556833547,1.8462888145825356,-0.4951395509967092,0.01607484268966889,-0.05621927363547665,-1.7604473552222368,1.2125009494468826,0.9529907062674845,-0.0035938209568102592,-0.43085184623163547,-0.16042752876586697,-1.1308871308682729,-0.4039203644702152,0.9826878348966194,-0.2878260305514166,0.33775942307974627,0.05438623639621134,0.31835758997246094,-0.6343228669796037,-0.5525634207400443,-0.17825512011264602,-0.4053458704342043,0.36967181462847265,0.8346026212204302,0.016884290836835063,-0.29537490667987626,4
0.5289196654307465,0.7990152743173835,-0.37593865179593455,-0.21071329388890325,-1.2517609268564085,-1.6087693386422368,-1.5048883454041893,-1.4761378472859896,0.19819871285645035,-0.2665729267057022,-0.9559806527697224,1.09180291353276,0.2057220004158479,-0.2733689676778836,-1.3809564661423295,-0.1486181481133288,-0.4256503070138538,-0.5882733337276927,0.39560865650106597,-0.04830344704955745,0.4497218321661841,1.659290930913812,-0.32517540625107466,-0.2958459176953445,0.9404302419521974,-0.11966404720152568,4
1.7196870958358526,2.358921852560222,1.0898403291549856,-1.6845690899976808,2.0084202288625805,-0.37795182282127604,-1.744425620236123,-1.3122310350122273,-0.7465911323933105,0.09787486376289775,0.43702198322846947,-1.2981322295578808,-0.08025018381024152,0.9998346998136339,0.8509092999766602,-2.0092847974473016,-0.6247753426151348,0.9290238374686797,-0.4060912803794457,0.5661544640675407,0.9169638044772809,0.7054705931893167,-0.6259812906443161,-0.4322206945200294,-0.38657888660199524,-0.11614499079067046,4
-1.0700771492873897,1.015931860204973,0.2847142028513156,-1.182990762873133,0.5291723190781733,-0.0676940273752944,0.6123160615075253,1.5543786586849127,0.9712938766771255,2.1565631259716262,-1.5020498148026866,-0.5487215998200354,-0.7307501568009702,-0.6058296163192559,-2.173894758862742,0.4325795052050631,1.281546007624693,-0.08785289168329095,0.10601462575464018,0.7278952800184268,0.011907027694612608,-0.3691634466230173,0.6233523943675067,-0.25471993365646145,0.34714320736180315,-0.8351597878810877,4
-1.8738891395471322,-1.3775969222890379,-1.7328083835616717,-0.2849236764250219,-0.16773645274578863,-0.2981823200908077,-0.2750065340506165,0.26265200848413967,0.5702125654962228,0.1468841514757154,0.27586206352155074,1.4061046932952725,-0.45444989007691183,1.2130466177873822,-2.0599668760682674,0.8170274467699205,-0.6807500169560787,-0.017210229837617903,-0.21818237839654264,0.008036166474980289,0.9763198046299669,0.3193353514613968,0.3708696578082607,0.8854207939155656,0.46946714407961343,-0.07290261488689961,4
-2.0431389803994744,0.8395315611257118,0.8639870833655887,-0.36212638629503874,0.27550497796043977,-1.944248472465292,0.9370669788802409,-0.5122000957907797,-0.0034248197073003706,-0.9030498474692445,2.5086669338233993,0.9314259111862433,-0.9050657222636486,0.28119098829739747,-0.6710611912422361,1.5121716668244,0.23046639237826583,0.1565565401347226,-0.9942271060741381,0.9480156690820288,-0.5025809396329364,0.49269817208963107,-0.6171831188614492,0.6201343803806313,-0.03452426463296439,0.4570959200172045,3
-2.05279598561274,-0.3352407903680914,-0.17787430257541378,0.7732605113029299,-0.942527562366206,-1.4094966050668711,1.0962085095243421,-1.2593509033837356,0.9830233998111904,0.27608403756366334,1.317652507093145,-1.3248945478214837,-0.12984589093974946,1.5175009767409287,-0.264829458979697,-0.5714338855138464,-0.2513968301014416,0.3514980612966835,-0.5244454282311799,0.7449155104999372,1.131212960633774,0.3962177517424994,0.19770163449166495,-0.36482266498688604,-0.21783947325686995,0.4333875190752692,4
-1.5625112149857312,0.3553944479156923,0.8458674096363125,1.4651489120673253,0.3720973353890602,-1.1703814998213602,-1.0820377474045269,-0.18106976720401416,2.7210780063895363,-0.9432681730246434,-0.41103451950117215,-0.7174824460694553,0.8970299480449331,0.5951787175757944,-0.8524422229250234,0.5081806153337142,-0.5659637861863257,-0.2486901550681211,0.420707841645075,-0.4747304116479587,0.003970622887372396,-0.4798126287125516,0.4843938338559171,-0.2369727263965141,0.7377697901117644,-0.5497396425254624,1
-0.7529402962425013,1.1639561791785022,-1.725186826302939,-1.4959760891279126,-0.8022238528197233,-0.9156614430660713,1.0540668539045248,-0.45526215390625474,0.06062764442334197,0.3923407373870075,-0.46384521474563845,-0.025848992425470983,0.05476483437259047,-0.4748140892282832,-1.298534600221838,1.4373822497419682,1.6462542688474275,-0.529961089235209,-0.8609978407746908,0.8169973141950888,-0.10287589816494501,-0.4896993685666926,-0.09452796753536513,-0.5012861308489044,-0.1862723701957815,0.18796185801556234,3
-0.38322502603290143,1.3259605964474463,0.42009046967779495,-1.6308013474344254,-1.4029669287635653,0.8409612479680836,-1.253764482324963,0.5228643274350315,-0.2830039000459237,-1.2607803900794614,-1.8999166033744337,1.1109516475051942,-0.6003363242143602,-0.5791898685386436,-0.5592508140873752,-0.3196944798964677,-0.22476962078388155,0.033783188568424626,-0.9717293910416218,-0.7854993941325175,-0.4954262512483675,-0.026873882635258247,-0.21579188809986366,0.5829487113517713,-0.2452390178619868,-0.007321047376804444,1
-0.5783833029173614,-1.8856368009765716,1.1632671866587374,-0.019474549719872742,-1.2156712199035908,2.244872416835707,-1.2283209751010848,0.39848093042973015,-0.8308994716319055,-1.3771936612175815,-0.09948724778119832,-0.4997027571823574,-0.453619876008485,2.376520515304253,0.6392166926124594,0.35853247157994034,0.11783046053427915,-0.7904904623265414,-1.0583721221117477,-1.098753463244967,1.0989536098558075,0.1000910204902928,0.21623659186904595,-0.31916253905260467,-0.29948521661691946,-0.2575212017448306,3
-0.8875755289893684,0.6429090493319461,0.13435397654802367,-0.4671250369321372,0.878472628882621,-0.2649140782557854,0.059891804135041166,-1.0097516649641785,-1.3309098433637983,-0.5337515718317462,-0.15870444311079984,-1.0066481907806017,0.26618439709560276,1.700830418035768,0.4026200077952057,0.26354958208943463,-0.20814341210150594,0.27385806674890945,-0.16979073762003075,0.5610958298588448,-0.7427319534267365,0.9944793508121889,-0.3242656111781889,-0.44120871276597223,-0.2349643582146799,0.024942061495528984,2
2.1015562819803733,2.651368284112667,2.109056421337284,-1.2646329583292701,0.4777235346209665,-1.204779363612785,-1.0752630160246848,0.3390340144309422,0.05758143852192156,1.4080458767322235,-0.20387582104492602,1.3533042248241873,0.8108110948760221,1.5048368834697585,0.5965259862207942,-0.5496671682105286,-0.9267352376667305,0.43211340107701873,-0.3706187765549778,0.13009820019065138,-0.28400202537015407,0.013390291146780777,0.09412297874173253,0.5615941878275414,-0.3320264565054645,0.20990647876762225,2
3.5610167781673456,0.5843712717113646,1.7867365063151224,-1.6992195288277263,-0.566176164675363,0.37175018228991796,1.3704414765763886,-0.8245986533729306,-0.8945973674586012,0.09166260222724794,-1.6334103055308375,-0.24235536555497564,-0.2307720976002391,-1.4014541009781747,-0.2496194664981654,-0.4377158043911283,-0.5848273484066739,-1.6577578923465974,-1.0137314447408659,-0.6063350304889097,-0.08521553907779422,-0.4723816568191348,0.7821419172783457,0.38177995171828577,-0.6638755562621697,-0.29864827547516026,1
-2.4771254434244945,-1.1786572063396228,-0.698728785406093,-0.830270758412292,0.8047772159437183,0.6006024780731868,-0.3758118951723136,-1.6774287983948648,0.28083855916125,-1.5348209968613122,0.3893691938001412,0.8813487531206226,1.152188498963222,0.27584468187963596,-0.9883365014843976,-0.07629128894949944,0.8989564191189195,0.6367674383730187,-0.23148343317231865,0.8002805204197042,-0.10556143410131211,-0.233872040097613,0.35603364567557066,0.5007719818043599,-0.33720610570431875,0.4721011427447656,3
1.2358565157759467,-1.751929167611505,0.2001755343559272,0.03001266010373534,-1.4782409691933387,0.3596173790634787,1.2647467321880368,-0.6112937098165346,-0.10223876087840554,-0.7715837714076881,0.6430041265294844,-0.5336473437745448,-0.22081093466172666,-0.33518846092154664,-1.0937401047591544,-0.13876697427903753,-0.48937908089529863,0.4852676292448379,-0.15681880639806361,-0.5331408714123872,-0.2929269498505612,-0.5753377331523628,0.2606225467021947,0.6440935036571591,-0.46708169820989254,0.03312545270485078,2
-1.170344121079948,-0.18268237710419763,-0.4291979207285269,-0.37261384018958416,-1.1856745552508492,-1.7746731641155165,-1.7779540642428058,0.5666632755396627,0.21363329109283208,-0.3078401102823508,-0.12648996756508024,-0.11022106217747143,-0.13298759029484916,0.5092040994986985,-0.2793203501194209,0.7378834410693388,-1.029105063907865,-0.21025797301657742,0.21860181144397045,-0.5502360680791587,-0.25975439282386237,-0.39909899424868245,0.34860464982146244,-0.4961247052435942,0.09898075973896706,0.4706410401652073,2
4.284855436364466,-0.621506775684846,-0.40892523186206853,-1.6276139603938908,1.2091942962518494,1.369833560572381,-0.14094588859638313,-0.3553399086895601,0.4205335634493196,0.44004530641417566,0.056129507625324135,-0.023507411655603983,-0.33650285883745057,1.6802287606420254,-0.3061062365183131,0.7111104397030165,-1.0205492020789415,-1.627231181471722,0.17789233402689808,-0.5877213101951657,-0.3823193868500048,-0.0274031864771211,-0.19043364478718464,0.8463544870952338,0.3343320426558623,-0.5339383634710055,3
-1.311734159306735,-0.2261149295540557,-1.3700457199162939,-1.4929365356153974,-0.6172293192595614,1.1511099592454315,-1.0068086401273224,-0.9979422456522288,-0.32042081056358507,-1.5455003503558764,-1.8791275188020589,-0.703395701291549,0.7101642181332041,-0.26366771665698396,-0.19470157253667142,-1.0810206169270997,-0.8421646939348768,0.31317900419366956,-0.06880366568240168,0.5116345096584436,0.02913992236162047,0.7770715869642385,-0.8612353821475078,0.5376374847662762,-0.6884919117127913,-0.17965921160334833,3
-0.33927456164342,0.9411250671954972,0.920065221140163,-0.7834709624328688,0.5982942882076392,1.118670728311765,0.8691870648582323,-0.19915098798641132,-0.5112089307223168,-2.5985940725301813,1.848360037393688,0.043615027053200764,-0.9007804222651786,0.47592545354112953,-0.16119669356994015,1.1247983386387497,0.2377751589959404,-0.43713326584074724,-0.6266016241822634,-0.5999670270501093,-0.1131457350330287,-0.45167763310112263,0.14725358089515045,-0.46250293010611154,0.09087146865143637,0.15397311285873355,1
4.4794578642555845,1.7571531197040071,1.69389434422149,-1.3125897987602102,2.0053344125865564,-0.8252436463506312,-1.6425720722303574,1.2592040159395383,-2.077627031572995,-1.9339880989916451,-1.1961962747028287,-0.8554870105118026,0.1686344865217679,0.13459522674744204,0.8142087563929946,-0.6364480522788353,-0.7257991670516099,0.1363191193586629,-0.437252410879368,0.6967274317979679,-0.39502496840167406,0.38070863084728945,-0.1480110021507571,0.44244022795493004,-0.042063563036162835,0.30244516956560347,3
3.709764062905907,-1.2339570684090526,1.3412911127845202,-0.903834868907923,2.6650396569776627,1.52495662469378,-0.5577064267245311,-0.5496704311969636,0.12275735096429623,0.08031414443596462,0.7188477192589403,-0.7468950350474125,1.6264568088728915,1.1585773179576777,-0.12580766310667127,0.0804134256104698,-0.35366921281560176,0.1911479857485757,-0.5274364284933277,-0.7986700608263845,-0.5438627816543042,-0.2384564704361648,-0.4994793417223335,-0.35706615714568973,-0.7279814605188931,-0.9803277688337492,3
1.177091309464152,-1.4596343669038585,-0.003805347924621839,-1.1274914186658702,1.789489247860792,-0.4578294068474884,0.4564895717667481,-2.897365054977716,-1.8543169662344088,-1.066270067607098,0.6520567443264845,0.2900832768930426,1.4873759374455566,0.13228114712644717,-0.4025387147091141,0.5669877609653304,1.1662065284707743,0.3156193367352014,0.5250256359723796,-0.02170793362994559,1.1445937297511908,0.2906586996181957,0.3456049598694584,-0.3024794915572972,0.7454974790517744,-0.60241031813471,4
1.782238494857159,-0.36552447006507177,1.605152121842595,0.34722681383826154,-1.9225207474935513,1.3149075136662594,-0.47312310083754006,-0.8075988525465839,-1.9690453574652345,-0.2453831244114431,0.37222109921982194,-1.8038002337354064,-0.470100017429375,-0.21616299974448078,-0.7911890530401137,1.2456575900877984,-0.1672320957947287,-1.1900525472492531,-0.7342176440275792,-0.907950266243364,0.7657183947076237,0.5997056133308053,-0.24473280612175208,-0.309529828630319,0.439026975116365,0.2947700134734314,4
-0.4743607455387408,-1.0121185630576948,0.412938813358531,-0.33768579970617557,0.02781527320859646,-0.05624265536774051,-1.4477945505777856,-0.5874107408087604,2.112787649094126,0.7430946585042332,-0.9537955082742391,0.4910301627038595,0.9623724608674072,0.4329676677072855,-1.2267749227278644,-0.49725572400265433,0.5968037814721976,-0.8913604004271167,0.029575024496571713,1.0912778840557185,0.3858910328068034,-1.5109716611165336,-0.424900287320822,0.04197171054334952,0.6333641707582723,-0.3253710976247695,2
-0.8852481665313705,-0.2323777693914332,1.3375797640910632,-1.0160007681103536,-1.9755383460069462,0.3370999260920452,-1.5775381334782903,-0.4692237941885197,-0.6709892070980842,-0.31010332787545,-0.3800828521707015,-1.054442297986763,-0.13652112076865863,0.9724361663816377,1.1893923845686922,-1.4399219099625704,1.0251824452822094,-0.32837439838131804,-0.10670701247840907,0.7965463325445576,0.1449569977750835,-0.5633167619752393,0.32948402078788874,-0.42693544451159343,-0.16122093319533184,0.050433139983613685,4
-0.12938157163121594,-0.9640134896942352,0.34508521580356655,-0.745453195153133,-1.130242548584069,1.401457162922732,1.047285946722341,0.06850171098008957,0.6010259947052424,-1.650490504826853,-1.1857920664956565,0.1649108735879867,-1.001147629839553,-0.03682718615755304,-0.7038738709287142,-1.0686392576858956,-0.6089140022583296,-0.40274188587786186,-0.636890466927931,0.8008584872595654,0.007934245581736206,-0.458716861670279,0.5040078194817743,-0.37678685654873006,0.0009246480132786966,0.12513286427611325,2
-0.7986966514953767,0.30440693195759144,1.5672381298182878,-1.3503584854827175,-0.880578251493969,-0.1806186610017544,-0.45305145172689154,0.318886923604297,1.116244788447827,-0.28961072145538264,0.9873270333692152,1.886587745278491,0.18890749853842123,-1.2774415538150046,-1.303540448660396,-1.0982937477946968,0.4264258433070239,-0.04065153860813063,0.2302303419192893,-0.2768064440360499,-0.14327215780520036,-0.617324248943181,-0.23560048166314532,0.6147655126491988,0.4103289281654099,1.0965621758170099,4
-0.7663907682288403,1.2541446994112078,0.8159973499966977,-1.0525147969512008,0.1441720050713589,-0.8505277378743672,2.096130862659573,0.09080558019152395,0.3009245156455,-1.0991950378771524,-0.21727578319199103,-0.6126683401293909,-0.9512987204096098,0.18286699693718012,0.47808913849574075,0.643082802024938,-0.8146686055655775,0.09765340271007879,0.9956521066920252,0.9226049296243845,0.024923875375987458,-0.15687486113303875,0.4662321368935892,0.49764648425394636,0.11473090710555327,-0.049632724807257056,1
-1.4910193434061365,-0.8587186982786268,-1.5001668597425057,-2.216179336712232,1.5544989290294335,-0.27447952240681983,0.48675402897555803,-1.4793007818926849,-0.7831290340399916,-1.1668869216360256,-0.24993494941504318,-0.7343740148302395,-1.2277931827836606,0.18459344649453344,-0.16846311873519532,-0.08078653305151776,-0.6853274519902788,0.3990528894706717,0.4398309865022849,0.5975019838117797,1.0456067668869702,0.34524783551587007,0.023602484914730385,0.23097333429327388,-0.8616168080758161,0.09659941468912568,2
2.190635878475898,3.6699117443653675,1.6145014471511685,-0.3679146247294128,-0.9734771326336633,1.093635731609931,0.07154432729701435,-0.11919983272742538,-0.22184898192159053,-0.5923089534213621,-0.00602890656989925,2.0986791515711154,-0.561198771978076,0.24285261281878825,-1.6794732205821792,-0.8744507466891229,0.45846408865963795,0.1751076356041557,-0.34402754633181243,-0.5770191987951225,0.1797236705621959,-0.8284378436027737,0.9274700251290322,0.506544667393737,-0.04498525699310583,0.722456608909269,2
2.139122112606535,2.2808917435956597,-1.3924659980205305,-1.5775608834351318,0.18457279741313387,0.3206672557949928,0.3595290522000951,-0.8738733053865613,0.9732441914305523,-1.3205960630658478,1.0767014053449935,1.309910800135528,0.3996556185538263,0.5240444693678007,-0.6691108905281911,0.019599067600082728,-0.8627054801285375,-0.18541532956908846,-0.23109335544103887,-0.7079193197568434,-0.4290442459512706,0.6151380073335443,1.074174932021065,-0.6762138356256142,-0.007877069024457572,0.3159759375335675,3
-0.1523851994540632,1.7459088745459042,-0.3164165886895177,0.2524363764564865,0.07197224229527334,-0.0941857012504625,1.2740623940371951,1.1329928877491924,-0.9321616758989384,0.002009846608486426,0.4512354303993233,-0.9908537272207183,2.140157660077654,1.6309744379373177,-0.34609095649195026,-0.27399582118938004,0.5027050565666608,-0.34768198772370973,0.749744074711382,-0.5094508688798235,0.024840825195802614,-0.9135536663840447,0.3226907423750755,-0.11530171415425114,0.5753194299319545,-2.5475262916737155e-06,3
-2.787070376282464,-1.2884037422986712,-1.332015432150801,-1.6569238317743824,-0.8173574980798738,0.6340935073136408,1.034932563705117,0.3584182126252833,0.8328196432538483,-1.092054325348522,1.177778937068195,0.6248558942656207,0.83638316573929,0.7902849987778501,-0.01947264374870904,0.6844522637324771,0.7383313048663829,-0.17076520881026983,-0.04139312390733453,-0.5974204573239814,-0.22607659477046166,-0.46799788783541485,0.22942978970520372,-0.3782045241527731,-0.01192511664259451,0.38832128094792456,1
-0.7306005807213869,-0.49710722215466563,0.3521058953237645,-1.0634020540298168,2.1779651219008906,-0.2113154401450431,0.7670095679659268,-0.7347874808365499,-1.6695765276694734,-0.294201558299988,-0.5903089602139826,0.7573344900470358,0.0202961516667164,1.257086777301677,-0.8114207406838064,-0.9024276210023255,0.9215976289447727,-0.24829194382253184,0.37069956766374146,-0.7395970798597308,0.3013507348892777,0.3468957808125084,0.6158409421524679,0.6307703150329645,0.23047628684751023,-0.06792876107335376,4
-0.8996699710629046,1.537492404760488,3.2725449962307116,0.41461855569299677,0.18879915312867065,-1.0207395158993338,0.09630271049599558,0.5014582521892312,1.0254089959634702,0.5081362882635877,-0.5978819337292681,0.3670841556334773,1.4043879107589394,-0.27295672975080465,-0.6468372579836501,0.5805148102153945,-0.06898279255587912,0.06269090079600123,-0.7534502221877785,-0.6383130123060639,-0.4009159518414925,-0.18834898779619363,-0.14909195895875138,-0.33830458069342034,-0.052011635097522095,0.1560515902756658,3
-1.2535533543212476,0.5522804768464115,2.1576925271328244,-1.2236405261110868,-0.08791128006878672,0.8752300045429375,-0.2988899590879297,-2.4530508159112085,0.2384685778513001,0.5823403635440263,-0.0807148794095976,0.8620887445632623,-0.9375331772096598,0.9135796394674801,-0.03429714822835771,0.452574104326778,0.005640738505883817,0.23066483373399424,0.976327775747293,-0.5725035907494843,0.113342877081032,-0.7177324522465941,1.0136054593374841,0.7769150294169781,0.11168747022002802,-0.3261261722411293,4
-2.0752786530002183,-1.2214091302755365,-0.6731213425847788,-1.0751429278113818,-0.5061867683815079,0.889089457332402,1.240456943535006,0.8197673698260548,1.342044752191947,-0.34697030433476644,2.364286835496647,-1.329142106365304,1.2260121577210428,-0.2952431943314352,-0.41305462489389194,0.7580624149889598,-0.4916547278382973,0.205723412021424,-0.4266742121013986,0.8348447160831701,0.02134044637312016,0.022235470006644976,0.5667631108834594,-0.3859745756417486,0.6822620987704422,-0.49046584986199754,3
-2.259761411972553,1.8039544218056471,0.6245466526309775,0.3485780427105933,-0.056360322879446006,1.7559012279664377,0.5702366155169734,1.1692290605154165,-0.42722051862906274,-2.3012797781675194,-0.6631353792550375,-2.2214473440289177,-0.9777839983211263,-0.08808795759599607,-1.0021502034484053,0.7775720871065177,0.22777890309953092,0.05965945902009682,-0.21542061517569197,0.66681613239113,-0.3955171522494124,0.1916412259131137,-0.5345162735476644,0.32441236687711905,-0.24790205672758317,0.35002356509269916,3
0.32913445122234225,1.7007062084084847,1.1855231583394434,1.148424139966855,-0.014566974842051534,-1.0121702517129756,0.0485208195910611,-0.42386352459765225,-0.6249422192511368,-0.5705226504051033,-0.6257602578816441,1.124976927467215,2.6192272725130747,1.1683218852513313,-0.7347609439016815,0.19573079518489356,-1.1194076613510708,0.3194462914898447,0.7501608215416486,0.6086789790726913,-0.5625102354668986,0.4462309525642856,-0.421285412191611,-0.43709220382624836,-0.5544740754969073,-0.34163308896908945,4
1.0784941334964737,-1.0466525165790912,1.4426191893273792,-0.3686984688157513,-2.0208871651425637,0.4698098411776322,0.5527474320815596,0.29552350602528377,-0.28764929707921755,0.19896189738080725,0.3464138574174724,-1.3380820612568607,-0.6783899493464425,0.493730050436586,0.10319409792946618,0.7470777374468908,0.17690272119741246,0.3696292629571054,2.0588300810292948,0.6406326023135404,1.2409372487870296,0.42212596060085694,-0.02364309923493543,0.8022164646143556,0.5434595791809528,-0.22857990725933136,3
-2.8868071524478713,0.3428936345071089,-0.003368255652434679,-0.8117632610188967,-1.0823714147982948,-0.5560513418466819,0.8458943821037259,-0.4457786808866822,0.6430165014719682,-1.9439348589408605,2.2279031456184777,-0.7123307396469862,0.6674527750606828,-1.266346550900926,-0.20308178781706124,-0.7401787859413068,-0.6569611716949568,0.535037793754049,-0.022596277759887498,-0.39284418087003076,-0.06551435143888734,-0.49232629926796906,0.20895627842805878,-0.5626159763506621,0.030671423190203873,-0.01753111292865806,2
-0.6191216030977693,-2.2862093564090182,-0.1519455132376141,-0.20899403631179342,0.2697324535269316,0.00411599634439629,-0.6103518873396402,-0.5311754251120548,-1.3421461446076586,-1.8991134046591156,-0.2678211222091047,-1.7790463601558923,0.1836502548271311,0.6168093654301111,0.1177510972961554,0.34004127800723627,-0.03287351269047447,0.45133937491206894,-0.6365839257028728,0.5487530160437492,0.4774232889574252,0.04359543397159777,0.05049323671212179,-0.6317703661356536,-0.4070555935197717,-0.0918264038968788,4
-0.8884489284034492,1.733348459161133,1.2435736487043278,0.28316466021232173,-0.26811509939687195,-1.2333463694574103,0.9939969891670837,1.7568307846831028,-0.2699552675437118,0.9745745161268591,0.1991275236183151,-0.9778343624718876,0.544793122612584,-1.555955402227101,-2.1340217224194578,0.7683644045459216,-1.3721695052453267,-0.2946425782632654,1.2756972608361963,0.2430677556473105,-0.3084076556651572,-0.39786766543435476,0.37965983349166604,-0.43042801314016094,-0.3929257591981439,-0.17139683321646954,2
1.7879632060577382,-2.659440000911016,0.21131442745526102,-0.4745963515267084,-0.5791214009425303,0.9374461552697907,-0.7509981613847614,-0.21480396043301472,-0.5827514844744597,0.6975251100714934,0.32017610706689476,-0.3518852069050997,0.4409427775317518,-0.37007329362421165,-1.7849160772295773,0.9892793404617684,-1.1200852178182252,-0.9543598905818437,-0.10923417522705013,0.8088540476423162,-0.3177540565688513,-0.36681484241395557,-0.7512346900320717,-0.4273135513161361,-0.14471798730611204,-0.12891390610950848,4
0.5190791856760202,3.1382771288623634,-0.23403036331617488,-2.5464263814612833,0.9639549097396958,-0.14049019314761402,-0.7490033554357705,-0.43237554844607673,-1.3687478339686034,1.02551693101287,1.0349722036538258,-1.760690837889133,-0.8992474091680367,-0.4428191271435944,-0.3084544470381924,-1.3206427161739636,-1.5275012341467014,0.08031849943647235,0.935854481675634,0.8731948206717768,-0.057476238708127195,-0.2616370979221397,0.3066581102999859,-0.5390246097070601,-0.56115290199442,-0.1733640857764412,4
1.1252717287284681,-2.8676103973247655,3.033380370649165,-0.2964442710892562,-0.8785220749847826,-0.3462282446514399,-0.9140314592054918,1.387389006103142,-2.1691328051439887,-0.9492731655643757,-2.0354449428868033,0.14223771978241276,-1.3204498151628181,0.7808205252880859,0.44340954805242655,0.7700373377972628,-0.49547976548607275,-1.4747862378370498,-0.6152208114886637,0.6768682623334945,-0.16431668021673443,-0.3183002001829233,-0.06848814457394971,-0.4654972429535263,0.06799195136269699,-0.0005351379977008373,2
-0.3245553542771996,0.16599351712440383,0.34082478566348856,-0.858137645436058,-0.0852084879222836,1.2308810015638083,0.006495988574706271,-1.6335775790593994,1.5616250507483362,1.3823592388287071,-1.5851916712134067,-0.4579448937578199,0.7458929062903873,-0.4133309621831877,-1.7284445145244902,-2.018110963639509,0.5590440966263448,-0.1310329328535993,0.2304633433067175,0.5910264412347048,1.1962334699036108,0.14101751333331816,0.29347242374065313,-0.5679570239111811,-0.6049493360270616,-0.041381781615964626,4
0.571645678741307,-2.421186409172168,-0.46359797973177574,-1.3765334330481558,-0.05592374288296248,-1.0819428385613727,0.6929097020521465,-0.11680115912206726,0.368002587038948,-0.11096870722157483,-1.0266444635195444,0.40958068340258014,0.6537806767136738,-1.021543541324739,-1.0311039948968739,1.2540779327040728,-0.909322642338373,0.7193497203417846,0.45123708752986413,-0.6595249406416234,-0.9792194374420966,0.384894088005294,-0.38605187345895053,0.6368861901042016,-0.2634009063435034,0.1578083619080524,4
-2.4955656400809763,-0.6570225505689709,0.8242209761374807,-1.4881584154058998,0.9425024835516084,-0.8139321753109389,0.4635567299690684,0.415417367923662,-0.8698092017690203,-0.8307671698577653,1.7736286797592293,-0.43510828288809505,-1.10401343249415,0.14505498309251819,-0.21844853634739053,-0.9816610251679677,1.0004831520165283,-0.0230216033099763,-0.20744834907875076,-0.3880297299470234,-0.07286341413532897,-0.38330601884644966,0.31894090609235115,-0.08485689300846395,1.05936107040929,-0.2709089574663007,4
1.4237918513204995,-0.5255984610451097,1.5682588159333257,0.1553108632605746,-0.09489743093031675,-0.13909559807925265,-0.007923477401289918,-0.27302387807669354,-0.480326685505276,-1.4182954126518434,1.9697359031071993,-0.2013990414258546,-0.620137013020094,0.8646581407814383,-0.30879672004599895,-0.44471443008733863,-0.2756499933135685,0.7736860786310937,0.4094191501080285,-0.5824178501911474,-0.45629343835140124,0.03786285174256732,-0.17101510652934218,0.8267999789652491,-0.2735472292768875,-1.080182376290906,4
-1.137220370735642,-0.7651966781447235,-0.8369668036885531,-1.29502595470462,-0.5406465672928352,-2.177138313488173,-1.5951651551739345,-0.4216761644589145,-0.7781618048462032,0.9231520699675049,0.9621670781026554,-0.22290071826693972,-0.35150113682278894,-0.3171925415440008,-0.9778724033301065,-0.5888260337469737,-1.3699898831395816,-0.011137365945523841,0.013297456514796354,0.7203162115620094,1.0540601331325021,0.4442177800665904,0.30413082738763925,-0.11118214374436293,0.20969267742773526,-0.7236323311855343,4
1.698715167164081,-1.59382624403795,1.3018327184130192,-0.44845670420835876,-0.34231037019197746,0.9588405189718985,-0.25417016668702325,-1.5533731704717797,0.24053164351496958,-0.9425261862111631,1.0041532652138156,-0.6640895613383371,0.7805995343746885,0.38929534315040104,-0.019881006780585884,0.024563177430873707,0.8784070186096895,0.7466083037838971,1.3154902245572477,0.7370567791254015,-0.3327343208370732,0.17959248324096272,-0.1268230521504275,-0.23543597698477858,-0.0019445916560962698,-1.1014009426196247,4
-1.7208683058658782,-0.7492488485247586,0.5978968934286416,0.3475989340383355,-0.7699259494729294,-0.7751029593123328,1.1598896581190066,-0.14570447047840407,-1.188791852060346,-0.32894128073152723,0.4374607148885046,0.810801695235097,-0.7245392067132926,1.3632980862982256,-1.118612316059456,-0.6994687172050377,-0.44940778431450507,-0.06018218445590005,-0.8876057114623869,0.8593852435647902,-0.4657401046105593,0.09057826928529049,-0.4348727118284428,-0.20458700050159348,0.11772763768214131,0.27985072295731406,3
1.9257746698546374,-1.2009119416462204,-1.234838889003616,-0.9547640734797296,-0.9905706166273472,0.18683230271753634,0.6433306862089968,-1.0406349056822852,0.24409405014021887,-1.200964216077914,-0.06865223553837177,0.4752161714609551,1.154831528360064,0.35798406767281854,-0.5966178305486326,-0.08380624596934579,1.082205870655103,0.6939444112771335,0.9833234857121528,0.09144433993494935,-0.2926284192094403,-0.33298864195579625,0.4165451356747153,-0.5573594567083182,-0.7157233866228415,-0.4723893026640393,3
-1.3338361796390483,1.2653276021741586,0.4562015321832252,-0.500106048714206,-0.29893778169608115,0.1492452340605245,1.8336480322402284,-1.419020660998636,-1.0506452392539047,-1.0753434505112287,-0.5736554388219267,-0.13478382031341116,-0.44675124558671647,-0.9186574656082613,-1.447606018593682,1.204890014570805,0.3595199788367246,0.021431996486156485,-1.267161449649123,0.7862586829982324,-0.4680638402539782,0.3318277215471652,-0.5414507075732318,0.333503131877515,0.08359593091648537,0.7715487685432456,3
1.378961497051556,-0.9507594103632836,-0.45657782771426375,0.2992332730537736,-0.4563172552391642,-1.5740603225086647,-0.012692174560485893,-1.8313312753499322,0.7081753767866912,-0.6009442374131174,-0.4709502428503132,-0.5435679231645208,-0.11604959946073527,0.814801604386044,-0.7607355616797565,-0.15157173442225233,0.853342481121454,0.1364628407797853,0.3095704240229034,-0.4246219972103044,-0.22412609511688059,-0.38102212026151494,0.4695533141034474,0.5423843375754958,-0.03864778492353045,0.8610309811157382,4
4.50463938746724,-1.8350164066339911,0.661859384732855,0.9576204974053198,1.6612144473784245,1.571947340588183,-0.3659567617121278,-0.3540001975532418,0.20981155428386264,0.36216270708657133,-0.2810427662282966,-2.8713814556494897,-0.7438486926606643,1.5772147206893206,-1.6427078619018745,0.8099569986426766,0.09438171947419591,1.8384467248105996,0.7623963428645517,-1.069854729091442,-0.3351449212060985,1.4667857398374191,0.6650599515071274,-0.6600644434106335,0.35795353820507697,0.8225473934095463,3
-3.164453672816511,-0.8568332733142738,-0.6941466023915289,-2.3299912314686786,-0.48999307117162,0.24675800609948387,1.483173394253437,0.7158583666512173,0.3655163631153714,2.5890585682727725,-0.5983831093350632,-0.8635060271634413,0.8218219123155118,1.0852772118741862,0.150092150281574,0.2496942457991631,-0.005042838936359369,0.05474424109129035,0.1304274725684753,0.08652249710324993,-0.5536628630593966,0.05182120907871972,-0.5294920896101598,-0.2998760830243108,0.20501810650457702,0.16628062813145267,3
4.9665525499857175,0.15188802000941037,-0.6950385608542455,-0.6592825183808415,-0.1375897049248655,-0.6504980130361296,1.1338945122091308,0.9782660858423898,2.5524386186458354,-0.09011514123117463,-0.9275710689830646,-2.7995854694447395,-0.21657162013041803,-1.2848689840021001,-1.383751245633177,0.7084218562719633,1.6612931923696561,1.5905921343167362,0.5484696241597602,-0.6114443242608453,0.9367876980527577,-0.5055262783678212,-1.5306549730710177,-0.35391738087972313,0.5595271373434385,0.4177791029271996,3
-2.21463551353471,-0.7728322472628214,1.6216459643819083,-2.5561422081288545,-0.823843417418901,0.6821461010746617,0.055460947589826684,-1.0513210306164602,-1.4223464959336893,2.4955241256052347,-1.2450413144246366,-0.9068985534543762,0.48867253677675215,-0.363871056014767,0.4483146568947403,-0.8249967338884645,-0.8057318635499979,0.0765240750950884,-0.8108366886630841,0.7051228723268369,-0.2685762726178076,-0.18120035127546963,-0.06798920977150916,-0.4688316139878384,-0.16977967433722557,0.21238478710810957,3
3.924444159545184,-0.40042242166989467,-1.3203757447126878,-1.1394593028777877,-0.11548564919154608,0.01634212040971476,2.059317086928821,1.1103064215377485,0.1934882488748061,0.5129308297637266,-0.3980867876068789,-0.38213051592890407,2.3580416815188943,0.7614920119288522,-0.36463722278112404,0.271055499615903,-0.9220001734131023,1.00298184532972,-0.06444063814751469,0.1272847017227965,-0.21645030003060858,-0.5126242624950735,0.43614532161056296,0.4260817632498712,-0.2346080652238886,0.539234201413984,2
-1.3635479708504368,0.3948654394275901,1.0940492082116138,-0.8780568144515652,-0.027671791723636395,-1.0748655044492923,-0.31719397629773044,-0.11842836467173105,1.6943883092987044,-0.606686989226438,-0.4306656287472204,0.9401634792526312,-0.6295305158597599,-0.17083413181213752,-0.6820259530913765,1.542778941967577,-0.1758969097168855,0.04222693007942126,-0.47278877410447107,-0.7552884773367404,0.7334647702847433,0.3509030858632886,-0.7550244610420384,-0.24137279632092942,0.38560627972453065,0.4499424737534152,3
-1.6243462442812555,-0.17064430327808047,0.29443810083961985,-0.41067497901181255,-1.3296232610768677,-0.6968726996506612,-0.5134300924047068,-0.32805740472481454,-1.5063412228652782,0.1877665909684829,0.5910360652548755,0.3368904548225118,-0.49296343813116333,-0.30692291148240813,-1.6042029707709828,-0.9515745501239767,-1.0494852529383432,-0.09944576316096732,-0.29075619682291914,-0.472390154587883,-0.5632601450574632,-0.22772917290339434,-0.6359649430862052,-0.3811507557014248,0.14124363404755483,0.33553328128313226,3
-0.6621218922261816,1.2882358716660796,-0.26199935973141975,-2.6388375847159726,0.8891436252867536,0.6864227965901777,-0.5042928563987307,-0.5586510621472636,0.028679589318268094,0.21568181757608842,-0.5896340643524804,-1.300836348563444,-0.6608653861978077,-0.7506782989120833,-0.5429667629319307,0.4623447254159032,0.28439991439299694,-0.1742329016161231,0.11164733298710651,-0.005134905457793719,0.13114050645908457,0.3293384268272581,-0.7767852194009125,-0.5010157590526585,-0.11451118613818063,-0.005567752526889586,2
-1.000512007331728,1.203247886651886,0.9983603697525489,-0.9056799726761303,-0.05481315015102231,-0.24736216225313343,-1.3083304136034908,0.4908307397370037,0.3158211152311408,0.45116448346759097,0.9882834799785775,-0.24490198406087718,-0.09904109531687791,1.8832075584939436,0.5486700737985832,0.16884655217336053,-0.8920949792886628,0.2595219051701093,0.43605733433786925,-0.5635844917660541,-0.36288824846416434,0.05338926438830397,-0.10066675948499797,0.9851244849217895,0.47244568795076614,-0.029597004777943466,1
-1.9718180457729984,-1.2901432065856584,2.774293373203622,-1.250112839046201,-0.7389917947910672,0.23422142770240081,0.07935386892244232,1.5668291271140158,-0.8884757338933427,2.3472797132716003,0.7831349192245546,0.7629518267229097,0.9315466963284855,1.551781164651036,0.5369913206595451,1.2438126897351183,-0.725769675855707,0.3786923803289572,-0.5471012426003248,0.6429275178697791,0.16929861702905522,-0.6963921571687839,0.8017558759683076,-0.5015631235514232,-0.03352894584289639,0.5314249358088072,1
1.404673350194595,0.5404052688540978,-0.5763377527020493,0.26195122258939624,-0.7201335409370193,-1.2433698659723451,0.16476950966530096,-1.420242289043715,-0.8687822738189478,-0.5284697635198908,-1.5274488556714128,-0.1924314987433399,0.7493266795817416,0.533293968460023,-0.8997253013988002,1.0094671038168443,-0.6723365143289224,-1.5972495059327967,-0.255795606536443,-0.5665325003615488,-0.22821055023846834,-0.5925600812127578,0.12708504681717617,-0.3814559886187245,-0.07900676441684727,0.06661779604926729,2
0.6555522032084766,-0.37444567761075087,1.74823900345128,-0.2176448492565618,0.09372885992581229,0.16727689674480242,0.948795201274639,-0.9680798315702792,-0.5125258162692459,-0.5275965698876633,-0.8472838903757594,0.10922250529258114,2.753322227931826,0.3615555825516275,0.2506538557162464,0.04690272478841661,-0.7772423551039069,-0.8074504990901725,-0.6457072746872671,-0.6661040027175443,-0.5388326762917388,-0.006819582881430902,-0.43195720582880087,-0.2654526345941278,-0.060179931406779734,0.06260550270323703,3
-1.1835149850097424,-1.5026488912284364,0.6514552734866867,0.08669995196659322,-0.08338565103109019,0.07825589686881083,0.4665585335509406,-0.12568959944658242,1.8482231097818733,0.6848256589314919,-0.7534514782871098,1.1150218068665585,0.7403544748863049,2.0286304050862043,-0.6837949775680404,1.0267268174671185,-0.9560464400269817,-0.7245040610059524,0.10001120086261613,-0.4083900489752412,-0.1921961202206731,-1.2916905654888706,-1.0193072656496913,0.06322530993419541,0.46375884332042044,0.5502887082002303,4
-1.3472922619794194,2.467291875931501,1.0642875820361881,0.6870303819143039,-1.7950694389370578,-1.1978479754184024,-0.500763194036035,-0.5479847171410293,1.4580192570960548,0.06203534652781638,-1.2884055791220097,-1.5488071860448462,-0.6567435857510426,1.2440900024356976,-0.058914989830300975,-0.6132256891135366,1.7896098867702988,-0.20836317998023277,0.8086244105688368,0.06774768864421653,0.18430144717183175,0.5366628979323921,-0.546366975960218,-0.48736442592112805,-0.4498464361681296,-0.14246826804931212,2
1.065870467059678,1.002339951042706,0.8636060471454018,-0.06254647476511384,-1.1714746575693622,1.0318848056327976,-1.333245264981794,-0.1300047503323531,1.5228041014680203,-1.254202068814119,-0.37212500138300014,-0.727649017911503,1.0104292087768207,0.6727061581876392,-0.010587183486427721,-0.17875942048886523,0.9463053796293339,-0.7861270944731803,0.4932233411095854,-0.6952109014169495,-0.1905614489003217,0.12997223649685719,0.7413637722120737,-0.3176288612283155,0.6107657206659332,-0.5125324286394591,4
-0.3323820276724453,1.589529304689309,3.150101076615188,-0.8857195918050661,-0.9243937464370865,0.11953915452286623,-0.8410951813406462,-0.15916131886484264,0.299786488283546,0.9786403704477148,-0.11359861807172754,-0.70942312055682,1.2758501358605683,-1.6951518362927445,-0.6119257586743256,-0.6739807338635212,1.2983406244048519,0.31696673276525034,0.0953953923218651,0.30399741563227123,0.3146730303058791,-0.7771275488708843,0.9167656484700464,-0.17809794423643302,0.9264878504707771,-0.4290967587615913,1
-1.6631350804127818,1.4161857906096762,-1.6854380105637465,-1.5277707334954593,1.0015222259696337,0.2174720622266309,-1.1108426612316715,-0.7489628202169822,1.4997330617793196,1.416534823553419,0.12778690092901077,0.06459470553998774,0.865052461822124,-0.1528251525278754,-2.306381578737618,0.8860797861113116,0.967524992917121,-0.1270242917050578,0.13889581501982612,-0.5891797869567572,-0.18283140633195202,-0.5413903334057679,0.29666136701729673,-0.4021823304266585,0.14718241131592832,0.07322368541968899,2
-2.5040906533162954,-1.2125767464813897,-1.3320996157898268,-0.20155533964002822,-0.30615508873863656,-0.49192968564372747,0.4766295452541332,0.4057071754529358,2.0766362061659156,-0.6555981595007581,-0.8453525549006472,-0.3524357504875037,-1.0440114722146785,2.4635648891004105,-0.19831968359605284,0.32389688768182545,0.0276242740231712,0.13537072684773419,-0.611532427229162,0.7342456181719261,-0.21563558548544198,0.052261604737859,0.4009760621612994,0.34558594408298066,-0.6087575462552647,0.36757930413849793,2
-0.8699168849558134,-0.9104173769952614,-1.0686793562659505,-0.30974228447280666,1.4395555813732068,-0.3704895231182954,1.307341306498924,0.043826285867512006,-0.6224330991439585,-0.02556987161286278,-1.9081724983073707,-0.359637451589945,0.4922929108023553,3.422151139681302,0.22877720843791788,0.7102662389788394,-0.04616272523903405,-0.35906269063625823,-0.4414155310458562,-0.2585770690332082,0.8744404727045079,0.42370737828022353,0.15345282098609095,0.5455203151510811,-0.7609537867726801,0.15515586656162336,4
0.96310389919754,-1.2767080182487869,0.533977372865846,0.3935252569278478,-1.2772918153989532,0.09109337170416498,0.44410948979160947,-0.9252327148562792,-0.7163759887929902,0.04773780185511631,0.43604139579991547,-1.2720117456841775,-0.5212706788603106,1.0026445850676022,-0.7474502415964983,-0.628389754735988,-0.5637754508086883,0.13788543732988456,0.14696495172140608,-0.726182306240285,0.11826560504250908,0.27763964078048725,-0.506330904668836,-0.23287875780850628,0.03967633338148169,-0.9424944698158633,4
-0.28424556659420236,0.7301550056352064,0.48431094770586397,-1.2656409685570618,0.07734867816991164,-0.6759453990052187,0.9791170517054667,0.1820368512119554,2.1412014707959552,1.9221738231370895,-1.1715277717843706,-2.0529743547981916,0.8720810709848329,1.324515322992774,0.6970674192334229,-1.3051468801665567,1.3624910336337812,-0.4508789624674374,-0.45511858332010285,-0.6060378010545331,-0.6483606749508327,0.2968348532322108,-0.349418331369549,-0.41533702676142353,-0.2915014161703815,0.14171587297068017,3
5.192254031842354,-0.6682115103952259,0.053581875604891076,-0.20946527179015714,-0.22595745492228747,-1.5045693308661638,-1.392128178800598,0.12141780566684836,1.4516421305305718,-0.5275422420179534,0.5471270501506602,-0.5962903696238311,0.9465109269626821,1.315474366820269,0.12464228876380141,-0.9317938405440661,0.9821477452507761,2.1314526672805356,-0.5776324525886417,0.7576031334554684,-0.05816298499476865,-0.3625618264386773,0.4301628381261708,-0.49569841624579486,-0.20142174154599835,0.12771209007330628,2
-0.006372518325471153,1.4547096840340876,0.3196978103818004,-2.5629150681498745,1.0793062241657356,0.7065509812351805,-0.9314018804706485,-1.506456948886646,-1.2837852449729021,2.4596727663023588,-0.07844091141030499,-0.8075888916586692,-0.6024780278263628,0.9075496218113134,-0.43351934078925214,-0.6618727815946028,-0.23319531151249653,-0.29979801055437566,0.1390380358319661,-0.5655727789201981,-0.32995887979625504,-0.5985882795013827,-0.4768119331076611,0.6724027877369835,-0.4623233054649658,0.07940598441810415,3
-0.3642057803306874,-1.1764732343040931,-0.857151307165959,-0.15684540512638465,-0.4001326679021013,-0.2848889047793659,1.1305493090768044,-0.353446098626118,-0.7272640304244543,-1.1102972308725088,0.7129317097186857,-1.8676495364766583,0.18028934622008796,-1.3059149534721641,-1.7617949710920884,-1.5008168470269718,-0.8508647284680356,-0.9910353933268445,-0.609013908825976,0.22500912952044277,0.9328451211211775,0.3788640894363649,0.14373526891565516,0.5043453881532969,-0.26366097585746706,0.3455936085045375,1
-2.3619882676311406,-0.9592565675070849,0.8467528100793504,0.5918615675149586,-0.6659800120982345,-0.6745263341811925,-1.0806842701889918,-0.03487317026979803,-0.28109061973549443,1.2383408116441652,-0.46216517107466015,0.5628491144248475,0.7704474611601082,1.1914921190929424,-1.7070278719339504,-0.6373386794577166,-0.13503960116652858,0.7989229616629882,-0.03973147387981218,0.4946525665599893,0.671642675378554,0.7994220490973466,-0.5388623165708584,-0.3495312111297829,-0.18034529605424612,0.299953464018404,4
-1.8117836152564697,0.5124182046981328,0.3281762869149489,-0.2599846626904921,-0.8484448710255749,-1.1766697950414082,1.3300502703797175,-1.073095262950301,1.3660170079346088,1.6958909594603329,-0.018101946931772042,-0.8513466072712675,-0.24300630393053374,0.3438799392170199,-1.1469742963190297,0.450718830245787,0.6970190356575184,-0.07375509428817226,-0.30098019165357826,0.07869945033355788,1.081827401107852,0.3796734978950728,-0.002262323297959935,0.4743024910006433,-0.08751320715074348,0.4623133169659975,4
-1.029921906448868,0.15173583339380947,0.29567298930664754,-0.7890826174617813,0.6671115921791666,0.20646152830978048,-0.9117871078450035,0.5805368479131484,-0.3801383074107435,-0.5940311533796503,-0.012160683867070777,1.224524677918191,-0.0377596120432139,0.21099010322372916,-1.9998721626205822,-1.1022984090854877,0.7874131324225946,-0.13248530375757017,0.14161519878723405,0.19831444244353405,-0.547759770397115,0.012494436091656812,-0.42025461942734127,-0.3990916678553323,0.06862687468061804,0.11222482808067742,3
-1.7085641514594052,-1.0006169358313808,-0.23141099960714664,0.4515366850814486,-1.304819824680556,-0.20034262304121847,-0.9175497384079012,0.09290307461664107,1.0355918502777073,-1.395731312222258,-1.0598061259125409,-1.031935668931466,1.1966826247498499,0.8082314270730605,-0.08359505418770254,0.05105233921589472,-0.4254299259314648,0.0967641616519972,-0.6258150917985741,0.7878903452754097,-0.08470988886915784,-0.3336197926155021,0.31755323666038576,0.6485080188538483,-0.16345048229228898,0.3866765949553764,4
-2.1784960482433915,-0.8322713070612833,-1.6049414814409557,-1.9427574950436386,-0.05113743343795885,-1.0193961857998322,-0.6499287660852623,-0.06746759162104304,0.4576628899546744,1.1678349182182124,-0.7321102602295287,-0.7158296657937916,0.6625718070616728,-0.4290666568883428,-1.056442291685261,-0.3337103096977626,0.6209821560731847,0.10438458319321518,0.5334998458917136,0.24947994215433208,-0.27494268986961123,-0.22063216439127134,0.37248560212369836,0.5467297476883684,-0.2665792555791736,0.06497879664934562,2
-1.0975326532128358,1.4646524674253831,-1.46098700994715,-0.7084562404497999,-2.4325581169064088,-0.1119694462131742,-0.2925826874829009,0.10536226422131514,-2.123356053478469,-2.0148343051954654,0.2025498209493788,-0.3701597725018646,-0.6430243615312315,0.6295707174215326,-0.33750970423631954,1.2467133855477963,0.4268929847562593,-0.07980683707943835,-1.429114785609895,-0.934613464359209,1.0235027968078958,0.18658571313249495,-0.09313690782437203,-0.15538466053829778,0.7622010161032468,-0.34931288665103605,3
0.5616426931682996,-0.8899664101084735,1.1187422948019372,-1.1689783439217762,-0.6934579640422125,0.18340199839839544,-0.1680893750291264,0.23598554520692322,1.26674089565911,1.2978871958555267,1.5622427881948802,-0.659390111831945,2.0359509107660556,0.5993029081259157,0.25961967855166823,0.24542065467756294,1.1823624060628894,-0.8954339251480071,-0.037554375951363884,0.2136070655710838,-0.12377637302463053,-0.2677130433435616,0.27955435282871083,-0.4700421469811759,-0.4006136240005773,-0.16623506848768624,1
-1.8301960925544458,-0.3336359915240021,3.0639190657052335,-1.2156704114415173,-1.9415855620377163,-0.049727423096637205,-0.4908907012664679,-1.2397282346733987,-0.11855064749052852,-0.5068662951072024,0.9372633404868729,0.2507902517221828,-1.1311663198923354,1.262954787312378,1.7717437046206115,-1.0152153440378995,-0.6428986649179409,0.739060083839378,0.04416931418629769,0.9392535324047866,0.13242025854190087,-0.4307841859904394,0.2090042495264324,0.07985544432020368,0.8361766305839288,-0.2329229738817142,4
0.6270715466024274,0.3674746819309842,-0.4055612709597243,1.2021317993864538,-0.7630656580248509,-0.17282759375645967,0.873237445193726,-1.2880733882629816,0.26279836705410375,-0.823180894682473,-0.15851947381429504,-1.568166283670359,0.4383999474618018,0.6078959534102332,-1.6402639773210346,0.6539113087988525,2.111656536093408,-1.3504133107286274,-0.39159591833908086,0.18636572760348452,0.5193739487088995,0.09531701437598696,0.18831269947748333,0.36342415212519474,-0.1959384789489747,0.5897473164242603,2
-0.4755464183625748,1.2485040990189857,0.07195124513605942,0.09042119310905342,-1.5094326792767272,-0.7672062979588954,0.5193506453941243,-1.1330166172322556,-1.1613086223472469,0.029579638814313688,1.4336857554343347,-0.6461495567575714,2.302836120846183,0.035892880872654534,-0.6343811160511679,-0.5098065346953801,0.3693715378285594,-0.6376183847194541,1.4958695350066913,0.41913921982144325,0.04435272090848937,-0.8159386256455649,0.15578735029691645,0.4965185244299879,-0.6890314257259478,0.12085910352305082,4
-1.1180645687260589,1.2787133015031635,-0.09350491099351275,-0.5791470419785946,1.779702470852679,-2.240674097306186,-0.7721269387947256,0.8345347789222152,0.32577809447343226,0.1863471314644889,0.01554508719844441,0.26447998481398766,0.29680716497339493,2.0341450756830666,-0.40334857442891886,-0.9520016755527639,1.1776348117667017,0.24528591450177234,-0.03400229308889694,-0.5256675877797793,-0.10807564911195267,-0.24342265148800687,0.6635282869532875,0.8091396822419152,0.3712152730235755,-0.4094364049661261,1
-1.3534391925269704,-0.038336658227920095,0.3190740083215344,-1.203938732611164,-0.35665459331802357,0.4760833003310783,-0.3275057507571635,0.08853958291488366,1.421730637808083,-0.4189454420053318,-0.43701218319231644,-1.3868181043641825,-1.0364149160974778,0.24037758802819184,-0.12165284104968223,0.8810896720438195,-0.5002162836280845,-0.576378129566014,0.15785653564256547,0.6858777486083645,1.0619556998327795,0.2238891210884779,-1.0741693392258076,0.4309258472574776,-0.30849557895995183,0.38422404951797556,2
-0.9929380140761666,1.3986328850960246,2.7023887111469094,-1.800091445622131,-0.3132455991316227,0.009712751361074563,-0.21011887799993598,0.8387955628149509,0.6758502052809255,0.5164250432128094,0.4567511551021528,2.1727125341577525,0.802435570204658,-0.7233036139089009,-0.8359227094647897,-1.1610562114062684,1.0964670195314756,0.487399298329528,-0.10135019668095636,0.2506337372523573,-0.03401003203101343,-0.41617261111052845,0.17346621573093274,-0.36425384935723903,0.2714688747770639,0.0515858071215633,3
-2.893094828716602,-0.09097718867702043,0.2561246496022535,-0.9709881073660624,-1.2238758443358757,-0.11687813583279677,0.23994708831679634,-0.5148366493649376,0.06237248136015058,0.81967588642471,0.7820956077792127,-1.626949789768013,-0.03531348422258767,0.47233743492180347,0.030467028364751444,-0.9081468562790914,-0.5321342204760068,0.33100205431409,-0.20986089050787837,0.2650892710293277,-0.29111071998179516,-0.1440593311007481,0.3452379998624808,0.6306355014714558,-0.3519162850001534,0.283674566096692,1
-0.5870968547259088,-0.21075273753751017,0.9160609021528437,-0.3738813954663785,-0.6433275433366138,-0.8694979229738263,0.11358859686236188,-0.2351771958726457,-0.9364249758747262,-0.4745148545444459,-0.4637709422685855,0.7969493655194855,0.02474255208572108,1.960023623190846,0.25835727108513834,0.29018775876441866,-0.15533580224791546,-0.10627312522051456,-0.7966028393821807,-0.5131098531176574,-0.25924948062611386,-1.0688090325993493,-1.1666992535788692,-0.07365977632091018,0.18694675086056045,0.21455650978939478,3
-0.5076751693771048,-0.9777528870737122,0.017343806021362054,-0.31004357006876443,-0.4962325782911029,-1.2279058945967436,-0.527576801503735,-0.7333749351602419,0.14384925102992827,-1.4463930553175817,0.4778505447516292,0.04214332131920487,0.4456232240807796,-0.7263674778918818,-1.046362521440503,0.27146811898639067,-0.7700974179064137,-0.9185537369558868,-0.4277274317372442,0.20932027220284058,0.4283519780947771,0.09227045917987996,0.26857524649299436,-0.402054864639427,0.026657317595807934,0.06486243157045259,2
-1.0520671195426703,1.4411606005164976,-0.05746803568508069,-2.028110435483368,0.9700429639720849,-0.15292686479557505,0.7871849446859102,0.9324908805240493,0.030650869366566268,1.2401842547486408,-0.5988919470845665,-0.5297126133889767,0.3298798738675443,-0.8534185711887182,-1.3863734755450123,-0.24619907911343827,-1.0052507701872109,0.41522461746221373,0.07219744535845628,0.8361723804029423,-0.4009458401520352,0.0590604347487586,-0.33533977540619,-0.14583092989553473,0.5347228432402988,-0.2437862862668416,4
-2.04633331815528,1.9895661115180718,0.04037334735494191,-0.887260888919222,-0.07786875835408702,0.12905384117010635,0.4736967646994053,-0.4258880818986848,-1.018983338272616,0.3795195738009887,-2.3909326599455376,-0.8658270901997147,0.14437470394437035,-0.14292751292201716,-1.0755926739558506,1.726538279805743,-0.19017703072258493,-0.029933566710277845,0.13485096561143586,-0.20288404050229628,0.7317685567214034,0.5872639060912377,-0.6395264965449068,-0.026503455475737604,1.0057226225474636,-0.6824693742045188,3
-1.1616122213153233,0.8067545518140422,3.064306327130599,-0.6367509262186941,1.1150338552635313,1.065402420345425,-1.3933786620049808,-0.4885930421800355,-0.16159355902617067,-1.1647065779038261,-2.4448631982706868,-0.4954674568451492,-1.0210787987180918,0.3750680642596288,0.020464170560046926,1.8327734296588571,0.26163553851892396,-0.5509738424312023,-0.45495907612537684,0.5495176764877187,0.18168877441743211,-0.6363548076677435,0.6009173888775768,-0.6279583141215614,-0.1481432580569708,-0.05974616545883065,2
2.617133934446201,5.058329495479471,0.8172953520101207,-2.6769278798358385,-0.7254594793964999,1.5243007829313315,0.19665587302664644,-0.04500964189955136,0.8767283827375708,1.2716413401757902,0.11807758125408474,0.5471547870273302,-1.106353645104434,0.5720429624501294,-0.29187668394151767,-0.10488240630548695,-0.6792174228332288,0.26065526086304813,-0.6428805470094212,0.7116656034009161,0.05274696919043679,-0.22435180319085393,0.1696979871439227,-0.45025535853220294,-0.13129784519192142,0.13570525887147292,1
0.20367176411710136,-0.4409186207288273,1.8026198634351565,0.8032822998647847,-1.282698892158906,-0.025351826368275356,0.7050233153321517,-0.8422122865885157,0.0596659606892483,0.2844240574324899,-0.1332080471126821,-1.8447622598578248,-0.9789179692815921,1.1178633681244974,-0.4473043259709554,0.03301271012656732,0.27221414184498827,-0.9160198484905177,-0.9506705220073595,0.05394521163366529,0.5033549000969295,0.16697017465319144,0.5433832823004481,-0.4065157741850535,-0.12156059680812699,0.04245173441970614,2
-1.3584452522059463,-0.1359551173918125,2.2119524130370576,-1.1959644138638066,0.49497014005832135,-0.7938748355864844,0.37477153310393657,-0.39058016925590505,-0.9466063045189314,-0.7070099516978058,0.9003766763009827,-0.4924911820825854,-1.1934533007747803,-0.24470860802635253,0.045626721669099306,-0.8761704584096883,-0.8329927863232856,-0.37869090973280956,0.2517356939339279,-0.4359081630168247,-0.055903448300496886,-0.7161421006594116,0.3748964654860794,-0.5567080788323582,-0.31562019224033566,0.021821898357441426,1
1.3529576518082234,-1.7755766590356332,1.1676327463303702,0.19586194857562478,-1.1528102622623702,0.4882227341752369,0.554963205356817,-0.021069672271020887,-0.5087412230677836,-0.8077649706359936,0.7390746464599597,-1.148509448289714,1.1831629449132044,-0.041724226203138044,-0.6520863952557571,-0.47404409004373477,0.6637137862535158,-1.8363561114082272,0.24073116512714002,-0.7088425501739075,0.2696726125262669,0.9885535546125696,0.9917198992847676,-0.4416428562440213,0.7863947385109189,-0.07272794933854843,3
1.8095414457758088,3.2942511027145978,1.5311749214242576,-1.1107011241902813,1.3118263712764309,0.3594496577024163,-0.4335744160330982,0.33850517232741145,0.24873086162484268,0.7525368845018884,-1.1915371553146923,0.05401348472092441,-2.1969704048080687,0.15739186568666477,-1.88093671620706,-1.7744387522700678,-0.8933580490972269,-0.15565533981396765,-0.17280749498539993,0.7277243646673934,0.6570638013675301,0.27125269800196194,0.3261099268830012,0.7681289474927119,-0.02322622397784561,-0.36550826901614436,3
0.010413466544186354,-1.564474097429024,0.14673060642135533,-0.6988985619988055,-1.2345728246271241,-1.4237459387891664,-2.5017796839242714,-0.04473697742584658,0.280644905113718,-1.0088133006676276,0.5828431128873088,-1.051003881135414,-0.012622899383296611,0.8565555580166742,0.730828811652195,0.3184664112780996,-0.5561856859611973,-1.10052439449767,0.9076055923996745,-0.5072779214969434,-0.21884205043138477,-0.38104909096303713,0.32277152326985636,-0.4105465733374702,-0.23799845324159188,-0.19334499919471693,4
-1.151664222877644,0.446551643604369,-2.4022325774234403,-3.269265369883454,-0.09775712806408912,0.7114245755718026,0.8668134418924942,-0.8531412733420607,1.2607043262533133,-0.054104421399057995,0.02249056401149545,-0.341649027025924,0.22921259808412084,-0.6731893222850077,-0.6554668390871242,0.9079825013831173,1.0636398540264016,-0.1425318790993471,0.3383128441444653,-0.5961460962189336,-0.2998087407245163,-0.41253032236685944,0.20721537437893092,0.40893942360518165,-0.6506355223885365,0.10213218098613415,4
-3.1748719177566054,-1.1416504468746889,-1.430126016861218,-1.1051317637126676,-0.3166957729729423,-0.14775342141543182,-0.9182324317243864,-0.3591681873742896,0.776139085117776,0.4655238832334734,-0.08352463360914379,1.3089367851200144,0.8801368735191964,2.296579236604627,-0.5995069361059823,0.7831807290589995,0.9725335342371346,0.4631813564976733,0.36731478074940127,0.09871945099751042,-0.1593863269648838,-0.37596604951173523,0.3833844712576506,-0.28734952970427013,0.2886506787511936,0.22450431827473594,2
-1.3409174361690805,-0.7476775813311765,-0.24128293792239436,-1.3245206618249243,-0.9721259372556631,1.5933516233442124,0.8699046849186883,-0.6745618580263575,0.7746245755044622,-0.14726426724123268,-0.29425927460962975,-0.19537958304507785,0.7125182903454477,-0.12680647623482158,-0.7770083998897602,0.2931193035643522,-1.0882028800667616,-0.6060781127610539,0.5495534256778016,0.14322481541746548,-0.5279404744342442,0.13758476624302082,-0.4465434221397609,0.3825024507759778,-0.48559876938259566,0.04827166345726198,3
-3.3104239957974944,-0.7454492902761176,-0.3314980547445371,-0.3709902260814852,-0.10449066849461457,1.6452058934639486,-1.0116910924835176,1.7033242586990445,-0.37897234596919976,-1.7319434378595926,-0.021907145255263473,-1.1088746338682345,0.8296478596896447,0.9192409948357524,-0.5193051772556625,0.5808201209168086,-0.21975941282146153,0.5541267677249708,-0.405914768558937,0.6214572606234521,-0.40999150659361117,0.3735756240052324,-0.5996323928942209,0.7441663867410567,0.795342830530077,-0.4093440697240905,1
1.0234199629530742,-1.666162037038456,2.501504038028292,-2.5195087794510473,0.12623700428826726,-2.065555180548294,-0.5303730871508824,1.1153231626466196,0.1935192175576032,1.2388029810005323,-0.25188069877218316,0.4081895221952208,0.7623109940190951,-0.8249594484157263,0.5971683937536746,0.07979261942908575,1.0289029784569912,0.024423778269069565,0.2435807718623932,0.3137838402495892,-0.3808840247640371,-0.09443908607567515,-0.05203924753156432,0.5185818817855724,-0.10835849100651841,0.4957321465201706,4
0.8397127203475925,2.0850412099896163,-1.0514316322707111,-0.24656851481453837,-0.8324905058185802,-0.5294106166871858,-0.3677193747936505,0.9933364102820413,0.2430211450981058,-0.2809213942104663,0.16559811011827458,0.9577882629755777,-0.08199705719514158,0.3750527335493096,-2.237108563115068,-0.7112620882008693,-1.2028733165200385,0.4670662390599029,0.6311001389722924,0.1513325590801689,-0.716169298462356,0.33507529449470375,-0.5343727703894602,0.5419653792317323,-0.7221432050628882,-0.2673127883579647,3
-1.1773630520011693,-0.4100115370567124,0.9972444096391067,-2.120944510491568,0.05978499623425842,0.6396315141274912,-0.3724247936508132,-0.5168922518641921,1.1180394099188984,1.4660006220366661,0.12384327964906415,1.1525522040168013,0.4321107776329065,0.6869733967271006,-0.5346181156139115,-0.13481203859310686,0.6207547949060592,-0.5288832536329634,1.1432167451943724,0.2350844482091247,-0.2816385262511415,-0.33577012001307915,-0.17396892761903535,-0.36710965598452516,-0.22700915346475095,0.02051266435242226,2
2.348102830857212,3.86047933154349,-0.3031331535687174,-1.0890745509361976,-0.0550175268914326,0.594388417947414,-0.5157854021984934,-0.8294438563586144,-0.29828170482626976,-0.4836599255224839,-0.3841695467731018,0.4559790282967067,0.03201734990526092,1.235368334228653,-0.7005234903047521,-0.5154141666479395,-0.06992932502872856,0.8433257055882482,-1.4077141059425178,0.6324848473222808,0.024472220421406673,-0.28980665536778305,0.22506896721197917,-0.20200771795775255,0.15671379242077177,-0.9695888905196621,4
1.9621142672137217,0.5754780878086314,0.7434077880961885,0.3717549508294419,-1.2572237829234827,0.08912692651977323,2.3057648098720724,0.4376812533798866,-0.7678808653444477,-0.41689925154045765,1.130871786230146,-1.3155813529622375,-0.21219344860010184,-0.5801050199497032,-1.7864640838406485,0.5375355874820069,0.2979688102569836,0.07318782424597527,-0.97536009541253,-0.575324680168084,-0.5377521651521516,0.047837711148468076,-0.3779719174304995,-0.14340574491969246,0.5957144938401199,-0.4905291532248001,1
-1.278643390276952,-0.34062186690831264,2.173102095774264,-0.25568768381951557,-1.6097763262989107,0.15901159156597885,0.34306836469042923,0.3686730737425757,0.956970759920655,0.7254203790226952,0.2977475978754898,-0.9455751326700232,-2.0654218577964616,1.210799367738372,-0.07828060674426578,-0.36288420334028637,-0.7552248102881348,0.2150486938445256,0.9138870627995399,0.6235103200426845,1.5511684486655988,0.057421395596151094,0.944747006651408,-0.11089595015134988,0.40123026925771355,-0.8172304452789756,2
0.2816827932755626,-0.2590497691388986,0.10544857153869891,0.46255232725016576,-0.7485495647241829,0.1007074232854945,-0.2299273262215387,1.04011814288494,1.0204510195116203,-1.2929760469895484,0.11253689140714927,-1.531620468015523,0.6816671880749187,0.8820003495061272,-0.5317163971016035,0.2688257212201683,0.002338880744825762,0.18097322794613677,0.5319783912475157,0.3981790761995153,0.08091682686667921,-1.3673590449093327,-0.7067006011451488,-0.26835277842206645,0.4011157774644151,0.6335015116176064,2
0.8942620613682434,-1.5765298084641357,0.05133157098551728,-0.3974334872668031,0.31554261352681745,-2.447080701752408,1.0260156706814738,0.9020556293366088,-1.592281980233541,0.21932694438402034,-0.08641439694023612,-0.9030995956024802,0.8148968422934396,1.1610270594017555,-0.1518883120540064,-0.03936621666404486,1.0392295988967168,0.48857094512424654,0.5818682510785408,-0.5725371082398473,-0.23422158791524977,-0.5114085149909535,0.4954930274698253,-0.14976482542942116,0.4639896036330392,-0.7556919833776242,4
0.6168349911223292,-0.6878625033575054,2.3854429085035758,0.7354312399961614,-0.4567841391513962,-1.1132637660810847,0.872974695255581,-2.2120561384320827,-0.9179654804330789,-0.8370673907342993,1.4025037928029598,-0.9554426354985149,-0.2252460910595598,0.6373127542016855,-0.14403819199096524,1.1233482990973465,0.3049419339884717,0.8942459474738599,-0.39354795566136075,-0.5478822875466949,-0.6012063571761601,0.11739282937681852,-0.19515561463118797,-0.25356828005475096,0.36762992972717656,0.4615482385214878,1
-1.925523013242942,-0.9591486788685479,0.7020512650952184,-0.37297974878554835,-2.3995164241624725,1.210690097467974,-2.214956959929524,-0.05491973377142248,-0.8772495751741636,-0.8695000831137727,0.0720596244470106,-0.8724859488855115,0.9967156965738796,0.10990717498896495,-0.1991995531868383,0.06742404863410313,-0.8090195670774063,-0.08587325114221214,-0.31162972812471906,-0.7024026777309814,-0.5720757296442075,-0.05757368039868128,-0.41377251044956276,-0.1373720973652329,0.45656875374195843,0.19631178981535183,4
0.208468720587392,1.5926481340718588,-0.3701033731694023,0.2211446850258857,1.4426089563309568,1.1713183584278655,-0.32976909913020186,0.12973717752831987,-0.5861938423824413,-0.5440677404485542,0.6147234087426962,-0.9563069402200366,1.039956560544225,2.167613302369215,-1.068684277957288,1.5095691942207377,0.31196006722274616,0.47429866770436024,-0.9111995642961394,0.4520753297875034,-0.18543998904543904,-0.09887983385189295,0.3893344131956181,-0.5188530677944851,-0.6445696315045853,-0.5011412233037692,3
-0.6039645194872996,1.8846344842950393,-0.13393268839721773,-1.2814446016745078,0.4783728660615412,-1.277473891022812,0.6280304048876609,2.314920192790715,-0.513148450518571,0.08157684282814888,0.30352964221376466,-1.3974751825701623,0.8653470962096224,-0.5324710608167447,-0.8219927505791954,1.750154230330331,1.1713274181903417,-0.1953114741295768,0.6217654636452272,-0.8244530623232047,0.3533512917658984,-0.2329642391971155,0.05317240461990771,-0.6068070869861995,-0.7239404488764914,-0.34337511265907433,2
-1.5356516384408307,0.5361128098408691,0.4788175798341024,-0.42223242976142505,-0.5581078030771636,0.26083175743290843,-0.23659701341698955,1.6398641526824256,-0.17291267733330676,-1.7553473475992973,-0.3928946697623997,-1.9037074261048197,-2.1040323918786408,0.43943286616463817,-0.44874704939861826,0.25803782309082574,-0.20543421146255406,-0.5178560151227142,0.14930454238450533,-0.6372107344459315,-0.6295252246456625,0.2837360918311464,-0.3569948885205786,0.37637197413630025,-0.20212722584925896,0.3077415483639783,1
-1.370564343204313,2.0875063230808677,3.0453076809411472,1.0644143002902182,0.009707963183230521,-0.2620499287443407,-0.18720984092150178,0.3942338717583058,0.1658429930930065,-0.2802372450729743,0.20443279387587177,-0.22668436756526053,-0.03205617569429139,1.6196069390313879,-0.49670447812666824,0.05099039304105521,-0.08387748068565631,0.47685493369213466,-0.05545271726200368,0.7051322799488858,-0.19386092917396888,0.0043544695709056185,-0.018570222605328306,-0.3850030915962788,-0.29098335385727286,0.03811794268117105,1
0.3582119575619669,-0.6723795249037261,0.37807519978943227,-0.614174588875024,-0.9471417369878141,1.159893865584029,-1.3705086039951269,1.9261516310832616,-0.21841033445402425,-1.9972344888151055,0.1229582930707989,-0.8313340526079411,-0.5050396680933561,-0.36677644514899893,-1.0077429196160617,0.5336863477180588,-0.5859522783413946,-0.748077965161676,-0.47874348772855296,0.5430532767987263,0.5651538840156185,0.155669589864105,0.10652363719761798,-0.48367797844523724,-0.3221669275070194,-0.24906903969982794,4
0.74172849707654,-0.865728713814393,3.0632007043848355,1.0600738408082175,-1.7562917052168732,0.291000024496649,-1.384514272099536,0.26225650766778935,-0.38176414310323975,0.7279367952317009,0.10268404402925607,-1.0059318137502118,-0.7984811952837461,-0.48782018784126274,-2.027429679007928,0.7799782248897313,0.305626619612294,-0.8755421272683143,0.05639969596627125,-0.0013605315658466635,0.6346634538754029,-0.045416241850440665,0.8789666135746892,-0.5455685965775892,-0.09062112989510437,0.1317019959001742,2
-0.4417700650467079,0.3140036428870402,1.3309186947187752,-0.366505831339614,-0.5458369794175281,-1.3117701238714368,0.004056743071237282,-0.7966615940652144,0.09142192186098415,-0.32062129314597815,-0.3529838984004951,-1.6596239421553682,-0.6005481629284184,1.3943374526405201,0.9217069735062657,-0.47572492367645763,0.055765977325566034,-0.4328383942330948,-0.9189268665030486,-0.6208356790923494,1.0835972654325963,-0.2606566259992081,-1.3715062517725745,-0.29830591123530326,0.30573505176117777,0.03745948440087406,1
-0.10882614375386221,-0.7721356223193093,0.055021882655521874,-0.2781766436150052,-0.1432962596967635,-1.4012816980831415,-0.00712626873083866,-1.2279351428723064,1.731884575654618,-1.637458103658279,-1.508874226201711,-1.0224486238632802,0.4759639267957708,1.5941679216244553,1.157340788146584,-0.5604036841073582,-0.3095605702560392,-0.7462286812554633,-0.5220396717067678,0.9274596886207026,0.20383998285590715,-0.6759299210653507,-0.05062557041000125,-0.28588655612817143,-0.09621788960456275,-0.2778136130237211,1
-1.1820802314932022,0.375925231595759,0.6332550535185059,-1.0543890923979473,-0.24932733255860168,-0.029112711942599297,-0.6045639832205084,1.8627480148355728,-1.7520591103618912,-1.3316119907295065,-1.4229725058716867,-0.9726440346389024,0.4910944732675851,0.3987450597083406,0.05645921078965552,-0.4024217102696417,0.8637329946731412,0.1877401625433898,0.7122531464206073,-0.9593344583675821,0.9658198003407016,-0.1612809672905149,-0.17731760229921043,-0.4662285387376197,-0.28970281472559856,0.0096506341433201,4
-1.5400657727975997,0.7123737916160702,-0.6832704056633798,-0.4827169647675369,-0.06898173621798574,-2.278234173218599,0.40334207714057924,0.3969639313564873,0.8827915555958342,-0.764409835888479,-0.5932656548147068,0.5590018763604138,-1.161873454317309,0.13364769306370433,-1.5084699386500902,0.7242408602049211,-0.8088402839798869,-0.14003255637694137,0.5001847788424767,-0.6379405114347074,0.30650692776716765,-0.07735630538604982,0.3078939072765568,-0.39871871100533823,-0.2879274273221947,0.0693410341738149,3
-0.7364143214756317,0.9842938209263915,0.45131863498836655,-0.11666480647808901,-0.5003466086215091,-1.8345437954803079,-0.287170285872401,0.39350140662082195,2.5994598268107225,-2.197639261336782,0.5908750523679798,0.20482007744786068,-0.5574233949550286,1.3359479287917795,0.4435978323535253,0.22723715880194922,-0.15014822901464003,0.21561960821350853,0.016088663373987677,-0.5294572647373527,-0.1749470717904083,-0.2503554928907964,0.4443914712082655,-0.46132304272299435,-0.33810389817637826,-0.03471607913077864,2
4.184649460295632,-2.308071258710246,-0.6961896750038801,-0.9803670711812609,-1.4493119611555487,0.8642072976004137,0.5356127884389659,1.7553504667507047,-1.4735523748372863,-0.2484088637688516,1.2380798062029283,-0.4911531818333015,-0.7884809745563928,0.30545886720415827,-1.6704167972145938,0.3497667606936845,0.8353750522698076,1.3159650690246056,1.563631859783366,0.053304401123624424,-0.5015106309546075,0.6682572850368061,1.4309165135987845,0.4704818994624192,0.7274166621883567,0.3605878621473068,3
0.19420378510030084,1.2609864773486053,0.304744406172502,0.18737584590781142,-0.09686634016961662,-0.6648937425731118,-1.5953440286040645,-0.5528145160275351,0.5704797513729972,-0.04095972896163552,0.3444870355929619,0.11679909258024937,1.5866029026477826,0.6724756976992813,-1.1605604770980125,2.092201207113314,0.5080925040007571,-0.24505456053378244,-1.9608007406308399,0.48289370943651483,-0.34984257934173574,0.8222364554453808,0.8273267385502204,0.3801302756059453,-0.5711285964086867,-0.022959075528026097,3
-1.9825899774465712,-1.2509993109030388,-0.030487907410875075,-0.24835902468426763,-1.2405809795325693,-0.11850831189857323,0.7837471746752019,0.500667410465473,-0.12897029112276245,0.022112781573105516,-0.06576900724409564,-0.5398099716871095,1.9881983485261088,1.4490319680680286,0.0943944526144576,0.19463550262964704,-0.15844226397300107,0.12673858823931283,0.19818311584789083,0.8654099035333249,-0.2692158123077772,-0.04217136389336067,-0.7716702015808953,0.9644940196300432,0.7876820280098722,-0.1995952625416559,2
1.2310510983295337,-0.17252995123959733,0.6417978963448465,-0.9024961680190593,0.8909214464487223,-0.25610223492872886,0.9724290625385001,-0.25321880129263963,-2.9404628543198412,0.6672428568349149,-0.039075776685268154,-0.7503679822013649,-0.14526687106655267,2.019300627419541,-0.06372146077466384,1.0517048523039205,-0.4601452425394061,-0.33337833858786364,0.21692359621336135,0.6347819710241253,-0.40361465077118325,0.2368332666532752,-0.2813564112747865,0.5596794716863129,-0.34171354602610055,-0.2819207359363023,2
-0.3824840014233493,0.995167220631086,0.2627784685322067,0.3831209374926224,-0.4723055658940456,0.8342794487334917,-0.4676778085065645,-0.9409470797806508,-0.6165159542943592,-0.42646467745159616,-0.44694834345441914,-0.521398559001615,0.15076033034177067,0.9272738724353405,-1.5168564553407566,-0.1771839149769639,-0.46809775591099323,-0.3849384070992951,-0.19444931437534319,-0.6418138523777444,-0.2687623193256522,-0.3291070127082169,0.33439825925557226,0.5460104199512266,-0.2835232937462488,0.3165954781295553,4
0.8276927171738533,-1.6122506813684834,1.9844258232720027,-0.5789414391639187,0.2916062209565246,0.6802485136615761,-0.9515870470558495,1.7007504553803436,-1.5190454674343428,-1.8958302144957564,0.3443727453132317,0.03904694557560115,-1.2043884850323818,0.777895741758166,-0.7048133353726873,-0.06868843389225923,1.2968181422505507,-0.3276776430828193,0.3717443405438127,0.08628780822048282,-0.38444728576238363,-0.15706436933284088,-0.12290082531362699,-0.41887397685375494,-0.054465806616686006,-0.2081195908245519,3
6.518290827374221,0.20952450154363525,0.04633263417387663,-0.039872317841152576,1.6487617085926562,-1.2423228059494433,1.1239995556238036,-0.577854495580017,-0.2409438238813604,-0.08295133422641139,-0.07600888421025113,-0.17856846727898654,-2.4711808766729715,1.3007710740448548,-2.2515831742278904,-0.12431343392432027,0.4926431855576237,1.198943102946023,1.0812587149460962,0.8533672821406303,0.7917434101834976,-0.9858287384322653,-0.1966565819502165,-0.43786280226699503,-0.5533386196693827,0.022869629287400876,2
-1.441271891400988,-0.8455282734595433,1.18411926132014,-2.573913510796869,0.373903036455798,-1.7647197589127064,-0.5649272719587505,0.02096164482453284,-0.9046577794919097,2.159572945734494,0.33791339923746383,-0.9455352699298072,0.9682562484639399,-0.6218907943135382,0.36910524571430514,-0.2880839162877861,-1.4405968784339995,-0.2604602653588938,0.05778264835990927,0.8439727343723901,-0.5374312191858244,0.35742132243062663,-0.3732198459570754,-0.5452613093950129,-0.2787907966534095,0.07671001515028181,3
5.106116033824383,-0.46591985815936815,0.4127572826044669,-0.6193247834898148,-1.3249621359560195,0.07444631576501362,-0.047737824213612286,0.14725558182933016,0.06499149038873918,-0.4125273704597345,0.028505690239902872,-2.4865675186084046,-0.7625274141934366,-1.2545725468609137,-1.0635040696625053,2.132530685072571,0.15764531639123672,1.328525709215935,-0.07597435089407861,-0.6313859459495238,-0.2086083644037582,-0.4621919747752841,0.42157338733633865,0.7619688496225177,0.5872099221754815,-0.06121798149574023,2
0.7939587226054172,-0.7877326238418375,0.6060780071520362,-0.7312658008559803,-0.7774018037330738,-0.5107687203617176,-0.25897294363921397,-0.4656653843454335,0.41815879652871346,-0.18677059810987906,-0.5449988291984941,0.704598555683584,0.48344212374045453,0.3215209551409523,-0.6884508937613683,0.9218212332942646,-0.6999353797848408,0.9060690593147616,0.48834450391716616,-0.5975687591437935,-0.1611580662033609,-0.9405627162527914,0.07717734227154716,0.6368217063559197,-0.5391226101936806,0.1003436027017901,1
0.5910461350922576,1.3336250696922198,1.0098852119231485,-0.8393324282219811,-0.4678549082703297,-0.9215807575478605,1.0096837585749123,-1.2583834706677504,0.7002180232539682,-0.940386449732474,-0.2721373093614514,-0.5874180193176682,-0.8196182077389086,0.6368819493681624,0.40886503866993,-0.14121056632963747,-0.8857058800258376,-0.4451095768850575,0.6359913141467578,1.0393709318039235,-0.08529247477549123,-0.5529245299264081,-0.772413771506172,0.708285552493676,-0.466910749699597,-0.006181858753234513,4
-0.21673368386942984,0.806172093557927,1.4896706193823275,-0.08470755547901557,-0.9788356368385734,0.0029993665742784914,-1.497996783701804,0.47563828364534755,-0.3802764919099751,0.6923478512496466,-0.5841360947997053,0.6794623843008022,0.6667298649366399,0.3678363267095916,-1.7787172850066901,-1.58069061991508,1.2594055811287588,0.5232455057909036,-0.19657950235870997,-0.07244032766234003,0.8479746367008358,0.4379497939884232,-0.32125224588929807,0.5546915301547082,-0.4637747753049862,0.17957584041792862,1
-2.1531589762940113,-0.5403023761701901,1.1107707759233938,-0.004256627896264855,1.525941605370205,0.9715482051934227,-0.5713654734285479,-0.9663836994556321,-1.2258194794167903,-1.1920232340227745,0.37984793452936255,-0.8099787393439546,-0.29580324497920574,0.7838243027901549,-1.3229093042500957,-0.8212694193225261,-0.3162736634627699,0.49059433932936364,-0.4035472251919568,0.7801890060349876,-0.4589739467142119,0.1872453271054054,-0.2704804382098916,0.6797783000584781,-0.15858123668232643,0.2824605939273023,1
-0.2859782279471587,0.6358806371450529,1.8629651121853859,-2.0454785991753295,1.4943039817410944,0.4359927077196691,-2.0426608027279247,-1.126132391142841,1.589315120509309,0.6233377234794908,-0.6072012682276023,-1.4210742319194605,0.019366714331965,-0.17741743351567738,0.09202054896913987,-1.194864574081515,0.5975991208300317,-0.45462443158667454,0.6151761907223022,0.4288735938573064,-0.10385480823228373,-0.15253371525907755,0.040282174826974715,0.8827031093972582,0.8133899819135126,0.24107614606217315,4
-1.41143842655742,-0.8486252529816951,-0.6276489688352013,-1.637947936578851,-0.5716387729567529,-0.32102567895955897,-0.777611498741549,-0.6861158804130959,0.5709178437474324,-0.9838294028843149,-0.05941889939142945,0.8147380900715858,1.5945303071086,0.9488657862097633,0.26942916850767995,0.1080969429685715,0.9335374149713609,0.13688714694773535,-0.0874828782105215,0.7152691236288776,-0.1290754672945674,-0.07348797884592959,0.43324171725712246,-0.5133196972926309,-0.16465758662484722,0.1893027469023468,4
1.9981379711639342,2.9811491555251264,0.5670761935796632,-0.8459559402002305,0.2746983500996087,-0.9831458241980262,-0.7744967870827439,1.5871805238661998,0.38096761524540207,-1.132729396016525,0.854188726338201,0.45413453987361185,1.349313259437368,-0.2766709962214847,-0.8167393058723015,-0.7824954690636726,-1.495965133605419,0.6925692292111172,0.6706334696379813,-0.8037072428602563,0.717797049146441,0.6015997152453466,-0.7108797797580039,-0.1764818041107297,0.07440375742789135,-1.0466866919547788,3
-3.4824787723612993,-0.6616443907635646,-0.03466060510025551,0.9249532373792697,0.7013765077456401,-0.17752714333393926,-0.16748889383809995,-0.03330869705610873,1.723110947965979,-1.496438305565525,-2.145812526790867,0.010797770922255976,1.622318847786244,1.0024165159032599,-1.3819359856420885,-0.3390687659601148,-0.011681977066103917,0.6482678525334282,-1.1162438866249373,0.5677371440166357,0.42516740159335487,0.22079632058563634,0.36118682211949377,0.565790758460156,-0.3803529041325332,0.43063888708629666,3
-2.587332847394816,0.21826749745311258,0.6245156511478837,-1.0731273717641412,-0.8047574472006038,-1.9891096172874196,0.41755881351795104,0.38369393575386396,-1.7746140075126122,-2.2609710238183927,-0.12175279644057366,-0.23066946433213753,0.413662615275585,0.43758389195805475,0.9273294569042038,-1.4965139305329689,0.15408850024939602,0.5680801513366686,-0.023434741673225193,0.22467784726893525,-0.5948734128218605,0.3078281867931688,-0.7851370158578582,-0.3555405230096554,0.41499864720407936,0.057421565474974866,1
-2.1679446123446935,0.01282974753337983,1.7566875781301465,-1.0251275639216,-0.5518620306031732,-0.3039100075063753,-1.1629194513571885,-0.08736192978972067,-0.4613477783139926,2.5334722909660963,-1.8543776780627763,0.046775172077135684,-0.5355961416952396,0.7167853356073229,-1.154374110722083,0.22055307570201696,0.4362648568176985,0.5120053919479635,-0.23214539424540537,-0.008453304832626532,-0.0586148849328716,-0.31146523692384914,1.0796203210112014,-0.12768067263104985,0.8122771004537619,-0.49682812219219297,1
1.0634430527434737,-0.2747085236954229,1.6398725921209412,-1.7839804431676993,0.45222505022838233,0.16396957532960058,-0.4711004178151606,-1.4680708072634086,-2.0958392787359807,-0.8423872354915217,0.5709339061427335,0.0363151777870378,-1.195721003311231,-0.5167284995310877,-0.7799211937869676,0.03624925954595223,0.978126475528878,-0.03760461844245117,0.9338379873017336,-0.6877832660701347,0.28518844924832626,-0.004053740986254084,-0.2737512573747558,0.4707633369428216,-0.5672772825413414,-0.0738818214965927,3
-1.0845596207708785,1.9247120916878708,0.34675932999993253,-0.8316009545560114,0.5413871373327941,-0.32093322713945577,0.6004069945089126,-1.0073356076006745,-1.7473233867432167,-0.6662328729425958,0.201851014342631,-0.9936640495510524,-1.4045563938525862,1.0267699432059492,-0.6009781815322233,-1.285618703102499,-0.250646691472062,0.33174686144002485,-0.5256599748398131,0.30548172307833343,-0.44221005730233803,0.1788705534649208,-0.22837042028680868,0.9433013138867886,0.7802811532970456,0.07194604155335317,2
0.8769709110199313,-0.9518699470356075,1.6182908021164428,-0.06063281493242387,0.4440962620112327,-0.04922859958884007,-2.072205224558985,0.6748579453652005,-0.92381319169079,-1.9078509015447707,0.08774815686356836,-0.8604484886756363,-0.1813718539876953,-1.1256938118375726,-1.8036108841789054,-0.7328131753097106,0.8416620199505861,0.6795059525927403,1.14098845666349,-0.8722082917302052,0.6417819474196447,0.31111263876189327,-0.6780872997662166,-0.4406663860148451,-0.5621104849066434,-0.5859515697106245,4
-2.0218712628862385,-1.056753986804304,-0.8991502080118352,0.1417691762451259,-0.41516993221117265,0.6474696606305016,1.2536174794759523,0.09410994706677557,0.8534060113318618,-1.7720940950974347,-0.07971746069678126,-0.7034505627988428,0.5285751555017442,0.670819893320543,-1.1964442472426546,-0.4151520796506354,-0.5863705260486547,-0.23022297586859172,-0.1697088835459302,-0.7686669567153902,0.9615385045774938,0.4892957196148704,0.39466401184692046,0.5585007105482281,0.2773340677636921,0.06194676030881431,4
0.1764784742586728,-2.9091848556294972,-0.4132784630027543,-1.0962949271310782,-0.7370449319669437,0.3597176771365495,0.7880385743681909,-0.4941352255338733,-0.9276229897522373,0.14249414204527103,0.07190257604061198,0.36906345150911263,1.5576043422563093,1.6807704437792097,0.057021356185202536,2.0765574182300988,-0.9442694398840553,-0.5851545421043923,-0.008290380120502965,0.4609322293835485,0.7514380414946499,0.48335640025688864,-1.2124576395000863,-0.45408608127517797,-0.14467714765676457,0.07867330566090666,4
-1.8755147697063121,2.2161427750334783,-0.5155717148556501,-0.8604934509558484,-1.3561262032688486,-0.45892292141034624,1.1650436522333887,-0.2503306491460416,-1.6217611672391399,-1.0483505272739009,1.2867064516318047,-0.5507159768116316,1.297907963875256,-1.1390737202732548,-1.3950817703635878,0.35439625363323285,1.7029902369827858,0.05285268979163069,-0.2968615893340122,0.022074101805848324,1.077727082349811,0.05641001684618336,-0.20514967023564587,-0.5587529175652105,-0.25247276873476443,0.14628996338282546,4
-0.7297842524995083,0.002626408710195411,2.1229367383559707,-0.5883029146585393,1.4057778651437067,-0.849765644801091,0.757264304075404,-2.5882271749314016,0.06934940878749421,0.1919055366092179,-1.0816917780399526,0.3244111966450327,-0.9914297003869146,1.3368889137294304,-0.3480450377884597,-0.23181435524499894,-0.456263557297329,0.4648782612040306,0.5126351708271495,0.12974131439937855,0.2717845081037833,0.13857631496514958,-0.12222993188093632,-0.2946188960621593,0.02599411044120882,0.2978403063656448,3
-1.5022191892712182,1.0022238184929428,-0.11939649979574728,-0.33573448741504364,-1.12305789470737,-2.4573993512074255,-0.6974554588972158,-1.2102957003311567,-0.08487764801243187,0.2953721440642623,-0.2892035211769031,-0.21026779346771152,0.1350528645435522,0.8313220118583474,-0.2731939668813911,0.671135690804016,-0.9454902894191515,0.3944856332354498,0.8409342883757466,-0.6058197592575892,-0.39014714040908893,-0.00872702791452808,0.6183797442651829,0.34057645310084117,-0.6635841717137065,0.25855539461838556,3
1.627791747971843,-0.16823787846759616,0.18881850313521187,-0.5795803104941548,-0.9638044013813952,0.6490544620033434,0.5060298176925574,0.5792541456586896,0.6241354106736536,-1.4950799907929733,-0.006987255661385295,-1.416355249698141,-1.1441881490178718,0.9488132418434126,-0.14790939177241305,0.16518177129852055,-0.1977323583925964,-0.2895668064109382,0.013709150093759124,-0.7589312988611558,-0.34412163690556113,-0.13004615319781224,0.33526651412738817,-0.4557844565843145,-0.7527018767531971,-0.6461782201353362,4
-2.126660132820194,-1.0289824922059487,-0.20346499992731903,-1.3014812836188918,-0.5253355195777971,0.067015370707232,0.01618192390457403,-1.2142727727869163,0.29753686562343085,0.22183960179420453,0.35439591841503626,0.7726100486967791,-0.6287511457147299,1.6181877402277294,-0.6297141835486288,0.06442514758638802,0.06293494743570843,0.3785486998475845,0.24308939053715645,-0.7191208672809746,0.3642639792642832,-0.16596537571065598,0.06535809229707268,-0.40192171034127205,-0.20284485804212024,0.24325405875529485,4
-0.6119670316960428,0.7109495178679976,0.8510857111415803,-1.8500784723474648,0.45283221751579905,0.7522566938520144,1.878489107406287,2.067837862960346,-0.9833330970623042,1.7621552264776683,-0.6797557268892372,-2.5922572218334015,0.06689784567980418,0.17332419783915806,-0.35456956659038114,1.6183637701175457,0.37347976897643703,-0.5964223148683233,-1.41639692708635,-0.6115953307295976,0.03716438502894218,-1.5742791330463064,-0.35165422994549567,-0.262569172727164,0.05203937734233625,0.31902202197587604,3
-2.0364330198794325,1.4764725530750753,-0.37650710298614803,0.30809880333331874,-1.3379628241758934,-0.22903857271113454,0.4153548515901712,-0.0480351574869239,-0.6595830248576241,-0.9175070436757262,0.17075689606796027,-1.6566763781442024,0.7848668461305942,0.5844926130085636,-0.6669830048854741,0.1409142328387873,-0.7582000083918677,0.09059711238226852,0.35081729235253806,-0.6168084019856569,-0.2513683557904852,-0.49000832282676104,0.2335206443622278,-0.5505521991703994,-0.2764315548076734,0.18106967175416483,3
-0.7180566555079598,1.6531966931728537,-1.1865411094461582,-1.5718543601593875,-0.9043308521385367,-1.5263947177328085,0.30668872224932214,0.2156055930893614,0.9479055017986386,-0.6630207026451521,-0.06275186018467502,-1.3965016816917566,-0.7205131896511916,-0.6784989377738938,-0.8228675502080373,-0.30143959399824305,2.1307583263973533,0.10640910287296013,-0.5814958709047491,0.30070617050107346,-0.14053725390166058,-0.15589553852050264,0.27083062877068176,-0.26145551646267573,0.5580407672878445,-0.9100710172332694,2
4.5019128595508695,-0.7504180857402343,0.5082531947751153,0.8343398845470227,-1.552282183770685,0.6562619630405553,-2.081921697688852,0.4357733963275808,-0.2763788720134612,-1.311821261880521,-0.9591376717551022,1.1122591087529528,0.9538659671859456,0.9392408386991475,-1.932720269333323,0.03704281845373423,0.5346107183085722,-1.6351412602878967,0.22103146362007198,-0.10728077445582869,-0.5640843379926583,1.2466754069163744,1.4547095430063557,0.18764209744462723,-0.0501280669715943,0.2635028777302693,1
0.2497195839262167,-2.6945230762035006,0.2082904867681019,-0.929774151317014,1.5807158146859412,0.9123375075537484,-0.7348057665526024,0.9380095558163742,-1.2613001609280745,0.650296072941054,-2.277937262208925,-0.45737900298703843,0.8969584721218634,1.5674256026926356,-1.139444716051728,1.025047569628924,0.7585150809842935,-0.16189134327455587,0.12700893613555897,0.4917106540307277,-0.5904584211353723,0.1678543366828821,-0.3253003442515553,0.6144443228603117,-0.3784342736947974,0.17406287302712123,3
-2.9204743648914153,-0.3542872531600291,-1.3157964837638922,-1.2679237828863141,-1.5020720069015137,0.2506091058966392,0.37723285165029624,1.1657321679157353,-0.08716619148628611,0.7281672133048237,0.4835999302457821,-1.7435551435875316,-0.22845747935935,1.514270533401258,-0.2913354485250349,-0.14597099211746112,-0.10521736921677653,0.07433284451392515,0.3427346502797393,0.742012022723946,-0.6393357585808721,0.3837594696896305,-0.7747007020839338,-0.37048651000807026,-0.18765888198849592,0.16093827312184134,2
5.4451831562415265,0.48926971165969024,-0.6191754313995053,-0.4764258117523648,-0.28824041507508935,-0.9558374891433611,-0.39064218700099457,1.1616429966119253,0.1392737024514539,0.4793599030777347,0.6348088434677597,-0.8215790150076129,-0.3865117738514183,-0.32890585826187274,-2.3662434247978608,0.7818141056428914,0.11380980485275297,-0.5250971499930079,-1.7366352222170274,0.7219574814494566,-0.6016351473036943,0.3233659491525163,-0.9113881875490116,0.5055256789978534,-0.9261781810017661,-0.7952753364396352,3
6.2136974173202235,0.19519110614328908,-0.47606225726777207,-0.22976073534828947,-1.0794456414136713,0.3014551765088163,0.4423038259514059,0.6781589347523777,-0.0637803394887175,0.04354904980375969,0.4285180469293524,-2.4548909670576444,1.1004902469659517,0.30008614717840254,-0.8798635299430917,-7.63785454747712e-05,-0.2959572974843907,1.4761110068793921,-0.5354003220158001,-0.7070628406026349,-0.7029560474739701,0.009371977975206268,-0.6378588877751945,-0.3997648942912788,0.0713209654760814,0.08389090459406402,2
-3.010843074402784,-0.600394950076676,-0.017578250434275623,-1.5077396240233665,2.7279740030506976,-0.7907570840850371,1.2112355797805046,0.2934690207068627,-0.0975663755211656,-0.5728384744649497,-0.39136361173044887,-1.7621083683884642,0.6144508301928999,1.4455718403059714,0.6272282647517514,-0.008941985675998571,-0.1910447528476046,0.6326278424929431,-0.09398451218352155,-0.8239423262474965,1.0327421984403165,0.08343613635607258,0.23242559002541816,-0.050640164709046816,0.6683179949265171,-0.5648289537769112,4
1.3007875509316704,0.8396818669744148,2.6964258526584337,-0.46043664564767695,0.7401460870443703,1.2219809157800037,0.516393255098261,-0.568580782099907,-1.07199072277065,0.086466510652227,-0.04778836422592915,-0.010596010662888471,-0.24740197942022582,0.37322173239665096,-1.4101227477804272,-0.22120787248170645,1.0633998075530426,-1.3111816475402192,0.39738992021278124,-0.6014067315145022,-0.11074566640934241,-0.3420455855378336,0.2834800638851745,0.5395227859388237,-0.17987515857333713,-0.13459211842977503,2
-0.5520498846822005,-1.5649013046648839,0.6585090693938522,-0.32833539871637074,0.643588451597258,-0.04213098497928931,2.121321841236722,0.5716708793760398,-0.2691376495174287,-0.39431115082992396,-0.5137093293599639,-1.9744475959279726,-0.2749872042600591,-0.32304776206331165,-1.38079619922093,-1.0758638350459926,-0.25072311334909925,1.3157645433724539,-0.22946512273257594,-0.8114270482395022,0.3871592570035979,0.8328486118120232,-0.31505791899371177,0.580398037249338,-0.24559446709580918,0.5631493818185299,1
-0.9303883666631688,1.5131101113983334,2.59461127732886,-0.9448013882804093,-0.9852929361092566,0.3502022784767975,1.2617373975533765,-2.0824927052273554,-0.4527733339110144,0.7587614824394038,-1.3488288931421173,0.4685054247813483,0.6284049743252963,0.42528211823988943,0.03414675945273673,1.167198805737951,0.1267369225745497,0.44614937462348736,-0.6650349778610182,-0.01635769930222341,0.0014429411411501262,-0.6778548170408923,0.7367209923205502,-0.3504682683957119,-0.2421713143408505,-0.09996261805198628,4
-0.1554854661750808,2.1529264312364056,1.8144887575094057,-0.8410777325369667,0.5913003670739715,-0.7537419153559125,-1.4712183664558522,-1.7881823035268185,-1.1349152235343951,0.5596259243105398,1.35436671748706,-1.7852307352056167,-0.3830283903737484,-0.6443063191041245,-0.7860774270699153,1.346935204514405,-1.0125839661712295,-0.7080427736426187,1.0047636166739913,0.39280566962167235,-0.2940657210357962,-0.3243034251412619,-0.513308487324231,-0.23112715729595698,0.3752375886381047,0.2725079893450608,4
-2.821537383009174,-0.039980314848905796,1.0882768686200328,0.5022812104849944,-0.12196015495049391,0.33316998625404437,-1.5139536975010428,-0.16212171242986262,-0.7785063129238952,0.11134724478537232,0.09193351524419315,-0.6818941807502273,0.5598903077436354,1.194546923525608,-1.4931436285817223,-1.097419631686429,0.6032579493399457,0.38617416018703954,0.2637443543032399,0.7712759352008224,-0.4200148472897494,0.2120742040849875,-0.2824688184389928,0.63271523945969,-0.2320665692796039,0.4888952536611105,2
-3.010518262197453,0.0011514058407004566,0.006611356806622877,0.006599427270774491,-0.5695139198371906,-1.2899371859613398,-0.3640407112989724,1.066420800819644,0.8953815650695118,-0.9623203858795375,0.24942113650639156,-0.7327794751759091,0.5910007331916526,0.41093099513327824,-0.9072066606044699,-0.6104552176468689,0.6211520111016493,0.27586443415511064,0.4041610476631602,0.8612618457097998,-0.01882479606799629,-0.17694628676224225,0.4320802399821266,-0.4252627411854238,0.04050447974770653,0.10018135612762862,4
-3.3649573293352653,-0.7513566955299587,-0.7111310915364233,-1.980176188275969,1.9476425524829593,0.047160037429253274,1.260713823962596,0.103667590034845,-0.38098684922755416,-1.5133185539328733,2.1383878998738752,-0.37707042548394765,-0.794252251927239,1.4376610673517944,-0.03649547794550726,0.28698848735379473,-0.09386289680506901,0.46795648319346017,-0.41662505889083357,-0.5017802914334029,-0.1050046635862027,-0.4774839236540069,0.4625226973658684,0.0028092557887991923,0.9849902861399552,-0.4331973333583646,2
0.6776306648634031,-1.2781240794833058,1.369182662136313,-1.2243897989451245,-0.4518218075115369,0.16683698656262827,-1.3833805444048746,-0.7942422787925555,0.9508515858786701,-0.16907305786630294,-0.1736283825685718,-0.09509872355734546,2.0175610240421205,-0.8956922616785549,-0.5772954391283772,-0.240295212391968,0.5238213214700678,-0.9994957976250932,0.48808538389744505,0.22169136218029892,-0.5070335426007494,0.5563912582150403,0.016678469606633533,0.7089473269520918,0.30966183279188003,-0.5972317807914342,3
-0.3807263761515294,-0.9003073045046497,1.2678892634928502,-1.7905454406835581,-0.7358097450059096,-1.680270519650086,0.4583849089511442,0.960401107780381,0.5671395718612751,-0.0023434930297012075,1.1603279530131454,0.675755714311429,0.34240749468590603,0.09333044053903303,0.37078086163770174,0.40562846055519675,-0.8179869906787335,-0.4575806179196225,-0.5386822694854768,-0.6182309373618613,-0.4720958193812825,0.5658630848982011,0.8290486650212051,-0.7154080679700938,0.12178608620983203,0.5323784859360997,3
-0.22892464210910485,1.124540842078164,1.3999622846644038,-0.7397818837142484,-1.477479087432914,2.0256504476462562,0.6250536161899951,1.066134039955553,-0.5004055816532567,-0.24123027879818681,-0.21696013886554702,0.46932081110650525,-0.19869819843639291,-0.2256205647788794,-2.029176072160255,-1.7743647049866522,0.8963408784812522,0.22617403631121932,-0.04706156768170017,-0.6853857201664638,-0.32434089662897625,-0.06986415998135267,0.49392055945415875,-0.18708326508597461,0.638485902362163,-0.30541586504945467,4
-1.8028569061759399,-0.02957388735458969,-0.7024703970955252,-1.1219420249116452,-0.6356747575266073,-0.7314534468173894,1.1072633605659647,-0.9469854221644228,0.0036629561976732955,-1.062789665552238,0.7287325436054779,-0.24393091720209187,0.1238228473090831,0.44715978130552314,-0.3488354719236118,0.44814357698961393,-0.5062683859463667,0.09631544755935635,-0.35822480242711774,-0.4863340411641457,-0.2188619149384689,-0.4992851423403439,0.19297637812514556,-0.5289460357797089,0.08364938102340183,0.6008220938639911,1
-0.3344037806321203,1.0898669017033205,1.3365123257366494,-0.3924927896290784,0.7374980874532274,-0.2707100794246058,0.5640001509695168,-1.4301089830218126,-1.4120331400061326,-0.7442733037276053,0.4114980726386781,-1.2431738617183177,-0.4341847639364638,0.7304401834276244,-0.4300716577440304,-0.26993461587695466,-0.30602079757432404,-0.28162387221550605,-0.5722781269977327,0.9187770233630694,-0.24310984547364403,0.04606819989814034,-0.343049959162258,0.009405394607598866,0.9197887535598198,-0.1870966100740398,1
-1.474842588844117,-0.20456675633261295,-1.8497708158380035,-1.9882294284608106,-0.8436684476457817,-0.40574968829406854,2.054663987677157,0.8220377073784827,-0.3859758930055924,0.5329620116155874,-0.6675448661039075,-0.11862559333237142,0.020420239300534396,0.9322932386991862,-0.6424466521506658,-0.6410455769584518,-1.0021078501263276,-0.281511962095982,0.15475097001590246,0.14732621119796355,-0.7496235257409568,0.471055533299548,-0.5938632174279732,0.8650655120032965,-0.12755300865866703,-0.6657794047521978,2
0.9695523065896199,-1.1037645638944154,1.5968357476205015,-0.9286402757742939,-0.14547678694263966,-0.9631367439744775,1.5571842663099387,2.6180908476303513,0.34125885691730024,0.9986477090932094,-0.6762190221769024,-0.9859210944293776,-0.7564027858015318,0.09161848057644763,-0.815796768404954,-0.30303470445673875,-1.0167308200622294,-0.7796813746754794,0.498870635247345,-0.6118111515775555,-0.5829307030157321,0.002706732350622559,0.013939653913864408,0.582714323922149,-1.0496890220057042,-0.3539325683110383,4
-0.547046197083566,-0.8155459404121909,-0.06817824570664076,1.0041290373875078,1.5661089209493932,0.09089599466156183,-0.9447559228086829,0.5067982620981738,0.6757627838756165,0.4499764943803163,0.8793481499949141,-2.5151904591911705,0.23918380178645357,1.956941488495435,-1.8120980649290275,-0.4391171186293569,-0.04077675109513624,-1.0011782723456057,0.4096252185391711,0.19402750773402216,1.3948557506915535,-0.8684221738003987,-0.5355776897005671,-0.2832256513042397,-0.19664874640189106,0.2387875181681831,4
5.135132304308189,-1.1259274275952311,1.2537517486017702,-0.7236387923261884,-1.0742159686034107,-0.7624965172641897,-1.3281435955474583,0.521975496968506,1.3075199542944094,-1.121676203780079,1.7861552180965456,0.05146614985542487,0.05103975741138298,-1.0321844056769678,-1.1248515752214694,0.011452299053042108,-0.29794542241311694,1.148330324231944,-0.915906573900444,-0.3552107916487808,0.1872286557324555,-1.9104601590001435,-0.6766113995680169,-0.1911562062748849,-0.29978530747500415,-0.5100012121814566,1
-2.911558884323635,-0.3730031736040614,0.25843215916466916,-0.946164104426822,-0.6190856477315074,-0.25360383413237503,-0.5709385085603021,0.9221242789776177,1.4575483040434116,0.4771139069129262,0.23295951499623394,-1.2481135112573913,-1.1495128882851873,0.6894227105788082,-0.7750662108646306,-0.5752153912459117,-0.3578877317974548,0.5507528871953556,-0.2357267338202733,-0.5277007208378102,-0.5997814949338917,0.1573282114298232,-0.1758424813654446,1.0137157431888821,0.42090624274917493,-0.2688359238695977,3
-0.2254522868626177,-1.5032729693230815,-0.2964398500214921,-0.771199871232823,-0.5078787492223428,-0.9638557277078202,-1.3775972929220706,2.2645939629167278,1.0076777232529779,-2.882656464036156,0.8073117356439383,0.6058122682601476,-0.8935869032022502,0.7183130546347364,-0.6804719145676373,-0.06915015948376083,1.112955589175561,-1.0682465265221883,-0.2748225961965569,0.8556898643674583,-0.09152495171113345,0.08119572015241834,0.5113601493670562,0.37294488835327705,-0.4442418425484585,0.07316261681699397,3
5.151679847587172,-0.8081754853644391,0.6323122265033243,-1.4508886789624542,-1.1645658711396654,-0.6419660540335201,0.46290475700213113,-0.5022095521102377,-0.027764743937461363,0.45196558751899324,-0.5722479400539986,0.07783217953231673,1.2195401330360318,1.9697178914822715,1.2750356885931287,0.8858624560626328,-0.5972372310781175,-0.6291116550255582,-0.6759296736816024,0.22932250994074604,0.7121825941864675,2.0778724286632433,1.1978244635881163,0.10848403740254851,-0.35161216365323894,0.37744270421127973,4
-0.8303722091111139,1.0172454125994976,0.7622651613884255,-0.3354755741695733,-1.6276796402033464,-1.0531236347442814,-2.112355172390963,0.04230768191495509,-1.091889275792673,-1.1944737840691981,-0.8282178086697533,-0.04044259681858737,-1.1487548623532786,1.5633856286917358,0.041531401547202196,-0.6764294652547268,-0.6172319477572659,0.6126135859160662,0.3872044765839101,-0.6560053157462061,-0.5000878076454587,-0.2844346009576567,-0.5708732086498719,-0.22101038256881814,-0.09085424686572116,-0.10038655342973297,1
-1.814720989844435,-0.3488373906609685,1.2900369887758838,-1.8302659427445895,1.97532000591807,-0.20144349879368756,0.8397121196328354,-0.9923986208584064,-0.6926463945011357,0.524536333137719,0.23315132052509732,-2.3910483970383867,0.7438325469758681,-0.7500546774890087,-0.25779205356574036,-0.9918072922941069,-0.6040626125418969,1.0120499396872766,0.2791875362953764,0.16576329385133012,0.18541534288446787,0.5000737584322827,-0.22162927360265589,-0.07270555566527703,1.0311492238706015,-0.4002640923701127,1
-1.5421596932304154,0.6274649054831005,0.7846395372984605,0.6908558497102645,0.32954943086206057,-1.491377734925639,-0.6459947863685754,2.0750633200686868,-0.7141612836973579,-0.0786007332849656,0.04397571731896509,-1.125432589498135,1.4318116732189545,0.862645451905613,-1.0158488183093135,0.7097693584065589,-1.6367575120702287,0.076119539531882,1.962674567648293,-0.7080141617105234,-0.2835041708289194,-0.26503905997407484,0.7159692239920288,-0.6025971665725851,-0.29264143530183645,-0.2754700074869199,4
-0.6832114947370939,0.18748154311581242,0.6662529815946051,-1.4391804868266131,0.825888588857037,-0.17682017699695707,2.0886876471703664,0.13185720062597978,1.709508139019257,1.2106617681985405,-1.811970763758523,0.385256797259143,-0.7063693239867171,1.5554111090080915,-0.9098280532806188,-0.8079579916308912,1.1399589747656023,-0.5216236933721375,0.7690567705039052,0.27998533983901536,-0.37301055608185163,-0.27319089584722306,-0.16071609371526815,-0.394994711364378,-0.17658306758589554,0.37549304387979787,2
-0.06559804359003445,0.811386934675559,0.21709567304498437,-1.7784888921810982,0.8524415711775639,-0.33050065416147995,0.5396886200156233,-0.1847985610457045,-1.4323972310722457,-1.101599064645868,-0.3732287035589945,0.1498485656513005,-1.3552235258461391,0.41468521138813336,-0.9442160409124856,0.14723683580657884,1.3008976766953382,-0.7936586860323144,0.747884518564062,0.2705801618868742,-0.48135977633428506,0.08701647644196445,-0.38665327615077283,0.4821878333843582,-0.10949130275712456,0.4425356549261179,2
2.7061318795257905,1.2526842495990853,1.0844645442599044,-0.570124159669622,-1.2533438032871822,0.8558287377862519,-0.2943224787962828,-0.3781098707599172,-0.6669568968456326,-0.5533387161805484,1.342816280444621,-0.6269535223753551,0.7790783159946324,-0.435198132201146,-1.1551118722392688,1.9867449757168625,0.08328700049851855,0.349128193751711,-1.033357203344158,0.6549304972268342,-0.32325255889467647,0.04046813768663618,-0.5448126584864382,-0.44033054749972916,0.01523816157753402,-0.161092123794245,1
-0.8106853403345394,0.09429871405701933,0.17753737234969094,-0.2526658735233184,-1.5423695722278405,0.20760448026477335,0.8808463389041401,1.5234809021724052,-0.31484867525688276,0.08003071103311217,0.784304378039826,-0.42856318972875446,0.37467124694565557,0.6111159019170729,-1.475659467243718,-0.5076640945233298,0.8342371527951454,-0.25402494622326166,0.1373571869362273,0.8885968973851142,0.046327908743292345,-0.44472219166304217,0.2672439763965677,0.7519194723143305,0.09971375022437286,-0.2824103969141759,4
-1.0757873808736398,0.5472165651298408,-1.1681804748364322,-1.1302530316774475,-0.7249263874426078,0.8945594666529861,0.6341563289111251,0.8553998874852266,1.4294572276005055,-0.05719634151875381,0.3140278338878651,-1.5358954805096998,0.06029080998924297,1.4131766919659783,-0.5958796607460753,-0.11081023781623253,1.0157950301354561,-0.3680917804975077,0.48719075888136953,0.8013551272388643,-0.48269089000743387,0.6330707045337624,-0.38361252993038913,0.7122515903313612,0.2882937665593264,-0.1799977715639379,4
-1.7736798738994237,1.0810238667831367,1.1684941034984557,0.26377651481158243,-0.8286472299871469,-1.9338469186770468,0.6108903936038673,-0.750995970272139,1.3521046603112388,-0.1327165058043765,0.7119343390509514,1.3166397390636704,-1.438890586173922,0.7954031443524215,-1.657910038098969,1.6725185121978776,0.3907076526638043,0.4975035477591875,-0.8678871325786383,0.8172263427741376,-0.13983949402321,-0.009670146436765063,0.26020967823848,0.3251737184337755,-0.6328497280234116,0.21207998692273558,3
-0.35432372200196127,-2.5841681389611515,1.7771764060978257,-0.039631507176038666,-0.19027822636942332,0.22134209578594227,-0.28627372792687966,-1.4299584860545402,-0.08542547166242204,-1.6040338868847375,0.7199816088474769,0.5070329333685171,0.5625393031797417,0.8475290806563925,-0.46163492940716955,0.5002845560547092,-0.19693332604821065,1.211473875294415,-0.05080098616277371,-0.10924612767110249,0.7519759179042844,0.4182191556667538,-0.7507980288325593,-0.4894225718007174,-0.20521695891056052,-0.04478756904381721,4
-0.45192719676439747,1.3934804540685177,-0.5862989822762839,0.08459558219832804,-0.9877227945884715,-0.37778827630243295,-0.7518408716657136,-0.9639495532629151,0.2388644958135239,-1.1836908133484585,-0.3872606230981836,0.22402600628354777,0.9120972044420599,-0.18653519586235603,-1.9178479009347746,0.13342916351469078,-0.9654506584682059,-0.16667999462070224,0.1847396357437529,0.5876627922045913,1.2015145204746478,0.1502938872657205,0.02240996970048228,-0.5003466852893447,-0.41067267541510827,-0.04389945942090101,3
0.17426956442513822,-1.0057042609153515,-0.2968686700240482,-0.9128918450336163,-0.10986073836732273,-2.32908048292538,-0.19562399401780378,-1.079518112724273,1.1469932536596386,-0.45925047654656204,-0.5587314151618044,0.9240310700780441,0.4900620404550123,1.073352873782508,-0.4680682076282077,-0.7022295491930404,0.9635125534662397,-1.2874594947585338,0.1288581240740012,0.488925541571601,0.0013045656258859966,-0.9022969298112085,-0.08447505597362104,-0.3547270083234121,-0.1835473968991563,0.07898483665171653,3
-0.1787373593074225,-1.3185864571538604,-0.7377822758882935,-1.468171728408967,-0.8835811380047303,0.8074313961543685,0.6263305205208722,-0.2530786769439831,0.5118590372410994,0.5920023688132244,0.1668541033694367,0.2843247453715867,-0.11189910099113688,0.3266490954158841,-1.9137359549030895,-0.6467915917831172,0.6736498161591077,-1.2182147021393308,0.030568525507154522,-0.7527841290330373,0.6802730081563207,0.5792868295799692,-0.6191737647311424,-0.13034021949103375,0.3100026673758402,-0.693811669884563,4
-3.0045330091954447,-0.2859360457162821,-0.18342479097703923,0.08975838918378047,-0.1454665875927785,-1.300585814666511,0.5904726448952343,0.2595422647349137,-1.6151830754930532,-0.9002537452030339,-1.1127706176578591,0.6943134933230695,1.7050080163925903,1.8517393801749031,-0.6674324707520953,-0.20239371047552598,0.6068228405262592,0.326133666901708,0.440034782388283,-0.12194967931616509,1.0447391649614852,0.14809626562472308,0.11193975937766068,-0.3727833683274322,0.1610077535346719,0.22446132633276386,1
-0.6211998303216788,1.3671254179960928,0.99068925130786,-0.8460854353293747,1.7028069600677112,-0.6740943718611014,-0.2348483903005699,-1.2968246550162852,0.03672324876712269,2.3359317169964102,-1.427311355217494,-0.07202695774244684,2.0824987486733813,-0.4889782102896525,-2.4013337240109487,0.217597072774863,0.6937451596917653,-0.2173477022152444,0.38748103176442905,-0.7071860519509265,0.05525251013093568,0.17325945286406993,-0.5132805609128012,0.5266290646165858,-0.4425932793669452,0.3933089226312925,3
-1.8148227338610452,-0.6219130580727429,0.9105265822817098,0.6429474147399934,-1.3146058952007187,0.018948246542075758,-0.6132432071421079,-1.2021648876247557,1.4009385356565078,-0.5439325562314058,-1.177130663908358,0.3148638374409281,0.8061075123081841,0.23061340749695255,-1.7414748688395865,-0.7627223072240495,-0.5779904097506899,0.3129921126118849,-0.3853950679661692,0.1892916585909347,-0.6252788905447612,0.26226911722121266,-0.2042884388558338,-0.21805630835081466,0.3339798498832918,0.3357557791660007,2
2.065148907650075,-2.1466570834242042,0.4892617189191319,-1.6752003638430462,0.13550333142349127,-1.688255750864424,1.1532850129905043,0.6653826765011198,-0.3838369271609356,-0.901490455661264,0.19673995859789803,-1.181373628132984,0.6770858829882017,-1.417416156692353,-0.3699473327127682,0.19972090733549755,-0.7295405779235076,-0.10821428237527317,-0.3463352545512714,0.1267308123529504,0.6221889450871548,0.6061863383126989,-0.9672128184995168,-0.08133266868087634,0.7258835742063668,-0.5631516707046617,4
-1.2386981427240058,0.8998955437886326,-0.8447441931131734,0.1538965312598661,-1.1535112517365982,-0.17593559874405287,2.470038065537642,1.1891230763380762,-0.205741193011275,0.020391630483988343,1.8070873138166132,-0.6668267543051769,1.499183821487687,0.5335068503236458,-2.00146116907139,-0.6930597781901399,1.4361088765879346,0.4388275778443969,0.02122870784489679,0.3676788782719819,0.040844212739470954,-0.6742883056371136,0.2808353326736456,0.7966867939768427,0.2667731093704519,-0.4870356498002685,3
1.0511988612464462,0.95132209058839,1.7342644572468362,-0.0347415419294731,-0.4843923320928674,0.04512892308741491,-0.9990649872589707,-1.609755024203711,-1.9384652416323522,-0.32374870702423764,-0.643012223911606,-0.9211127394853474,1.3601704212326011,0.1898962075357301,-0.5966084259276736,1.754128976224089,-0.4490046684455101,-0.8343335994251962,-0.15761525691315886,-0.08073549679105235,0.16025327133170483,0.3554137490690425,-0.5455937166389572,-0.31371546895652225,0.1156548084730604,-0.15938203414445679,2
-0.9616040851943838,2.6684769460236026,1.2204245917106182,-1.1314401045708686,-0.506541154228991,0.00978988749031427,0.48241493901034327,-0.3076951100089061,-0.7442132771971557,-0.7964420305596328,-0.12276887695889244,-1.758161774552213,1.1539710034542237,-1.4635357024603879,-0.6759158691385576,-1.4168065294683785,0.5745199773196791,-0.1802877049846678,1.7428717879542845,0.2972340723724842,-0.44769712621677427,0.04309738400272596,-0.383428640872545,0.4069829972386401,-0.7397253975941901,-0.13239217007289136,1
0.43728071248286515,-1.040834314735863,1.3746893378215261,0.26537926596147804,1.8567027481211311,-0.2735466767839803,-1.248936975215692,0.943253296953294,-1.4427768622818264,-0.2259578764213223,0.19101128755238395,-1.01913822156992,-0.8777985490098412,1.4496816138543802,-1.6986467645681222,0.03855089840537111,-0.5218900511377305,1.0461551120178234,0.37468217533611675,0.8734322690361416,-0.0665155585574173,-1.4165222236364723,-1.241561907345913,-0.0415194648295222,-0.3834354494777592,-0.2507154981818922,1
1.5489993700384896,-1.595585898827079,0.39309160471160237,-0.5783345441088158,-0.1899460921399647,1.0177769285909812,0.947713715534871,-0.5958678544313402,-0.3174606411317976,-0.707204899089026,-0.28499495759223237,-1.3655166422279363,0.6728044884170474,-0.5931185290773232,-1.3555883950185936,-0.13659855835568252,-1.2876825435319474,-1.568007605742481,-0.007552419904983915,0.7157981728064409,1.1150383725109636,0.9558866244346211,0.7549316027354019,0.6467085988647007,1.102139364855607,0.6481733387104711,2
1.9314150211909262,4.022098653302808,0.6111990113932163,-1.0763362719551162,-0.34557791938866456,-0.29590055569737117,1.305878421353264,0.8345805145353303,0.6884368671979518,0.13773438814970723,-0.4180021052700657,-0.23596198724549158,1.064288605464408,2.225180938963939,0.6209075170206397,-0.9998189724956038,-0.08640178528884729,0.09062327505745765,0.8852084816675193,-0.5664567994396194,-0.32675225143826414,0.023090142808291008,-0.07097235876932427,0.8148130129464066,0.33213952050971635,-0.016097724600854707,4
-1.992431473318694,-0.2631066834473013,-0.39877867774414855,-0.8949960690621379,-0.09749259713877205,-1.6445365679007298,-0.5321013416586995,-0.4513008913237092,0.7566420222430397,-0.9676407374766641,1.0267847899403084,1.9398555404131925,-0.4597324893511698,1.4472993280898638,-0.8648418559987592,1.5322365136825535,-0.656050935397325,-0.012874817263372107,0.1058612323052724,-0.6530923790918111,1.26298897943538,-0.08417385757352512,0.2528780894939138,0.982994460680723,0.8065072207365743,-0.23171140226771675,3
-1.2484985206180037,0.26565760840139957,1.4963151621628092,0.16709877301287226,0.17988790764820678,0.38696005104875253,0.6330631704003316,-0.010933288435426338,-1.6548217207069575,1.1968193455987735,1.349798771334446,0.1866442987663753,-0.18371499514375494,0.8229014316023527,-2.4431643492781236,-0.13383777582730347,-1.227811709621238,-0.28637664182463846,0.3221458776934477,-0.49773957569882243,-0.10155849435105499,-0.9311922714625921,0.5875219816144777,-0.218633203742961,0.06823138199620378,0.39389380114433065,4
3.0782583826697287,2.169620091138567,-1.4973219164210867,-0.2739988324108054,0.08257831486225349,1.399798126722551,-0.673635463706127,1.0131502912808772,0.25546207193289877,-0.16174181544283137,0.11325613036025788,0.46671312258718145,0.4602693448983783,2.4628094353934147,-2.037206413849725,-0.019169542916776507,-0.8904820508155011,0.7544514389720776,-0.0030711151915792023,-1.0763660973719484,0.5496108675515272,0.6510231301465287,-0.7378917192832688,-0.36812375904733746,-0.35477742938440354,-0.2215184700805163,4
-1.0958491066645608,1.5992851435184776,1.685522598892544,-1.120043373853321,-1.6076350824356183,-0.7568539047278869,-1.5768769488690881,0.025187576821568594,-0.2701110300017712,0.6515788339127325,-0.9774682978767446,0.12961173334745832,0.5595868676357303,1.0246814138176963,0.26276588794294026,-0.646630142668992,0.7648049891030368,-0.016107096035432904,0.9314460619279572,0.1988485917676309,0.04746004340630463,-0.4712163808338539,0.7418031200122167,-0.15671268428590232,0.5670113097485395,-0.2934205614833282,4
-2.8803637877425476,-0.1868078939658094,0.34635889145442544,-1.5141835833533444,0.4926247276483993,-0.8833297888045915,0.2407858322282225,0.874085722275498,1.164149080935032,0.18228450175851862,0.39926337306953696,0.892534368671358,2.354237675186711,-1.0908903197930406,-1.5988874235431376,0.25229652847940864,-0.31562847553514584,0.4901167780614395,0.21201368574749063,0.013615111584670882,0.6668182302913498,0.739453842490747,-0.9272376443635547,0.5441400629998543,-0.02163975322088392,0.21948150280460954,2
-0.8035118070422068,-0.05097111718282425,1.3310902671142264,0.11621983831146614,0.2048599121591441,-1.779890132162076,0.7650945674641796,0.9650835035386037,0.8691645205576581,-0.34691898251141734,-1.4282789460402021,-0.14512598819664016,0.02731940997950044,0.9696156598027956,-0.9986977777416872,-1.9878320348829919,0.8277212528351011,-0.4792614626053737,0.20927139249335183,0.8938096334171985,-0.4470906479540051,0.1790503364229094,-0.3843886276567566,-0.43514858464183725,-0.40734709525195667,0.0016022724782495655,1
-1.8076326531207556,-1.1449258073440347,0.20284746989250985,0.655142808364315,-0.2761739491386493,-0.713163494032076,0.14641204039452527,-0.6981510491455631,0.7401950346748298,-0.5997616806948574,-1.1694266984297481,-0.5443591835592835,1.8370738253861751,1.4208451577082073,-0.6690488599316523,0.14035198531801685,-0.5611369817767278,0.07540660519762547,-0.42943074008465176,0.6297964583080353,0.5197558203984557,-0.03359891825862615,0.24321223723671692,-0.33758821047446436,-0.2316129634332783,0.15645258400941614,3
-1.8277810403682455,-0.9359442796095488,-0.12219173256641036,-0.016502099353770366,-1.601136748053071,0.9895394221340947,-0.6398478235684055,-0.7696745374751767,-1.2087443385184364,0.5721685442428988,-0.15651642814600988,-0.06698962802662387,0.6547448962153412,1.4932341565153617,-1.4637476188278178,0.2542287341568241,-0.972524273792322,0.4682868906072838,0.1275638512645506,0.5580132354159196,0.5710228448059106,-0.14918560248392232,0.23725946565574363,-0.005274495256552797,0.416160335808015,-0.555529880512508,1
-1.6142172957236935,-0.3154136593948382,1.680332572248246,0.6514951677528102,1.3525810890833205,-0.9485720281141733,-1.4526621560057924,-0.7694265064128808,-0.7135760969805893,-1.9693917124128604,0.5434630004857229,0.5863076237682867,1.0107744351643513,0.5207417807303903,-1.429009702089413,-0.1988761277218933,-0.8439151756481716,0.09280419752502318,0.20958424081525528,-0.7252365581598281,-0.045829245654567946,0.6478206454465147,-0.6072864661791486,-0.5325308532692775,0.038838018032239054,0.20071193520395822,2
1.0391518808393034,-0.5708863973362701,-0.13739520640474467,-0.6487624117680171,2.0442934702702797,-0.24762182392742593,-1.719344079922172,-1.2727020463282166,1.4980558786968512,-1.2444481563525231,-0.011381772657622424,1.0944707123628834,0.9068758156806905,1.4321440880971326,-1.4232014439780496,-0.5517066689227313,1.1733912235466966,-0.07829554267324836,0.27800807687599965,0.13217220242339817,-0.39559406176872447,0.6458996871278011,1.2031960145788576,-0.6662870781791427,0.3593733299688947,0.7065417224014945,4
0.30159442587981733,0.24232489667435084,0.39117093602129294,-0.7062811008055668,0.43736070209938294,0.32563712791586186,1.8538211326851042,-0.4107787402841149,0.01494776564860837,-1.3997748721593593,-0.8355217168668256,0.3869482363703292,0.8426495934033671,0.27726108135380967,-1.3670008084145193,-1.8099418170818868,0.979226915834023,-0.10685711714363459,-0.22484698433841532,0.6865166580897363,-0.3889494869953832,0.6765361864207526,0.876608109704999,-0.7342501956326537,-0.24917254469090286,0.26853784533191627,3
-0.4597170874871528,-2.3476631714881044,-0.7613123306267551,-0.6125252101189665,-1.6442140240459555,-1.220515879372157,-1.0499479075363713,1.1866847805291316,0.02716203327972985,-2.107942424558815,-0.9047951320011522,-2.098976305351863,-1.5087783103190637,0.5897858276664719,0.027977112385479532,-0.10062761282376641,-0.0016687128895413747,0.8916348305217167,-0.5491052608699072,0.6822941419636029,-0.3301744008524499,0.03654978777334067,0.33021035549214267,-0.6218714562912261,-0.3783767956992535,-0.09666115810918859,1
-1.3527057950612176,-0.694704436324888,1.1613197841173617,-1.4762490552114507,-0.9359570516887422,-0.8984837624448758,-2.6695779637304704,0.5116149389938162,2.058495593498707,-0.689288142488976,0.1330197368902692,0.14663160807436051,-0.55863414715078,1.2446583692734938,0.6723617974447273,-0.41549770391874913,-0.34244053483601433,0.11575783852941625,-0.5250117149511839,-0.6362347675537849,-0.5807550461296809,0.33771980191479756,-0.2514597949632605,-0.30811118334225646,0.0651945858153839,0.021933074045018562,1
-0.8963656570131049,0.819010824309394,0.61820328879058,-1.4429103431033092,0.2070390115309949,0.8366867700736134,-0.6944446333360558,-0.4608995667339884,-0.706703133639903,-2.0900937535856428,-2.0104855769802716,0.34386334658031703,1.2245057162432482,-0.19987195478312084,-0.41265497734553636,0.6647946755570658,-0.014521717355987332,0.45787036328335134,-1.081333728877534,0.4931848892682507,0.5873582001884189,-0.052437294576259855,-0.05197275137592711,0.4322801331217034,-0.14670134130948145,0.3769092990927954,4
0.7929008481392479,-2.4102543488231185,-0.487532154807341,-1.5582426443872415,1.178351895510287,1.5921260110007798,-1.5182756904220913,-1.803533419010416,-0.059105643995348324,-0.9385797271212528,-1.1726478981173285,-2.5727051177981606,0.966070005257471,-0.14052743158075315,-0.5320002029805285,0.2216471985840937,-0.3091818986555543,1.0208675365263071,-0.13512454348907088,-1.0097310754890698,0.38246544568035656,0.6324171493078773,-0.922185230710173,-0.25789849756649724,-0.004324705670130687,-0.15810747565639352,1
-2.0627357940958704,0.18485857478724674,0.6286242933590509,-1.1756913598963228,0.15190081805397446,0.2808260871388364,1.6985250673593053,-0.7756891811944503,1.968438936780306,-0.29687318821852343,-0.8850785047803245,0.2858819470881215,1.4107853991726667,-0.8653783899155072,-1.3381857295443995,1.0876793048557503,-0.1983748635059519,-0.1284358077364547,-0.6870107277409364,0.24370335819859099,-0.048093780321972826,-0.6540469820853198,-0.09717695332537019,-0.5225585843319492,0.29776681227852203,0.12769519126861126,4
-1.587235780654787,1.355379683264288,-0.03542397254803804,-0.5880699730209662,0.5687035175991105,-0.24897861065024696,-1.3821714372434948,-0.5788607412922372,2.522423968663046,-0.7391419308708256,0.2612257698599252,-0.3817631632969631,1.1594966585713697,-0.43748720383725115,-1.708727353337163,0.5102568546187507,0.09962887973558171,-0.1243022768674443,0.9786548218818749,-0.392323849982746,-0.06322755218574531,-0.6008952526822027,0.4520119480811082,-0.38572886321790917,0.4623412025304634,1.0084306282808218,1
0.6708839087951155,-0.9659479902774369,-0.1213214152006107,0.34261303835588924,-1.612616933196134,-0.7207605965842167,0.4558525008144528,-0.6375719178410723,-0.3060662796504548,-0.5180405083119383,-0.05195770599960621,-0.0864768859444478,1.2816965918934418,0.003582872035356926,-1.8898652904196076,-1.0605883769192406,0.4176986585931081,-1.5277323423208111,0.29524621402227247,-0.4052016766542251,-0.6120519310354504,0.2036944281417927,-0.5692185178554056,0.8532205035001238,0.27575632082283574,-0.46316014984089854,4
-0.47352134807762625,-1.721833218992343,-0.28570910171299885,-1.2877150449654249,-0.7302323223420637,0.4700042015153711,-0.8147543612917557,-1.3113079317422234,0.3741092996294064,-1.6738995875075169,-0.29992431323043633,0.0817401949479855,2.27908994843474,0.8954048022302816,0.35279840979444943,0.20607651752598097,1.2357178431532008,-1.096582650885025,-0.04252470911064896,0.13726164115989303,-0.18161725507344098,-0.23864855580873506,0.2994261655625561,-0.4723376560376984,-0.18763395081940254,-0.137747760273738,4
-1.315585866217746,2.3513327832184707,0.024466643930000552,-0.6001633246493921,2.1034931879961545,0.20272430867011296,0.5556006341025976,-2.6522188539876432,-0.4444087574335351,-0.4259685381368825,0.8937484262793902,-1.518630312608956,1.2298861393729867,0.2806695405249754,-1.3951443038562314,0.0943420656785585,0.36729004545735006,0.4083106317402112,-1.4501711632571834,-0.6022848905028161,-0.24381686119740184,-0.4735803137988074,0.11146183675656168,-0.361686080108147,-0.27297833826805956,0.07567122484045803,4
0.3390648521013608,-1.1697121296172492,0.3411939855247637,-1.0941117615277696,-0.7448265426619533,-2.1425758492960134,-0.26322848842408403,1.676764240184178,-0.40597127162681756,-0.6972772616901038,-1.0105094387616476,0.9704152842198984,1.6909336701351008,-0.5665218937586931,-1.0356263990700514,-0.1752438041650195,0.7448304438924184,-1.2015869392090752,0.08208504392823149,0.0787027146777907,0.7310528020139051,0.7294936575768066,-0.911273023795542,-0.12581218721069706,0.9546267172074814,-0.7198212316105848,4
0.6681641284637653,2.6232135602937916,0.9777980737312228,0.12187928523800157,0.37289802894293184,-2.181142075567667,-0.2827253294346104,0.192348365723336,1.3607625650759463,-0.1085387225595851,-0.5042843892371871,0.27767196203648514,2.475384621559436,0.5360573888538479,-0.8626178903293211,0.6066068665200942,0.7274920598767489,0.2069744551797363,0.9796993096702798,-0.6072282278902821,-0.04780147334785319,-0.43795317385188803,0.616239676947632,-0.2120020719522742,0.2736627100962703,-1.026665040961963,1
-0.41429080772843724,0.6000797355963362,1.0075762981161307,-1.5853871736379876,-1.2213996990827045,-0.2625511304216655,-1.1960443462104005,2.006991136282124,0.8377869622018155,-0.997865061675862,-2.013478068910148,0.2073045757879455,-2.0157618726539606,0.5244783432138937,-0.23169012392670152,0.9898614149858503,-0.9962846228314982,-0.21396954201999122,1.2775124329420282,-0.763016575679463,-0.5133997762771458,-0.03784790947620994,0.11184812619938732,0.6412236817263991,-0.48253637416640704,-0.2049681198171681,3
0.3610563517616087,-1.4024205764150177,1.682686126577407,-0.6377470405829799,0.5159176444928496,2.281823364858441,1.5609828450117975,-0.8503497042477746,-0.9214488988605113,-0.36200602630421064,-0.33890961022614474,0.37088231383564707,-0.5128394611987689,0.8077008836830261,-1.7828060424017955,-0.4612425642037633,-0.3881228786235749,-0.5357372224658998,-0.43233786952829795,-0.8850544603044586,1.2542914211385916,-0.47979711704820543,0.4164933131620017,-0.40381149930214505,-0.4117983852011862,-0.09027537242107293,3
1.4041008267418416,-0.7860210544467764,0.6615472422229722,-1.0996973148000806,0.7908303257406024,-0.9086108562025886,0.18789631970025028,-0.6647167529234708,0.2230397171204638,0.1286406157241829,0.06720936996953293,2.024462280552065,-0.10272435813421056,0.730161647432248,-1.7686549282844477,-0.03707894834712066,-1.0657070370410935,-1.3105114470980783,-0.017385420819088938,-0.5959126200793035,-0.6353816813083286,0.12529659857647538,-0.3141742307703095,-0.36559731944166723,-0.5546080554940276,-0.5809148571550923,3
-1.3738307837425157,-0.15000687699132842,1.488903646624833,0.05105697701189767,-1.937801942636874,0.29742418908868007,-0.007805808892096081,-1.3824350791968503,0.5148248658206624,-0.4633626489593999,1.2550772491747186,-0.9649153799881274,1.3943300866095545,0.1337262054008718,-0.5196293390506398,-1.2868301529248813,-0.5107415511837238,0.2946210673015246,0.9240475894347949,0.1556547801542696,0.9365529062209925,0.5229902730347269,-0.5501905330575374,-0.13967482584503468,0.688032279423049,-0.2010245322129493,2
4.5404326884114035,2.8153598180539254,1.404064080092911,-2.1463219173561647,0.9522191435121847,-1.8741840746240808,2.1391707961016455,0.4365369414524969,-0.5454017574975193,-0.7503737908210829,1.490081431880657,1.9361459160511116,0.3149179989674268,1.374531504658928,0.48322331113698636,-0.45247287380313006,-0.3985834290039393,-0.40504934999504577,-0.12695468661883358,0.2072760353087729,-0.4542994384662024,0.8543172649129266,0.3285443821783499,-0.3447332257633334,0.7277416188211708,-0.19358895957767341,2
-3.006017204183057,-0.396922396616382,0.5399506429578275,-1.997178435457105,-1.3559812582217246,3.348340025074171,0.4668058273955607,0.5670002414507174,0.7118820309561346,1.0734325413874461,-0.792778480647905,-1.4186278013746387,-0.2251415150953067,-0.29481956182756625,-1.217625223194421,-0.13888729458937887,-0.8699722916699497,0.10505334024509667,0.18221090818027244,0.6764526495803816,0.16956275260255038,-0.5571079861866399,0.8721477919310529,0.6040503595646854,-0.016149376512030324,-0.32432458995708635,4
4.316884211821829,-1.5948974010210346,-0.40321115192818785,-2.473269708732753,-0.5559409008837937,-2.438838355083657,-0.05850644797689867,0.8463620527262886,0.41545081192279504,-1.2061643056967584,0.8164499222093065,0.7320427189246872,0.36127530018725335,-0.20792266473047616,0.08750279932776306,-0.29141807386147894,1.00239908277141,1.1675576505612906,0.3655474610532974,0.37413898258075945,-0.06090963445312058,-0.8528196947745493,0.16040636355159976,-0.48127886569408146,-0.04568089430697604,0.19038632799596794,1
1.8693060417741107,-1.7428683068171866,-1.3828154569383015,-1.1172638821443506,-0.5134680333611238,-1.0550903859513472,1.9465711625705984,-0.022604712131954575,-0.5094532411715547,0.7332093692028557,-1.239227453791249,-0.7756687710698295,0.8380395826994955,1.1968186246932728,-0.6312352828991619,0.7687075347108969,-1.4711038228130278,-1.0069633851751043,0.47621907495961885,-0.6607356849249139,0.2894034004285929,0.03315840696171032,0.5588041281482388,-0.4070140972570402,0.5002576312925332,1.0286013954202728,3
1.7486125904669478,-0.40034257742265356,-0.053394006388273435,-1.6690874987103739,0.7491264045748004,0.3117118845462933,0.9745554701123211,-0.4170171918590967,-2.0669118931945962,-0.6418539444244217,0.30473758028382103,0.8520371138016509,-0.4822018115102952,0.26358112798416306,-1.816060153802322,0.3454354751530099,-0.10844373225655358,0.14114150343072493,-1.3826770354380584,0.6065652779965681,0.2327413470667901,0.3225666219343088,-0.7134559253633966,0.5075953527102678,-0.46230426234325206,-0.027439725294296533,3
-0.1856871806598387,1.6792027049440774,-0.664634782518603,-1.039583565030925,0.16270246009755904,-1.5936419425215733,0.48205454558891603,0.37682387754380037,-1.597691832881564,-1.1843154434287848,-0.2574234310588043,-1.2060690666922702,-1.362970191614606,0.7780676391955342,-0.5726399800339877,0.8366232840255882,-0.5922721524312912,-0.5046674400662169,0.5853117571009437,0.8142176060467489,-0.03282159655637228,-0.2940497803845381,0.31090043574913495,0.7335243282588949,-0.3741077876560723,-0.8625148969776872,1
-1.6945445472364415,-0.7862802020182297,-1.2330296081532823,-0.9989204684840245,-0.05377722091385308,-0.23984308235364793,-0.0747686493563127,-0.3184554641383826,2.2825359583962497,0.06318939216419452,0.2221433620063109,0.030719097455056455,0.289069230129873,0.8031574008942711,-1.591981249785252,-0.16487974087849644,-0.29800357224098806,0.1459185442333712,-0.7231177156064624,-0.6037080590603995,-0.38332689576300155,-0.19307477710520807,0.41233254005752096,-0.4040284673343048,-0.33324857044580103,0.048299556108883916,3
-2.065548182933503,-1.487692393168136,-0.872133876222294,-1.5050432626368269,-1.6294737759293245,0.31154498056291335,-0.8805900275643436,0.7966432574284029,-1.5300813128506467,-1.3555184510558356,-0.030484163701109977,-1.1057277084392068,1.053114120813326,0.9942851451662769,0.5153417259472887,0.8115477789967525,-0.4409550502408915,-0.0054525909019829365,-0.7004710590777897,0.05700944909683392,-0.17751031165839976,-0.6459954475116008,-0.09210612742681917,-0.4757756862951952,0.09367260370935125,0.18089547689887928,4
1.2057192608338896,-1.4018378578599076,0.5131225721095872,-2.2649244694000314,-1.5002896602903608,-0.11257899083540772,1.5666203672138954,-0.16356060039117223,-0.6329905180701025,-0.8677324724452667,1.5307711833047721,0.28704096857763545,0.052408487168481704,-0.8128452710037143,-0.3042795117357999,0.7230007852503044,-0.7591553572603198,1.5669273276238265,0.682722201215851,-0.1419510651509641,0.5223837609768122,1.1712443636378744,-0.23848227166643474,0.21080407657669015,-0.6389767852109823,0.060152197956859915,3
1.5799813787015264,-1.3898439899357118,0.9886851807272137,-0.455313891740147,-1.2991336021726667,-0.35457216921780277,-1.7981862687610475,0.210835093023328,-0.055290921075108884,0.11849674000183377,0.3902126306585923,-1.0009974593470337,-0.47187812748368996,1.365448119063821,-0.4608372808249293,0.8330205837780641,1.2275405009725862,-0.6518321469987501,1.003559440293808,0.23012591123815385,-0.3921707938451661,-0.1503992515169901,-0.4465418958023891,0.6061452535053987,-0.3543688906347572,-0.000797537086326549,2
-2.3018437809017738,0.19308935177543637,-0.4237190550625284,-1.1984264571377685,-1.1653633579886844,-1.0315862136897014,-0.18622411865263333,-0.0021177205312433037,-0.3660514964924989,-0.7749345301283446,0.6625948106249282,-0.6912923035103749,-0.8273802329285379,0.6026124201359234,-0.6376967868977217,0.16628494267367844,0.5904133387688512,0.20096068015311874,-0.41455123070919897,0.29294272567965934,-0.5775642009176203,0.06879158684080953,-0.9902538774416756,0.6385623779005573,0.06045910710290189,0.5883492324272419,2
-0.14438905707207753,-2.0714181063482164,0.07204657594194361,0.1823647702448389,-1.4697000165792526,0.8591166447751596,-1.175945546058491,-0.11580208424866159,0.8723454867131357,-1.804090089813238,-0.8151201071217697,-2.0440300005867473,0.390599997247096,1.5973876559640747,0.19693457689535362,0.5260764386738491,-0.42766978626461305,-0.8603857407939969,-0.33833006325302123,0.6931571078114254,-0.5595242753409865,0.6242395506306907,-0.5915562482689979,-0.5284011293598443,0.3198478614249108,0.34760244382922706,2
-2.224167609160642,0.22621071493777878,0.429240579094013,0.27450992478605407,0.27589904403183346,1.2517560382916026,0.8951994252855366,-1.0394437318492618,0.6091797672141215,-0.20372965367970441,0.10718426882505681,-1.1423565332977348,-0.44896269058332905,2.2949459091432023,-1.1270554691091188,1.055044314156134,0.5003750391090855,-0.17082286650756662,-0.8782284300174096,0.0989090286533025,-0.15664608991067738,-0.25535863915747903,0.21797526771209275,-0.27926954524208336,0.6045525321556051,-0.27475562694158884,3
4.446375141709491,-1.9664343767931975,1.5082601902495338,0.04839768658824707,2.3782271807845965,-1.5764155122739996,-0.49084796204583375,0.6825837196072893,-0.9315346819702282,-1.2357567056697762,0.38028262252894174,-0.8643205987126583,1.3044227484462685,0.1299861924309675,-1.1532227484838564,1.6039118194496869,-0.5306510817933153,1.0633203248110092,0.4751911907316461,0.6339676920639962,-0.2630839275392724,-0.03835796042152697,0.8033651455819035,-0.59946438566071,-0.4848495811515324,-0.207463088376861,3
-2.730149438023244,-0.005915031247539931,1.4866987434827066,-0.7424681834522162,-0.756398790751192,1.595653957446547,0.5795492672625027,0.584941084036988,1.5854337874132958,0.6660869374645761,-0.5350774297107471,-0.09777988803208569,-0.9825641184664322,-0.2902109167694116,-2.3131974376783284,-0.6951218188175837,-0.7989905184208307,0.20633633900760626,0.08378168202112146,0.6165209982920028,0.7426171353624983,-0.16849105203922535,0.7509400289268493,-0.6802197821758637,-0.6174956793762335,0.0502330079820608,3
2.07312637957761,-2.1287072109797753,2.5836289808619535,-0.6816739612689853,-1.2009681653147481,0.8102710185211475,-0.269613751618275,-1.6084962133375327,0.31699394863272934,-1.0701254746200892,1.165031433829828,-0.8105789526954289,0.7089806120436736,-0.4166573377339402,-0.2575642654299041,-0.7379658672598861,0.6668582440218964,-0.4389500152255002,0.8177361903225925,-0.5460474678369039,-0.47850626170681837,0.416722521808273,0.4508376116810852,-0.524306557408263,0.14111374878170693,0.3009119946615737,2
-2.1829709203351304,-0.7198853609326993,0.9021420770389371,0.23668443167686798,0.6451754980373027,0.18540448867420795,-0.8435425366064226,-0.5318343728392408,0.12188294175842926,0.6541950121286626,0.8419192650841827,0.7205982143623032,0.31250175811966896,1.4287114400963563,-2.5245661283336283,-0.6369263770251515,0.1764272629570343,0.13791403490472431,0.9157139883208223,-0.5606154895667785,-0.5653758772993787,-0.16231599163116672,-0.29347214787591946,-0.23036013973265412,-0.11779546779669421,0.21760964394986773,3
0.6414906953395197,-0.5139651764533222,0.4278865128009479,-0.5906055378694136,-1.16012212419197,-1.9203685326467377,-0.28111421234246936,-0.1285554587047026,0.15335347633418364,1.5617897796254052,-0.1343058187153459,-0.41708160105956604,-0.6599453696261652,-0.3248390737074408,-2.105678531775557,-0.49815960905361856,-0.8044942072606273,0.9969760912885642,0.082357888952298,-0.6874275122021286,0.7221805381476007,-0.18728633514822593,-1.108482053302464,-0.1524892000182434,-0.5858005867414401,-0.2345907851572443,3
-0.5883387531268253,1.3078029843111125,0.7486824515693757,-0.6885800970308333,0.030038208935140726,-0.7359701567564905,1.2780693849922178,-1.4191301548137938,-0.12336663432676458,-0.7369361342134086,-2.1200034096893923,-0.2772282093146287,0.2720253222984508,1.118105284801747,-0.08588144334392263,0.38554750420861744,-0.16961280663523723,-0.018206841820178014,-0.36594873438521264,-0.7049914583711001,-0.34873360391430036,-0.15027042728496234,0.4799279067239278,-0.09331640750159513,0.525004800265913,-0.5327357662895464,1
-1.3052473737202344,0.4963083417085375,1.0919127350926998,-1.7832033140934078,0.997038304197435,0.3940963786878553,0.2963152013390672,-1.2146810734791613,-0.5132484366734934,-1.8803386665675543,1.1477462983734816,-0.7855131066708129,-1.1409020763862177,0.37260675346174127,-0.00619115202956354,0.1311065164759277,-0.6648053982312707,0.20605969423690668,0.5930324374094651,-0.5270784043128578,-0.5659978115850413,0.26461874709167227,-0.04676061853296477,-0.33329121008403906,0.5335126216942115,0.6283498331150446,4
2.695685852848311,-1.3333655185609055,2.2168709042024273,-0.37270140563090903,0.695946799722282,1.4793225960813112,0.3471437002059142,1.0473983379881324,2.5342677279728254,-1.5725903034777708,1.078754668942086,-1.1389371530370043,-1.1839006069407356,1.2941570562128502,-0.4004404795928554,-0.1736937640950811,-0.3395336001431353,-0.2485441206639696,0.3138422838430203,0.7344036469907995,0.669077241404118,-0.1647585874150948,-0.40557640332238304,0.47998393031263936,-1.135617989807447,-0.6937540882655259,2
-1.620111265914729,1.1249650464384622,0.6770239596304091,-0.318300545446112,-1.6755845973853682,0.5447173697464954,1.4655966524297652,-1.0320133153706605,-0.4113801076355024,-1.1802453782934719,-1.0431464371475423,-0.25000763523372244,0.8722105273385858,-0.9115117432586417,-1.5415499311225458,0.9858889970034602,-0.19067258109865057,0.46340392490742366,-0.4447445241844849,0.6956727238494841,-0.3906810171756906,0.10137308478412899,-0.5425946448946023,-0.2881193031903163,0.4478963863837176,-0.5560493399431279,3
-2.361907754792403,-1.0863510104274767,-1.6461434991394888,-0.8169890499577135,-1.7984345636825536,-0.046240936153109084,0.6106000860961162,-0.23550370289238512,-1.2566944458551288,-0.18542268120363786,1.2138430628377395,-0.399678383007033,0.02203945252036622,1.2561818309232708,-1.2582453802309592,-0.4055336523193625,-0.7658456373920401,0.24987123372840234,-0.5416365798417898,-0.5681040846576155,-0.3674908657028946,-0.47446246013284393,0.32412523513359853,-0.2088248650669606,0.049395844347168094,0.32292801106269037,3
0.2491481214879981,-1.081413841451046,0.17060699363527332,-0.5684449610053497,0.6857076446229639,-0.09073058386176852,-1.105716804781718,-0.3776169888701273,-0.37419335173402307,-2.6664515469110475,-0.6016596675148845,0.07643688986723436,1.3245889924975964,-0.5779662918910642,-1.329616664395142,0.023036119383248777,-0.8987139849147933,-0.8837457950012716,-0.6335314761564862,0.7908474985751106,-0.11983532200889088,-0.29905687010304133,0.3303082728785188,-0.3891728176348077,-0.05376645826809997,-0.18739868629573758,3
0.14584565890143222,-1.6426590250450062,1.021879694679468,-2.28280143859744,-0.7056517757916804,0.012375025246151259,-1.0314622674041463,2.1966756053156296,0.27449386897925515,-1.588923288980906,0.18207633178918994,-0.2617974241739149,-0.05692471597810052,0.046523695247749616,0.5715748946483328,1.0283789173719677,-0.37519736847915847,1.8308771552913563,0.34894002914163164,0.530674834155953,-0.6127102280349084,1.0111775991412997,0.3974579256174732,0.6359310743776221,0.4098259931362993,-0.26884067912064696,4
-1.4668863512403059,-0.7323450630185289,-0.5476228876736855,-1.9092466574985216,-0.21388341792404061,-2.2336908533830186,0.9466303306120317,0.13408608178680573,-0.5849121221230239,0.23296198581130625,-1.6400484284159929,-0.3932101334541315,1.430179264091616,0.0016513176623448268,0.011594421058487913,0.16809840817967833,-0.884063086218038,0.8961348722437791,-0.07873793554027912,-0.6166129990212076,-0.45571734944038367,-0.3004798526244935,0.3701261338798571,0.37413144986824115,-0.3303285003711304,0.6668646892595161,2
-1.992599634885506,2.032757922236766,2.583558631882577,0.0769583233694465,0.0016680174398586353,-1.0697642663487092,-1.7721685552843085,-1.056048882599355,0.4446691058268583,0.1636210549496737,-0.7600359735891137,-0.876646704398506,-1.532364453291091,0.790265766708566,-0.9490561219841266,0.6392824055053361,0.11989349897131255,0.13306241557615495,-0.30258876883301,-0.608050844827635,-0.40801148455674796,-0.14400065593872888,-0.21548063585577787,-0.4419867346285182,0.10123173856012863,0.3090643507205474,4
-1.9633953761020666,-0.6045579007379875,0.28909899704921427,-2.2263880898431654,-0.5759637994574442,-1.166524374771557,-0.5803361835125285,-0.7017851135944209,0.40729023995490626,0.42642627402090705,0.38295170970656,0.09161799016617124,-0.7467282912392946,-0.3153542052363352,-0.9268947706831981,-1.1630637601236196,0.15160915732468735,0.4076717754536582,0.6394644512392748,0.9245395297111978,-0.456445983864317,0.19343891530056018,-0.4010676319942993,-0.3626663166177756,-0.25658698830489596,0.09671420457549869,2
0.445234203801861,-0.18784553092461884,0.20445148607571545,-1.144826396751663,0.3995561409939715,-1.9305887733378504,-0.1677799936646645,0.036861638522934614,0.8448628401529359,0.7607829570873658,0.2581295782847019,0.9215676270457236,0.8512244231669098,1.915169839879257,-0.1858854631668404,3.668335558570883,-0.544042441051177,-1.0689731344703015,-0.1363925090760536,-0.6887796229196138,-0.27001115947407195,-0.3506372525146572,0.4949132643542924,-0.28917936213149187,-0.03169497359214813,0.10055556812452314,4
3.6790429540798093,-1.5714005317675,1.1410355631141542,-2.3333482205091305,-0.4031645790760212,-0.858277858110154,-1.5072662252009923,-0.20349367649267835,1.390990707379508,1.6409967557490721,0.876971641625711,-1.5612441040507867,0.4963374978939451,0.11666558014108712,0.4495249282690335,0.8098069766814745,-0.6016212512565278,-1.8187522696460114,-1.2334411792366178,0.7329243993345737,-0.6428296284355863,1.3885319761727695,0.23589716010058207,0.3442163394211257,-0.4363895075311552,-0.18705416967377117,3
2.267702103426471,-1.1658760209726469,0.8728377496452215,-1.5234898712296754,-0.17666271723025212,0.5621767739272776,0.20612094291876104,-0.615660558606561,-0.8917249950552271,-1.073743262709742,-0.31344244569470797,0.5962186716548636,-0.8681789443096172,-0.16012399508091216,-1.6545573034652254,-1.5059524938442752,1.3927185340682697,-0.10683766708941526,-0.21482614626067795,0.2108582978600166,-0.5244508895317285,0.34405388741841925,0.1931460440215896,0.4185315114377303,-0.11487741324515002,0.3506502951197897,4
3.032977161743824,-1.5036259601370727,1.0962122556679497,-1.5885023734819836,1.9932223877357067,-0.5019125374088397,0.444760838261923,-1.4184371507209639,-0.9296172850338394,-1.5186050641189388,0.680373069127944,1.4281402839749744,-0.8219695904860997,2.08616420496543,-0.11038029848580076,-0.0067077892605942645,-0.140190536966616,0.41738226495348096,-0.6200816643155359,-0.6514239115222117,-0.6250674764329748,0.5133148489635864,0.13135972463449605,0.76757491369017,0.37768773528761085,-0.49042975852991355,4
-1.3873978239127336,-0.8980087217019265,1.6309209739427835,-0.09957917293043332,1.8923079151136897,0.33672689565698394,-1.0136543716664754,1.0839016101461563,0.782929406121109,-1.0466891529987747,0.8610415421083215,-0.18570903120281515,0.5305897601865199,0.9246198614687829,-1.6534681886082263,-0.8814699294365725,1.2109374657216367,-0.3771514502845114,-0.02674269075759272,0.28369545742431945,-0.04920738282102751,-0.3609985406327176,0.42752984818452333,0.7504088009291365,0.3046777933237191,-0.3085909217613826,3
0.06677673119602476,0.3988245347800293,2.1800779959475682,-1.4696563191974612,0.5498380205978829,-1.656361822607883,0.6340494619198116,0.6245082601845754,0.41594024234700133,-0.4421633299609272,-2.2168167927916658,1.5381061620481093,0.39738383866610727,-0.24970908131174174,-0.6826874846055069,0.20763978809674705,-0.4361854988544026,-0.8379224056901166,1.639883879624488,-0.794112166732125,0.2384870728718958,0.8522329740307121,1.4031773931425973,-0.727086055822496,0.22018259028938997,0.8812138647905242,4
-1.359779871938557,0.963312442158337,-0.5852697989933234,0.1667998901638915,-0.9942672639874444,-0.6693180357903846,-0.11531388697654966,-1.3049699639532841,0.28130036590434876,-0.5563955392208056,-0.11012639772391739,0.06580116045705003,0.195353276792098,0.26892472142182605,-2.1474079655820626,1.3758415795895482,-0.7918781091791134,-0.09093433099715427,0.47213167950662266,0.7685975737559473,-0.15304056166102672,-0.03698399098289425,0.6641953580375044,-0.14632709494964935,0.3359678660001814,-0.6574414878726177,4
-2.6848623208674134,-1.2911686425094675,-2.0500260642770325,-1.4619108868378443,-1.6817698353346093,0.6126025229506556,-0.46308352069885506,1.9940752670923751,-0.5048156092305592,-1.6309664473678325,-0.8157399136982133,-0.3465592652995062,-0.30623651437687466,1.0725390785946716,-0.9801009688059198,0.4314252703441577,0.7678648878006434,-0.02225982590421279,-0.10391859717263609,0.6396326765136149,-0.1704387002397849,-0.1617836202107362,0.35570159302976223,-0.1492469285377185,0.5556655052505249,-0.3766154272715653,1
1.9416515622589825,2.238593812128025,-1.1093119191920877,-1.5319618482156656,-0.6716039357450122,-0.9382173844189426,0.23232057138517148,1.0522756933241875,0.9001505185383861,-0.7672674940226498,0.46932060644169216,-0.8219825692760556,0.16946363508545104,2.608316729779242,0.8497839360243828,-1.611252336418237,-0.19657644083249867,0.5360296348760637,-1.443553076345697,-0.6858794602499577,0.6187675082226601,-0.4637565090781624,-0.11857752720415307,-0.37621843484864265,-0.3079710416950012,0.06479955694954305,4
-3.0145473770817914,-0.5690861412831849,0.17122721562780333,-2.3126668350417856,0.8089452465233818,0.31940532783931264,1.545252646346647,-0.6790494230348091,0.6567707550361837,-1.8654291887350376,-0.5952743122424105,0.9233868384147599,-0.2960081393037013,0.37852996971325664,-0.5167301105806686,-0.7693393605073515,1.2792992708747655,0.602967369795768,0.21574330136458733,0.04527131772293967,0.8425643478063977,0.4823401076544814,-0.7642892318802873,-0.36372255151405986,0.4420400477209259,0.3510781280089737,1
0.7838852199496219,-0.6666666539350051,1.591869397976151,-1.4107384386789792,0.4459489896790119,-0.3183240362837892,-1.3906282202768627,0.6221730559721882,-0.10947270814985974,1.2131871225545703,0.8429981132354468,-0.5208355593710596,-0.7873368424719707,0.43304313886534773,-1.4695553791525624,-1.4013331445058153,0.6830681456229922,-0.02013561111901413,0.34270336842079885,0.8005481940177398,-0.41324576412885666,0.5215433790025464,0.36421904638774544,0.41943052147222737,-0.587816166499099,0.12584759144100416,4
-0.5450846507255561,1.4790507008325269,2.3185773583936053,-1.2298572458991996,-1.66229700671924,1.2894530128873378,0.10913698997921749,-0.2262657193141343,0.14777271112927817,0.32949440786443757,0.8241497508123958,-1.0922325237283985,-0.8602670206524017,1.0996183174011338,0.2867804963547309,1.1199695062661914,0.042339512932372037,-0.25816843990058924,-0.664856741823351,-0.8435517469539997,1.4310317033653892,-0.1772439759851626,0.5635791739962935,0.578486734285906,-0.1471317560645817,0.7264100081006603,2
2.0537894660230376,-0.717118806618566,1.187005157171678,-1.3066456402840352,1.3883889278225032,-0.7128846244419001,0.8199190332861548,-1.4927000036602869,0.5762742742336456,-2.33408564785263,0.41484156784500353,-0.013653658952259309,-1.5040283456826062,-0.29254366763913375,-0.8341103489764722,-0.5881631629238236,-1.029601063732528,-1.5382776148138726,0.9193400754867287,-0.593613786521253,0.32365800394095656,0.49321094314645003,0.5508530873668434,-0.6877085276567347,-0.6106124821404407,-0.44560874525394556,3
-1.6485029480915554,1.2779331472959576,1.8355023699468573,-1.6720987044454854,-1.050338598210372,0.7540939449877689,-0.42193739703282945,-0.9920199347772749,-0.8253059418968252,-0.24545370924400434,-0.44138522719922685,1.779461993900979,-1.183791736630291,-1.7862070072405476,-2.691605237404162,1.6008342907343085,0.1553363441018323,0.6916100163979556,-1.2428773983675794,0.6865810871576797,-0.08962163001903056,-0.243032873900993,0.13123471501802422,0.014029447286296567,1.0627348276658475,-0.8136391179902174,4
5.081478840854418,0.29788869560635756,-0.34736064550061724,-1.3300554349400788,-0.2721760036655883,-1.4596740985670227,-0.6222929904763067,-0.046551171963684704,2.5516299828901237,-0.6115730129247794,0.7896496000388191,1.1460871252848968,-0.5353937029341438,1.1020883580514393,-0.9599060899805634,0.5844933456387416,-0.18700597718747927,-0.59200869345235,-1.4354830590028678,-0.3405402707991712,-0.23503365405358156,-0.9445823400615169,-1.479707799814826,-0.16060719391804326,0.23323781853396225,-0.03312668005488822,3
1.5686128941315838,-0.3699889398808587,0.9839735993813579,0.6831808624545537,-1.8794619768286414,-0.7608507131715151,0.6045985953737277,-0.7384624568957713,1.244443324017484,-0.38645549303702437,-2.23228150983084,-2.664333623058303,-1.5790757474585153,1.7553671316642327,0.049464551255804755,2.613000310233926,0.2585507578293655,0.3078856654206974,1.3780830857186421,-0.040890262600971304,-0.5670628981047451,0.27861479858817706,-0.28990893672496154,-0.5571622790631298,-0.22726501684626824,-0.5848617917303225,3
3.31367235576558,-0.6343590182067969,1.5729014606220286,-1.3169114283652272,2.4830058305421576,-1.332789935987882,-1.095235218206582,0.403953054623629,-0.9196553342200586,0.829551745771047,-1.1332279017263844,-0.030618872586779984,1.529219714967534,1.1439734238110473,-0.5159316262009868,-1.0224621245531234,-1.163591737104092,-1.283670666847184,-0.9875226990755009,-0.5007660513021256,-0.41971411861741204,-0.3244411516288851,-0.5275673249026912,0.7456529398699008,0.04285283478066378,0.456886671375067,2
0.27738759849203287,-1.0326695600657996,2.2938035199472804,-1.1269233157418694,0.8622320255433922,-0.3486761884463817,1.1535512767218394,0.6245644134779831,-1.8592157707885393,1.3119084844658728,-0.341117283621296,-1.8272047549708503,0.9764076608189544,1.0217073800975955,-0.07565295631269263,-1.133580980120029,1.1878319991469766,-1.0540567742187221,0.17480282311922687,0.21454170136186393,-0.44856568937171215,0.00684475863770785,-0.06921672585977179,0.5232715762226883,-0.568754755807797,0.08667478926192652,3
2.705928910902047,-3.0636341542622127,1.512123413154919,-2.5092110361620366,2.086303573704229,-0.9574789638410391,-0.08181848771107408,-1.2129480732134843,0.2110674402981997,-0.3412432827365101,-0.6954798477324808,-2.9307363609882775,-0.04396814978825728,-0.35157837408246567,0.8140528250933331,-0.24640272193653923,1.704404414829884,0.5486262719350085,0.6424457282258977,0.12030801308710189,0.35772569481678107,-0.0008717811321947406,0.16600925006022305,-0.6099022708641361,-0.42488366209233264,-0.12344371992780549,4
0.11247377159119999,0.4120270548909113,-0.2643424054338057,-1.5732323264883308,-1.475213033114469,0.9244141719822656,-1.1951377576213595,0.02426637895214027,0.39844744327028875,-0.3261934186661174,-0.9272536567157682,-0.7117241667640088,0.799408000709564,0.16432094519134907,-0.7923761428120326,-0.5255265195730887,0.33445737661429675,-0.8489765878670218,0.5963052583120154,-0.6397369760598843,-0.2552306757663852,-0.40510451966323585,0.26609657218408417,-0.44744125028745574,-0.09371033102403777,0.04115192425601754,2
-2.0377581566718446,-0.5463900803246757,-0.7629332674654972,-0.41086731660845116,-1.5668705092018305,-0.5195087912436159,-0.44585263962915483,-0.3616987025668497,-0.7933460412634056,-1.0726739812194663,-0.09070337823769573,-1.62991231767044,-0.026092926629693612,1.3012416101104165,-0.26054153549702425,-0.47108216915084056,-0.5442316278105841,0.1376157809952792,-0.0861519055930432,0.17050209507395428,-0.31875134392335536,-0.23735107529917132,0.3744650373317123,-0.2984672693008257,-0.018959416085130583,0.08236259208061347,1
0.2757441602089517,0.16166533609148204,-0.3209952941875713,-0.7110602276181627,0.4747550398115776,-1.0752474210224132,1.341838912865422,-0.15264776697736968,-0.6508608581253827,-0.7623223014844605,-0.8930722788735521,0.902152954405765,2.51803881970463,0.5984902223871532,-1.2158779070446468,-0.8227965092705443,-0.34609388858700085,-0.1547774993517371,-0.4624018854718001,-0.3912040370147569,0.060620144090428964,-1.4420798341705854,-0.24587384770487505,0.9471141448804482,0.20046602783077527,-0.31870050724972304,4
0.6140651593167514,-1.273526103771961,1.3309633980539761,-0.3271905998100139,-1.2749084084189952,-1.728394660500439,-0.7469198096208438,0.8885672678077804,0.4512145840635436,1.4630848892364448,1.4898143746138077,-0.007935139134643143,-0.0766341116118908,1.475947481661785,-0.9774995456183896,0.09854773856651138,0.4283472963180568,-1.3236089933704767,0.7923792559295761,-0.4201642111248339,-0.4463076918690723,-0.13342289348269412,-0.3617277472165793,0.6466650375315288,-0.5420325469705357,0.0356311230723023,4
-0.03421797262927889,2.379937317247526,1.5728289145902137,-0.31640257222461915,-1.9753317776125903,-0.5624208507026472,-0.9638731594974917,0.1340238836222761,-0.47853852244482525,0.10495388443332505,-0.02762890972365933,-0.892874610224567,-0.7342208921385959,-0.18952958951794802,-1.4622442572152712,-0.10978927263297107,0.8894828306189575,-0.5149677038578319,0.7420593352330876,-0.7994887363304559,1.2048769983280505,0.21474916289541648,0.5183344730231145,-0.5352239893521034,0.22230899447949454,0.11157302057380596,3
-0.8214744110819762,1.1414225120474015,1.8364301354242758,-1.3119804306433527,-0.15662786726259795,-0.9354102294545973,-0.19617062163039703,0.22731808542215384,1.903778015511751,0.030416520135179398,0.9141768309348065,-0.8727527942628406,1.0358108830058308,-0.8205331699381627,-0.6294461027732503,-0.6043645263601428,1.278178272419272,-0.18528007552399237,0.3140160191237075,0.34852622541758443,-0.5082420612395729,0.5971779852529103,-0.033422422089485246,0.38828234418035196,-0.10825045996551191,0.5692090308096096,4
-0.6600734589572165,1.8021159585358695,-0.7805568342984298,-1.6950807553248017,-0.39401798400886584,-1.2035924530257194,1.5169531684676547,-0.09043796339191915,-1.0890939568763127,-1.0742176210331862,-0.8035049329488207,-0.2593299855615457,0.41357734402316937,0.5613587687579032,-0.32812272188084723,1.3965253935121371,1.1843221242804274,-0.763174720935733,0.5003119547690221,-0.668345341854262,-0.3597768936352261,-0.055180356096129216,0.4878567605845521,0.3385005138604142,-0.3820038007025679,0.40602261709696247,3
-1.4816969395895179,0.3374035792873169,-0.4255666932171662,0.469326876410031,-0.7592737528344193,-0.4478352472984573,-0.46677431785569207,-1.9313133209673716,0.003126072323818914,0.32247740386358664,-0.46627170074080926,-1.531827261202374,1.4107852417565634,0.2780167889304486,-1.9100718757121304,-0.6073745630389596,-1.1338688602395997,0.324844571483295,0.47643001889566544,-0.5557870975214555,-0.3578621958824676,-0.49643636076292524,0.44557472278950994,-0.2558795738801616,-0.2569856639193477,0.05876873199547861,3
-0.48581145668982134,0.4200724304756505,1.5764883724463468,-0.9538311372591677,-1.19960141851146,-0.08815461533653574,1.1699196528015474,0.9926599691885845,-2.0292806851494314,-0.0004642402719608909,0.3274622798299921,0.08433765574752143,0.6244924675667433,-0.5953426255118122,-1.5112299230288349,-1.2984823658807423,-1.0860005974394247,0.0288757929771428,-0.3038288864012355,-0.6868622383189279,0.9234364718636402,0.14894205221411339,-0.34950555489433643,-0.07788473238859871,0.9855849700252194,0.13260427619012694,3
-0.7515320345774847,0.7364546875235413,3.2647561098397926,-0.5886375704931226,-1.3694210770995265,0.53075421018604,-0.07877230835718219,-0.6942028987005092,0.1267157839357931,-0.18124991466413687,0.9893405026475585,-0.6547348691515359,-0.46879574775021526,-0.39536348404056215,-0.6649197924177167,-0.6657209259853047,-1.1572781649929815,-0.11134213479523128,0.3553140505629104,1.0097647758855244,0.013463766967367514,-0.06195393976601236,0.5484785232795805,0.6356100405865056,0.30720310688054686,1.0352467063586217,3
-1.7406180523974344,-0.4183321744529627,-0.4000288115351415,-1.9854320833865293,-1.51630409978149,-0.1702499883341295,-1.5426584807577837,-0.7293793984434868,-0.056328936253109536,0.796366960367574,-1.8386539011904044,-1.9469453464002189,-0.3647333591666482,-0.17665951806187372,-0.4581383143926037,-0.9579214142290144,-0.9612335311571265,0.026376115591559026,0.012862333980624682,-0.6587099745124746,-0.8395997429023282,0.46771911298202906,-0.144145991233796,0.6904956191390538,-0.12247761961016923,0.25713724259872206,4
-1.1975166366824055,0.16865203835964818,0.2563950423084131,-1.945255744491173,-0.07950111706447593,1.4544671037722785,1.9730968482163316,-0.3108322506576404,0.8968198925185619,-0.37696135556112254,0.5229029886912937,0.014623171625851196,1.1805057433709203,-0.48559719469835333,-1.1988659692760273,0.8653840213438737,-0.47358679076941784,-0.26495251015375587,-0.5360255780595575,0.18764054016761572,-0.382534803924881,-0.025782542549749415,-0.519859716101465,-0.27637927084859415,0.6701720630676173,-0.34659523219799376,2
-1.5837027809242934,-0.9278136191082268,0.6292687915954083,-1.0045073869788523,0.32175193409557185,-2.167257131611846,1.3348505423902435,-0.14073164273085373,1.6375526884654854,-0.5516799720368161,-1.584509762252488,-1.7324509709342126,1.6155344831518021,0.7637311066324836,1.0592809357712811,-0.35877026008398405,-0.34607585367231297,-0.33547171304936935,-0.8421567189827827,0.8504289030336053,-0.2456318299873024,0.13726791185449141,0.5109893618087061,0.5191016643130187,-0.5401663069368006,0.238315729423759,1
0.7380819604794788,2.053252902924387,-0.1168458101699704,-2.970894024630269,-0.050375026510070794,-0.2892251761990126,1.4735145346989114,0.2026062802678816,-0.08852186571959807,0.5643932441757988,-1.4326820784762024,0.30499375871646073,1.7022171601143798,0.7736661973649467,0.4337487941466421,0.2461407455382008,0.5877910664516061,0.16428916843472194,1.2525800995907277,0.10539930800389065,-0.09986495256829196,-0.15686148765786362,0.6293893929317512,-0.2822980838204291,0.7423970362301229,-0.4853935768051027,1
3.5951255689418997,-1.7615740607985737,0.7210273737468373,-1.7605669021336687,0.305160892369184,-0.10805378011793534,0.6942276296798704,1.3555091816778295,2.38699556748757,1.2347374869380958,-0.019408573656620163,0.36242738251693385,1.6557434178527968,1.4082166094550113,-0.39331443244109465,0.6026932202899158,0.8578393709890899,0.7885755666038775,1.0437311372314493,0.1427295785403919,-0.5236022601902718,0.2919977888230597,0.14773468432350884,0.4371646292677018,-0.04069638067080801,0.7765272492626029,4
0.14909541619806374,-1.0506557822863225,0.07580975385599129,-0.7632884001530819,0.6070913653202109,-1.3887393538413855,-1.2847982946050227,-0.8526733883854344,0.08103555260125582,-0.11850773622873961,1.1382629982482633,-0.14473259297511817,0.4175089350627448,2.059170491453392,-0.3656960659881905,-0.45672816393367527,-0.6492234608913031,-0.17792336186095273,-0.8236865845047736,0.7612946692794512,0.6898002518289502,-0.23803123432236642,-0.008309751479918599,-0.333378705905841,-0.5388069442369146,-0.18862605024290366,1
-2.3258261497891084,-0.500708488084311,-1.683209143299787,-1.013353476528066,0.3381983525635783,0.5198444027777698,1.198907835087145,-0.8905281886494216,-0.7111910442720278,-0.5677471977325204,-0.4938912436905839,-0.5736456590898892,0.9050128492325062,0.24494196970075696,-2.2762071191770876,-1.4471568897995646,0.3136174854038559,-0.1304805823613865,0.21445499905794116,0.2568289250822867,-0.36094293057579463,-0.05124483266645857,0.5349894977070618,0.4529199237972199,-0.07297968024594045,0.8939108559219199,3
-0.7679419875545548,0.4788302996264527,1.0835671791042836,-0.2720018816514179,0.021883072961638904,0.13583565011646026,0.9294835646848504,0.26329657928265804,-1.0448092264793876,-0.825191045321837,-0.9979817983781618,0.9423689236166157,0.923952300211903,1.9808447140307939,-0.6996585549927464,1.3518558463612516,-0.717026326820013,-0.1761668306561827,-0.05956725324761885,0.46042554744529457,0.9687082476645599,0.37438429450756305,-0.7658556373145616,-0.48859735833939316,0.22144886136053898,0.6951057722482384,4
0.8334891944702493,-0.3823578610095943,-0.526239991005433,-2.969967930162521,-0.013523940524318741,2.117719770790315,0.17499490392106845,0.0817554429951427,0.6589834001947912,-1.0150231410194228,-0.344160139280518,-0.21714629447879993,-0.12098062555497832,0.7452725531462511,-0.11141031494579538,1.442329958791548,-0.2533758892015618,-0.7640579572420625,-0.48904465281465953,0.5162091622629097,-0.4598784727273168,0.2867076459473816,-0.5227537226206521,-0.47240100624983633,-0.559590951252244,-0.758787612687993,1
-1.217296032711415,-0.29664947079096904,1.702590388035355,-0.3907133321726899,0.5375132094027428,-1.6066350256395432,-0.3491739548240892,-1.0306982728205372,-0.3612961090773067,0.29044573910273874,2.2107210110699596,0.6852256718536707,-0.8090791505132646,2.6553792112100454,-0.4204673974277561,-0.8569532997506535,-0.2563434349947682,0.196083998280648,-0.7770199442564015,-0.4431280763414275,-0.38641448974719683,-0.05297833620094,-0.33201877465761903,0.12126437723507848,0.5504763818707821,-0.40466343080535094,2
1.0185168861528184,0.04303133455833589,-0.510271510541818,-0.23230859176272997,-0.7215484256893742,0.13036616308219276,0.3852782173433102,-0.5435239047313807,0.6177436288509006,-0.5799940061009713,-0.8203322271662508,-1.9856147494586285,0.3232770706704323,0.6473873138014435,-1.3041303403863957,-0.8109058556337184,0.18323303911223696,-1.6060387412052257,1.336467024054702,0.7282005930525739,0.8374419848511356,0.6205950624307698,-1.0210845954294259,-0.4729033451550054,-0.2944501130029598,0.0445971501371763,2
-1.220605426018252,-0.0723830378623336,0.7519787721585394,-1.076447590457516,-1.3880725812128583,-0.9367489022079183,-1.2290548388300266,-0.14487503679595068,-0.3772696606199678,-1.0593604953870506,1.8049411438012597,0.9853834944969587,0.9785216839070606,0.995159227181809,-0.052065969148700764,0.898577338007222,-0.8209277469073841,0.5059825110154935,-0.10116712243715663,0.7060786450234456,-0.4941718342935513,0.4728787239841091,-0.6101492679062706,-0.5113968947047491,-0.15920002030576832,-0.06265382955081647,3
