Method,Silhouette_Score,Davies_Bouldin_Index,Calinski_Harabasz_Score
K-Means,0.10228213320179899,2.4398300470317205,104.54070088388434
GMM,0.0650446934253037,3.2109382309434693,96.44618696627492
