PC1,PC2,PC3,PC4,PC5,PC6,PC7,PC8,PC9,PC10,PC11,PC12,PC13,PC14,PC15,JobSatisfaction
-0.320942321311243,1.4076142006162546,-0.4325165975789913,1.96195707027921,0.3075118885695069,-0.8630323835443116,1.1101811901773142,0.23324335556022285,3.2506679514049854,-0.027693848223619474,2.1947870891925403,0.09249611912344737,-0.8848412916490249,-1.0640023679797583,0.21463080826560435,4
0.5761158510369767,-0.9138543933460371,-1.1403857199128058,0.04176544194117329,2.2125128157544443,1.0244501421459713,0.5419141564545711,0.899768350736518,-1.521684724582663,0.672904610791147,-0.2763657757928874,-0.39583290824608225,-2.463166326374364,-0.02087027759477901,0.5642278972163609,2
-2.4950441113852126,1.1837336826904086,-0.8229097952230221,1.4899764344631734,0.1031321187165626,1.3223668351051556,-0.5858176277521877,-0.9163770133075176,0.5471356999132939,0.6961330008907309,1.2897450834390662,-1.9120432138750623,0.9209316870766497,-0.6290975556265871,1.3849807889005492,3
-0.8767375737722902,-0.6036618949806827,-1.2108780215853714,1.3830432855886348,-1.126319650360236,0.6914972317524669,1.0088917017810042,-0.5576068210870334,-0.2850849908744398,-1.0943667226864655,0.1516953916425918,0.2697722557217322,0.14006762278963708,-2.2081488857621654,0.258462275169765,3
-1.900065601758037,0.6644484798915286,-1.2415466433500517,1.3728709261943348,-0.5889049576642291,0.8665250009349171,-0.5560963258388778,0.5246190627393136,-0.1187700331343405,1.3145995870499403,-0.7434930447755643,1.3374463965143646,-1.9355187997847076,-0.2167747620537737,-0.7627765611900674,2
-0.6627407665594294,-1.7832112554199242,-1.1382896982436086,2.1876345887557505,-0.4250209053806309,0.3022914208431634,0.8483703742857889,-0.19605181033016922,0.9045364042686831,-0.2431729011349122,0.8892803599112875,-0.7862309942074999,-0.41785684707675025,-0.07193017165571237,0.9117784639627876,4
-1.3164371921356426,2.122728856998429,3.0352559530914687,1.715243569657949,0.9810199171646848,1.8632484841751797,-0.22349854213071246,-0.8068218728242389,0.4588272376191566,-0.9775028057298464,0.2804861492717719,0.6057367286845058,-1.4111494219379628,-0.3701000428777027,1.7096880875662848,1
-2.9817396037758064,-0.3719991446711164,0.48644182402399777,1.0716317293422246,2.3275897513253403,1.7340553006719484,1.5750823235190992,0.6228293714182052,-0.9355214831046936,0.2567680034606083,0.7721658579563564,0.3185080661499673,0.9781171907576345,0.3130702670849173,1.3170623514953965,3
1.0921164485304222,-1.1413626692520606,-1.3177160633130396,-0.3358634225371073,2.465145457045624,-0.48582411213405474,0.8739196925731396,-0.9288119319351958,-0.8189259830319945,1.0065639900710983,-0.28696906696528285,0.3502422377563158,0.8389231541245743,0.4662488778719115,2.2419183742885482,3
1.2067814219063129,-0.11151413625602578,2.1763346609836036,1.4373156199862551,0.004031173246215694,0.2770816411069237,1.4278168468420664,1.2933654192578916,0.45707884223430145,0.1750849268668675,-0.4116815889184929,-0.23103639758997155,0.2519579368071822,-1.6852582543336565,1.5026126477746444,3
-1.5376724313427281,-0.7594476929995374,0.7510955841281018,1.4077429580564749,-0.6313684033204905,-0.28560870050741544,-1.385657483852873,2.019610901411094,-0.7525678324603811,-0.7585698297174254,-0.3989243471533149,1.4156533700742893,-0.2530986411209452,-0.7667146486667111,1.2878392466596533,2
-0.2894576106365277,-1.696656190458924,-2.517919145441794,0.2512008606052956,-0.3825061649970133,-0.12576160835359593,0.8031899913860063,0.31072331987469004,-0.4768886754848474,1.3302308617235687,-0.8176437188331583,-0.1436852767290324,-0.011629084970047204,0.2788258241186368,1.598397949170862,3
-1.599417245456833,-1.160754731328905,-0.40164786717829126,1.7981710970381983,1.700047259724278,-0.44889607546949967,1.4572569063558496,1.3877306099973552,0.1577876749060382,1.700656224508436,-1.3825303949897658,1.8998121681572369,-0.5048756760465593,0.6508949245420499,-0.34824809557860636,3
-2.1470329985067025,-0.5455584902999054,0.677070806500399,1.9952189737866173,-0.5121118377311734,0.31539217197183966,0.10171825832919153,1.5684264410456108,0.07393623709914426,1.2415733471677077,0.8157192755159128,0.36114600012085285,1.068487127200357,-0.560225458135569,0.7642380676093171,4
-2.009228234734618,-0.25300658984223945,-1.4661705664495415,-0.5768704083905394,0.5648839862785546,-1.061162156686596,0.17976524420349607,-0.04174284143077556,-0.2421803801250976,0.8708405011234187,-1.2476122063714639,0.2779935461866893,0.49058835476993873,-0.8364375196168287,2.264872357246398,3
1.9434869904665448,-1.383362922600319,0.6403361790209938,2.4509283592019426,-0.6223871274567776,-0.5254204544009743,0.9905021445597055,-0.008016681391785333,-0.32915428091629395,0.4907000841515868,0.11992489729115119,2.2292397507658617,1.3985916830550174,-0.8628004776737791,0.03337463968305763,1
-1.5236104218392803,-0.9767153598109669,0.4821701811278609,1.686549512844981,-1.1406869163179987,0.06121911052853053,-1.4068005332467413,2.0725544353584713,0.2699752360708297,-0.2173164086944983,-0.9824437775355979,1.1686315887084346,-2.2935684480904865,0.43234330605278587,1.1426225220531108,2
-3.113694932321448,-0.38721968975431487,1.6981509547904974,1.9641135483981078,-0.6456347325742945,1.0200367212387729,1.2414113003216474,0.7827076991558514,0.667255041067806,0.23414582205400203,0.8943569264035001,0.4654743071010494,0.2211224021548567,0.6244825414473609,2.1075211369955866,4
4.8759283397751085,0.822686310707224,-1.062748583731501,0.7685454205362211,0.9203877508487146,0.012037039891103017,-1.40260076875888,0.889870139783681,0.2806821698021025,0.05519720676274796,0.7499290732283898,0.1083090243641513,-0.08375740180886591,-2.097983754267619,-0.3413337945819049,4
-1.5703177418893282,0.5166876122760427,-1.8402204789813688,1.1590458181773597,-1.2658590424574327,-0.08568871195197181,-0.14918512182748073,-1.8126666712775443,-0.0820524674239792,0.478290081984749,-0.42513181332462363,0.17361086656316996,-0.2839915056391786,0.32000641893033116,1.6042880423963677,4
-1.6739275919675956,-0.9151177510025139,0.5328854225157672,2.2511104245622806,0.40177827155347273,-0.011629277555661186,-1.8840302811278464,2.2655284441308576,-0.2701757145153426,-0.3966994072945218,-0.4483459515959238,0.38385125414258675,-0.8426667056017363,1.010257738627646,1.260316599104785,3
-1.2106102416422244,0.8715951324686219,-0.1096599078447571,0.9869467044121378,2.1351836829375013,0.08970506197602547,-1.3345177864307918,-1.305315522842642,-0.8065959309819596,-0.24770555861911908,0.20124897670104092,-1.5471677209156707,0.8210588341162177,-1.5924117101102544,1.1521548871585539,1
1.9277924721618271,-0.983031355519459,-1.8421358009317406,0.42399492371637376,-0.4774604423529822,-1.1467113753715081,-1.303960046208227,0.8584495655414428,0.08692246842384617,-0.4318566536533889,-0.35757856910291225,1.774148632915299,-0.38404976372891486,-1.210516870999916,0.6029387862292335,2
-3.4422702943589285,-0.7034483075477996,-1.522529163643664,0.5524464754692183,-0.5825445325921158,-0.1143034394296243,-0.8380406914366371,2.424763967972764,-1.208515935676339,-0.647795425100528,-0.3900186078740566,-0.6913273807092509,-0.41256701415068864,-0.19849541248699776,2.0345598567526597,4
-1.7586560048608744,-0.39243086046823217,-1.542979478022052,1.3641934324153233,-0.4609292634266575,-0.15604340483966755,-0.002342362129900383,1.3113360963394178,0.3722891533070815,0.6837645412051852,1.3945451366851018,0.3543152485899767,-0.6596376528917391,-0.09433604520031322,0.4634388296336752,1
5.164830079852797,1.1615585100893406,-0.6212337604617459,2.1358683448485554,-0.7053781445798131,1.2853416725884106,0.07333091662795019,0.3414269248446834,0.8563276734437203,0.18145498766147636,-0.629615313817131,0.2144850996249456,0.1024099217532199,-0.046796836721501194,0.3705504663747874,3
-0.5414373603057538,-2.16537917960431,-0.9923638165534959,0.49460018255354005,2.959709053712122,1.1176570530723555,-1.594457416909913,0.6468351367131959,0.054035074116190566,0.9842005963196004,-0.3570429239648624,-1.6699734604046126,1.0166867026451953,-0.6919288752038435,1.0305659288613946,1
0.6230240788322275,-0.2863732133733937,-0.8879191967695355,0.7248723478557318,-1.157113716912038,-0.16680547499817117,0.8267945339226954,0.019064325087613212,-0.7343622642044464,0.5709657773966774,-0.5713889325640605,1.4016595486605217,-0.5007514713041238,-1.1980988255618903,0.23305616605758137,2
4.19275078670207,-1.3138948395798458,-0.46865043760244646,1.1871661393246329,-0.0983104821254101,-0.40690743548315916,-2.1230965267652127,-0.7388833891337866,-0.19433418120486634,1.694178373412488,-1.9986092638322932,0.3937043403928932,-0.4338577620239153,-0.6766035461975596,0.3933998772469939,4
2.193815339679958,3.35088779335742,-1.937893095080811,1.0467006835520607,-0.23829333729622962,-0.7616378940191488,-0.2887342425191499,1.4640927159672945,0.784723446617274,-0.018253750993492305,0.6263372280925016,0.6220842025122248,-0.5387712091934619,-0.2934819130818844,0.4217480853728852,1
-2.297903260062547,0.794800050850968,-1.2816902961672703,2.0801512510242217,-1.3473162687683258,0.017028598539777867,-0.7664935043577907,-0.2623518721041566,-0.29606388574076403,0.4684301617196043,0.21066313808143913,-0.5439938922172135,0.06929121157156276,-0.2418272535547197,0.7552914929601103,4
-0.4080243454955714,0.8765587599811157,-1.5536741715175582,1.000443997856464,-1.0002503394824187,1.475088360977696,-0.06193903506867964,-0.1599790508550612,-1.9912824509936133,-1.0400945769402907,-1.0593753799724976,0.5036656486842832,1.2648226949601893,-1.5780601546844266,0.5659005264104392,4
-1.140157666845387,-1.606930460165496,-1.6515736733820536,-0.9865292975713477,-0.17068614238750948,0.19332568106042008,-0.5442893794690188,0.4197394480863038,0.4788635107668538,-0.25174778760634103,0.3983339316704485,-0.7539162956549085,-0.4004307305706045,-0.6569761271141925,3.0338455808167026,3
-1.242637073643522,1.114929921893455,-0.6574541323576498,0.3473395956560852,-1.1499293250968696,2.0170887159386415,-1.7964328891653645,-0.6054169907267005,-1.4723586837968603,0.02514011337147059,-0.82517737787017,0.21920342820456765,0.8660455894381686,-0.08255707969422434,1.9827401547357746,4
-2.568328472823034,-0.27814914238117466,0.5067346297351734,1.2968231987247107,0.6921896590451595,0.2486848463778526,-0.7938543083414283,-1.295625676227788,1.7619954718623472,0.6433531859744671,0.4799327798213446,1.0126576501480349,-0.411157284337774,-0.0003599723228420345,1.0817086374666793,4
-1.2103181119110755,-0.12248425484235925,0.3929041401315776,2.343670926821463,-1.4043044894774013,1.753236881786123,1.3443587676943187,0.8352141865990759,0.041621985102905774,-1.0466172123437163,-0.22382978650773244,0.2990367815279694,-1.6410077728161554,-0.3221432998879632,0.5139285287510141,3
-1.6721592610353324,0.20581853489570312,-0.6718808628692012,1.3912376561237314,0.32393872007145535,-0.23976956772048452,-1.6770852401151908,0.3340629478563201,0.6036549839553483,2.0027697970218346,0.9815637390240661,-0.24237156741333798,0.1341324079465352,-0.3487363073013547,0.2735641413911527,3
-2.0167070643158778,-0.4620060511469392,-0.2493288653397328,0.5905619040096305,-0.7331099687562826,0.37446721799801885,-0.45325913650523225,-0.5846150464697641,0.45222854653847355,-0.3999617731194645,1.862231186173868,-0.2948489355212455,0.40585462862587063,-0.7893018589818052,2.1393986888303336,4
-1.9335793114039481,2.0701349728095817,-0.16619941088381665,0.8700073089991763,-0.7179623650425411,-0.05389117483739882,-1.0525138982771707,-0.45659196526488316,-1.5485577808767823,1.6282906893678166,0.023582087702213577,-0.6535376557755833,-0.6867955719694536,-2.132719129768237,0.11206075857487476,1
-0.6874319875624417,-0.140636199197279,1.1763332174816912,1.1038892196104373,0.45675944711592187,1.8990209282960866,-0.8938123773830356,-1.7660678668123995,-0.03528631479573369,-0.34281813940560474,0.40848038570868733,2.18805988300935,0.13309513158466071,0.2623933157254925,1.0943495121686289,1
-2.780080033366954,-0.060186805008506754,-0.6419408157401221,0.7509891290925873,-0.9870584024380523,0.5498460427306058,-0.40165842371650917,0.3048717200290609,-0.06994382307693821,0.8121121069781184,0.3623021608255196,0.3927251474092914,-0.8867092345185523,0.21933956165184676,1.4692511900836298,4
-2.8183422925363955,-0.022501923830322835,-1.3022775490027403,0.8458755327675597,-1.26216973892418,1.9405362018474048,-0.4289792524976955,-0.31704133948001073,-0.9736924587727043,-1.4189576237840642,-2.035043373679738,0.5328500029713151,-0.07513097884399596,-1.5466327636271704,0.6395954203273793,1
-2.9327886399667626,-0.36818315424450154,-1.0874820606697848,1.1489619529558361,1.3305608788052168,-0.7009914402695393,0.24027844390689432,0.9079861181987054,1.665861908326916,2.071128999116325,-1.333822167865565,0.13765694688282468,2.045192404160502,-1.7715414265199567,-0.23540884990044866,3
0.7483470450705909,-1.076202811201227,-1.680966755428065,2.1047914597295394,-0.014694658870596787,0.11561332451810649,1.1187247919993095,-1.614685092955497,-0.5456933293524302,1.4306865143211482,0.49625622620479565,0.879159721107054,1.2503827439732158,0.7970282413051516,-0.017597874304499078,3
0.4328115549284861,-1.8462496676938738,-1.4527564639465989,1.9178179226603618,1.765913142117125,0.4180141268778692,-0.19278043783950308,-0.764856805396555,-1.3943592725875467,0.11854858488842633,0.5273996733846177,-0.29492139564185327,-1.0459157140906008,0.6720682154614579,0.025149821159114835,4
6.305923157920846,-1.3086697481218643,-1.3102722993949059,2.202738448898504,0.04998278432916747,-0.08937082732494651,1.2771324979307337,0.43605861752536274,0.02052637128437043,1.197518010724917,0.7366614983979726,1.2236239072413,0.7040762989676727,-0.697809329107203,-1.2020319807102362,3
0.6994545633769176,-1.5685483310960606,0.03588086704875455,1.6354474580275569,1.723350100231959,-1.430237141768172,-0.0027899726961604183,0.09395572910055693,-1.3152784427667519,0.2908751115382872,0.06262509519496437,0.376492621451826,1.375623362000352,-0.868617088795759,0.5516148835110184,3
-2.2648842451671127,0.7202827009733599,0.19655812484734814,0.48265356639512236,2.496465732242304,-0.9158040796990852,0.22490167107077008,-0.2510676211615374,-0.2227718495605332,0.8696396003088626,1.3830266595858978,0.9579283845045184,-0.12790986997289552,0.4230630908239588,1.5918617973067055,2
0.8537524571307598,0.4701566752211961,-0.08246678634805084,1.5587662498087456,1.5089957974431467,-0.7500684270801665,-1.7707133776792983,0.7200451079664419,-1.1553519863569914,-1.2282916046852523,0.7821207264666771,-0.37245452007834556,-0.32062529982373394,-1.9288156006253219,0.041647326980667955,4
-2.7346432767014774,-0.23559314731970296,-1.0571290699834612,2.683558947778512,0.5499754901091756,1.6734816992217076,0.7694778214030743,-0.6793900207194908,-1.0901359700553463,-0.026351670311553176,0.06780153076240467,0.8856549151271867,0.4226783890319204,1.8172666861890165,0.32754334878201435,4
-0.20332612553759882,3.4815558719187485,-1.7655557631903747,1.0758405016393648,0.1041804511507002,-0.6537904892856851,-0.905266070242665,1.3286173113281414,0.24220410832971168,1.54319288569469,1.1206448784664045,-0.9247093550639408,-1.4572233007396262,-0.9047008625512876,-0.18005289302593147,3
-2.160646014490157,-0.40750974307477117,-1.0107152538501287,2.1918264469361164,-0.24217370036884106,0.10913144602652142,0.09053315001131435,-0.7938810856949603,0.8827807698597788,-0.6961057347211701,-0.643979901554238,0.22884341472493872,0.8357066101911762,-1.1026876726380954,0.2715954726387255,3
-0.29496245571389307,1.5804108936985328,1.2253562112450855,2.5993199746522144,1.349235466492253,-0.10396331680920935,-1.0810839620869197,-1.664498309067306,0.0663515338318869,-0.01766605001430671,-0.04803053049364662,-0.2626013845216946,0.0700723023312834,-1.0637806075602343,0.005826889517629089,1
-0.271317224154694,0.6670810556503088,-0.44402429922530573,0.7116073659457068,-0.053016928426397436,1.5254420543253577,-0.30172223336531573,0.942751577975756,0.2880292992492685,1.6109445666747866,0.2849382428115169,-0.313478945537804,0.7087057079192549,-0.12979315729984667,1.0202352403726485,1
-1.7746168589190319,1.274582906863736,0.036414052699724635,0.8010720675428012,1.8472569315430565,0.7979075039941029,1.8608819847342328,0.4287481789883146,0.0635980033399734,0.7236441400722672,-1.132578536079057,0.32019871606031514,0.787924014967225,-1.6315914858523393,-0.17045192419667696,4
3.53147782708772,-2.311472410282956,-1.1876650987684176,1.6326792095730434,-0.3207449255905081,-1.1799517014324303,-0.5775405299965926,1.022778578333779,0.47130074003294886,1.0135661418939612,2.3785428171537037,0.33752500331273955,-1.164552904745443,-0.3546152356599283,-0.07536211262835026,4
1.2403256898087747,-0.5275982243212419,1.0078356267889081,1.6775915340559606,1.7855132284228559,-1.0129267339173673,-0.4266297458675266,0.14735649676743376,-1.0228924042913423,0.03300084604293842,-1.219820031557931,0.2954963890792078,0.08177163924536644,-0.5858300714944507,0.6761346965820747,1
-1.6125576589247566,0.2384457357020383,0.08708304935035129,0.9488899867800606,0.2882389620498128,0.3055178403951061,1.0660919875876245,-0.35396752446502583,-0.9751044370857933,0.1069822051916101,-1.7443179639443598,1.4625121157230905,0.9303358200182974,-1.3417684589274004,0.6387299055184374,1
0.1380747758111181,-0.5816445460958349,-0.056244494939408654,1.6697540221759437,1.2835476040766425,0.24968977722715127,0.39898195308127765,-1.520486689637677,-0.9218207798076278,-0.2843840803370603,-1.3979590318654174,-0.34539797984253656,-1.048693485771353,0.19354638882988673,1.0089271255411032,4
-0.056727690415906994,-0.5435786764842072,-0.11601691248741412,1.1557031479681485,0.7577996367879677,0.38700569149891756,-2.026402012981678,-1.5545456824228525,-0.8055743821302179,1.8383998808140272,0.38008269536187644,0.8540789861813346,0.4415604659121022,-1.2220014425067645,-0.4399009633639944,3
0.9420089859764483,-2.030048269201489,-0.17319029426872973,0.6039794244375518,1.9891865980835621,0.25202167910021794,-1.4260330781665493,-1.2726546288676464,-0.47665882936341136,0.24516706807442265,-0.3662651344243062,1.7742483707447922,-1.527087128734248,-0.15418516618431058,0.15648873707953367,4
0.8819228916796444,-1.4107447646522915,-0.662783562265499,1.6981125319459507,-0.9234410601781056,-2.0946833189514957,1.4506124789083843,-0.9165935274264706,-1.2733358049391181,0.8202941818242111,-1.6586614122637622,0.1088740512554107,1.638397571879294,-0.7472760985199616,1.6194163205133412,4
5.8664681677951975,0.7283232040620979,-1.5880714294680252,1.2659347618326335,0.3011957263661706,0.9770640458962144,0.5737727621805422,0.8969132800286737,1.3471363224714432,1.55603994929244,-1.0562195418472096,0.19483197297039567,-0.8104876098706535,-0.23459448546528122,-0.5788048279504193,3
4.898640142833317,-0.06816859415379016,0.74250688259399,3.474645684215281,-0.24863710481577078,-1.598271537271272,-0.5583888330116988,1.3701144239567287,0.4601720961954962,0.6635119201998313,-0.5804412475006537,-1.146475921157453,1.5094271074622347,-1.012206790511654,0.3294418745402903,1
3.7044758913885762,-2.344721858459457,1.6087063505144037,1.1657327534470296,-0.670069359236429,1.648132098215562,0.4880572492427054,-0.7563401465759243,0.18612654142642182,1.103395353463285,0.1934336002114174,0.9976732785827312,-0.2689085036527808,-1.0997598157578854,0.5341414916780871,3
1.6338678408712624,2.8021458708410023,0.023185183104297742,-0.13801351076552773,-0.23937845643840397,2.352920159590372,1.3049414812750717,-0.08783758308103189,-0.347327172352327,0.8324563704496887,-0.7140103268555599,2.0017689213628,-0.7936977175735757,0.08335089374220442,1.0290925600755814,3
-0.6591101368389377,-0.08315173788250878,-1.1025207063253022,0.7644780093378101,0.20231032336550864,-0.1829651827827832,-0.24837910105776073,1.62428563134954,0.0657262069129725,0.18498296475638148,0.9659117039988462,-0.5408358833130277,0.44196741316184984,-2.004948224854092,0.31165266007117076,2
0.1573664049293269,2.4414372874627257,-0.3391370013361302,1.190300895797641,0.924544877252388,1.0047547481527066,-0.04744198511976063,0.4931845346273601,-0.13855974353854025,0.13862974939785055,0.535833137106877,1.2161254956831264,0.030589085935994704,-0.6154605348576756,-0.07924643727051883,1
-1.8376152782906776,0.355805932362599,0.19768546063331158,2.324702062298305,-0.7035249904396063,-0.40722113639759344,-0.5666854459514551,-0.28974097116553765,0.5739207960743099,1.1666162828098408,-0.2792975412038689,-0.21144528379042282,-1.4004644083711704,0.06659670607882782,0.3700017181915781,1
-2.5766036993552444,0.16587505615743336,-0.0837530094738997,-0.5209295525735995,1.26908866482482,-0.3820769114670769,2.054980075885023,-0.49572413550962313,1.245485175106776,0.9683155485013226,1.2768310308032833,0.10814786121547743,-1.3113125537269297,-0.7525677460911656,1.7978632281220575,3
0.48932069513356796,2.325009505573594,-2.215878262801653,1.6356792235037645,0.2742460193698891,0.42771154302129194,0.15490685209782543,1.4056885477078491,1.4843151335136195,0.718292095766041,-0.13817891018067965,-0.06022053500894914,-1.0817855005364274,-1.238047072946076,-1.5039270950801316,3
-1.6334466649517125,-1.0239270847509219,0.6008523099073186,2.3668994772961827,1.3071348793795599,1.2587653485780477,-0.9329972175748568,-0.7618187990194677,-1.4238931243780701,0.08001670764069038,0.33171181220110385,-0.6745808766195457,-0.28460876052398437,0.05165265856362322,0.23424767989139106,2
-2.6246708955872946,0.025091213678567696,-0.6935159084696261,0.8547747769874808,0.17656584747374557,0.10450319742277486,-0.9207761371060196,-0.19623482244694732,-0.36155039151906654,-1.4923404317119782,0.9378637434493298,-0.2776378921881628,-0.10356279735504044,-1.5947832035184153,1.1503505623550534,2
0.11326098082253039,-1.127754815600229,0.8928847182020074,0.6503587875315572,0.18288395850089187,0.6664806691476247,-1.3148584602628102,-0.7212208521423383,0.0857248697762162,0.7389709337484388,0.39915496264951744,1.1278965792662188,-1.1973548498045212,-0.13309337175830818,1.1263261848437685,2
-2.3267037423658,0.6941202818442878,-1.1269890034123409,0.2706755969650263,-0.662195092078955,-0.9793485210055933,-0.2222583898150096,0.18811187756194994,-0.08429831616414035,-0.7820361259653088,0.34715390146621167,2.1939426322327393,-1.3642613893193338,-0.3074788648974724,1.3090931650749296,4
0.42020761415519864,-1.1113484664874957,-1.0541110039830253,1.391929607820052,1.8136446080503523,-0.745830074915116,0.45032232822549834,-0.6265121546897116,-1.873670459774935,-0.6587260279032513,0.2226229770418738,-0.0037590456321694907,-0.8011475802012109,-0.7406299017565666,0.13465646023668348,4
1.7155112567009003,-2.0197559029433045,-2.044944860379283,-0.12578742045062963,0.2603584329353217,-0.1830960719480682,0.4801359548791618,-1.4452042776774987,0.2857384630948228,-0.11879588524138711,0.17556077635578338,1.0560143225654888,-0.08831085594209072,-2.186405058674917,-0.04956890810870587,1
0.17731214339176346,2.690544265878632,-1.72839915195446,-0.8340227538088687,-0.4462117268326144,0.13681457006371808,-0.24296311821736616,-1.073195271407194,-1.1176867430618358,0.1362455389114302,0.550800313110196,1.2957234102548087,0.05321535168238084,-0.019791921709431448,2.1796158673655213,1
0.5618119252719449,1.7297605034223453,-2.0949089430775887,-1.1047801156239117,0.3866526022628605,-0.539611345159569,-1.0608774612980791,-0.19054520238076206,-0.24138044873685113,-0.29818575530380004,0.5028053463660974,3.2376694672309783,0.0380643285013774,-1.4124999622055583,0.5693396095253687,3
-0.3688377600273196,2.194794275684193,0.20539022795952194,1.9600378628389044,1.5552501221837047,0.6255710704066355,-0.5677465345995898,-0.025099978351416544,-1.327612214836951,0.9044571530365367,0.49937653716206704,-0.4518282977827295,-1.2353254897507389,0.33455077289627994,-0.1048887034249158,2
-0.3148358666622758,-1.0359768353334675,-0.5264052966222945,0.6959937443328333,-0.31954300523730855,2.1321232535428445,1.8157589835257164,-0.008239475989464853,1.4781764607416954,1.7773449374159997,0.2913168768719878,0.0072924222120748,-1.4654349614073579,-0.04030551280826486,0.2610624843524496,4
-1.4050245076721504,-0.7620621190883473,-1.7302839365924632,-0.10779761211155205,1.703293407762573,0.8800136998653625,-0.19293328621791098,-0.8326339028076013,0.6268500893565664,-0.92456146059407,0.26065871558063447,1.2296887212095065,-0.15191450751199878,-2.310340118657343,-0.34199538347136904,3
0.6031265658988848,2.612028325119272,-1.2236361806588918,0.10472250213562277,-0.263338405501538,0.20342223846208352,-1.8050952922696415,1.7057671488387973,-0.3422991909057876,0.7946806466926079,-0.28034653082458405,1.1416212666849803,-1.9313229204467093,0.5097404069050632,0.6947825604697985,4
1.6876900747983679,-0.3238853054591106,0.7166014926233777,0.1675637579294041,-0.7378726790736383,0.7738720966353916,-0.3019060423952278,0.264166535521366,-0.2124635369289658,2.7366702429394856,-1.0101755936727144,-1.016492678549133,-2.0026368182716014,-2.2683753671074514,0.10031980615283537,4
-1.2314322484521374,-0.09437144423631907,-0.5779861383050514,1.701686314837976,0.3082045427242727,0.18210891219246458,-0.9513542613165901,1.3398820181803197,0.2231544320754983,0.28217517450110435,1.8620862518484198,0.39167158189223333,-0.5607388648463886,-0.6423074862741568,-0.3507626578675257,2
1.8152988799913823,2.473663792242847,-1.8714132181209084,-0.3159012833487782,0.7301121523094051,1.3609743215327366,0.9947219140617647,-0.4415983502830945,2.442439804368107,-0.2270616437016614,-0.1914652943006347,-0.7420364686394044,0.9418266801529663,-2.144853518845111,1.035278981303984,4
-3.06568467419113,-0.24499281172714824,-1.0827781703974142,0.6703834195917874,-0.7264492460545348,1.315135892658545,-0.41868503510057886,0.2536552960979039,0.035623731832958194,1.06877963804229,0.4446871965745238,0.7112753799857353,-0.718957385478896,0.7642107961684758,0.8443170123418986,1
-1.0123630397891878,0.8914300677252057,1.6552223976424236,-0.14301932298328462,1.201248317528441,0.33868193690730475,-0.1451738555263662,-0.49254612979106793,-1.6693414929991524,-0.8460617941288552,0.13307695831286898,-0.7275141458842073,-1.8769835961488928,-1.0254125245322123,2.539950211210495,4
1.4199291194293115,-2.5889407443375534,1.779390206258568,-0.8292137553723226,0.5093564134577748,0.8359248698268951,-0.4032443952401042,-0.4098037575191311,-0.028648987778287834,1.0510791059715563,1.044208763221549,-0.5042390697036151,-2.4420393800924165,-1.5892562273659845,1.7815762352052502,4
1.527151351340249,-0.7275594815505156,-2.0410332726078018,0.6433828092972685,0.5151934248789075,0.3102449264543239,-0.19423787880240012,0.6508715679069752,-0.5757154398525739,0.9697118262377474,-0.15929367637673855,-0.5094545514464336,0.09821643757413946,-0.08065345494458764,0.48439189936114285,4
4.191882192848508,-0.8919720605392538,-0.39612797388046095,0.9208895036017178,1.632991996468082,-0.0033942780421874082,-0.49382087967404714,-0.27960839792798714,-0.23530839268781048,0.4405124081622764,-0.6164154802857091,-1.409707094931476,-1.8603028382469202,-0.3172029044109509,0.6671216067881904,2
0.27474794906700245,0.31334902488694366,-0.03686982329211377,2.069112856391339,2.277240992864397,-1.7344640384679346,0.7496367311806595,0.062247319312788076,-0.07301401645792092,-0.1397153828357869,-1.3214972557455922,-0.6128628426237717,0.21643392238024792,0.682247321915017,1.417831623542738,4
0.48524453811533663,-1.581696379200499,0.8185349303444334,0.18422009179211085,-0.4130485323519304,2.7255049482322984,0.2948450155038763,0.8482594373674196,1.4991039676905948,0.42206101307665533,-0.5950663680679593,0.3314540619483464,-0.7245073161443708,-1.7693962011638102,0.3989738743395693,2
2.7677801289393815,-0.5675773999400068,-0.9122582435960688,0.7109569620082127,-0.28777719147451397,1.306913680965965,-1.2315354895283106,-0.8419773137857882,1.1357143199814785,0.6397787310733573,-2.1222949352455043,-0.3687494686966023,-0.5250130915233192,-0.03295547929261555,1.1918175855185078,1
0.9186000819676168,-1.229612698882257,-0.25325993366003136,0.8350441363017798,0.7893548444989322,-1.3007433797477446,0.7032385587552282,-0.31859197921255716,0.3424160643310756,-0.35974696474736223,2.670234970799954,0.9653053172465812,0.031387430509628486,-2.2098128726675443,-0.047246407104647135,3
1.2608507655615326,3.4572154082818867,0.36711602002545624,0.735552425716945,0.2757428637063672,0.5050054676990252,-1.0996715172652327,0.5396485260863577,2.76388680254299,-1.831543903094702,-1.109688333522049,1.0397204681726422,-1.005058306919381,-2.0721942978460355,0.6224865184449281,3
-1.843598677136303,-0.6738638748862645,0.002707987789274174,0.7885702490470486,2.6721564085367504,1.4796902309973965,-0.4067697832340024,-0.13329042742073693,1.4029191131367162,-0.33048861682123765,0.4956261641288808,2.472747446732892,-0.1306934339141685,-0.4055980985092721,-0.6573601078950528,3
-1.1076635701060176,-0.982501334156915,-1.4798406275644729,-0.3445058263220506,-0.0950483516771412,-0.26817890337787803,-1.5141105675713127,-0.8962999157724242,-0.8935285364763729,0.8325354540393691,0.4715571234234996,2.0930429949442098,-0.021618149294111842,0.11638678717146977,1.047878820490078,3
6.028134327155665,-0.0029502137592803857,-1.9068269584365136,0.7547189796225149,0.1982746503716548,-0.6774914458537612,1.9947713958645767,-0.38485020974422407,0.66436878940457,-0.6369130045437441,-0.2675728123056545,1.0770487426670514,-0.059285659558274716,-0.41506646521303997,0.7129365691194097,3
-0.5535625662477087,1.1617781748464848,-0.19907257591538827,-0.2392212912947433,-0.45417281451658403,-0.5229091658717598,0.4811152788781254,1.489123949041383,-1.6767263787135647,0.6804187981627718,-0.25176936320573917,1.4517960233375409,-0.27075029517521326,-1.4048923903375818,1.0006705733626915,2
-1.7165433368791245,0.8066522090719359,-0.9843233030698569,1.071701145715447,1.3746094966135771,-0.39944272245053103,0.18945946777149722,-0.42771461285184864,-1.929522710071915,-0.8754556341577947,-0.2783245613848646,-0.17917313060666543,-1.0687276454233934,-1.1276561261265152,0.1008452629293502,1
-2.894360225523923,-0.1102566722347901,-2.113795980005676,1.510663445733407,-0.7103928282197904,0.9464033874619175,0.7411740446014448,0.4009895199336143,-0.3046409857733125,0.3758064454804263,1.1026702618697406,-0.32304554298470217,-0.606880231134885,0.6795303915355655,0.48570388607220133,1
-3.1063113218449967,-0.6976615636019037,-1.7868332353424674,-0.413420230583555,0.7994770117490988,0.9860408900311324,-0.3387724325014718,0.005754975330965739,-0.2862933396243115,-0.8756762427446632,-0.07320547909400929,-0.7216774824866047,0.20714470147014957,-1.3922760036003543,1.4729352353704428,4
1.886944244004459,-2.1637532461897244,-1.0973534865991226,1.3994035662183562,0.05666172524435798,-1.2172289420055988,-1.1243175033206194,-0.8006079406442218,-0.16895859201172736,-0.10703828905944976,-0.5038795034463222,1.3752246111999706,-0.14502695660368575,-1.1685693794128793,-0.0721162255539064,3
-1.1482315270334669,1.8795426831842084,-0.774393538885252,0.7502564632241743,-0.5572412745065873,1.2048468806708326,-0.2723696381176963,0.7538365178073363,-1.1294171253926266,1.7521889053721302,1.6441609991640735,-1.0765267246253842,-0.5654886257699706,-0.903857993196404,0.1176176049349017,4
3.29601415250477,4.905177993512912,-1.2042914557241884,0.4669944329238766,1.852245612378988,2.0895303845168107,-0.07051862402135527,-0.7237100778568093,-1.0007479632404344,0.10302063267026952,-1.0842011998994658,0.19279376730274667,-0.3418559086962789,-1.153465556752279,-0.7429358385110967,4
3.2295018311077928,2.4156493463652486,-0.16423589937777883,1.3193334102520953,2.189870029241395,0.07050039049535982,-1.0601308624922638,-0.13190337242583045,2.0483528421231076,0.09824480711756779,1.87993588118907,1.2624198822466663,0.14173882255095185,0.3861652688281535,0.4009139349396938,2
-1.060727449766894,-0.48598476074443614,-3.051232979149604,-0.29531208226338707,-0.5156761584341106,-0.8127421482598058,1.2813750281626959,0.2823164561490744,-0.17755738488460218,1.3470125092298326,0.2014076576635338,0.9529018291080201,-0.7984307835464621,-0.9756691967921842,-0.18430166201314221,3
-2.4456662880304907,-0.7888540099169596,-0.4998113809632074,0.16518659168982092,-0.6865018480158283,2.627164188353965,1.9661243624288125,1.1577779293260984,0.23834589870838588,1.0678251414538633,0.5526470140495173,0.1845068126608125,-0.7886182233870721,-1.3763596497538295,-0.0891827501314479,4
-3.130976285900689,-0.40168724593108174,-1.595553550044365,0.03890159910287778,0.24783777115262895,-0.3571544313694337,-0.6422211152048697,1.494143617513067,-0.7796164393495235,-0.8996085229436305,-0.8482858770795203,0.9873821340543579,-0.11580526514887875,-0.9537362667053946,1.062671684009756,4
3.8383970407060746,-0.6039327400797994,-1.3115152967147918,1.7288729680280006,2.555604604629114,-0.36096054147623297,0.5369767662757945,-1.0629615400935446,0.6466715324944651,-0.4166671718145433,-0.557248446490439,0.3480373325096811,-0.9953102663031309,-2.5257122053446865,-2.1160997665287806,1
-0.06164299308561209,-0.9413129211886652,-1.7688208376354027,0.1480048083507438,3.088562620013821,-0.4721395528021865,-0.9989726611337372,0.677728745414284,-1.0000646139865712,0.9256002579850375,-0.2659854619757997,-0.8770564471716722,-1.0566746788672328,-1.6035621202394825,-0.6643504113799785,3
2.663464231760234,1.823988165964017,-1.9197901483483786,0.11359112738995097,-0.2876739966028058,-0.6262770481559606,1.2546504371744536,0.48307527137407713,-0.914023019594763,-0.21652226924326418,-1.1410259979123114,2.2242841255666637,1.0360338973487548,1.5577526243337751,2.406882919801816,4
-2.0409201625774256,-1.360539599257423,-0.2384523120454237,1.281687423281575,-0.02469571540136049,0.9653903453778669,0.7029006289224615,1.3008216983652023,0.18842704103715285,1.2544408170278472,0.1518602725922602,1.5316915036788092,0.578752949592268,0.0334432010244157,0.038325685170916876,3
-1.4347125250632706,1.8548598778524206,-0.7120987080465639,0.40806993595713625,0.14306196773357766,0.7595474863781753,-0.0631431651904576,-1.0567328935595584,-0.1840964938329758,0.6547671907246551,-0.8625651132477077,0.17819905178804676,-0.06233147085460366,-1.6029263003920937,0.28852765932145397,2
-0.03148209296261425,0.6075139866939848,-0.8340000424197341,0.519626180285891,-0.41048363101381363,0.45422453398032275,-0.6662195483649914,0.15221755807842896,0.8993028198378679,-0.6810445661359543,1.9497112045123517,0.43538653466740035,1.0116766526381589,-0.9833725035463705,1.241897593833031,4
2.216827123883937,-1.1649113734706766,-1.9937397161543293,1.3418441508944725,-0.6730338061043108,1.6668731098803082,-1.685675399613501,-0.008399304812954882,-0.10047973898985305,-0.10832201168190916,-1.6213843467552687,-0.7334913773908113,1.39181067166595,-0.8005928590282867,0.37896476667284523,1
1.138408515428265,-1.0320191738880953,0.003942325732588495,0.7238689520716457,-0.2777681801391259,1.7606830674572382,-1.2222950335612972,2.8816930823631837,-0.40278461717717057,-1.121990106953114,0.1621950967948431,0.23164208904519953,0.4670831468991676,-1.3994392246032288,0.5199642625831551,4
-2.3395675357074746,0.7672316605088683,0.3950052007205151,1.0288745098927161,2.394862864470904,0.8653687960084807,-1.485674229657324,-1.6566608979059607,0.3442663564154235,0.7621992088097211,0.5102809521932884,1.6082587689403236,-0.3818529763031458,0.31698353749683383,0.20102454004705125,4
5.2199276941274055,-1.316573291879655,0.33170647166149786,-0.07296559406073985,-0.9049696013563815,0.29092586470861703,0.7673094747441691,2.687648286918757,-2.004785844979917,1.5888990744186868,0.4545288448242088,0.7118743026077226,-0.09621542724824918,-0.042345440309929136,1.482262734096489,4
-0.3375371201170053,-1.6490244822232158,2.6352392476772395,0.6503362859982357,3.510566436955575,0.34418231449592157,0.5438811720959505,1.5833087121442555,-0.19958084192444314,1.6259386261751998,-0.4632138519263918,-1.0566887708735766,-1.0208426795789802,-2.5492321414456396,-0.3383204606772204,3
-0.048566107244795535,-1.386974849991074,0.6478540610841635,-0.3922929202630139,-0.18109695017305327,0.1563989928172347,0.5088467486522005,1.2263222988738378,-0.7545864379316981,0.9501938333024051,2.154535837217665,1.2343721950132243,1.1550592613163886,-0.6970313052401835,1.844878822555293,2
-0.04364972846554294,1.6361441994092094,2.9316910111887333,0.38698407495020765,0.5510188662569842,-0.4605429459429096,-0.3291879996008806,-1.7389833777025199,-0.3002018532571047,1.4710375409576848,-0.2963481394868785,0.7638014436196882,-1.3324310983845693,-1.0872361346725317,1.7360892317671217,2
7.4240497019230896,-1.1802151935372605,-1.256695713159099,1.4437309015296573,-0.2551614656789364,-0.3238797692985584,-2.1149852013711787,-0.14909291806267844,0.030842397198100016,-0.09738561530451617,-0.8871637619890487,0.3668420269766087,-0.17296067233233833,-0.48588916296263446,0.275098040420948,3
0.8581169217511792,-0.859619940322515,-1.0603062156893963,-0.6930336676594673,1.5262752265901336,-1.3109691949346787,-0.4032313243201201,-0.2227442799509931,1.034070463866875,0.8043808300769967,-0.301910521468839,-0.9891334167742836,-1.2579782396562365,-2.1842902517075147,0.7122160255681875,3
-1.5033679811343221,-1.2634951213934011,-1.4020574988485122,0.5365528834117942,1.4344413754536411,0.3005378473831987,0.7212367466009053,-0.2528329227313321,0.35999073342247007,-0.3933339623898922,-0.8357856553124343,-0.1990313515046006,-0.9403705220904748,-1.2928763512370502,0.05794461019409021,2
6.772462926700689,-1.4445091315775256,0.6593268756614642,1.5068457886671578,-0.9498639170007854,-1.7014856446629754,0.7366980287740285,0.4117561287644638,-0.19221069764963106,0.9677631322742816,-1.429758493351487,-1.5603076461167125,-0.4466765162224696,0.3751807459983259,2.7375331846038797,4
-3.4906062184905995,-0.7191352989949182,-2.0743188982713296,0.5752434941636136,1.4906686046567104,0.003733255787686253,2.6191955246919267,1.6674565201636165,-0.6205991718743336,-0.026510726549604582,-0.517192332023981,0.5221983659839294,-0.34258584219181043,0.7499881625098875,0.6278668483396062,3
-2.6823326505067753,-1.0531719323493571,-0.4550762047964826,0.6891639045841511,-0.5350032698465186,0.8378539231953505,0.324617349933893,1.4128512674957896,-0.07539166890715568,0.7373474768419329,1.9117130579115922,-0.054882582767018295,-1.543814901756921,0.15029056321792705,0.795636852389518,4
2.6771432256930474,-1.437530625326801,0.673660445745979,1.8423173317161254,-0.04068159287142395,-2.059078446415715,0.43823579710412724,-0.013353380284469456,0.1802304176806177,0.4049038754538522,-0.10696950543706019,-0.8471432932777455,0.135642569119925,-0.17632139293698995,2.0183318987234506,1
-0.7336960606404351,1.2183643923998217,-0.2735289983666542,2.216552943788065,-0.3236006538382136,-1.5862806380788572,0.981656543537331,1.455015013680047,-1.190635868892285,-0.010427957252924312,-0.3039251911700947,1.0077679022361847,0.9207103101676739,-0.24041308651611634,0.6075456332360324,3
0.44437992562869055,2.044926173584921,-1.287206142457878,1.3584911594086406,-0.9985192554360977,-0.3513273460724606,-0.5147521714027061,0.5475536171840166,-0.4937109504994883,0.7602226228870612,-0.1083839478495287,-0.11952290078039814,1.013123023638011,0.2751584606252286,1.1115256373377307,4
-1.350796184127364,0.24307337070166185,-0.8878738900997412,-1.0274191825130201,0.14606709846589563,-0.5490623640319395,0.8677083133348721,1.529060493338321,0.2198477991845692,2.3559407077983052,-0.3199216673115024,0.22461479763074618,-0.008564111192892802,-2.2724937614364706,0.3128181649565406,3
0.9978151816696198,-0.012626726423539254,-0.41270274572898275,0.7006356138902415,-0.4099499080726254,0.7789034687436586,0.7663212840723858,1.8032206775783794,-0.1322964302827164,0.6286656163164188,1.7402362130100264,0.17034508108814253,-0.7106176450513646,-0.07849205767945203,0.6700494153469406,3
-0.44998659911106903,-2.405130962009728,0.625463297848296,1.981299443893333,2.109673792203086,1.3490349319839994,0.7677444045318413,0.9370498971597755,-1.8309775930478265,0.5791736300238369,-0.5116170886298718,-0.1783320486410684,0.7350699520308793,0.48201928778266867,0.12366745539490138,3
-1.2814536387807511,1.2251032668995372,0.8856483491163862,1.5139306345478882,0.9626100372278148,-0.1788530259513042,-0.19923292473996318,-0.5073389963293938,-1.095124396116752,2.7526991982802325,0.8945891306341046,0.14275782908208684,-1.9515659868444493,1.4438667031126307,0.4842581299288001,2
0.7836939559384142,2.0320335135048797,-2.153421226872696,0.2578105684845785,1.2975405693057125,-0.43612741740546573,-0.3520025307941919,0.7387108607721209,0.13407004977665396,1.214043882657935,-0.4557373462217888,0.03629202871689984,0.21537815105666158,-2.368097705406065,-1.1268608546008294,4
2.366663233748901,-0.9927861315939452,-0.4457915566674656,0.7152505636557571,-0.5631369661003756,0.9335407980914425,1.0115747627564593,-2.0446847341597945,-1.1297955159161766,1.1865714263477711,0.6008666704183931,0.08638663710117649,0.4670004752962539,-2.2798497980026755,-0.5192944544226312,3
-1.1337900295525898,0.045466758387359175,-1.2966550655748255,0.11415838404245811,1.852993284395602,-0.4907063943420543,0.37936330317514694,1.9818315991674733,-1.0264331524364654,0.9485040220555359,-1.3618029446277904,1.367172740563959,1.056726819072477,-1.365681730866244,-0.6329414358198701,3
0.8655920385104597,-1.6343426873003946,-0.5714695306881251,2.6039960014942025,1.3364535126477206,0.08106390171643676,1.1730360346869926,-0.1488821547852393,0.8865390057214514,-0.5258384172841704,-1.0022708111820526,-0.08078472837405612,-0.18707445034722633,0.11953927904303226,-0.33543741847775593,4
-1.1527866779654756,0.3566704511886391,-0.3972028968097743,0.7575882079978901,2.4144423827683794,-0.18874506574770766,-1.1930780355002817,-1.6648255556001195,-1.0023389788525683,0.11791905541544778,0.978741945693091,1.5758007387815622,0.5169920637247691,-0.9985953102221257,-0.18431597520331808,1
-0.8245931990208266,0.6308870602106592,0.631947479026847,1.994958468399779,0.5058808420128973,-1.0322904463211504,1.3262786391490484,0.48487636828234704,0.7016762281791454,-0.06402481524860341,-0.05305193376309975,-0.38216045815038807,1.7634717744981834,-0.7947288253146384,1.4473398491284468,4
-0.3548218011805657,0.8799234543069423,-1.056327273313358,0.6308615519812228,1.106430770112587,-0.7046886470649723,-0.2830947020614459,-3.503828106484769,-0.7043822553780552,-0.1023877628670382,-0.3584226298220415,0.5824651259793769,0.10238439992680338,0.3014481982591238,1.6676510755173481,3
-1.6729184680330578,-0.8868740542507354,-0.8094801755692987,0.7496191909723434,0.5194723031691665,-1.7317841255169095,-0.30636957370540707,1.9561935300059687,0.39615452663481243,-0.7239729691456166,-0.7090556586711352,0.670428087698812,-0.6762378914900441,-1.03069866715458,0.8622522824344618,3
-0.008332781578302086,-1.5005859027025605,-0.6633173847195784,-1.2450910941730615,0.30578447968967815,2.5429583397282465,1.3278376678046937,-0.04319852006810464,-1.752626549948605,2.6270410361477934,-0.7592226914949209,0.5174467818968504,-0.9627285831983767,-1.3370157066812873,-0.2667441848441033,4
-1.6332820009628088,0.304091403556236,-0.4514937865285919,0.8859820370805008,-1.2224968429566436,-0.18254810869559562,0.0862968818767923,-0.42222544017582747,-1.0958552795824001,0.7438612031855515,-0.0715328572587991,-0.7958263363935564,-1.4554437966629603,0.15594961181564754,1.5942478285403971,1
-1.9319302601542039,-1.1479574305623363,-2.336105873392723,1.6307446748518781,0.1544850703546153,1.7486703835688056,-0.573288255767581,0.3530237094112074,0.4214599890064896,0.9494610824605161,-0.41684092681497015,0.23476250833751933,0.5885415542184516,-0.26836849843568267,-1.1020086917576613,4
3.0953989014882928,0.9240355764937288,-0.15306798693116416,0.35630560268098144,0.11986972661054879,0.5353530212344774,0.8725570074020791,0.26062013242409227,1.4138523922588986,0.8756192323988012,0.7370739637909297,-0.9879602854079698,-0.01749768669321826,-0.4602453582088674,1.5880363840338352,1
-1.3972163658006111,0.3661477152858272,1.0945637215808717,1.9603647078307032,0.8488770934572234,-0.3979020778749372,-0.356540879697778,-0.6248921811592816,-1.6121957155016442,0.5404795415091878,0.3605673913583852,-0.9873133683723071,-0.5343609296887659,-0.26203218699280384,0.829430259035122,1
-3.4123379997721712,-0.6858734416451922,-1.6233798384131364,1.8096158010517274,-0.19591952969107443,0.9272393443309562,-0.5754334245620054,1.5818515396199326,-0.18238859700869406,0.17970355889100068,0.9523289890321278,-0.01585027438104576,-0.16170331956053893,0.029401562872500172,-0.39920549406054956,2
2.273826678342166,-1.874540600920926,1.0845274715979956,1.2653275132455275,0.14967019503509568,-0.12215342792735649,0.6016379876400076,0.050333055945208593,0.7089211449516177,0.5272427003193185,0.06095383300216541,1.6053722525725744,2.005272518052846,-1.2311202107820485,0.8509553706717481,2
0.972511413290454,-0.38446650501043667,1.4830719018783158,-0.19760647834168615,-1.0768360849247034,0.04724058448990145,-1.0566538347144223,-0.8435786315268032,0.3006960474503008,0.07583696466578921,1.2168396288442287,0.8018165005242384,-0.29804558760313604,-1.5027870701202344,1.9109359603164298,2
0.6494009419625616,-0.1381692055372874,0.02394969417279073,2.4847529732888405,1.8767721015997816,1.2121326225988578,0.4881461815604422,0.15291650583422436,0.8223463152095238,-0.6251005119417079,-1.8736936051555801,0.3163380066940378,-0.988263174774248,-0.0315513032181256,-0.9243507966037906,3
2.256602883686256,-0.4839862209439301,0.6344837016176925,1.873353784694038,1.0051206368131584,-1.5308347359724945,0.4283170583457067,-0.936276739067852,1.1628554490022678,0.2631856377376369,-1.2523132602293647,-0.1873215440439835,-2.369575119963557,0.0874087976206979,0.7981942439455754,2
1.111166268285191,-0.9783145848963661,-1.7867537191105576,1.3784087327205363,-0.008425243260603715,-0.2555086581584959,-0.00598620602800692,0.18709158061635323,-0.513297423894852,0.4342562858348222,-0.08619295680194301,1.3309472762953576,0.5208608015298007,-0.3943448374505204,-0.6846367637541647,4
0.07301615747737578,-1.6446564380226947,-0.749879429211298,0.5074591701569157,0.055048166797389025,2.538053750933784,2.1235668957325675,-0.39781587597302426,0.9527832286365543,-0.4626042685629849,1.8591683776649097,1.6174705765628024,-0.24459655480463985,-0.9808899283584877,-0.33045063580587963,3
-0.924498117653238,1.8644412837058828,-1.1415643606578192,0.724111871873518,1.189788272272343,0.26677476573202574,-0.3350782185040463,-0.983327703105156,-0.05398316285835493,0.6514291204568394,-0.6828646665578674,0.7970924349070243,0.5860763094086678,-1.1456832706454345,-0.31962511718720027,3
-1.4768957629642072,1.9342599584496458,0.8750826243533548,0.9397991339910077,2.0835054550941763,0.5244219367905468,-0.5588166994231946,-0.22686299072475197,0.7300160916250142,0.2167867885440151,-0.45917784060763794,-0.7517126943365229,-0.515227060578286,-1.020646257391448,0.7694535464035436,2
2.7377708402850627,0.013930548578241024,0.3038333414236622,0.150852597024903,-0.4520505688099282,-0.30140450603771857,-0.026219347933025418,-1.5858481364062522,1.9339719771012258,1.0011620151445484,0.21965312320949415,0.08822825184164365,-0.18840214212450612,-1.3638715648775155,1.2130942222500487,4
-1.4719067369726615,0.6425010879504616,-0.06283992369340637,0.8663652011151824,-0.35521782935519686,-0.5423230436716389,-0.6782181976976278,-0.9751229236545382,-1.5021288348833743,0.5520299234582957,-0.4066347103747819,-0.3017539458202219,-1.5569083301031559,-0.4412454270279118,0.7961809576304488,3
-2.6272335790177395,-1.5530652490160601,1.7513955461762845,0.09403924342100357,2.2919362729804664,2.7451706974111407,-0.8790081860988572,1.283183920903419,-0.8773733163670794,-0.884170369778722,-0.06667059463076483,0.05534792911226247,0.3085392144617848,-0.05682661538727022,1.9009795717933833,4
-2.0043767024599197,0.3971959304041553,0.20735398620633766,2.436507855537217,0.5932296006728325,-0.25470317257197733,1.6421743670645412,-1.3389898176360446,0.6809210708722779,0.7599852265078515,-1.2049694614579625,-0.7329404292825455,-1.17739558779481,0.8381493934901031,0.6161024736700246,2
-2.019634534868234,-0.666678256118558,0.19527923569425476,1.3856716398488964,-0.17602267240982913,-0.7835512660207306,1.3563593190657197,-0.04907423760198456,1.6662179873906975,0.9509805964675987,-1.985214520104236,1.0111120249937513,0.006276194714384385,0.7558685442348352,1.47146893527121,4
0.7669490414646185,1.5916744678860753,0.7084272454782284,0.8501991851580188,1.047938399100246,-0.9676886664069322,2.0589444342149243,1.9087831931225698,1.1336513859945196,-0.8767385094770003,-0.08074335173393028,0.9264382834465713,-1.242510385085906,0.9279623186305835,2.2280164448128397,4
-2.7305233381476706,0.014592391573491527,-0.49346331959984824,1.4273293146169068,0.20900278437208925,0.932683568545993,1.0970619714300742,0.828908101710714,0.49530939512094013,0.19117908618926566,0.0795876580470623,-0.8536591544461926,-0.8211860098970623,-1.761346743730276,-0.6964729316556337,3
3.021800621790257,2.192558682644575,-1.4920501251675025,0.3738249811026125,0.6168702352670461,1.6309349173255057,-0.7774167839052919,0.8568027076555179,0.19957255925123324,-1.4555789013256684,-0.0497970306294784,0.7871227043495146,1.6482446856251336,-0.4372166855354784,1.037197711146765,2
0.2356853011961643,-0.9442481237215152,0.8102898058249918,0.7403262364354143,-0.04090791167007544,-1.162875308510016,-0.7459036015076445,-0.951440736121917,0.774989286079407,1.1576106726462756,0.19143636342493894,1.654660898476244,-0.047139486907411224,-0.6411601065919721,1.0687438311851496,3
1.5480046512376666,-0.9334850972048916,-0.30853511327453254,1.5103612177676606,-0.5542938576774439,0.9597998958226304,-0.29786374147623584,-0.5285857375282875,0.32961170776875154,0.9439915086351922,0.04255465280885211,1.531029042716841,0.7547702597485884,-0.6325686748989056,-0.7102268791289867,4
0.36630148981162514,0.4929655407077836,-1.2685166868197348,0.29327502220333446,1.9476263248967984,-0.7226313812347366,-1.8872695243451485,-1.162334696587477,-1.4854052843926715,0.952606612689498,0.8695298260653217,0.4371986674464646,-0.20805176656745558,-1.224201817263534,-0.5834320417457471,4
-1.1658702187237895,-0.3536482544186125,-0.6717788980299038,-0.12798557482164175,1.4228011880291387,-1.6666455784007035,-0.20746964755218048,-2.762258280815704,-0.5082219866916706,-0.5525220462590588,0.21619747291245062,1.0981972934371438,-0.6372591652465368,-0.7199334202227804,1.5704512307205714,3
-2.001206629943149,-0.6615174020794525,0.10091748196026565,1.738576271129728,0.36525294080776305,0.5054696533999379,0.8977275869923862,0.5113220310151563,-0.09520387351946301,0.1120029851579559,-1.4249333315972954,0.4062866085593853,0.30554762154706205,-0.1330824190125462,0.3619060656222485,2
-3.492617013481751,-1.2742193064547287,-2.003530257726341,-1.9686368018568114,1.9449747082341529,1.6234153169275176,-1.7837146287252124,1.1343509501967106,-0.604550002860291,0.24426254754932705,2.0757968514943888,-1.3638550227642037,-0.19547916868159468,-1.2355515880240355,1.406746895066391,1
-0.20717996694268825,-0.8102483834371434,-1.6797383057476476,2.0738063832170948,-0.44395599635417105,1.395293168075613,1.246461495460831,-0.9417941221811758,0.9355471528573412,-0.9333051353895818,-0.9361338256935412,-0.11228446285639015,0.11091419063133859,-0.6241372625028475,-0.32204012150818173,2
1.155074685987878,-2.5521743578238043,0.30202230316630596,0.20925208578558366,-1.549375052992195,0.026390400751148103,-0.3414599728990086,0.0060489973731030836,-0.4883690101236258,0.7568852709829165,-0.9176210429194627,0.5209931463626215,-1.3817783246526747,-0.33330664102411506,1.6350559189061094,1
-0.4199175967016217,0.4983515910608787,-0.5805430648645461,0.24725453710650103,-0.7914979520084395,2.0687641751222423,-0.5726964233703922,-1.3862114898310876,0.13674190628650065,0.5085327144266827,0.5846085033153212,1.9624657357351956,1.3057184516632956,-0.520615702812947,0.5303483406715321,1
-0.30306221898462415,1.601556903398082,0.0819461886745494,0.8956302902089158,0.4537424977296471,0.1955158989658854,-0.03346621206990257,-0.4707879069527196,-0.8497828983621587,-0.060094405439581194,-0.2510398698061336,-0.10650767942498585,-0.9729777444835002,-0.38519903662969085,1.0449141935477821,1
-2.2521749755183675,-0.584310917314869,-0.9440930991284106,-0.3357135495212587,-0.456428739160847,-0.9362865483226447,-0.8994969357286695,-0.8513659485625225,-0.418588015050445,0.38085906063104674,2.4786690980636723,0.5502254751775171,-0.3468184874437263,-0.1571989816027765,2.075470474868206,4
-3.294069051738715,-0.8630070256857182,-1.5820481998079767,0.5085645279541826,2.2816712684186773,-0.5421727519505274,-1.0863419721732963,-0.957164652966645,0.4097483553208542,0.5378638033514639,-0.809468749548026,-0.19356490675385576,-1.0482720495510862,0.2620152141547036,0.4706389800017194,4
4.846221477821787,-2.3292099974871667,2.0421173660884935,1.159647586687257,1.6613357684410122,0.9534780539753984,-1.2423214916436096,-0.46192724871895485,-1.1933074300013122,1.6203259049252479,0.8756128286217469,-0.43795966034508305,-2.201291241751753,0.739902585805645,0.5329616710600704,1
-2.135074389256876,-0.32996712054403743,-0.772948945683316,1.9393922999948487,-0.6203778906102482,0.6501436747399936,-0.32219861190090987,0.25030163869403516,0.1385715889590682,0.09083962585028474,0.5936586242250464,-0.3384474075942618,1.1808302946908946,-0.17868056427467047,0.6126836182989596,4
-1.8224548118033517,0.7594394729104216,0.6542673570814694,1.1353190864316418,1.8741920558172043,-0.3384780999111899,0.8142125851933146,-0.3510610998248876,-1.2380320359658141,2.023024887557694,1.6797814502837467,-0.6173313450295963,-1.8217514490438507,1.5645965792544267,1.0816830094877234,4
-1.807718519821153,-0.26084095882835096,-0.42070749974096594,1.4773605870765902,-0.09498005376514292,-0.6615261215938252,0.7116610313729357,1.1821388557251786,-1.3564327219978283,0.737767152668584,-0.07141861744322307,-1.1871605799558043,1.1044022289651783,0.8600372829952703,2.1099378922692424,2
-1.7728759152433906,-0.1789488773820478,-0.6253630705100245,1.5929248838064716,2.3086633397147027,0.3263815488409246,-0.18236949484721346,2.1975952050104386,-0.8409205746276739,-1.4728582128110472,-1.207703256824772,-0.4252062862720982,0.43930607240120495,-0.4688641894736161,0.1493652187731719,2
-1.395768038813408,0.6698455682705349,-0.012498589039871428,1.2648443576171704,-0.23196560389752918,-0.3106673019522982,-0.5335532107692221,-0.6038108235341212,0.5469161904611614,1.7588557992638145,-0.42852735204920583,-1.4423221714631633,-1.5052845840109212,0.4098802504061843,1.1899902206603008,3
-0.6290666809940599,0.6893216508114647,0.23442104499469507,0.7296667445529307,-1.2675851125488362,1.648049507600198,1.7557691552829036,1.1632668055339652,-0.7275264073187719,-0.9022540905441137,-0.18266423619545588,1.523670310728021,-0.6705622849445028,-0.4086471941994612,0.9301864749048269,1
-0.599286265140655,-1.501280011289322,0.27359806451704743,1.4820900472120162,-1.2482391417336112,0.8732611031118535,-0.41341939425957636,0.11031682351544311,-1.1061829301237807,0.01824673616933724,-1.2490469399587507,-0.723263633223928,0.5395069945249605,-0.11562189191136697,1.609260532027453,2
4.779889276926276,-0.9640201341126403,-0.9552065656395521,0.6693768337015369,0.046965443867032504,2.468979463446316,0.4675451147429898,-0.2766133140441192,0.727236806788157,0.8203179582173894,0.982748598584655,0.9658095732317742,0.36324849508551355,1.4459204237221015,0.852911412123582,3
7.085082805665106,1.127411656021494,-0.9081877746899392,1.9078768349204869,-1.175972184614498,-1.0047839319055223,0.1900467976444826,-0.041084517257987625,-0.9411652379207968,-0.6679171923813398,-0.3555439525219724,0.6555465871960549,0.2685539465922226,0.1009660807300483,0.8623460503370679,2
0.8726319738414352,-1.598388365515296,-1.6863150425045237,1.119868622490278,1.0850876106224083,1.7361105398388632,1.1278917825589116,-0.40885303795512795,1.0951841258190862,0.38986205032760024,0.1942949801490561,-0.5089284307971659,-0.361309623274501,0.39926340489635326,-0.03689209538120824,3
1.8879520728906583,1.7711704834940383,-1.2273393036571225,0.16343994315845753,-0.011296140094874675,0.6334734797337143,-2.049997329697039,0.4595758140827872,-0.9063441092420971,-1.0138573214973468,0.16395040266726957,-1.3884884218732298,-0.2308690292615883,0.9909643075188321,2.897057733109186,2
7.955562199397909,-1.749865491317779,-0.19527525480606964,-0.485401275492946,-0.06869304270902563,1.098624697996493,-1.9031196596823987,-0.9118996229345072,0.9421399118211771,-0.009950490979855642,-0.00945517472915631,-0.20867913535354343,0.22231354669384598,-0.9056211714543526,1.8950923970146625,3
-1.3796547817788742,-1.05144298858517,-0.44277395977918393,2.205902828968522,-0.08978457061822197,-0.6160126294159085,0.8516292555795999,0.2177264268262675,-0.14883110479284306,-0.22902779171684504,0.6303025467450372,-1.5558180643899646,-0.21700398804439597,0.022829770461532395,1.000275398731064,2
-1.5995414377048376,0.7565831561832813,-0.9560764794424752,-0.6497962672938155,1.238024389789998,-0.5671760753623469,0.9956003374077153,0.4446363400845144,1.0094901146302258,1.7534905572633808,0.5960788725965855,1.5178523794404037,0.992578792631345,-0.41570584266165483,0.9867112781592884,3
-1.0293981566002286,0.281445939890423,1.3470466158346923,1.8899164771181403,-1.6796207292347394,2.341319639195712,0.34422680776561837,-1.4956019143474888,-2.238321829624683,0.5295322602834727,-0.9995452925197266,1.2650238265991192,-0.1287766981254812,-0.08282514411658669,0.2225670750125098,4
4.756060135284,0.8657100548526138,-0.4059556162320168,1.401475977896359,2.5125723074734996,0.9241447753812126,-0.09674477791226323,0.23453051004836387,-0.7488033309215432,1.4129620070857143,0.6224077097805224,-0.4640783755826455,-1.783581867978497,-0.8408818160222955,-2.0035555959975206,4
-0.35373720172816103,-1.3324815943743722,0.8882128473214015,0.2798241251598618,-0.1012734237488822,-1.3812169076871148,0.9844780747134969,0.9611521262425191,0.8533365223321819,-1.041729732985093,-0.1756672227962668,2.131388623866309,-0.8921407217406269,-0.6045950679261816,1.8310161575602215,1
-0.861582834528825,0.5765359730350551,-2.4994319120000505,0.3686143185670589,-1.1473439357320043,-0.36921290606018353,-1.3757177308702315,0.06670033155321875,-0.48530344883033816,-0.19176131018413542,-1.6918572822748146,0.864223581058653,-1.1507172278093387,-0.12808291472248085,0.5614039828081009,2
-0.6660936850161444,0.21591851760335715,-0.37171283403464644,-0.13987986198385677,0.7412296420507997,1.4800792814997266,0.08765154118782076,0.7832867874958988,-0.4746539389268419,-0.6027759315878715,-1.4294329774543935,1.3540979026180469,0.7606473749569179,-0.1855011763873258,1.4125362160202812,3
-0.9830340002577896,2.8520015768807316,-0.00464153221441478,1.3184347419755649,-0.6694238706941911,0.5009289426767607,-0.442538415991023,-1.4182549107904792,0.07094041000060561,-0.42978618361288057,1.0688826274214815,-0.9499371671750847,0.6079009096047951,-0.8542370465645173,1.2798775290497708,3
0.2738096261336186,-0.6167186019337554,1.6053065799466104,1.2084109256461593,1.6251801236753076,0.24126215679865473,1.5113967392904615,-0.5155623398436757,1.5066246482388168,-0.4018019890356638,-1.396854823451612,0.18561971280490566,1.4359753801621453,0.3370448647587094,2.331796732291491,4
-1.7382644822140423,0.2801703233035142,-0.9395103903998921,0.308802997607496,1.0591186522745808,1.2201687639298793,0.28773765495836157,-0.6564275236031335,-0.07530375943614617,2.2041370486881675,0.8491214869371237,-0.1418875247818641,-1.3489828228879686,0.7756311595283979,0.09462516541606472,1
0.6552826419044842,0.023227606633856267,1.7894367312626018,0.09838081961748013,0.20353855673757687,-0.2704285415885311,2.4730331431702277,-0.2216849152107265,-0.22493723399433405,0.18568511944304872,1.8299169123708663,0.6571520725658541,-0.156811463365166,-1.7987427298858343,1.4259126766744832,4
-1.5894928408399558,-0.3586072453703722,-0.45968038859421406,0.86935080319314,-0.5444866349489325,0.9228151435633999,-0.4252410559404108,-1.3124897822535369,-2.4168891283458955,0.3107272973375534,-1.2082886699444761,0.2954386744665878,0.6166725201194444,-0.2246220468275742,0.9399523837251094,3
0.14092506300073965,0.875803151398468,0.6682683373970214,0.8888245835057109,-0.28260113635080675,0.11407013569687556,0.7922909524595739,0.8840209047683415,-1.7303675908261111,1.0270491649859754,1.238256405613133,-0.4379308888861071,-0.17902673515901635,-0.7829689421195098,0.7967099854906595,4
-1.1221250172554957,1.9882024680629806,0.1367301276969122,1.0428942772320853,2.116446665410257,0.29226625814876434,0.7016108593745948,1.3654844231131538,-0.27236718504645174,0.831217708278562,0.5767865124482541,0.6318218556509315,1.4819238877880316,0.5105660834557155,0.7148672426006792,1
0.7056500307197908,-0.9618201351584154,1.0769554820478067,-0.4336078940589599,2.082606740119398,-0.11642845333578612,1.2107776182657715,1.4916733703813558,-1.2572318457489278,0.8475291597836387,-2.5587138563211496,2.138020713119475,-1.6002437919334571,0.17606939687217799,0.615102496280626,4
-2.2321240477006583,-0.927106017154438,0.6352948756853453,1.426838931929345,0.10275311898429217,0.7210040160056783,1.103010264459701,-1.186401224074273,1.0113791793466833,-1.2413956294502666,0.8772654954435855,1.0749028187724645,-0.11428227572363901,0.03551163656216163,1.2089253405163962,2
-1.2454331907431315,-1.3688204147909449,-0.49309742629608483,0.6581487679764307,0.5063856695198945,-0.5006598395488286,-0.07655325714460366,0.6437024822326465,0.8011032816570525,0.727591146009977,1.1942692252931042,0.8814007590919144,0.7847731357996791,0.468380329830204,1.4222605522539407,4
-0.9465269299113341,2.24533388840815,0.19232811777705594,1.344688179808527,-0.3926636384784914,0.33832013198560557,0.3019774206576213,-0.6596893499043645,0.8517919942836093,-0.6187726637151846,-2.906176262025453,-1.8406484416078353,-0.42674534888755367,-1.7326352814516564,0.890742862077809,4
0.5973601951844179,2.645717240245684,0.13398430007633613,0.6942096637581164,-0.6252206631225249,0.26728160383676564,-0.4122198780852129,-0.6594561273894811,-0.7472169205600238,-0.08663613741346905,0.7356933178197081,-0.9616678949373001,-0.9403148500200877,-0.3202442920357709,1.6155502993665216,1
2.50034048239537,-1.3908212095777843,-2.372073231013855,-0.2622756801382659,-0.057872695057065306,0.4699539129759049,1.6937850983710836,-0.6951707678026764,1.4158381622450555,0.5270347049607981,-1.0193212003271515,-0.3045005295784695,0.08072863474988644,-2.3521168706649846,-0.5474219488882295,4
1.298531634142619,-1.6464598415880995,-1.625344117325455,0.5091747756641463,2.131014269634637,0.9026688747636274,0.16562182260062822,0.712804661274922,-0.4812030044402211,0.2618047825623062,1.972362680000526,-1.239604845644156,-1.1434339737690298,-0.04269372344743781,-0.08776829427711545,3
0.06972775616930081,-0.8797725772318505,-0.6376481926397156,1.6443784450463719,-0.3514185183867713,-0.26585281758744006,1.1080396058345157,0.9746922905754546,-1.0459933979066782,0.24125026394924098,0.8453201900487548,-0.5420131360458567,1.7271364877178128,-0.2968996243203744,0.6667529827765052,3
2.6926462614626083,1.0367478506319185,1.3260529783079034,1.6971836544879593,0.4443808391699594,0.9825171050712419,-0.699831502413065,1.010252994408501,1.2232445933447886,-0.3214493471729764,-2.1315203661387,-1.4623480996260514,-0.8315834832276864,-1.731947899267599,0.06398523869023968,2
-1.6636700139270455,0.09595466599884062,-0.9751251500499588,1.3315292891011297,-1.6196965719994891,0.4419342603482746,-0.8568138580750811,-0.23591298345818465,-0.18484422388195745,-0.7952899345101708,0.17682826826362988,-1.337225401476677,0.41365090864904425,-0.6441893687424677,1.5121122108015372,1
-0.023942542010592434,2.3410403824144055,-1.489812329375572,0.4808097073451224,0.5454009506101143,0.6915402119016862,-0.07237482292723939,0.1583098168596462,-0.628133507904655,-0.497286439948693,0.8835226562840596,-0.17845601067864275,0.5098217144154974,0.45411014875015315,1.216349245615425,4
-0.8750084130381666,0.6934110199966679,-1.5433200492183392,-0.8178485893999733,0.77427658025128,-1.2340494435335152,0.4484466845661279,1.1129492768806493,-0.09195681196028266,-0.3050738160519363,-2.3906662240145233,0.012921352007687346,0.6040328513951694,-1.3231119606348472,1.5637079209283693,1
-1.6294718769434833,-0.7943814863402243,-1.101856555457578,2.117602896482753,-0.26832871450021034,-0.795690808288319,0.9573166944343197,0.2566200989336123,0.5292005061371968,-0.20089156887082954,0.998569910688638,-0.6035417385043129,-0.8977013486231005,-0.5203714327422306,-0.25233252894179675,3
3.761877254377034,-0.27256521748357093,-2.01586475685394,1.0496375755633112,-0.700853586963707,0.2011350429324738,1.1090567525216664,-0.6099010123299482,-0.37674054081516717,0.7047753122948892,-0.2662575992588842,-1.181085475167738,0.0563734364682951,-1.2963868937709675,-0.38718483784642876,4
0.4180114671063384,1.1309053677836935,-0.7167866789476522,0.8748224707441721,-0.896287012667352,1.5722752690306645,0.06122709067561927,-0.09619643451743623,-0.8614445808213081,-0.5404708137706166,-0.8394913938389567,0.14804255297116017,-0.14727114632849636,-0.5046145245923538,0.442530092608052,1
1.472032864476701,-0.3086660918651675,-1.2248539544791561,2.0141910982602385,-0.5000287170897029,1.2963240722149283,0.18637785857917016,-0.9504836657376481,-1.823540086041083,-0.027939117525051585,0.6507823425753562,-0.9813164730863194,0.4836610367323201,-0.47748470389914816,-0.283497350496663,2
-1.740342100966126,0.7595506806888984,-1.362734256552341,0.20710738844510176,1.2625496391978115,-0.6389247114085979,-0.4809156817929401,-1.6369464422983,-1.4974379259682409,0.6611908099392418,-1.2347841213381037,-0.6519672589726141,-1.485961685530732,-0.44330112501333957,0.4841759795131135,2
1.4076444274537676,-0.38959683243724047,1.1286376095450097,0.5526916811477028,-0.17691871718601968,0.728616697121725,0.3947917559295108,-0.21617272551522798,-0.16604855305355956,2.0297704416897413,-0.17626008258273995,2.169950134819705,-0.6135930562298432,0.1787134721152817,0.1900182046776481,4
3.1442270786116215,-2.172396367949138,0.47330216961268623,0.2964592308197966,-1.015809822880146,-0.11655432743118203,-2.5351795355794393,1.2436532636719528,0.8760648652184165,0.058370682459530594,-1.3870523709665885,0.6530281341255707,-1.6564567384099003,-0.042621417121310304,1.3880963752483282,3
-0.8191958496014149,-0.5484189048256948,-0.27299584912206964,0.803110360322324,-0.818848716361877,0.3784231508962393,-0.8035873883938581,-0.5695934410715054,0.21458887301448978,2.437780173719065,0.22248876912360405,-1.6681899046428579,0.23049846900643842,-1.2585300373517947,0.2782410046333025,3
-1.6728257683683376,1.2170027646361812,-0.03266162606859104,-1.2182193050062888,0.3473355223619201,0.6611484035127484,-2.1392539347313497,-0.8038732318425509,0.19240559412864502,-0.1813741534506692,-0.8316879386505432,-0.5507579551571926,-1.0631790695566625,-0.5297083076910772,2.791077116720015,4
0.6470589697352506,-1.2228340167276712,0.16491743268768028,1.1795627928462722,0.21522647814890886,-1.310913263964848,-1.3754216440624238,-1.951202329982139,-0.5231991317732219,1.323340800230152,-0.7960231762076827,1.2833174967914722,-0.8930356078229135,-0.29551444940282223,-0.09456309326914349,4
0.7534037189063555,-1.3451494139252116,-0.9565013436469572,1.5310674739707617,-0.4467908418769785,2.8015776630188727,-1.6276471668781511,0.892162408552647,-0.13847433095233916,0.3167669692688832,-0.8135187070271898,0.817092589883482,0.5087961276177849,0.5040189550859783,-0.7016425801735912,4
0.9619858241225919,-0.8351494722483765,-0.7200779995011902,0.12237217901950263,-0.4910719309443321,0.31924036219703855,-1.4572127188240642,-0.42768160143608996,-0.3039514933808402,-0.23099762577774247,2.582460968879269,0.40847018941929153,1.1536940574594672,-0.6289063813748403,1.313805595178218,3
-2.4008518052738617,-0.8389075910827186,-1.1423538533254962,0.8637396844107985,0.4942521848427027,0.13466018257593665,0.7769492852074342,1.8481629705347091,1.0430393141718715,0.6908053808732604,0.0835943845475462,-1.1110405997105022,0.4877965931403764,-0.03293897307848234,0.9833316607406984,4
-1.2069622905696862,1.562205957709757,-0.10127491290944346,1.7382742877631212,0.3250449447848931,0.1567430136204097,-0.8173610838347896,-1.1574021458742219,1.4686244404383726,0.07910650222368187,0.3273065129391325,-2.1005549827936605,0.31738250206384905,-1.021493593060119,0.8692800286548139,4
6.654454637713926,-2.410713006165546,-1.61348042716468,1.4050918052452013,-1.1141863007569757,0.4420906846033662,-0.502925350791735,0.09442996955893493,-0.02114097192955124,0.8552472345239007,0.13409111291178932,0.13706784086300938,-0.09880173334563738,1.1595849341138729,0.5137455082458169,4
-0.9242775237606201,2.1383888786884344,-1.028973797602785,1.5574612245601172,0.7882331614653988,-0.2921327918772678,0.9412658537859583,0.34390533601968387,-0.037047121448920375,-0.3407712648727795,-0.7569013784409864,0.08392814107156174,-1.940178315346602,-0.544305446000628,-0.8401489059291456,3
3.3104912290346937,3.351227020216973,-1.1344702839296072,0.07745538270439814,-0.8546316722469013,0.9380582314888103,0.5121060819451447,0.6779895724853016,1.0200445880637468,-0.8243808573842065,0.03354647116820985,0.5655321054712776,-0.48260612659477425,-0.21959830816121115,1.1161419319827008,4
-1.3337232433542419,0.26516965312949525,0.2388274901614516,1.355577079737806,0.10426774326949026,-0.4581438960147845,1.9576995114558267,0.382067019075215,1.4335982781952994,-0.2460852853099184,-1.1986901463701427,0.25484269705491897,-1.1527879640722714,-0.7294099623810085,0.3999783175924841,4
4.098345735962541,0.2649873856420839,0.7703318269865986,0.9710445867878935,1.4812394216126874,0.9995668196726446,0.17672741226061647,-0.18114232895015178,-1.4562698840880428,0.0820265960454737,0.4236490420627768,-0.5574811868781555,0.6761712553470446,0.47612347116072107,1.2971062517748329,4
-0.21478510660054406,-0.6169959067224093,-0.96270882764488,-0.3528510267076362,1.7222456313294658,0.012562926808115512,-1.0648345726916948,-0.9770188464850711,-0.8410295537529902,-0.3887134929726869,0.9734962861036527,1.74014553995328,-1.4328359815265748,-1.0943002176204586,-0.25148944840413334,1
7.503442932951541,-0.7546130897823211,-1.8525287784825761,0.4110473553909544,0.8361150490510578,-0.9738065192551069,-1.2572293488174402,0.6282378529745355,-1.2905131393418792,0.9070690994423967,1.1359798562127272,-0.26868403082310893,-0.5586677455914344,-1.4453077154587246,-0.9809011433354692,3
-1.6531691753653763,-0.46787840703433126,-0.31532003124360425,-0.09535918212647534,-0.7721991785001318,2.2107583207914354,-0.425971962898516,0.5534258003713937,0.8058987717901461,-1.2746532809485185,0.3070940146012963,1.1086932156461282,0.4164573855510252,-1.5104971329973031,0.624416212766937,2
-2.03321405587313,-0.5089590371096562,-1.7562810215518045,1.411708981381789,0.05188401576829902,-0.5039388730120179,0.8121681373507231,-0.7017818945496689,1.6934540950932022,0.5661360059146694,-0.8965156972028288,-1.4346648337146706,-0.8840452691195801,0.45239311128289666,0.8020147381316949,3
-1.430123319756586,1.599992116460636,2.2965376585132713,1.617202796836502,-1.1056357014888591,0.9258406444490583,0.5816313077948524,-0.7926418397627507,-0.4311035653089262,0.8277045765125214,0.965998609323523,-0.35984168222806284,-1.2814583720858526,-1.9829056902641362,-0.18490885288439404,3
-1.324306189377177,-0.2822040379044869,0.9800170436793298,0.19244319643257918,1.1227857374065517,-1.1935018734480018,0.3910825154275021,0.5305619924570081,-0.44035102300923984,-0.026663223044554707,1.4043198153515386,0.36129418328473484,1.9924102233612413,-0.8469943839780304,1.9259394215983299,4
-1.3324007979044534,1.155645514763639,0.9211096423742949,0.37004870358309305,1.3397840187828178,1.6519538985546838,1.7929756858937116,0.2525657444334073,1.3065696972083523,-0.2231267663793027,-0.44886599830380625,1.8093116571684578,0.4235721560329742,-0.520508819576399,0.577807155580592,1
0.45929655455407986,-1.4929417063571877,1.5925532800742548,0.16379978566758807,1.4111976344565085,0.6767243612120394,0.5273161718639988,1.584272196410862,0.021242403733322448,-0.2109672501139059,0.1668940439768524,1.8622622325088227,0.18459348910676096,-1.757709878079964,0.14768815258485238,4
3.898538136007649,1.109002740285557,-0.91423790426154,0.328543676955493,-1.2692748004040908,0.15911245902508295,-0.20386654672642407,0.6801226378840963,0.16704577405635984,0.12214967011941438,1.191988411453859,1.8552718238007202,-0.9584114674635669,1.4955753946010135,1.3813149462957968,4
0.09732422403884441,2.394188892626247,0.37726296491496314,0.5457973615130968,-0.4828729419596608,0.7106449332117848,-0.9655379130308721,-0.5532337899291782,0.8643699226145236,-0.16015810111272485,0.9388350568584,0.9404965217382062,0.48209311206454636,-1.5582586341009173,0.3349251416073476,3
-2.1154371534429184,-0.05619493308176875,-0.11101773531189413,0.671160875524133,-0.22008467710485172,-0.1522864613752897,0.4816617199005411,-0.6592428709649437,1.000533149491774,0.7117032795161546,-0.530003854605543,-0.20533364267485063,-0.5860894247374763,-1.2587253371210012,0.4149095473505266,4
1.5232049358919868,-0.605287734679128,-0.23263385886039714,-0.5753573350394433,-0.8250367047587319,-0.0690152297246326,0.6181621986512029,-0.8303968016857798,-0.0732195983028699,-0.011751616219245786,0.577140835239083,-0.9673308783622238,-1.5818062152420063,-2.2682515841970425,1.1181923736935275,1
-1.3440442608309882,0.5049758629566724,0.06742655904654828,0.11451223051534358,0.5326559808334671,1.0817564353445388,0.4263939459339233,0.12222099994066223,2.070854668666391,0.21574895287319507,1.218743796084701,-0.39219072692968704,-0.8588156970423212,-0.9973034604758891,0.7928774280049693,1
-0.5951528395467306,1.7081357304964144,1.234623960699848,2.819445323371622,0.04824434917962649,-0.771860534301499,-0.8577812081487222,-0.405586659744029,-0.8828811761673582,0.6667646063634155,0.5976835332298017,1.0352355317740745,-0.09079333968297566,0.11621614079791072,-0.5323118342101472,3
-0.3557867674098545,2.3689973173317775,0.044347796772723255,-0.8449278023221777,-0.5619534890908753,0.595130428318863,-1.3113517441558178,1.5748623669782322,0.3054387589442269,0.0876567934702935,-0.8481518244774272,1.8922541705092395,-0.9421349781388504,-1.014569432589267,0.8958913337800192,3
3.261559736156435,-1.4173304598626322,-0.9429155753522421,1.6458390384366528,1.9872422043789115,-1.0161870218902158,-0.320517967697922,-1.7325163740150016,-1.6409943485107614,0.3457492603862794,0.5375580092551414,-0.5871703687863091,-0.8583145473586221,0.7826568755699648,0.1312921755554029,3
-1.3477331664468875,-1.2629428038281896,-0.5593823792207459,0.03658804965657052,1.5546287897489288,-0.9601455799274062,1.389061424692136,-0.5759015983576832,-0.20342359593275705,-0.5521494448722074,1.3897571406605187,1.0811187687488193,-0.033825414561072444,-0.897896904834617,0.7989255052360521,4
-0.8807802501995415,1.1457170337300466,-0.8388912438846388,1.3230081156035278,-0.40269577897889713,-0.39419342059563195,2.2145750779536764,1.0304008201491877,-0.6977157261119471,-0.6531581732765308,1.6100119831768236,0.5691208771859091,0.1655159726174305,0.2828929237099928,0.9272548895171909,1
-1.1140981958523801,0.24285159589418243,-0.5420955162187344,1.1396348948877095,-0.21961678748520827,1.2883690191318482,1.4599652788174615,0.4469704469833836,-0.839572950946828,1.0375103780232442,-0.5269431950615319,0.8429035843683923,1.5140502625761407,0.5537096166012401,0.242149460324077,4
-1.47358989541905,-0.5280306800700338,0.3053678762228364,1.077572058579291,-1.070881168863363,0.5143320866244208,-1.5970723048680189,0.4208953704217671,-0.02308827458174198,1.4840916995803888,-0.3786448918135126,1.3307590323802496,-0.9093736150223183,0.040454498274254846,-0.17573572089798287,3
0.44312591237634397,-2.0248842657012918,-0.9738464156541694,-0.03945586180321345,-1.4031576183914705,0.462850660215967,-0.3469537064032334,-1.0968015379903988,-0.027214703542346563,0.8118669408252379,-1.07161502528002,-0.7545612823244399,-0.940771787621402,-0.5111529643812285,1.534577120033805,1
4.258139197629804,-0.389609564319875,-0.6501657725975195,1.6181628941535633,0.9817994278946829,2.288985806379052,-2.6039042682456355,1.1275003784572906,-0.2315668345167296,0.009975742931694667,-0.5973109204852148,0.9103090984525402,0.5500723928880686,0.9511010688659108,-0.5552324542274063,3
-2.1773809327151845,1.1841313701468428,-0.3127873129589193,1.0908106391881485,-0.512653346351537,-0.9776448477989982,1.3787889716623132,0.1172539383373714,1.5472361869887876,-0.18502641193660924,2.0669558625373994,-0.027141923020733955,-1.1929665866531822,-0.889329249828734,0.5402020629803833,4
-1.5153183621273452,-1.5130941709986339,-1.1800028878429434,-0.7513125345543512,-0.03952527534041793,-1.0477292812583783,0.7548268117498558,0.9014043090320039,-0.7369973248907912,1.9317021053931478,0.5627786304807442,0.43999497261038323,1.5870794330604063,-0.3516860788011299,1.7629350339897887,2
-1.9924709005404841,-0.07180172514277267,0.6440228883562407,2.4344414123109246,1.5017922774479886,-0.5699202559936891,0.37940006071182714,1.6091896044316707,0.7344656418086801,-2.4759715763098384,0.5885236738560761,-0.3251940755092326,-1.2566931337362108,-0.5175675500642511,0.06801198654508349,2
0.893437687150905,-0.6169273904290032,-1.0612654777213963,1.0497370343816148,0.7000468000051177,1.6147683373193533,2.0951048516046833,-1.0706511750218708,-0.5801915531176449,1.3313580724741887,0.39930063471115423,-0.14885137425064499,-0.6315955501223264,-0.793282234107567,-1.5531154119875616,4
-1.29728548707646,-0.22266501566623526,-2.5983404214032277,-0.34007745565686753,-0.8754816056846432,0.7312675425908426,-0.38808341128932555,1.2393847084430067,-0.4973617168209003,0.17792129805960424,-0.08635571270854829,-1.7022294204383253,-1.5006991281642414,0.21791662037124704,1.418211026438822,1
3.7157461308825135,0.9716144817674464,-0.9490309929335237,-0.8356157612532136,0.2133374321062477,0.48061488112534545,0.08643657248271606,0.02715126239495714,2.0820306891198523,1.7226867825814263,0.32163886459526864,-0.7522859359014564,-0.7101011730359911,-0.7916534219387421,0.901162309435987,2
-2.6927168750098014,0.4323456582410229,-0.8509669401600635,1.2370493304794665,-0.5554024062535216,-1.533877449837632,-1.770120994662737,0.9617306534455413,2.0916324561829267,-1.1003648592378268,-1.2268008297716395,-0.08576531102312525,-0.9713240785608005,-0.6963822169593771,0.8715864862062876,3
-1.6741857330854342,0.8345039112336996,1.2455771293882802,0.47625185189773833,1.1813388524330652,1.204866110019663,-1.8869960186510546,-0.26649034922030146,0.5374656382812469,1.936793331329036,0.8913468117583065,0.5460680411050348,0.2546850004644228,-0.5456203179873396,-0.19549316389753074,2
0.15660109905798686,-1.3017915385274301,0.8927873816598297,0.5565440831692736,2.5159837154569864,0.4890013454211101,0.42126187385971997,0.42638384999775975,-0.40022342508659775,0.7835642155228392,0.04360086819238671,0.2314706918674873,1.2097666056216352,-1.2413866958123474,-0.03481517355636624,4
-1.0900748789200785,-0.8008782065440856,0.5101798994374631,1.4256663320435827,-1.376618853490717,0.2704833172545529,0.1638483405660366,1.4476304342719852,-0.6128270210935295,0.5334495677640975,0.9344668053951104,1.2628505409578707,-1.5967834606428586,0.30754941367975047,-0.021231746345704752,1
3.6360359266083133,-0.8273823027394666,0.03577789419944488,1.3459906926873997,0.5012815122531005,0.6009205646861863,0.4622179565298714,0.917440295186204,0.38196594325493655,0.3700230600223041,1.2557354085450165,0.28018598621101853,2.0358848682081314,0.4342157172827717,0.9742632299123902,4
2.203904819162598,-3.274365372094651,-0.22176017363825246,1.2125717099881574,-1.3979125141448392,1.3573991648857133,0.9786996944358598,-0.4551413771925359,-0.3293830167948215,-1.1048114457005715,-0.684048236036859,0.008317311769360078,-0.17656541712487128,-1.8854219514953816,-0.05823677744533268,4
7.225029091151049,-0.5067118407833683,-1.7968499217387144,0.44996764929832217,-0.3435316435259076,-0.12682591046690384,0.4041638926801069,0.21890388003524122,-0.058616247206926576,-0.42141975396643294,1.5356233964997037,-0.2936020351336561,-0.6962113380878402,0.525595628643071,1.237009631153819,1
2.618250176623219,-0.5837812612738024,1.1724903251212395,1.6779243410289508,-0.040350358491656434,-2.286632570163383,0.3550162879691794,1.799847221056777,0.17886212060200654,1.352720771855539,-1.0286101633196014,0.31509346880456746,0.37711287857632053,-0.3959599938668148,0.6701936482309971,2
-1.9562322509809815,-0.7426165444141714,1.2465149864858474,2.3503831307270304,1.30504786142511,0.7191860481239786,-0.09643403125819061,-0.4082486412327147,-0.8189745715297728,-0.10510439095743762,-0.14664525672110443,-1.8117060329022026,-0.18899681736357438,0.8195290310721718,1.0480285541807508,4
-0.6977775579288391,0.8183916148186752,-0.04073950390728301,-1.3129918530370006,-1.134633671946891,-0.10229112809646684,-1.3024696465956966,0.6915195914499946,-1.5824752082453881,-0.6080230522207256,0.7847126075357803,0.31662140465096206,-0.8578022312702827,-1.461849570228449,1.9350673854685316,4
-2.7053702302643168,-1.0289132591981827,-0.9567240967701177,-0.4619077578399928,0.27581632506901005,1.3811614236090335,-1.094497335310811,-0.1580639205239154,-0.457606463575507,-0.06563775851715437,2.2407687320058054,-1.2946992690491816,0.8781747398604534,-0.7421657489570126,1.6883514069484897,3
0.4658957130346375,1.478479026120368,1.2225791113822893,-0.08217749910623696,0.8959136864979188,0.23251892232237814,-1.6109361201175079,-0.28120993453989485,0.5569007114533838,0.5878148021859088,1.3825691816183088,1.6269731521737885,-0.6797135068975215,-0.4942125837558453,0.7161820286467292,4
1.155551334878466,0.8794581363238617,1.0745146752220511,1.101013403420983,0.8960640025242719,0.648012023766106,-0.4524528135728515,1.686917757825135,-0.041732851604517715,-2.2137735334907735,-1.164909126059936,0.6840763239942046,0.4222443468631957,-0.7158390439846731,1.0729905665949477,2
0.0918440866039729,-0.9455403056636208,-0.28130329778197166,0.5668087156688412,2.0716797533489735,-0.10954586568014052,-0.7992340474342263,0.4539851460041918,-1.4838098565506597,-0.5505559360210022,-0.2417642764230324,2.088623894059801,-1.866605044885118,0.8937128845833746,-0.1503112428416816,1
-0.8506508656062549,-0.7708493861661561,0.5929488274019289,0.5342169479957006,1.6261690214766886,1.7480300160299886,-0.5184568455306483,1.0319874610183082,1.6516683402148467,-3.2497888540422393,-0.1338453720051575,-0.5627388689139547,-0.9070194840868232,-1.5025457357233671,0.952972078373714,2
3.3838050108010074,1.902030237432592,0.7428238247933476,-0.09128757417292759,0.6310913776748115,1.5845887676336974,-1.5880206754267188,2.4250548533089757,2.251778129787834,0.044083739459471666,1.2559282024532583,0.9483915023941292,-1.007650915153153,0.6706306849249412,1.2761958812190322,2
2.2811071955688695,2.770009588452117,0.6819333547364284,0.34966175685528333,-0.2008094630468588,2.333417109976912,-0.3414441623495872,0.6340282480586072,-0.0313365549565284,-0.6546820308777266,-2.2537992854988667,0.8710664216885041,-1.3259026868126715,-0.3864951213964421,0.42692182294552405,3
3.1568109284828423,-2.790180037959881,-0.44353646506986016,0.8007897321676163,2.2244530121494837,0.1865261185041271,-0.4464316731706048,1.1614254635161794,-1.3211262820260634,-0.8727563799541496,1.82754648178607,-1.0071243835773378,-2.295705024552331,-0.28186995270842097,-0.2833305098386644,3
0.07230547450778435,-1.8376860614349906,-1.395556872007528,-0.07825192492278667,1.412870933759598,-0.19784663112855624,-0.29784660819847864,-0.21969890043844184,1.3380531888535176,-1.056280902039207,0.4525333508145571,1.460810961986996,-0.9125171750860379,-0.03906488903739872,0.4278481491958611,4
1.0124453815842447,-0.21848775447152366,-0.36149685485366095,0.251722305891487,0.9824876737851269,-0.16697439493261276,-0.029107611718992378,0.696739604712565,-1.5473111803738653,0.4321069884321789,-1.9929854367318673,1.0186914714031443,-1.1103054887903652,0.6325670567206491,0.8095423378771964,4
-1.1328267488468253,-0.9096204025861121,-0.5909063797539196,0.08058661377703688,-0.07693833081879056,-0.034543625893803914,-0.236233086261518,1.6941423555102368,-0.11918239370133661,0.5962947145034281,-0.07642473269130502,1.6956099402522715,-1.0220304500404103,-0.39062229085666134,-0.1243809853077257,1
1.3585557758973468,-2.3276688247519854,-1.199125437802016,1.2742241581663916,-0.7727834481537978,0.8258890822034318,0.6716734581198489,-1.552693103228192,0.3187947626955185,-1.3299551258005216,0.3402741999664151,0.12062336867898354,0.41955174286875074,-1.432988163433093,0.06462475654655865,4
-1.418393234235899,1.659753188787547,0.3156376025033581,1.708135983326881,2.576163262177677,-0.5464853929157183,3.4371292176221537,-0.18975588661149326,0.019091819430116747,0.17328334099528941,-1.4895867182087787,-0.0015223044713952635,-0.6441676608753757,0.5522069488812519,0.2214760688132635,3
-0.705608088666833,2.1629637226413903,0.732419075147591,0.045757610423361746,-0.24681973266007406,-0.7942529446570937,1.6626285657439788,-0.21289371970337062,-0.75005477879508,0.15798225616038317,0.24575032046028755,-0.010860400474491326,0.19894966623910115,-1.2130183028360932,1.6658304661450678,4
-2.15765084508609,-0.05497619388725772,0.2239638549939655,1.845846122358195,-0.14741505278492434,-0.3426244197824764,0.036115451440163794,0.2928966113722858,-0.47941656031401886,0.7867148351353744,-0.961837158403001,1.4773945584892008,0.9306552986411643,-1.398693063552335,-1.1713185370913843,2
-2.034897600870523,-0.8416705775607337,-0.8846556819918925,1.8936040085149886,1.1138606665015336,0.9187430795898682,-0.10737098857792561,-0.5927429536245162,-1.3361096923729645,-0.143030499880401,0.230507887450153,-1.011211691975233,0.5524610468663708,1.0501047378468031,0.5410310773741963,4
2.415105758089655,4.2374296047869136,-2.5838444086090915,-0.08094267555266514,-0.7071788161153868,0.006801969311177447,0.2694466926218469,0.4969925956940398,-0.6209838737405979,-0.6419782602782039,-1.332855811036888,1.1002516209758533,-0.026833604248125593,-0.5340387428157808,0.30107783211797595,1
0.11563056970075197,-0.1486928620935623,-2.543153109901852,0.6225784609176639,-0.7798035167702082,-0.5417275661204519,1.1778768647733122,-0.4999595844993493,-0.5434383894646514,-0.2087036658169643,-0.6149333675835282,0.9342462163028759,-1.3578628865937745,-0.7051269124977109,-0.6193170895681203,2
-2.0725476283471664,-0.7417061500041786,-0.09276638540050093,0.6547841916237798,-1.664599483310633,0.3005528952614068,-0.8926860862538556,0.039970601981392045,0.5549445446524923,-0.09284394841729503,-0.8975207157064131,-0.7866641708879211,-0.2540492766456319,0.4603526345356455,2.219798925670881,2
0.23782725996714968,-1.4107194005480481,-1.4841500942991388,0.42065415366043485,-0.3806630496858146,-0.4552323872518517,1.1518914928727702,-2.2507790648755597,0.6754653761111921,1.3644933748901151,1.003316710247949,0.2132870542311026,1.1974790683988512,-1.0344571235370112,0.06507445830548399,4
-1.7750599682008996,-0.2947508618483349,1.641189740786095,0.9770102121070408,-0.7426488877699122,0.9167915865365296,0.06563553459656529,0.19647777977848904,0.7913314067308205,0.8941863607939847,-1.5177681561827114,1.202504790240498,-1.0729449307357461,-0.41705074963193334,0.3306630878532798,4
3.509996718622694,0.6742492621138295,-0.07220211501840659,0.14700342582731826,-0.429988202287569,-0.5500117757029761,0.7553057813503996,1.2592065032527657,-2.1362334634684848,1.6020471310962632,0.1622503443508354,0.6495065185326692,0.7881858503069524,0.012517236759045406,0.8374039643080655,2
-3.4287413332047265,-0.5150173858537396,-2.1814023902863346,-0.16970352728629806,-0.4968805924980805,-0.834330927318415,0.6923888177025528,-0.014259565181659863,-0.22750939261560948,-0.1329197433100228,0.547040549816253,1.058613826178412,-1.1726945969107538,-0.46589250782880504,0.3396136473594182,3
1.9335982054206662,-1.631568121464345,1.9743513225930611,1.5633763459697994,-0.24316143007962165,0.5736460419156865,0.02409194281807526,0.8568330250798726,0.3827599240554117,0.6056554602531624,-0.07215810129273584,-0.43716602561285745,0.6401932838044501,-0.08851918142779086,1.022385909309085,2
-2.2168153150162886,1.1253605374919644,1.873134417564348,1.52985069140075,-0.3063022211970014,-0.7257571970027671,0.35124207349047176,-0.21570161208993094,-1.8871223687402943,0.7152078533789814,-0.43844511000326336,0.5379529579376651,-0.5844713852996304,0.5194224894998399,1.1983536135612953,4
-0.3019690073901719,1.9472217833598249,-0.5951686408238377,0.41886658652683567,0.5242554790214535,1.6601736073621005,0.07998724422600406,-0.24285874776922817,-0.584856390281122,0.960365175951731,-0.1364401394758564,-2.513301229799672,-0.4245523758890411,-1.4916977089858345,0.054605531543284874,2
3.448927130914797,0.23224441042678845,-1.0886063247527709,-0.22934439098750098,0.6375558410660807,-0.576128581700825,-0.15066285588517705,-0.6025918018999593,-0.4040594659099143,-0.5857244871485041,1.9626803084479056,-0.11282821681962583,-0.2864765230286881,0.29375626293594825,1.707101194189982,2
-3.398721426045744,-0.7257102338516713,-1.162377984683772,-0.4507572844953671,-0.2124162050868573,0.10983043314204397,0.37958512421193036,-0.8201449518259166,0.836073848083404,0.7081571708605544,1.1250133518376635,-0.00029790744291852394,1.472655569100006,-0.7260349948493,1.4100801977511135,3
-0.6300431667020457,-1.0949046188601799,0.08075624680362582,2.5835925200748373,1.0864620753063023,0.17974871933990713,-0.31228433330933075,0.4752969876536375,-0.619405426362041,-0.3246192941156275,1.0035375627507164,0.9529990858584583,1.6529157127752867,1.0728901077573227,-0.010890071118903655,1
0.8616434590494402,-0.971544665063613,0.909275958773109,0.9223608474969902,-1.33356050640451,-1.3382944416943123,-0.5280957094752505,0.6827451691245611,0.878948138025149,-0.2429140383436797,0.7385872828042503,0.6070961281057117,-1.3471985634257306,0.11543442595832676,1.4574003015227526,4
2.5418017264581976,-1.3548667160610497,1.898705179053241,0.679437681034698,-0.0011001439512982433,2.4187284433735647,-0.8293059973649423,-0.5483121619927908,0.9580879429104716,-1.6663516486856422,-0.731402536014803,1.6288322471023584,-0.8242850520211781,0.09106029464025303,1.2926436936324381,4
0.6727975493424395,0.11130767717004879,1.0642682044737133,1.3591414711583876,0.20175314436797398,-0.4942466876037988,0.034848635022412214,-0.5762025198413605,-0.7692530358739442,0.6010726615614846,-1.3974245707613786,0.8393943476647565,1.1587136275240908,-0.9879910651842109,0.2863332249989828,2
1.1136739251006154,-1.586570708942835,0.06440679816760027,0.46760030199513986,-0.34952316027180064,0.442205678165638,0.6970396677033572,0.4227101559856444,0.6817890225547388,0.21870514714763406,0.1529492662696987,-1.4241389660018462,-0.45566323358086813,-1.0668007914193436,0.8211449423664563,3
1.2788723963404693,0.8611686035001287,0.052718255482044625,-0.33680429904419906,1.6976433657438699,-0.10336891938711135,0.6066194134055287,2.7295702523871803,-0.29633733129124157,1.2731792583792922,0.48306459508083,0.6653803667292787,0.014171548195055587,-1.0470735992093951,-0.13000383781457997,2
0.18573442764020853,1.3585079913216689,-1.84907183668137,-0.6814733465273685,-0.38639905188167134,0.3774936682819189,0.7482133828232738,-1.6281010871153179,-0.22051108319240836,1.6859895926739765,-1.4700045833314923,-0.517099562295292,-1.0613319586218435,-1.145404498666027,0.2502424088768026,3
-1.5839533450485612,-0.4669761726755122,0.3018169476332867,0.6446955887036504,-1.3961729816747181,-0.05462383804163677,-0.9595725405986735,-0.007599046497580589,-0.3006689376265776,-0.029107870976318544,0.03970463031405346,-0.10955233084775903,-0.16331798078288687,-0.5655734545104296,1.3820126387722746,4
-1.246335470275903,0.8228918076162054,-1.8916960037037769,0.005355603700395696,-0.2773625810306014,-1.3344767333872793,-0.5193145764707446,0.3366500926476954,0.16890804684182356,2.1094190464817357,0.3584377605960541,0.7624356935531714,-1.3066149243283123,-0.319089918609133,-0.622535709387781,1
3.7767790350261676,-1.8754879183854565,1.2353843520705217,0.9190381682009146,1.1139754486835602,-0.3651092158132366,-0.506513731905667,0.5686990545458936,0.41774796939536546,-0.5158042783841844,1.9533122488845294,0.2693477851350447,-0.6245861432011015,-1.8429021785480888,-0.11714363530498395,1
-2.052515061157484,-0.7140373967616458,-0.06482849037988823,0.7053271798380195,0.9088087452620929,-0.7576456626961863,0.3476137449032023,-2.1022200517814884,1.6929825214503509,-0.12356516619884367,-1.360752622973532,0.9673016391898148,-1.4742091125429577,0.6828829726387785,1.151379834681327,4
2.1990505268333163,0.13841702660592395,0.45797490451733247,-0.36915914322717336,-1.4325900486862453,0.2421276404153724,1.305602681538804,-0.5611883563579205,-0.08055182139619106,0.14544890518483122,0.638977310266274,0.5091801968012705,-1.4700783099945356,-1.474538370930869,0.9060736878536013,2
4.63784090977228,-1.7078990930018967,-1.1438033092912243,0.9454705888049959,-0.49181513933003645,-0.13350893801896807,-0.5435306180075884,1.5729310348664969,-0.4440489762045886,1.2620900747056916,0.9340292990982842,-0.9325334043170774,-0.657958163273298,2.0885600286872554,1.4607282567414461,1
-0.22947775538891124,-1.6127435296363049,-0.8617783146928655,-0.5801338959524748,0.9560730706992903,-0.7182292148861797,-1.120501527181851,-1.7044072568774287,-0.45213693721199205,-1.447592550924103,-1.1616247395695896,0.9829868936795173,-0.00604658682792588,-0.3917314612935753,2.065208733949034,4
2.122936149596505,2.8511464666570996,-1.9037463311814842,0.9446205713100885,-0.43490913006852094,0.676862643847653,0.04409183875023668,0.9021966648217051,0.29503815885017753,0.8639525869923548,1.2807490829006234,-1.3296887802068253,-0.16766822992448327,-0.29412019535083667,-0.19551190050044806,3
0.8045830822417993,-0.015728738662807638,-0.05345756466779829,-0.07733297778557112,0.6515557089639251,-0.9059587563020565,0.059427784944208806,-0.4212984804318767,1.4287290506172732,-0.5571604824446404,0.18531533674755823,-0.9856545405380489,-0.4132645285333538,-1.652270063236989,1.4636173594828878,2
-2.083010142397551,-0.5525568167988176,-0.5939056529450685,1.268412827464984,-0.3034347158059503,-0.34480037702537697,0.8564269547925739,0.34857368792268356,1.3670620306332257,-0.9956402808744514,1.2692830893058515,-0.188080374796408,0.00779351165322875,-1.1739932081684445,0.32027549962281016,2
2.171161829392253,-2.779630204641489,-1.8769450599541013,0.2471382645538649,-0.7984436943457421,-0.24386574820794357,1.2731819852567217,0.8550395217237957,-0.2964030664689247,0.9382597380347731,0.20540702003077582,-0.41052190013357737,-0.8578101785506942,-1.2394464004419605,-0.5849145732087547,2
-1.2056224216462341,-0.7597079420058156,-0.6490883685950394,0.8185597383043414,-1.0124762175517454,0.9119081785626378,-0.440553033100807,-1.0353382763553214,0.9924612843111142,-0.5627235726404108,1.6194018695835883,0.11755811105143306,1.886170128414228,-0.43484093597479856,1.13969554324113,3
0.5482722495544669,-0.29660769044271423,1.1760907824560047,0.6769685991443312,-1.8852617339328994,1.2705886207939285,0.20211550418315716,-0.28323357975116165,-0.874634651940397,1.4119679948145731,-0.5580084781605529,0.06478592226048223,-0.6744108752936216,0.08385525839839873,0.907954098369991,4
0.05132444605203237,0.5896968771211298,0.30565374311297383,3.0182959114287793,0.3089395707151935,-1.9661701828235572,-0.07876500648592095,-1.1271063360272133,0.6415654228029875,-0.26590019622239636,1.1642981212477719,0.7838045626471494,-0.7071807145224612,-0.2694119987868152,-0.8998796146271997,4
-1.8288467323593791,0.5270448066981418,-1.0692266454748345,0.68073430234294,0.15563597511979094,-0.5066761594332566,-0.9585914350868772,1.0799847241726357,1.0385468555619681,0.3864879962088192,-0.9367661284729667,-1.6557283221601213,-0.8647169438934026,-2.9715776812655768,-1.095832590090897,4
0.5279537383317746,-1.5913940251110597,1.167775490901716,1.384769532363691,-0.515717166524994,1.1446851623887984,2.0955249423257274,1.0507761212706201,-1.0628520632934642,1.1595364863085627,-0.6088344301147316,0.31736804189976486,1.0785199181926002,0.02979157917823566,0.5360961941527845,4
1.785309613341935,-2.1768724924485237,-0.05918110457090116,-0.5012237602039008,2.861874628871624,1.3200554529364912,0.27674107074538584,-1.1112408633548674,-0.09068632418739885,0.4730359391316168,0.7880810544592949,0.32507024520527145,-0.5289412161499403,-0.23948163913068288,0.31201400817962505,3
4.788875981337434,-0.741183270179309,-1.0944850195667468,-1.270923859356543,0.9185842600791808,1.4014729394587215,0.6360103871893071,0.42772924500705917,0.9710667677183995,0.8203148456277551,1.0032589930488842,0.9038052090414658,-0.34712276165422035,-0.341021059559538,0.5274239169471648,4
-1.4226943948392465,1.3853563993506477,-1.0438195273965876,0.17443137870811146,1.2186522823934882,1.6190405385263877,0.7359167910194244,-0.7401206458812054,1.2744341795408949,-1.3052179692447399,0.2288281704889527,0.6792120590344963,0.2308846032889726,0.0985985661887733,0.6736390208384501,3
-0.6374018597427493,-0.4467639146682732,-1.4719390153430993,0.141910484077595,0.17398846866512874,-0.10027259558826929,-2.030847666289038,0.08976861271758149,0.8209843822703063,0.14969020117326617,-2.2839793252328207,-0.21997133244685874,0.7296210151224433,-0.01396468999954678,1.075220470211606,4
2.1906595716201873,3.5298795142753114,-0.38066008224633,0.21163632515687256,-0.7619000296233716,1.3612404543598156,0.6699988144784369,-1.1499548021494177,0.538219962584798,-0.37123771628098046,0.28331978170459154,1.4967001466163898,1.363579544639275,-0.9371216933987887,0.4476215630877655,3
-0.20746527945556406,-0.034407365789937035,0.06101446533104675,-0.5755543376917817,-1.0878187874121523,-0.1708445017267859,-1.0046433691475951,-0.6324963138330087,-0.5452607426689893,1.417094561615382,0.5967073125281596,-0.1326234088475855,0.7419525730807709,-1.1680379521134996,1.6463949146678043,3
-0.9302685784818725,-0.908252162147096,-1.3082468528761346,0.24393181341710787,-0.7104831929111494,0.18727720875394285,1.3711099729014016,0.9897968545358845,-0.3095338390230607,1.680094171337171,1.6794082666615904,1.0007995320398793,-1.8643556292941295,0.9531853041416745,-0.3075244505256044,2
0.25403564588874666,1.5562123215761334,-1.3288991423671646,1.1071906713099768,-0.3788002485088661,-0.4549990056826549,1.2473422925773407,-0.1599542557102286,-0.13512775869123025,-1.1022123701059983,-2.6025343064391646,0.13712168801497868,0.8266384270755107,-0.41384598955632224,0.9549973010997519,3
-0.4904794475181432,2.916486232964064,0.3626687201433702,0.6052140018978055,0.9185547895792605,0.6541731528570599,0.7418990646766723,-1.5752441856145054,1.605628346590791,0.3712660513928016,0.28952809509817395,1.2002325048215006,0.0525723949105383,0.22305065510247168,0.583548600637125,1
1.8216421531467226,-0.1352525837900394,1.756816911010621,0.11177101553531003,-0.9507664751004747,0.01507407864911702,0.3931497314928889,-2.121076723694845,-0.21417381265688457,0.09584208931725001,-0.010549484399699606,-0.36952403470859463,-1.0820804373566553,-1.335766644531942,1.7737504325704203,4
-0.8248078092818584,0.44237153407443547,1.0245314253736548,-0.07374608019671888,2.322409211206181,2.4079095825466448,-0.28893224006721024,-0.0834344867398963,0.7976140027533231,2.122711540186541,-0.6384739858081828,-0.3672403461909618,-1.3623857828502006,-0.5604276968851012,-0.799590921922878,4
-0.8829796248624735,-1.5908564921825195,-0.9141030189859517,0.49250451842250165,-0.5791500037060257,-1.380962938611671,-1.3529698160208967,-0.08472979216403731,1.0453819744032746,1.7072002000230775,-1.6208462132293666,-1.7103149509489368,-0.14597338682266528,-1.0089133132347488,0.8460625480764458,1
-1.8099517688334268,-0.6045993212716047,-1.208541301126561,0.4638927908352313,0.8398949656356256,-1.143513573597959,-0.6405046399209535,-1.8927243951804664,-0.2600516546927873,0.8714937878112857,-1.0559946133998774,0.7300510045902598,0.8618095371967283,-0.9796047421643941,-0.09910007172846265,4
0.12942438139191698,-1.0913023253287073,0.31174153762461937,-0.47490905175458703,-0.8749743925000766,1.7681581776398494,0.5164497213469188,-1.6133351357030679,-0.052256223566424315,2.3104903133413877,-1.0794114191293198,0.9888156955758258,-0.30012871485998754,-0.058999956761962756,0.5540263932554875,3
-0.03284986254355034,-1.2662990376214354,1.056220550081745,0.5007745564991181,0.7264253805374976,0.3330112191092067,-1.376976555684762,-1.330644519760198,0.24498385222943556,0.034830314837536944,0.4060078901670143,1.397125011855056,1.2757736251115026,-0.6417014859465032,0.6367063218593111,2
-0.616943624720576,1.3060236422018212,0.39303563468401187,0.9535277618016385,0.08108958078684884,1.795106591960666,1.8273870984883047,0.029795340145012422,0.3824889925034299,-0.2473959246218262,-0.09385902549516818,-0.02850789565734146,-1.4231543124609034,-0.3846992924731567,-0.0800757396478138,4
1.9242793721550042,-1.387205417857823,-0.18305581062949552,-0.7768782060878605,0.20327684523279388,0.12647231518398944,0.1034231489260869,1.2694305025833532,0.22831533613149307,1.0169317414746837,0.929198848437252,-0.30281020704268,-0.21955449153485124,-0.16460925391945208,1.6942810098417467,4
1.6318679648947534,-1.2885066080862235,-1.3336440360715807,1.2358859408004035,0.22918141388145927,-0.25783633825733576,1.4555256359731317,-0.35328157084636336,0.6049253384124151,-1.3302764991440361,-0.39456488859512484,0.8100346548431385,0.030407725735811998,-1.3688067540568152,-0.6712574806818405,4
-0.00026742469517931667,-1.7285013625183794,-0.5032087067849154,-1.675761866238972,0.18137684959080785,1.5486407738527148,1.0063013206528024,-0.5808219743534536,0.6989677720783017,1.8396710418400042,0.27305131659997384,1.3348529288787827,-0.43295497642440817,0.6057126236919632,1.4893197198149335,2
2.0481641714724717,-1.178573305471206,-1.3231091827120276,1.2827265654349007,-0.889106214237013,0.3937722329991329,-0.808547812814476,0.4219474586876267,-0.6457119818717059,-1.5499078680173837,-0.5984058674519801,-0.15993226565529606,0.7227292290557765,-1.0865262791817485,0.11079229330260557,2
-2.4237835868271134,-0.8927939173300784,1.3002831232463468,1.2990140546667825,-0.11922052447936139,0.9491108489052037,1.935446421579338,2.2458977782558573,0.73094867280975,0.8746997761769778,0.044644887382714514,0.2740690779646554,0.5332896691456367,0.06454660555789522,0.5432301224800993,4
-0.49957915582235374,1.1481326650498154,-1.2666901312850902,0.5954701252254551,-0.45529587431984947,-0.31918434061801615,-0.13484843090421877,-0.2079825372130325,-0.8043994960669402,0.8241123930407703,0.2618033537814095,-2.191260275075955,-0.40489285815486664,-0.08224643941788301,1.1838149928719104,2
-1.9586324906632822,1.2177334394288992,-0.5869962687306336,0.20414561619957605,1.4701946916642838,0.9677220393087722,-0.4814580860999501,1.6193372391614704,0.303835302151919,-1.3010521527551095,2.453141169640911,0.02068401206792479,-0.17655742330371904,-0.7382617743559553,0.1776157006746532,3
0.658581107323317,2.737484973965705,-0.7709702746898175,-0.11755396008090714,0.9943896008520907,-1.5914851844263251,-0.3738609005957864,0.42686519394472616,0.17217454065745913,0.17424415656016123,-0.26687109248893026,2.491581944771476,1.890142037269043,-0.6084802066596282,0.5703726193104468,4
-1.466108002053746,-0.3556577525315283,-0.09589418795708667,-0.3029393733169225,-0.22030763076935536,0.8862951519771866,0.4862334412776877,-0.5982933529652722,1.3612389513672378,-0.7895252636718625,0.45638430633266447,0.7857537657928231,-0.35676148013558145,-0.293506898965917,1.3041678238432337,3
-1.998263708165938,-0.3649622144028822,-1.539196772576719,-0.43515104939378824,-1.1752105545179778,1.6330693228404929,-0.22598197661077937,1.3517385441890222,-0.051976979245794794,-0.5966664385510878,-0.5006466130431223,0.8495759348977214,-1.276412075903949,0.006118310718831637,0.643187085416141,3
-1.316047582038007,-0.8434295386271063,0.3514844908659962,1.324499843719275,-1.134005033508634,0.9270566591046393,-1.2786664785706796,-0.43047810591809765,-0.031748358511478614,0.06432819268259006,-0.0728935991603626,-0.2978495505622409,0.16138732155951072,-0.09399813594595387,0.8329860609683865,2
-0.15851754581876792,2.2485855904231484,0.8937575434952473,-0.06745281421242952,3.199109210272356,-0.3378583876540798,0.514722088516267,3.64397660499611,1.1889821941705288,-0.1657379192658303,-0.258579341400583,0.709419030370331,-0.6570125819023939,1.050807566161918,1.2914520147473159,3
0.9052552144853921,-0.49273760601596334,1.287936510302609,0.9836050854576763,-0.6716209900075967,1.1589360345421953,0.9355480766558502,-0.9959660340382177,0.27864401640934994,-0.8020271895436437,0.7448312868371685,1.835813921919276,-0.31374727042327893,-0.955339836765889,0.16674587239737995,1
-1.3590205568818308,0.6145262889050827,0.5602084998231468,-0.13051820299077715,-0.9262682134811339,0.1690378570618121,0.9415760793403307,0.2187850853733946,-1.2528673790922193,1.7185890803880652,1.0442333493802796,0.2901919924407823,1.4341263166294913,0.2210869426343615,1.7653014857585876,3
0.43788308157672184,-1.8860800037684569,-0.19862114526445818,0.08841917668664817,0.11243217078824502,0.8540382097044077,0.041199234275735235,-0.4986842747086067,-0.2026216761572142,-0.6262887873242331,0.5975469714069878,0.822761527308722,-0.6777576956046037,-1.0251251784354969,-0.05567466908154816,3
-1.0899246750297533,1.7368608277934159,-0.19661418289843346,0.12265879354791566,2.256488146946818,0.40823735113953263,-3.168064426227878,0.6890792820931347,-0.40395756074330735,-1.5269512934945142,0.35164645303076053,-1.2815804441653909,0.257636394388092,-1.8154507842602707,0.44502418782933334,4
-2.6261327964285326,-1.2892092193492766,-1.4771772433031483,0.6567677605874281,-0.510315870443448,-0.06812195185513142,-1.778026807920813,1.5739648021635777,0.9504184128095247,1.5468808853471274,1.4965776422392174,-0.6297382775854868,0.037318303129810104,-0.16028706047516314,-0.17703698564639594,2
-1.425612542717652,1.4635604755508884,-1.476872457527025,-0.43153647672272605,-0.6241573552172156,0.5621331417678493,-1.3571698995506265,-1.3280647960130334,-0.5058409468664944,-2.08283947999325,-1.149316609027189,0.3224381453441966,0.711927511188923,-1.1443455223600811,1.430493130151751,4
2.403730973027116,-0.7770189981307765,0.0361939456497159,-0.4010251152541515,-0.26479244564773713,-0.5686593637629684,-1.4155203522074666,-1.386628740550798,1.3760289680509759,1.5625885383959992,0.2263162777371757,1.5783129540756013,0.1574202922646411,-1.2425670732549048,0.094328514114116,4
0.12995953051582154,1.7287279384481495,-0.3680736461972465,1.0895668715521563,-1.5313717424946813,-0.544993627553146,-0.4599185387770581,-1.261622727386033,-0.006380880261659805,0.4436867647459156,0.8133210772495901,-0.7737730646025852,0.1003690262826544,0.4146694566694413,1.6505732412136198,3
-0.15877028740739732,-0.4154410057141329,0.32439650762519334,1.2254957964778919,-1.174971848868034,0.34922455772484384,1.4619920894188918,-0.7846030443588777,-1.024076084263203,-1.6194330829393058,-0.5190386438682365,1.0560094314690172,-0.26688933664653514,-1.281321931694087,0.29528855222443307,3
-2.4431816869411467,-1.3717766909104554,-0.6439190794966547,1.647578839615185,2.8246583357844286,-0.02434607991380672,-1.4086075154651145,-0.39701195195769046,0.11079032133415628,0.09711876542081231,-0.8124771869210222,0.731759158908585,0.29379609265003703,1.3017428534880997,-0.48848625188106126,4
-2.697972298117147,-0.08066520742579687,-1.8608294168780755,-0.19005944433231103,-0.4702494796489836,-0.24322278870197445,0.4354968885935349,-1.656568567966297,0.15512622798456302,0.29250017207345963,0.07511873663856208,1.2132979755310664,0.4396647664023072,0.5777780456714633,1.1823476255903538,3
-0.7374015820228756,0.8945429396451589,1.1797097645383419,0.5099186202875633,1.0575457326438729,0.25772031640861326,-0.055740063097114864,0.05762148216377814,-0.8816316890923063,-0.5917507128248197,0.9915231338437054,-0.7591452009836915,-0.7978372038651523,-0.8868571097217207,0.9828711343426533,1
-1.2571231869754813,1.5362918093457942,-1.2573439941991347,0.42960502360296876,-0.28902605159788275,0.4602502684547376,0.1898531221007332,-1.2187292346122705,-1.2468364317510678,-0.011025793108344305,-0.05684140855672065,1.550743956829279,0.9446377569395419,-0.8224657763545888,-0.2965450414478998,3
1.1088390606140563,-1.4164816186841762,-1.3683136853279703,0.125186207569091,0.5277664829892252,-1.0175976088564949,-2.506924612054406,0.1214048171807952,-0.6124551481704316,-0.22776692687740413,-0.8237578810358055,0.6968306396617985,-0.6396816495851293,0.25966860876578096,0.5631448198381962,2
1.0141773681211137,2.3969032314438268,-0.6980383226019885,1.38309886894022,-0.15737105801882262,0.021309260160933534,-0.08632190767707341,-0.2688111897797116,-0.4513944130723203,1.3014493685708695,0.7585176595189252,-2.3275464776037316,1.0224143162024413,0.287027805938033,0.9576150721490589,4
-0.7233810270470203,-0.1313301055867287,0.8093654729858601,-1.5786834672525822,-0.3046424366695143,1.4367435894221716,-1.0930747724314622,1.0996583681597651,0.4964013568889125,1.01965949779782,-1.2176117037252034,0.37115344914543424,1.231876064540895,-0.2619280977334614,2.5857036747875477,3
-2.0582143239786213,-0.8617387395166517,-1.7543102151080385,0.12960293071830795,-0.017993427822001987,-0.42506976794076046,-1.206380561477968,-0.7921494684339869,-0.89352226882402,0.22843653489418328,-2.024388702001636,-0.4907660660311966,0.29868994303659085,-0.27080152527139045,0.9467876636076987,2
-3.0544473505485272,-0.07133975492431432,-1.1623525436454978,0.7632147304322066,-0.41123487026722527,-2.2086156239048464,1.6348511395757361,1.021826820055063,-1.3144267797880549,0.1080921314653603,1.7850612007898568,0.9180947256092008,-1.0863661167645806,0.403771577448074,0.3357689616746433,2
-1.9148634061224405,1.0252020166484248,-0.786380887219724,1.3191324447330641,0.03897923398528342,0.1339731745160979,1.2930203894953027,0.11872736657685277,-1.589581448243819,-0.8066587778579944,-1.317238900330765,-0.7062107879981384,1.014562610616895,-0.9331124005421628,0.2475245896117703,4
-1.2595215797049824,2.4215950605883583,-0.7579658967461962,-0.15772213554027326,0.6683723787332592,-0.35766883532971916,-1.054582658009255,0.31985521948859286,-0.97730964207795,-0.6896401565253399,-0.12402083871615528,-1.9148755637093189,-0.27734910869885326,-1.5636284104166607,1.0599696404782284,2
-1.8745358708705588,-0.7012990542892409,-0.06150550491316271,0.9256490270860795,-1.160893525115348,1.703101706559483,0.8687293260936912,0.10757314805993494,0.5988834166466617,-0.30594621342766515,1.7676205616101335,-0.03255901012089336,0.1441615621877376,-0.7802628475029809,0.2304178445934669,2
-0.3916486807671971,-0.6737074465132443,-0.8658830747111937,0.6934578957831096,-0.031084073014220077,-2.3214002128241984,0.14421681457266428,0.5913094055465395,-1.035835246400868,0.44583883533329927,1.219182629527942,0.2214227719694901,-0.7380350506729613,-0.5393313962248181,0.009076896632079029,4
0.9577273437997114,3.2395686382926905,-1.2762517608737425,0.7214465273434106,3.0614223043708617,0.7560229764117236,-0.48074385751726423,-1.3635318312480682,-0.5772916629365626,0.4132276839226595,-0.39427537267451085,0.048842924789069285,0.47348106926586514,-0.14363499958832554,-0.9232267213693246,3
0.9874271841090119,0.6245436867613916,0.7237346588267949,1.4632051966186816,-0.6493457569129107,0.2104273576562545,1.0521592582580426,1.0477740428836197,0.9121745754507682,0.25734744795552583,0.36760445539128933,-0.3085918719448814,0.08956893472273535,-0.33883877913923127,0.4081401023730949,4
-1.7032511505666692,0.28073103816108746,0.3207426014692817,0.031810799666106636,-1.2262234728299233,-0.04825867501673118,-0.11023642081259086,-0.6343044854495202,-0.08647533781498928,0.053447675908661854,1.0486625403345375,-0.6895109991286911,-1.2450506345369352,-0.23105215296683881,1.891495055639474,3
-0.8066766870374704,1.250859384157448,0.5513510566308799,2.264905730724259,0.15227357707002587,-1.1082088198381772,-0.6878301148750859,0.360001399697075,1.039750093675035,-0.46562092269876426,-0.19469136004697346,1.1416721494302693,1.7839658956934334,0.005486627679909734,0.16162786412094943,4
2.5773184132477964,2.9497883864569943,-1.2245486934751704,0.8310395490774508,-0.22772844505708947,0.4692434659603986,0.1564250960796041,1.2568493044758053,0.24785258084204922,-0.757345656718018,2.09786182589539,-0.2952163765160275,0.2591485690456839,-0.47387950578901855,0.20254395188303081,4
-1.3778809072651754,-0.21705617705747912,0.07976625292647602,1.227517930996711,-1.6934733031815903,0.627128049037228,0.1481569633176976,-0.524308854666369,-1.6427501518550327,1.0269371771715772,0.7579174776987598,0.06918467620371423,1.8101093384803986,-0.5599320406482537,0.22931046435200092,3
-2.9531166721811553,-0.5274201190987073,-0.40868748397693266,-1.0546883536176002,0.6101205607499047,0.9881628032551552,-0.3388749515549276,0.2843884123165264,0.21490888479869436,0.02842087264969723,1.4064836522106905,0.9360074895139805,-1.3679571858298192,0.7393736664800056,1.3809147724609134,2
-1.8319299484857494,-1.675828755013349,-1.0359423314697933,1.1332697867632748,1.6672785949012312,0.3112913078466818,-0.4204758545610751,-0.37353598250097075,-0.7032926453380272,0.36463093404650954,1.3610949258689566,-0.435670429060145,-0.5595900226246767,1.6509763396913317,0.4387115152993367,1
-2.5180711723906763,-0.631885930710922,-0.766841211032625,0.25354081957374597,-0.21429842163161203,-1.1695981041270394,0.6688444069666043,0.7117430965535488,-0.5599642923795206,1.216568128320823,-0.41641816521162917,2.164605162555676,-1.5103438273652248,-0.4673268876097693,-0.8770850390994726,2
1.1863621622553182,-1.2426686995264808,0.0929295438007268,-0.7168807080326292,-0.3480699898510248,0.6764914353058544,-0.9756158036662367,-0.4597645467212877,0.7920214198230028,2.605039369387619,0.27592391033924724,0.7585130791938964,-0.9542569294315263,0.44062167277789016,0.6301407460480856,3
-2.713796769664949,1.1744508499282802,-1.0431907661661175,0.8356851975371574,1.5448347147931538,-0.03124702953779256,-1.174320612357082,-2.166391055254272,-1.3227844046144641,-0.21226886267067457,-1.0299128566414206,-0.3377233958897709,-0.5172132974914567,0.8178701165611812,0.6245048942334662,4
2.6865157593063302,-3.0666378862191523,0.6501978918392084,1.4359774489568675,-0.8637662177863005,-0.6229969211819627,2.414829322414016,0.8055371774701121,0.3335587883101971,-0.935410394055467,0.3556083952138786,-1.2620541010984334,-1.104465213157261,-1.8585133759761518,0.3472858865476688,1
-0.3881200162509331,0.9621424363032336,-0.5510752035619726,-0.4807857306999689,-1.4707326752793992,2.1919759942073833,0.23135223755997653,0.14384415023997826,-0.5069684189810655,-0.5488128134608911,-1.0610468693862332,0.5649068079955674,-1.2371965174193762,-0.6614349922858809,0.5329599007797564,2
-1.3017614580267458,0.4512110562433355,0.2971851258519815,-0.5411267612768995,-0.4133598842471183,-0.7529939575968793,-1.7510764151823524,0.2918269564472803,-0.43371752963450266,-1.078597511152983,0.18020693048193148,-0.17763470264571207,-1.9158665715905012,-1.3079525037086612,1.568425892084722,1
-1.0296255940960326,1.5868875599921892,-1.283443439442373,1.5849169599552626,-0.30069980046462846,-0.41947257542884747,1.2442603582713903,0.132584846163457,0.5059190223421273,-0.6958352333094965,-0.7256141353539063,0.35052887875178285,0.5158441113606025,-0.7743107944956716,-0.4664237786645724,2
4.412020755281486,-0.8475026783016875,-0.16115989671441538,0.6615272434122316,-0.1942191976016015,0.16353204400712254,-1.4324558803198901,0.5268484653887457,0.8410500833794293,1.7128220796918856,-0.37026895320079906,0.5777812185760006,1.0420553894995972,-0.3218182517904996,-0.03219746673275203,2
-1.0445432275327695,2.0167789615150737,0.27187521971244427,-0.3978114639695812,1.9249010585751445,0.41916686051162105,-1.3191294313667379,-0.596314505324618,-0.31666155440988353,0.5629619963613133,0.41853443797281076,-0.5827650917427426,-1.3188699411118763,-0.49684753650669794,0.6135048046648891,3
2.5200899757765347,3.22654941761468,-0.07706109393220281,0.808760823426464,-0.3527525798618239,0.8187227890845998,-1.9213378690575682,2.0647349655520206,1.6945898176350556,0.5436180164328742,0.026802813195606186,0.512337119406501,-0.1844533103223304,1.1925317848286034,0.7486214237297594,1
-0.8761891999439135,1.825482904462538,0.8811335107808759,0.36727651505773723,-0.2618801658351883,0.7591372008086935,-0.4409804306939495,-1.268967970185927,0.2606368403726247,-0.49123763940005444,0.780873861191355,0.37106148995790117,0.6222645555954823,-1.636879936360553,0.37379905352878157,3
1.3285397434727264,-2.7685842244449828,0.00719762082353252,0.9342803357850504,-0.14893697478116716,0.49041253479814084,-0.905270459840488,-0.273423399418934,2.413368352735354,-0.40587717420799024,-2.2666244027578,0.9218000243346173,-0.6558311170095485,0.8444970013430037,1.0332586081076738,1
-1.3892154582568914,1.0629724357871846,0.930650947870323,-0.4658743135802339,1.5548872142137857,-0.6013164107818643,1.7915454094153926,-1.355082883130778,-0.8923795424543178,0.3845904230743541,0.3434462838752844,0.4777922871361472,-0.5516289013198997,-0.043864905909825905,1.696997900060807,4
-0.7777745907245159,1.292498048534504,-0.09216434471068782,2.2490475780342316,-0.711725164825427,0.0903039190604528,-0.7294778571783901,-0.7663957356619534,-0.6113972360012471,0.09104376564923448,-0.20288124767166446,-0.7908210766288755,1.4464015696823256,-0.289973368356316,0.16817330797195232,3
-1.3224917094169228,-0.9179110740182818,-1.0904730985123234,0.07319110213745067,-0.5022788682812439,-0.005811278320477385,-1.150971894155637,1.0729931300615994,1.0471103627160907,0.7736705781674261,1.7463290134422653,-0.5490916893869117,0.6710635466210099,-0.7479139123921693,0.45395442734750385,4
2.1515079267254134,-1.419912765449938,2.358525847639163,-0.01980675021968983,0.375145255850116,-1.0596803741229701,1.322669887475275,-0.01492117043191996,-0.44062391976842497,-0.23854128822619333,-0.09592241452634045,1.1611846270059385,0.1111387465059579,-2.93057360257637,0.4616937621539237,3
-1.8843888737573347,-0.8524249384925006,-0.6103096150008406,-0.4078505371079703,-1.2095570424753486,0.5559361067023385,0.12443055855965247,0.46072469146581735,0.06305605768225342,0.9559110356874364,0.90395915653973,-1.396435002875253,-1.462991482649534,-0.32800520489315116,1.2809113222010058,1
3.7795848617396044,-0.03269422317126466,-0.987509874834787,0.9619501959298534,0.11475893827872231,2.283589032710837,-1.0241467546447638,0.9162806252942804,0.7429298205887271,0.6695471351739505,0.7937278988347414,1.1775342057948066,0.4506057635296006,1.3982765777354063,-0.3720049981642199,3
4.301586065314638,2.977342485735569,1.8831269058068532,1.8174884230631794,-1.5075046928201796,0.17709054025897555,1.8526786019854347,0.3682058483001912,0.2655215646947357,0.9196814698410195,0.49258255955329516,0.5573527692192449,-2.0428305772894677,0.059943014552867484,-0.3446013299227023,1
-0.5458809454857318,-1.0522224901405695,-0.8655140851747201,-0.06749428858903864,-0.8233723527822119,0.11878381501910548,-1.4978236226434771,1.8644215892322102,0.16432224144137536,-1.5223822259413053,0.05091684371011115,0.3415262765879344,1.200746732152295,-1.3697914054152163,0.9297826018524888,3
1.1141952737441436,-0.25661927175601296,-0.2362176695106295,0.6547932345811727,-0.21409337618140145,0.07054662696375097,-0.172176589297098,-0.09297309362330602,-0.5564460229768153,-0.47086867410013467,0.5807003621020872,2.269663692590716,-1.01156468119905,0.29156063677858673,-0.33155901815964306,1
-0.5630832253483221,-0.8084240612824956,0.11316955935358639,1.574494585159251,-0.7398787622396633,0.5905251864342677,0.8954842083794662,1.357258555116048,-0.4253237971431986,0.800677495103656,0.3324167271484745,-0.012031532046010793,0.7638014393020538,0.03147894485356933,-0.03980877768582195,1
-2.1325976077190387,0.23259320704948636,0.45799943504856755,0.7366521019694864,-0.9277773022560409,-0.03871232193265294,-2.4470839727468414,0.8298001795292288,-0.04091970399445503,0.19923327383523876,-0.12345246650973257,-0.05878203168752512,-0.7171876359244672,-0.5709478847788906,0.4982716162539041,1
1.4387435511966444,1.4384630020297235,-2.225555634114703,-0.9847839622163703,-0.08790582127771206,0.7830019903515466,0.061150724671278515,-0.4768326800995518,-0.13759724158891817,-0.16051190585494954,-0.9485972202523377,-0.02161038447105984,-0.6185314666946031,-0.043699156620829196,1.1084215684794023,3
-1.6020333327526213,0.4962955171860191,1.2119725482312658,0.9746596497446424,1.4961435948402406,-0.3412827728946182,-0.9095413739059243,0.6316293500693418,-0.38033077482225236,1.0099155928007542,-1.2131554891977445,0.22416885237459935,-2.370056568866431,1.1534016297351415,0.362252256612828,4
2.5009177901290824,2.524761823890489,-1.577643708063236,2.1200872698747566,0.2913030077006471,1.7614030692236577,1.2652194056184933,-0.045531802906449294,2.121071686038855,-0.4079059987409608,-1.0127417948006745,0.18701743466996457,0.6521069491690464,1.6639943624510296,-0.24935086799989675,4
-0.2758654376262865,0.40547601705403935,0.9120837203583179,0.06735309957554367,-0.02646737637132194,-1.1360045187845098,-0.26215548121151283,2.3578411102254013,0.20489106807021226,1.0173235250504928,0.2736510208788599,0.9536484923092267,0.6981244450858537,-0.10684059815909819,1.4343448437978477,3
-0.8194810439343948,0.02058874565815683,-2.5509861232065343,-1.286050694452976,1.9995969181152744,0.02014717020384311,0.35686439479067356,-0.7383162937516041,-0.3255782269398851,0.7600706397186707,0.004030384332489077,-0.4282253972338615,-1.1536890789427046,-0.9473728903324035,-0.23940646735921367,4
7.068336960774393,0.5266172536543006,-1.1443086735792536,1.640818780471826,-0.2964717364543124,-0.73832969712024,-1.7183611491153883,0.5745639364436843,2.073533819061641,-0.08442634626308768,-2.733457049539867,0.12093994004347625,-0.6876906610267647,1.2472552358008213,0.44847560442194795,1
1.116450555200218,-0.021355830217562825,0.7315169918707994,0.9877392523954864,-0.050609637020061674,0.7078336855505409,0.595198871291529,2.0522411296804055,0.15349730529018113,-1.8901966525540659,-0.8139232599767784,-0.6617633924933523,0.19842973659840507,-1.6065399791381645,0.6563649484452472,3
-0.3043342839702089,-0.269144131150682,2.2481258764213785,0.2436003053740736,-1.6157022040139608,1.3600130926329772,0.16997258581696323,0.7977301535915429,-1.948518559407185,1.9340279759055585,-1.1870484331892488,-0.7778732412792174,2.056497748517441,-1.3492058456379656,1.4199260484829543,4
-1.917206874853622,-1.3231569014441629,-1.3436308724996677,0.7035654938356803,0.7460431606153445,1.211818911967507,-1.1720080718835972,1.371016875650333,0.5887869736343551,-1.0761574447632687,1.1300861657127783,0.9382294255373296,0.24373786872328237,-0.8150503177719594,-1.0894648615174232,2
-2.323462675702054,-0.7074768931331412,-1.8830619887643374,-0.7210896184121011,0.5609678678152373,0.9565383831990624,0.6269663632047717,-0.4532621993719061,0.5374909459555883,1.789376847518265,-2.023506956524266,-0.7724603684803028,-0.7721003645272395,0.3039821314682382,0.4103946419566539,3
-2.7374333205131833,0.0656444941779387,-0.04333749719558832,1.135832897173114,1.5884389991782923,2.4833536555525346,0.31317117309774645,-1.1297980488671895,-1.0502066330298803,-0.6714004274830393,-0.08863236691523524,-0.02922972424938123,-0.09120415105938705,0.38943495873696105,-0.2535703519020627,4
5.103595763641987,-0.701358049457988,-0.6419005583626528,1.6391268370884275,-0.5447991303673955,0.34869416010032245,-0.29747745979934764,0.1270544998148853,-0.2958928403634984,-0.23414398229236535,1.2942845096258353,-0.031209362077221213,0.9746426762886271,-0.34059552536716015,-0.503165193873109,3
-2.3938107178083343,-0.6316605935225995,3.114609817212315,1.914643270741069,2.5415931661375892,-0.19506574316910516,-0.6060458408733104,0.9029729797040079,1.248272374364634,0.11598178466427321,-0.7063642714567517,-0.13971455602067817,0.5109877588390768,0.13055548035630482,0.7232000822305974,4
-1.4187475447778632,-0.05491691905485871,0.383512013319199,1.874432978337161,0.1422138378939968,0.8057522889001453,0.7935618509992034,-0.37246158733306073,1.6783459355942978,-1.0212485020947182,-1.1066763992491209,-0.23924739293460173,-0.7826229020384331,-0.6567083191157685,-0.43951937818156456,4
0.5840423300631714,0.21438607372136737,-0.6560715278759817,0.1872252016643471,0.9016590141542057,-0.3374734814725489,-0.6320260888223191,0.616567078970132,-0.10399873208445869,0.20731248168640826,1.4325735434410676,-0.44618470993814163,-0.15860874209438836,-1.2192151830311084,-0.3078144806972056,3
-1.9464076965690418,0.581072691009007,-0.15146906329303952,-1.086364861739707,0.4829315022382029,-1.9396439639230407,0.6954870426109422,-0.6802351860033843,-1.6078511598521146,0.9120248365070405,0.13719696159895178,0.12289282919972476,0.944031352711745,-2.032329548461268,1.198024815623419,2
-3.220280697222261,-0.7381843135273514,-2.462457450683907,-0.7124140089535725,-0.34537028804044684,-0.0958640803446721,-1.407715704958156,0.642139448072651,-0.3092603091854128,1.2832592181239313,0.6358657592950154,1.1182791111409593,-0.11321956717050775,-0.7185912895180865,-0.7284542249899142,4
1.5676153474885515,-1.6424603872147496,0.2189648025117765,1.417971483706914,-0.8628789966527439,-0.3844706177151235,-0.043910427088477505,0.10999687273723745,-0.26477285918351756,0.3522973245806616,-0.2761169218593616,0.23887618231847732,2.8558764117974436,-0.5194278917044235,0.5559521759855952,1
1.7490483854904981,3.5492194780597193,-0.6215838345480744,-1.238960330687114,0.9353174831750632,-1.1382404760881717,0.2338441334390239,2.6066678188718275,0.949335053034438,1.3744117356715413,-1.7356882897787445,1.4127167699005785,0.29670935721508385,0.016560607500166465,1.055854359115442,4
6.103011220824238,-1.1689286830329684,1.2450817142515977,0.2136379478767615,0.9285978917924809,-0.8690286755063991,0.2732033600994006,0.9613119869087032,0.12560004425525506,1.3791713254909437,0.18119711753034043,-0.34298504894544807,1.6988949768773864,-1.156159957143266,0.8873181211934256,3
0.14475219323177785,-2.232621156101721,-0.8417128199544701,2.0288963805820006,-0.16441929851693154,-0.1530565767272746,0.24357817616558292,-1.255714075000352,0.9704110451924541,-0.33707422250171526,-0.2525809651834706,-0.17592747320259222,0.13788630005230823,-0.015466003893266926,-0.29459124815239524,4
5.080236081357148,-1.2266415721330721,0.3588060240063729,1.138134261677159,0.7232303693312357,0.35470510646333614,-0.8337534731688641,0.5513518602642425,-2.466818216947027,0.5958927050868794,-1.1365223359288272,-1.9748419890937956,2.5111837443816283,-1.0616572537754905,0.450263681362502,1
-0.04191621227133322,1.6724545439923382,1.5185099569097982,1.0262655845474942,-0.583840329262107,1.2960934979678467,-1.0241441823683852,0.1124646208196756,0.4018172535786515,1.7188677017469447,0.039817609679072524,1.1190208573471125,-1.1937156724480003,0.13465014344159315,-0.45080220985854486,4
1.7579531334815583,3.4605286775556,-0.5726342145767416,1.9586087682336546,0.5654815601148431,-0.15782059279535365,-1.1422638839236152,-0.15638015147250517,2.798450655208082,0.5405168659015197,-0.5381136540415571,0.7683391322801402,0.22076442123037818,1.4099694438174895,-0.2641910310247888,3
-1.0441738147951396,-1.2053862187950855,-2.0165904299102704,-1.3556026403925687,0.8030081290853363,-0.9629046629237246,1.6596888399370067,-0.18686160658960876,-0.4225587441861673,1.4882392505325874,-0.9834670831616646,-0.645805191972098,0.27645793624597037,-0.7992469155198216,1.0622095387171893,3
-0.52553142233159,3.0519890133554415,-1.6578895712937693,-0.02831246829440505,-0.8439479338093417,-0.8589840731128814,0.49744395148795145,-0.6050409895025888,-0.3049396989074473,-0.7481858676477888,-0.8489964327656039,0.6908117788656862,-0.5096846590366861,-1.0679501725114067,0.4376273681359392,3
-0.14453576067220572,-0.6229199136488521,-0.0745415538662075,0.9198168043166034,-1.155805840741587,0.8013216444379196,0.05918414953436568,-1.6583924920810789,0.11862061119321947,0.40360022781702837,-0.381951820988791,-1.1537189968542167,0.3608489048199603,-1.5266257338987739,0.13927691508616544,3
0.2918800763735421,1.4848396566577884,0.3821087724915718,0.08398150764257464,0.8649005413279647,0.8742353467282701,-0.5781432454007874,0.656618312097234,-0.48861833239768154,0.765847743489674,0.592541643851119,-0.9906572432715575,0.6281408604921386,-0.39625856923049735,0.6466591682601007,4
1.2766224701382798,-1.4268377466604714,-0.8725676832594719,0.3983144226378507,1.9548142530514616,3.2041384442165004,-1.2210368349284588,0.6361940519423882,-2.624130850894061,-0.9371472688682426,-0.8687437427066279,0.4582806111087162,0.30204737748619487,0.8908816139421832,-0.29330119497712104,2
1.8702164251484825,0.48200167679046124,-1.576813898890584,0.8744854977296265,-0.31036476748931735,0.8746104159046061,0.9984710551117956,1.7457799746999787,-1.1715949263949295,0.7256124990666547,0.800714330865906,0.8902223555069698,0.3944991905862037,-0.43312601806694156,-1.5087142305962047,3
-1.495867525608015,0.02487909884575689,0.8642625453802063,-1.1665583707432023,0.6734108071355828,1.5086710316480056,-0.5334144639443235,-0.5495454952915683,1.6043071162972056,3.446407173601644,-0.6606755380692086,0.9817777884256816,-0.7672749867221144,-0.7557523904033442,-0.14968780894154637,4
-2.2179645746336547,-1.190180742788525,-1.7455336160041675,-0.9173623053021049,0.0070907846828930764,0.672700619452029,0.590394313170177,0.13041792245663122,0.4449462239023768,-0.5619392294559058,1.173905397648542,0.8567799799825809,0.023449996363593857,0.638180265037155,1.428843240538278,2
0.09930441451108064,0.866752667563872,-0.42105590570481394,0.9815306853017353,-0.6182991250558072,0.37638065777589363,1.3101937232913627,0.21385362609002898,-0.25614823811492166,0.04224011427082566,0.6912948836375639,-0.07403306023770005,1.412608383731152,-0.2742886830253108,0.48356637139800074,3
-0.8999101796874598,1.4598557429305379,-0.5588356801599598,-0.857714497990816,0.5869243898667739,-1.2624242115019912,0.09348770679736625,1.4525920155420955,0.8115941650166053,0.28524694439006915,0.957491354593231,2.23476817869847,0.6474458361180347,-0.5927551746425278,0.6234587248209952,3
-0.16235282569434464,2.261355998657196,1.6010743395380835,0.27491359102955176,0.19411564235631776,0.7526923041471832,0.7646655656418966,0.17740820256018797,-0.6228374185178324,1.8121239701320226,-1.2527155864004214,1.7578110349362865,0.32137409134764633,-0.24428025774136142,-0.15054756774870737,1
-1.7412098462461698,0.7491233302226499,0.8084829401812789,1.9450481269179818,-0.1445793418192252,1.1572493304556675,-1.276396335290448,0.9640689822953592,-0.7662575139114648,0.03974286174122273,0.22949001014343243,-1.1929446884203865,-0.1791398637299609,-0.2733895785974573,-0.3135935107383915,3
1.546163737507873,-0.7346291356742674,-1.6417964163307455,0.9258325720567124,0.014722566899463855,-1.1295633931042504,-0.06605682391060262,-0.04435623273678864,0.23340644857039658,-0.24785134386924482,-1.800113017020531,0.9886558588641129,0.06075563160674185,-0.028203550916740046,-0.45233688311976417,4
-2.470315919226481,-0.27475859115038886,-0.908143152296011,1.1854026675931386,0.2880626680421176,1.1376813808674355,-0.5473682459397275,0.6358629303415891,0.2250904580411535,0.6901673583471424,1.4550985575831008,-1.9983898468284045,0.556835087772967,-0.22090198964347135,-0.15045097684759898,3
1.4954138744034589,-0.4840099802568181,-0.0059782352020698246,-0.9754691031168166,-0.262139873451154,-1.3700793586479902,-0.2344463002834014,-1.9312628984810927,0.22430584784054702,-0.23598716390830313,-0.16748734486214842,2.1302695822526303,-1.2065383469355377,-1.5461969400991937,0.48515249094643115,4
4.897596555835579,1.7080039892641974,0.3431602177044965,1.6306510284632592,2.309002306154345,-1.7650761286235066,-1.1064248022222203,0.25150267297801887,-1.559903487671313,-0.02707879782330165,0.17197966367389395,-0.25195991134067985,1.0117963362676246,-0.32506248869491117,-0.32883098614959944,2
1.1391945522316151,0.15369297398613016,-1.7587277659315028,0.5202729190104278,-0.7014026671039487,-0.42761887874174187,0.609335564636132,-0.28006473701347373,-0.9681616142978372,0.22962534105304178,-0.46802560343021077,-0.4165990063155384,-0.5380194793982687,0.8243780291469968,0.6803938007355256,4
1.664037726773469,-0.1271495009057834,-0.5337263798994205,0.8892609138780412,-1.3026129225622936,-1.1616493548744742,-0.13242100780766233,-0.20938315928637535,-0.0340692854635056,0.270680319998145,1.0695552644505746,-0.21557489780253541,-1.1955430145397175,-1.2285278524271104,-0.5334041917949158,3
3.993260137560976,0.18626303058183746,-1.2999838961470112,0.2436517129408401,0.003035716866435152,-1.1640348049942022,-0.47103250163787985,0.4009281816219624,-0.30761440631125214,-0.31900303155105325,0.557451250541627,0.020218850602743907,-1.1774895479346212,-0.25272197348819303,0.29427470046554904,3
-0.8529229551956385,-1.2564241949590544,-0.5057166706508665,-0.70309881976265,-0.5361437858016412,0.8932273597011599,0.467500208848889,0.19909623794356598,0.8823549817130593,0.011797850431472584,0.44921039567239496,1.4720833597769376,-0.7099635491417284,0.17838962978942297,1.0561151858639712,3
-0.4594310179767035,-0.25712055356416724,-1.3831700894786267,0.8134653323237362,-0.6401151210342336,0.38006266794681015,-0.9871828014028972,0.34015339868424277,-0.5487049191884346,1.100945488251319,2.065861206581003,0.42179115939786493,0.38411204220628087,0.6638193276954393,-0.3757347987769713,4
1.7081930759493238,-1.338721705374886,0.4716304336240017,0.5698273842118606,1.2471571747643293,0.07121734662304226,0.31466020873750344,0.28092738549517343,-1.2971852831436101,-0.3466684778700032,-2.550191000687579,-0.6949047846422948,-0.14665722750728516,1.3999100083344214,1.9618488802908542,1
0.6462890128889809,-1.111173866138719,-0.1904841328085547,-0.7084239332618103,0.04373609698941544,0.8923565844584264,-0.16558977028961205,-1.1474089884262053,-1.6257739318124742,-0.3750604540361407,0.9462672615092531,0.572821218922919,-0.5182684315303273,-0.2704641920811881,0.9216759180238362,2
-1.36239167260968,-1.0184695945328472,0.12719049970383306,-0.22844732463595216,-0.29100789453392106,-1.5960663448694479,1.0780310657386787,0.5381510866995217,0.9703070854708596,0.02402499489960098,-0.48994916716618364,1.571289534238108,-0.36556810675584844,-1.1602085858200868,0.5300753073186562,3
-1.226543489812767,0.31660076991061503,-0.19989154388442834,-1.6070563261665125,-0.8833371118432212,0.435384879232743,1.8270605580165031,-0.45904836244970293,-1.366154502579297,0.8747831704961558,-0.28233955275119677,2.143959038623065,-0.30345187760596454,-0.48066590908760826,1.1173648656293533,4
1.0016556345577028,2.163516255848335,0.7071652496996449,0.9321482374077986,0.39543767640094646,-0.8535220103620298,-1.170802796498942,0.6276557233391792,-0.7954448018002019,-0.9747659375173322,1.5719148728835302,1.306346626742886,-0.9622528848678826,-0.6442862957207781,-0.35742789294209054,3
0.05699188201313861,2.0906234602232248,-0.8647764311439666,-0.5751585149858236,1.9592666568612982,0.7951394509897969,0.6720561907540689,-0.18392280315900159,0.03469289552811893,-0.09165168620964381,-0.9605547427762227,-0.06316910275907324,-1.2889272118468673,-0.5820462489971139,-0.337238135691238,4
-3.3768181392538743,-0.47621061402878556,-1.0309076047841472,1.6450772260398794,-0.48749722052939026,-0.024809319266474356,-1.0243262823643242,0.286816108338038,-0.36203692456930137,0.2861797266215347,0.2293506052089311,0.11530310271446705,1.188096477826904,-0.1255607103801101,-0.7334185849084752,2
0.054609236608437264,1.954478619814085,-0.32586685906147933,-0.7726523484842029,1.1396379127465885,0.49287666156566295,0.8223181208060789,0.7933666007094473,-0.04631277606843403,2.3686029969307025,-0.8481551732642868,-0.19363877206788227,2.262881349984434,-0.6381156216461983,0.4393318814117744,1
0.43747791162705923,-0.5512703457775311,-0.43711927381113114,-0.10672918316252474,1.0231433514158306,-1.0835962745745187,-2.3934231832354165,-1.6431509767284278,0.870622718379602,0.5946604760834288,0.4334646444013633,0.2916642350227625,0.4332321631238585,-0.5947870799810586,0.7006719651362223,3
-2.070300852687765,0.5313198193120349,1.2792677077884649,-0.6751634182940174,0.07531857244703424,0.6974560301898394,-1.2697601166698045,1.2170251349512216,0.4700743495646545,1.0432051422565636,-1.5311054188198208,2.327946452796416,1.7914698325357805,0.18072591025483364,1.3214986119382603,3
-0.9928622448978586,-0.3045912351753025,-1.1003474299040525,0.8175347711394774,-0.17053073882621442,-1.3656402951251831,-2.2191918679065332,0.3353667766339956,-0.5658114762951869,0.7012054702606638,0.32684283295544325,0.22738016387889404,-0.6552669576909539,0.7920590264476673,0.13746318489788723,3
0.7962982703192347,-1.2457644656658715,-0.8272247031759675,0.5788820238030639,-1.4450536396886995,-1.9846781776597548,1.2666895623130268,0.6669899815208352,-1.7034815183703924,-0.9303262794581866,-0.34283209414876314,0.4277869434069948,0.18468715845738598,0.027127992311235805,1.330885687974199,4
-3.0881716234130754,-0.34083256811007356,-1.0511703945595001,-0.9778903046577061,2.2828084946984224,-1.1539680313944352,1.4279638646415875,1.0719104003674393,1.746540053213209,0.2517436834777714,-1.3925124459652223,-1.1409613805088146,0.1643306654502224,-1.007629831543214,1.205279056451082,4
0.20043172376329163,0.9707659316042389,-1.887842444289519,0.2723403775207127,0.048383264494033844,0.12241926916334146,-0.6992457779992253,0.30902798638854123,-1.7683769264793976,-0.4169092028817269,0.6778041218767001,0.5926258115810455,-0.6101143273531585,-0.6307487929422517,-0.854436570324648,4
0.8793259751055481,2.261546779709148,-0.3569563096830455,1.7981798354523408,-0.005374748863489555,-0.09354072258319301,-0.5545602776722537,2.6413504922438884,1.079646540374859,0.8805137999798625,-0.23636155314987906,-0.14527094798040294,0.594845250794334,1.1904568963129187,-0.008001520789248023,3
5.416189982857969,-0.013647660013132296,1.4469874266580849,1.3448504981200073,-0.20298772301310006,-0.4044129034006243,-1.1289844713197847,-1.4032476808464087,0.06462351104908332,0.17432033905732464,1.299836679041026,-0.3607907337579435,0.29682070892978435,-1.4227906432650133,-0.20791673204852154,1
1.4054829847758838,-0.8250988342144304,-0.7247580163874726,-0.6340197604908127,-0.9691663849661585,-0.9212221579810086,-1.8159852592477477,1.9073332296467544,-1.0846855143110388,-0.6369696875527511,-1.6476602791871588,0.8670936517000541,-1.3216338081649048,-1.0443563171627916,0.3679716456555079,2
2.0465118780795937,-0.6437573718006483,0.7251904154664631,0.10181752078939058,-1.1125490591018297,1.3419277737171924,1.1992586172822977,0.18780832459122795,-0.006590515347930072,-0.4650418681476694,0.639416299659738,-0.21823293205352864,-1.182684545077918,-0.9603005025590075,0.7552610522755786,1
-1.035893240594208,1.7423143515025,-0.5425548293578468,1.6462809923987876,-1.3922212266573406,-0.11273161638959243,1.7688953475240847,-0.21739934088008137,-1.2170818993159327,-1.1887445423486716,0.11780353086124039,0.5317656102549116,0.6649990240878642,-1.1252565398190855,-0.7543939468400029,3
-2.298300855498741,-1.1968079689933557,0.6663114930160684,-0.19754874876368575,-0.7488559768197544,0.5738816641852732,0.9610550313050082,-0.2859782852896711,-0.8762697374561808,1.2767582588893522,-1.6885086862810692,1.30092061080539,1.0069327903134966,0.6814314891768215,1.3516500965403473,4
-0.6892831749943283,1.9466661247978714,0.3023140036428297,0.4636324249138243,0.755737303989616,1.5927016126123081,-0.1025831132024513,1.0756907358081105,-0.8191303324598272,-1.1277291206545983,0.1391615309338379,-0.06273501194183868,0.302362810794951,-0.7365288928958705,0.07466205563502398,3
0.07109271079155413,0.7266457727531811,0.30268603942356237,0.38007384264484745,-0.6386454268653381,-0.9689569484757511,-0.06953982020094633,-0.9192081247300582,1.3066035374354323,0.06696944920938878,0.0034501141604354898,0.6292986198672075,-1.5344264073539857,-0.8005670744218333,0.27677005590018805,2
5.710707754591962,0.1537259001764913,0.07449272636352329,0.1538923332211518,0.5300706117532812,1.4549393518188185,-0.8512156800486657,-0.155731674109071,-0.3610919241633506,0.19215047634830615,-1.2514563558159317,-0.7638437502469511,2.2911738658478664,0.20267050219699476,1.5406720515886392,3
-1.46276023358787,-1.2363029877249467,1.9152156388061314,0.2236011390101977,-1.082124246354696,-0.5979403086921009,0.7166157403206872,1.8080325034075673,-0.4660513151729493,-0.29230912633055495,0.4137850684962819,1.6488050759583823,-0.23879618600057595,-0.7450213041522985,1.0717349893505046,4
-0.999740141444509,-1.0089386539396437,1.231539501948348,-0.0740748508551239,1.0427122649986191,0.629058851621672,-1.6511759018621692,2.0641408594646515,-2.638335057034684,1.3386571092670785,-1.2173071230917671,1.2057843548578266,0.9395366761646695,0.6472778305559967,0.44339207440171474,2
-3.1082745901004674,-0.43925289150711305,0.4152669191711188,0.4861462408891172,1.2797764059816334,0.650342816124262,0.7216053340970905,0.5257804684199281,-1.4077461178096868,1.4951745929386095,0.41387456371783854,-1.7077363590109127,0.1402399062964187,0.6374490025525515,0.7757715373729086,2
6.108045449581522,0.11673352901806362,0.4319959974889367,1.3946640504391186,-0.7926477452555292,0.14348545236779428,-1.4872935865550392,1.2764000595184684,0.8338288169508427,0.9998531740122593,1.495971418312145,0.1385770436664814,0.34371573505821307,0.0439569145798982,-0.40774120596326136,2
-1.45189393430371,-1.5565367387150206,-1.656635148948028,0.10336285548729619,-0.21104383534082405,-0.17822375115441175,1.5214046046212963,1.1927411849811898,0.1751336989713402,0.6066796984205851,0.56000105987112,1.9784917367469514,-0.3561558136778559,0.004283453516165846,-0.9636790013706049,3
-1.863013541602892,-0.8824434457330994,0.07564478155450935,1.3182189029786366,0.06376056267993682,0.532775571841252,-1.1986834677004938,0.732776374654994,-0.5588542029166086,-0.00019763162687732715,-0.8438135079073916,0.7154530709474969,0.01609315522016374,-0.7710809105965926,-1.1214485399308463,3
-2.7435275919845483,-0.004092937159432698,0.020154808287495128,-0.8390518863923735,0.5140201978014428,-0.8459600633166935,-0.6610811164587191,-0.1765094115062682,-1.5805513014491357,1.6547146375119846,0.43413445830601677,0.38780013754698556,0.013306044236270272,-1.0586640907325615,0.1633909951760052,1
-1.2585655725470644,-0.8306529515605872,-0.8851171426731723,-0.2857365863679991,-0.6613364987768109,-0.06266640220998275,-0.3331565820636946,1.2183248808430789,-0.21666322590934334,1.0384441533364384,0.27044473586364554,-0.5003577023505502,-2.1468020169608883,-0.5882788588049339,-0.14582074945157003,4
-1.312437912235442,0.5407988136092506,-0.06066223271062125,1.8278424878770434,1.228830488932902,-0.7322743291721034,0.4174847780835324,-0.23790279457660485,1.5502776108668443,-0.5407100730466055,-1.2186570151196785,0.5809836938146685,1.0219723183697496,-0.17242877231580586,-0.5850762025127385,1
-1.3633053957981374,0.4593377630432524,-1.3235897545712993,0.1732324886805975,0.7269213067312125,-1.0689652347011749,-0.23762471350163525,1.5616454293296536,-0.44489109970422797,1.5470962834547597,-1.224838833822202,0.3117494924452074,0.7388007684861042,-0.008120798676587535,-0.13363854443476494,4
0.7499801470684958,-0.7196912654664644,1.4483743062197183,0.984382290736655,0.34522440954320244,-0.2625279657255824,-2.3585272205167196,-0.5702687332838028,-2.97181451371195,0.15517992592643082,-0.49293399928789733,1.1550319631373305,-1.0282054308433197,0.23375573540320516,-0.2129412569466455,4
-1.8311641979619662,-1.0084279847065625,1.000131294944254,0.441640211682559,-0.6327568290176292,0.1274837107216375,-2.189312516341091,0.21237254187381557,1.2286835173138924,0.7756654439912511,-1.931244144788267,-0.02061829530902513,-0.24412328015661336,-0.9711625425245877,0.4293918784474431,3
-0.4997427126718848,1.6709481870899454,-0.11097889357084553,0.602225566426771,-1.4459780649898766,0.45026008457214844,-0.27047225988840623,-0.5443918041526357,1.0323582600294272,0.6276349462139482,-0.215855346825755,-0.38162982118597055,-0.1027422935973882,1.1894757753458876,1.4161330120201352,3
-3.084143075111457,-0.21911831490626246,-1.6269351930370397,0.6956013945948956,-0.9363329513959507,-0.06680176149136456,0.7405437858178359,-0.8901167567767094,-1.0043570593117825,1.7042389267273577,2.1011431201039494,-1.0013740953033854,0.4647147328419434,-0.44117092257511514,-0.456351436516261,2
-0.26254982198511767,0.08696372175844308,1.2880697110290833,-0.022901826529639038,-1.2566416732028771,0.467204848620439,-1.37897752150122,-0.7430496015155427,0.12197952056502272,0.12760557050182783,-0.009959945100030619,0.08926058359751088,-0.49873803339915523,-0.30619146069367803,1.5805653720160768,4
0.9571993587458641,3.125540530134558,-0.4324586250990109,0.22419573760442424,0.3573622631583346,0.3528731951803174,-1.2773449222073898,-0.5147596327297451,1.4411813978864358,1.3052058512607723,-1.1972725827431348,0.30954261341545003,0.6368417282211914,0.616927175941444,0.5163091077794999,4
-2.4282530532443976,0.5637552890755463,-2.0689985088537886,0.8853716620758472,0.47955455033787336,0.31405916745989365,0.17337118589489298,0.01206533892961526,0.3427921229572933,-0.22826201869509194,-0.7368719356737229,-0.08352036004423537,-1.54785927766058,1.6148138741141131,0.046845498469924286,1
0.9024559119348207,-0.16069060107957403,0.5685787802316985,0.17572012481725371,-0.9817278780285783,-0.2432845931466159,0.7710838420573479,-1.0002653639628114,-0.4838157545516597,-1.0430432478821186,-0.018211808353939762,-0.10658700575924063,0.03806276024699528,-1.8654812373567589,0.8891157462751998,3
1.600489884061646,3.494151204809259,-0.41678338991712555,-0.33642224784645897,0.0209696627698126,1.4554162091963594,0.8472061419372586,-1.1473358602023525,3.2056973221716394,-0.7564416368120878,-0.9001429561732094,0.11566743775633631,0.09874755108993459,-0.9497159002429776,0.6845009365423137,1
-0.6862150810078332,1.6625054962213013,-1.6477528330184688,-0.5412179974411524,-0.207851102818795,-0.6462932121514655,-0.30929848612243915,-0.502354241257553,0.0997779625641235,0.48817631963863156,1.3742876284424757,1.424474202773903,0.24824056949077183,-2.6308426593397813,-1.5465836628798546,3
-1.0698210804800137,-1.0361431059604433,0.3233302312358777,0.25360867532011755,0.01949376848685119,0.1324126487825918,-0.17480237384571454,-1.0180680852385804,-1.3595209013583536,1.357258689967799,-1.941628746481238,1.0521698363550183,-0.40120677318912584,1.2517923827837836,0.735855100071567,3
-2.178111744196076,-1.019693016472467,-0.160037777435769,0.5216557821739465,-0.9926145316644618,1.8085106558366078,-0.08064021430230742,1.1363916464180903,0.7993838136939614,-0.13035632609078976,1.7188032849523105,0.24525637521904317,0.44523977693137784,-0.3076604753433283,-0.034532763141074375,1
-2.444453899215383,-1.0595608843334787,-1.5296674276463897,0.503400823402363,-0.1835658399731536,0.6061683963717612,1.9292375966943147,1.7709595070788318,-0.05488070322468448,-0.04360130956877571,0.4116274051951837,1.1701864991924997,1.5583264810792525,-0.2887509893345723,-0.65834599383066,3
2.2372784578662013,3.383182925957525,-0.5509614020833619,-0.6508817562694041,-0.6158647430574223,2.078158766407547,-0.04599844430228235,-1.7225966646916455,0.1387755766273239,0.20929259017620713,1.1547298899831449,1.9972741181729912,1.9187116010166518,0.07071137604474086,0.6819947780845329,4
-2.5229351392788693,-1.4315000632597699,-0.8279557466609151,1.06676041805415,1.3658573655369302,0.11761872182384153,-1.238596288391034,1.1814611553142693,-0.8289862401563876,0.4967883952187735,0.3787383746796992,0.2823280477424023,-0.910670137621058,1.2468737044941096,-0.6595373548019066,3
-1.0630118846877419,0.3323598483129283,-1.559189774417679,0.5758325823658261,-0.8798218387108756,0.1692480324162369,0.3081014721090717,0.12522332060691227,-0.5502000534790825,-0.5525283960605185,-0.7380045777113159,1.1093767069646128,1.0442196092317018,-0.7697610242115471,-0.674032308338569,3
-0.6124634398238561,-0.08222863422919388,0.6344014191654165,1.2266109135101546,-0.6589136371415781,-1.6323585390600481,-0.23540245339398305,1.2754548697774843,0.5615019963056169,0.45567768036617085,0.021985887931797725,0.2706705116042798,-1.0452060481838623,-0.6678506138726152,-0.2531673671900142,4
-2.860553601912427,-0.05003721925727208,-0.37249461336683853,-0.39890366015484297,0.8542771023480566,-0.35603031680798425,0.3251089762597526,-0.19429849291342677,-1.1933535871381376,-0.12109056510675055,0.5548269549180773,0.34833078776925297,-2.0771135852478193,0.1320713015607794,0.45445567361074485,3
2.721076794855051,-0.3857061451428848,-2.121789578552069,0.5542358176337097,0.5519670181311747,0.5794208783327954,0.15938316403008948,-1.8550837877947295,-2.2347097224341557,0.7351207731023364,0.10829245765787036,-0.3106465503601031,-1.1525505061016363,1.6958214053006662,-0.182515646736849,1
0.7901012275301535,-1.9714066469255902,0.5707725865060401,2.2739580816792295,-1.2328681037868798,-0.1443418801799697,-0.8547714477351166,-1.4012796246567951,0.5158587422753508,-0.6842430606732773,-2.0575003627615422,-0.02110623740271539,-0.10864687909321064,-1.4735794592225295,-0.969518546256803,4
-1.3943663024221986,1.1218971081831266,1.931354145105998,0.18851958631340246,-0.5753145215885919,-1.6201542006424279,-1.5074410692902913,1.8532727771575845,-1.2401511269356007,1.5714162846025153,-1.231620144392957,0.3096420086193865,0.300653230671501,-0.0028921823345581825,1.372435581456485,1
-2.2932634519373796,-0.44711107893835367,0.07630077029570415,0.5973056187220952,-0.7767087030928566,0.32857908728331325,0.5906349514868593,0.08942541291113364,-0.15213293019773363,0.14712795420504976,0.6700553080399674,0.40794311644433034,-0.28603264611959683,-0.6158042389141779,-0.08008569392959737,4
1.770411392286008,-1.2337315366576271,-0.5667347949719599,0.2948885677325891,-0.3023833172734144,0.3292060995557169,0.11744433292421133,-1.2934251282612352,-0.21791125205205997,0.6581414274624439,-0.3086291525397157,1.0853613459953089,-0.645242516548423,0.6564758652570726,0.06054823390684262,3
-1.4501252875793345,-0.45087782843447205,0.4715305156091463,0.37907473716128715,0.024900824063817273,1.623032277519726,-1.9462135249103771,0.2447265941159579,1.9550879303056694,-0.5487934521039718,-0.23289528752348818,0.7384330005709984,0.8251910105865927,0.4985367162673726,0.8215748061144187,3
2.5930532586053303,-2.32068281678004,-0.9179732067490333,-0.316611689347936,0.18759399785751302,-0.8323247618544478,-0.5131892181007919,-0.16138570409287614,0.7676081701010042,0.36794898351345307,0.5122978178048343,-1.4848672319522942,0.19838606260665217,-2.863712290382615,-0.3315305942314787,4
1.5478414549871513,-1.3092983435398777,0.6596986112835491,2.196113244686502,2.3079246522043455,0.7431793785419015,0.6647347915358527,-1.8427188795506881,0.9712194038702153,-0.536396919338328,-1.374299539319114,-0.10499960750987908,-0.34811845419668297,0.7666780297408139,-0.6934230180358246,4
2.0916520420335782,0.8607414676836895,0.8172637928890382,0.02144457202437871,-0.43611365359263426,-1.1872526274301565,0.18909518320092306,-0.2759479118532614,-1.760141129603746,1.6346166919519551,0.8907125174462892,0.21775551353687878,0.5345395156610975,0.250819173746418,1.186288237483947,2
-0.647296163376642,0.6828346526135834,-0.8917710903282843,-0.04284027571750172,-0.23012026748529443,0.8570794508796582,0.09519611123549182,0.5016849628336056,0.692940626785196,1.591488198215722,-0.12964664088461286,0.7997816612556569,0.3089242036913052,-0.08526921440070406,-0.4634221521094909,2
-2.13979113183721,-0.38827950759337765,-1.25936137502104,1.2594501934923679,0.04504339641294271,-1.2412179113454302,-0.061174929380572445,-0.5796163194991011,0.24254614594090013,1.443185963041881,0.4724543179863392,0.47642550181473714,0.25549707124474064,-1.2592620860157837,-1.9416213109744513,4
-3.2614301521245506,-0.9708317775512962,-2.578322071838541,0.4715239671019349,-0.9442962447800869,2.0273412080809154,1.145837478419103,1.4393037219963967,-0.48328684397916105,-1.3977780077382558,-1.091276715139509,0.3980883507541229,0.5983277814219119,-0.27747663461411565,-0.5740709611584556,3
0.4375413516677455,-2.4389856361950772,-0.05482274269916244,1.1974265149383563,-0.5522190593886074,-0.8683242698169584,-1.6620359790629307,-0.871260843018662,1.3102990501925544,-0.04881681495600119,0.964844805139831,0.41931612151441483,0.7736066802153969,-0.8562472605398498,-0.04585325781890235,1
-2.7310632912802233,0.008547767710001299,0.057782975250482774,-0.6201874748909938,0.43434766980769535,1.3353216516198014,0.0009139803341426339,-0.7779424702135747,-0.42759576217558254,0.7543334442586939,-0.9626681004164708,0.3769570737065676,-1.116025447194764,-0.6481475147248061,-0.12741886768663638,3
-2.302166081817455,-0.6381846893527505,0.8815494843588164,0.3604342377403635,-0.11829732582677514,0.2474101999152525,-1.7947697827372286,-0.7270274154117323,-0.5689075950599302,-0.3159662715787439,1.2767012518489602,2.4078813811667152,0.2183409052624498,-0.06307799731449085,0.10914430732346847,1
-1.6486417045403219,-0.6188767577709702,0.21424568485396803,0.28537415276218553,0.791193470437743,1.0712364026671937,-0.009009524889439893,-0.20101069316066464,-1.7379643465618073,-1.514415151359101,-0.061241991990056525,0.843700228357515,-0.1890627029306617,0.9176005598104678,0.7653142430788866,2
-0.1874196178045736,-1.0404543913775317,-0.9662394346641306,-1.1987336934920985,1.5317849533876793,-0.6694824941814743,-0.090640624556221,-2.471679053714035,-0.15872781776852268,0.20478567156690586,0.36011407907988563,0.1572347265015808,0.5641212931430852,-0.0029013372079410896,1.474032526295205,4
-0.20315207361113505,-1.795640413829155,-0.4591034123898089,-0.27413152545596703,0.3627643715593505,0.1863103968824168,-1.5691860763787606,0.09474714746694586,-0.675806392686995,0.3280399535758387,-1.1114844638064822,-1.7687117676474553,-1.0857813840412214,-2.252116544720446,-0.4876543139768276,4
-0.29741579563438963,1.1403831423331752,-1.4443325137586556,1.1079525008247562,-1.0018257614331076,0.5915065782640587,-0.32114283542018385,1.2800389745045446,-0.3310188865807189,-0.4559598468312694,0.3868781123404862,1.3311689314670017,-0.6417643984923445,1.1638588654090585,-0.6829905875023091,2
-1.0785013595985318,-1.0342897243563691,0.9940462272191232,0.7230106846971456,0.5848153161409803,2.815399666197464,0.5576612620404046,0.3217245572201215,-0.7631075031157851,-1.1772389906105056,1.414421001328971,0.7558947810297473,-0.3045902812229825,0.7847272927879582,0.11301722075716698,4
-2.4088102003995586,0.723997394046558,-0.0017701215241259565,0.8565109948834664,0.37442901307134685,0.42889626478524223,0.9182069924135215,-0.2965663624464665,-0.029847076801155604,-1.560058908705059,2.0966728154063006,0.35516691013852714,0.7474953667393901,0.45159621131750954,1.0090741026650545,4
1.6773774032473097,-1.6899731138115277,2.8019479794324074,1.5842405248238416,-1.468723078489856,1.5845945654760478,1.4927936649398938,1.0389450586775826,-0.7198572574183167,0.7255434929071397,-0.6345571465200914,0.3747408742012495,0.7811926633471364,1.1211215425328656,1.430807879796201,3
1.282718668335809,-1.2120087952386005,-1.5993172167634373,-0.3815242744807893,-0.03060491557534429,1.372406274934688,0.49333820258445293,-0.7018790937394577,-0.6366357282864684,-0.28105678464798,0.5991702979404105,-0.030712494072768475,1.7370260489317872,-1.4425065426343326,-0.182058263805146,2
-1.8333859040158977,1.0783019214479834,-1.2285417442775892,-0.5868543062700852,0.3249676147512876,-0.4080004279722461,-0.7271908538075496,0.5188928954090817,0.8059866294758479,-0.5609596381328396,1.3055919082569567,1.24548636558872,-0.6260595215601695,-1.114531238007147,-0.5519496804243417,3
2.76172624306421,-2.2507347417705383,-1.2457086809742368,-1.1629414711586252,-1.0440517952734891,-0.7295229135985888,-0.05645399687339839,-0.8267681529499314,0.6476718201212387,-1.0207199496730763,0.5721786642898073,-1.1793961229576302,-0.5415536525403121,-1.957853749384341,1.4965056694474825,3
0.29952585297811035,-1.0176177952710224,-1.4492894535072056,0.9865765000002431,-0.7440843320091413,-0.41213732456085317,1.733193951463633,0.26070115214532236,0.23038832351392477,-0.6439473098299819,-0.3312357008375892,0.02804994867521523,0.2282738450969606,-0.160650587391678,-0.23523648014086382,4
0.18277095774677024,0.929764765002298,-0.3797843160630008,-1.2719612141350587,0.21564150003036858,0.6365037328419396,-0.37512834691295466,0.6936561207283922,0.5022263686487342,-0.6169304579404941,0.025712917544723924,1.7029562826976785,-0.5529638592288773,-0.45992060266690377,0.5782692529443321,3
0.6688932410874614,-0.8767814564232996,-1.1562288644760261,1.1916490829932052,-0.5703762371630688,-0.6450208453830976,-0.5418812724574454,-0.38705489286916367,0.6380619136047676,-2.2719619880410424,-1.013837805809714,1.6255957470843723,-0.46309510893046174,-0.19649589106963775,-0.251145833790269,4
0.381937199377039,-1.13252581250277,-1.3009141912898021,1.0124536193088975,-1.379469402860166,0.3951650404358273,-0.7221746816351192,0.13507526947250328,0.038717032347178354,0.6123071939661294,0.4826195964770228,-0.04702838618673772,-0.0136182445352635,1.2253114453565908,0.23176945697712262,1
1.392805355579268,-0.8485257428354335,-2.2353292422277464,0.4664092329203397,-0.37610817521860024,1.4919680437818197,-0.8479187801341987,0.69594179099024,-0.696075596199758,-1.5392115417494114,-1.2275335645287608,0.004956997218600362,-0.10546083687097287,0.014113486026511017,-0.38185737317525703,4
1.1593007047429345,0.1580662906141665,-1.2395552025711898,0.7329261686926881,-0.9914844691704074,-0.9607131362713224,1.0326218275808356,-1.0271275744561212,-0.9131495103138042,0.1045934670062757,-0.8587126327094141,0.334805390933039,0.9887017097370502,0.009769574981358515,0.328618908030306,1
3.4971149508980592,-0.6486391955351987,-0.4058042224309668,-0.6744694338596595,1.2830236544928662,0.21606291771295502,1.1417842435234258,-1.4822032926617679,-1.2147500183686408,-0.00778403328856964,-0.15829606362765267,-0.3060879545981536,-1.1564968920616214,-1.1365104297499165,-0.28131597772377454,1
2.2992079832858385,2.8990239891579868,-0.5460541208756884,0.8707723458618446,0.7153412126904874,0.5429612222078275,-0.3985910373352158,0.0728763220302107,-0.6849614148844063,-1.2380318788126707,0.5031578948155685,0.9245765439879753,0.3219931987222205,1.397592812257199,0.5246885187645233,3
5.054900628981008,0.20132360401259355,1.503922801771409,-0.7138565239333092,0.32443771213514216,0.04537669223423369,-0.3271711915611551,-0.022601847028578936,1.3661564151089425,1.927182603641587,-0.5122529775120364,0.2983634080099157,-0.8894579516527125,-0.13028624302655212,0.7536950871724537,4
0.015984956671518072,2.947901691293176,0.19943613493467827,1.8091833489915565,-0.07909745712830726,-2.0478777011310503,-0.22582843548115883,0.2106856318225475,-0.719403741186374,0.7902782399849434,0.26242757567567476,-0.1364880010722575,0.8154547154335214,-0.9402297916377035,-0.9287350474635596,1
0.5352879931471896,-1.489813725994089,0.24867660358900162,-0.01735362414689038,1.2462537486884713,1.5018056138671405,0.10545684252197354,-0.8181450409784584,-0.2171494104626459,0.17230836846999067,-1.7370605520464928,0.49840973931389876,-0.8531477636154272,2.148630592129868,1.2605956195357466,1
4.517330769483573,-0.1139123774296675,-1.359299678911472,-1.6829719014967202,-0.6173643395581554,1.0376345249105647,0.09727797896550003,-0.030982095348699296,0.7099078896719166,0.4358674821267268,0.5781129204436848,0.4045088205245556,-0.5080697944707012,0.10550198389755867,1.0983409252799525,3
-1.0464784570508334,1.6308319201600243,-0.02873843230267647,0.39924207942531215,-0.9806686951846435,-0.6843753239602427,0.6594982723544494,-1.6916851178083596,-1.362707385205806,0.7626793321817029,-0.9929867457922998,-0.17086178707311458,-0.8627154334106747,0.1582827059590589,0.5750653939897633,2
-0.5438517033657257,-0.9800074458685274,-1.5747808584320517,0.6765933825275807,-0.17210606043623755,-0.3461003717159617,-2.0911116714936013,-0.29028647450983375,0.48038812132160136,1.948360362941143,-0.7580794962053174,-1.8219323524385882,-0.39716604736214123,-0.7915907662906125,-0.8894731203973184,2
1.0423504986473338,1.4529971413726146,0.6472438886792551,-0.1415748613829635,-0.026211406996657825,-0.8190756564780636,-0.2996935542432521,-0.022925884486730722,0.34263183214197607,-0.3984690229002379,1.1541042312761973,2.37718702812023,-1.1259913017652574,-0.26802897501185347,0.10905081671353907,1
-0.8962544962515975,1.8173782244996353,-1.9417938996787572,-0.3818652926748594,-1.1154430468884788,-0.2988491515726771,-1.290129763578364,0.3964088240126447,-1.6734468705026224,0.015454168157417894,0.6342581992506469,-0.27079887201473873,-0.6972909120923803,0.5607029215181454,0.8742499181696773,3
-1.0361911932802323,-0.3706499703267853,-1.0087047468431525,-0.6222337143304866,0.8093298809376843,-1.0993507894154926,-1.9542400404444682,0.4398776508434284,0.08613095653271487,1.7493852692375582,-2.448490712184401,-0.5679246063970425,1.4520973424142822,-0.4022674541410058,0.8966260152054782,3
5.017758461607721,0.8185326351966066,-0.20318127334874145,0.6036259354249397,-1.3942010458227245,0.08500916878392094,1.0507515120394033,-1.0804861170574023,0.33190999929097714,1.1019564937047992,-1.423450212151315,-0.2539629974626636,-1.9296650329336134,0.9248595672443177,0.2954932848789493,3
0.908816362846975,-0.007306292051230842,1.5136860387684872,0.5650630647078797,1.6189355007712656,-2.4751895659893064,1.7105994190678928,0.6404046606239473,-1.9102307325164978,-0.42298348487462756,-0.7471126095980263,-1.1480266736678233,-0.9829208390217897,-1.2598522611806648,0.40473813544317705,4
-2.8832464238326865,-0.1795321733761396,-0.19285231879240364,1.1252558558162475,-1.502455706940559,0.5312933371113199,-2.046582421481567,0.9718650680208472,-0.08437796987862106,-0.8714882133214858,0.02901474172981863,-1.222552949725905,2.131058335650698,-0.1954501085177867,1.1619491556192216,3
-1.4416819459386665,1.1474569025285948,-0.46682559239932625,1.518505664323418,-0.920273469119757,-1.042488717446694,1.6278975603640569,0.3979544314889517,-1.2134110079733178,-0.5669039310060059,-0.4801806243869405,0.7092656696934575,0.1496479255096908,-0.15529996402063845,-0.27065457075539745,3
-0.6875628582607373,0.7097330325016826,-0.7026320893941647,-1.3316626230717403,0.5753315349150541,1.2168389863136866,0.4428692199542179,0.45557163665976896,-1.0730683043924274,-0.49842377212266437,-1.5953668776617664,-0.20942138075552835,0.06568809721679067,-0.9111382661498895,0.6415447032614179,4
-0.6301722718104223,0.27834043161037264,-0.7171076662466043,1.6787359571224185,-1.0234028773609,-0.5419115826538802,-0.5871777914354745,1.0649893981153782,0.01800120021349376,0.9004686797914704,1.0733341560984695,-0.7171402060492189,0.4419648177826194,0.5860280921793168,-0.2229087794131284,3
-2.2633942591524963,-1.2812759292284455,-0.6901311000077842,0.6777032087754274,-0.5192454173199795,0.9913920298293899,-0.47239922253732575,-0.05639799930627422,-1.1763200564363678,1.98763759296738,-0.049918932470193356,1.4306697970926643,0.15479714185362634,1.447758260034981,-0.6700018237992958,1
0.42716274522329245,1.1909010506189983,-0.026604535646036258,0.8312313824246436,-0.3841721316698546,-0.7118775375436854,0.8389002525052681,-0.7285963008977362,1.0317420058149132,-1.180302694044508,-1.53255968469618,0.734045551695675,-2.579828671298384,0.8633989236380877,0.42889679593828345,2
2.747354044435727,3.1143278880907848,-0.4872135344934343,0.8368571156942297,-0.4365198138568952,-0.6470164483676976,1.2933740449115516,0.5340463640777403,1.0702491210686427,-0.03786394428620793,0.7255869435241582,-0.2435256151145184,-0.42237464562211124,0.027785289489380558,0.13882751475456295,4
-1.7331531441355947,-0.6211554639473179,-1.5330769625633094,0.6874637549833161,1.4427399441809732,0.6177021079945226,1.2578597934404627,0.8048085548211952,0.014206873938993125,-0.27368788178402986,0.702712995642896,-2.1909095715514453,-1.52709529817698,0.47307557878424455,-0.17308143978249013,4
-0.15645013153377144,0.34808703293403687,-0.7317091797859113,-0.0087822600882872,1.8495321180334041,0.054535156175873935,1.7933864902947783,-1.1296627435879654,2.0706241673538015,-1.2405038591936906,-0.032698048027154994,-0.9333657302715334,-0.5231678997342821,-0.9913341070395801,0.21367619644925642,1
-2.1080846395458366,-0.406267522335399,0.7718658293445715,0.6101003078534233,-1.1464350464929882,0.7554118695927158,1.2213749910700114,0.46471842788551543,-1.0855832963557264,0.47903045515510134,0.29613619295218585,-0.26836911523823725,-0.24497624196195336,-0.4867937283755574,-0.02903027675879247,2
-0.28553367677499836,1.1405967941792094,-0.9860659965431439,0.48525365414464405,-0.3891964633370731,-0.5082134510362121,-0.5293498182201614,-0.06952065482455837,-1.2485555885258761,-0.6100829290219618,-0.17067901329425497,-1.5389384526276915,-0.6436430817879202,0.8321714523143415,1.4808366275559384,4
-1.189333103122765,1.2207403059850384,0.23006029220995827,-0.1028548304143563,-1.3517925010899807,1.0433852791136247,-0.3309179247525588,-2.0218160685453226,0.011045800487403468,0.2392363193984422,1.470776994307296,0.8221834211589739,1.5332099818929297,-0.511241804253287,0.880305178518309,1
0.7161810119533383,-1.3063805381227689,1.5599158355805964,0.24829197874130463,-0.08717717605864311,-1.753548270420655,0.475958820390727,1.5354082793992403,-1.300369896105121,1.0851519371017693,-0.6639279537989872,0.9435158232945218,-0.8656055689537846,-1.0115000457602195,-0.19059485954613556,4
-1.9519764473285788,1.9204391809831702,0.9311139411927539,0.46987557317104844,-0.6548608967679054,-1.9686347627140635,2.0093586568303423,-1.428789244269478,1.699428027339812,-0.25867266730084004,0.5673821863209381,-0.663356507704126,-2.1785822509847863,-0.6660720164401536,1.0816464606644784,3
-1.6277345022364327,1.1804224093926252,-0.20707185549243648,-0.15508175616009423,-0.5417772419368082,-1.1227157504868823,-1.1929265270022316,-1.7110484500505305,-0.3761029762895301,0.7609183727001041,-1.556250075116678,1.5577385847500798,-0.061839135356140496,0.29593306056102736,0.7062865515500235,1
6.145598961621502,-0.7074212477046599,-1.541396512691181,-1.4027450027157111,-0.5558041865587379,0.2540311603375352,-1.0871544818520857,-1.7003260979599504,0.47108344214501163,0.43182943556006886,0.4165985568698586,1.3045612161361324,1.3171333233283566,-0.558591742378319,0.7131927748152149,1
0.486779880299887,-2.18448942891796,-0.6656143184940558,1.4151284520331027,-0.9681987863274769,-1.3297917613837589,0.4912010163263313,-2.098855826459557,0.6723610409748793,-0.28071180926606615,-0.2059607727266143,-0.9510815206244537,-0.4221376859668002,0.17716458192655268,0.6501720794961376,4
-0.9999995521505121,-1.4589092597246291,-1.0660288150110497,-0.5039767354244608,2.9675804834690815,0.9493405890242147,0.767585512305863,1.5486303396687424,-0.2676690190849398,-1.7982716172454711,-1.4175956909230099,0.9026076540134833,0.9225590241087437,0.7997122377866134,0.5621488475061799,4
0.04931112879108318,-0.720583214094243,-1.8121585632925343,-1.1868779455183625,0.6972789215156292,0.8778016241406282,-1.0519301732180473,-0.4600300020892279,1.6799981723246384,0.8911689645566174,0.4490243923754951,0.037436026808071184,0.9643749363348068,-0.9868059060963755,-0.20658153930816023,3
-2.6803724914906,-0.9361646707288503,-1.0081004532808633,0.9627856908393763,0.47533471059093857,-0.9009518774750712,-0.6699291631083966,2.0698316658504754,-1.1084210207973848,-0.4460109396968822,0.7523833252428733,0.9335831201956671,-1.247987435606194,1.4658853962479825,-0.28085704437334613,3
-0.28020679467217385,0.7782695214185285,-0.24286013421943142,1.4881083589817536,-0.5548008119811674,-1.6576523418015916,0.6137170480366876,1.6708457941633756,-0.9756961568626633,0.46610039937797293,0.0656401529181708,0.7775114129975059,1.222330467235578,1.0995265445289695,0.2979978779459862,3
-0.5682621883168306,-0.708228009717439,-1.5370249943910654,-0.6842736242096036,0.9834961467189938,0.326534075061828,-0.7728450889623371,-0.4251045837687638,-1.5480086432769544,-1.693291841465532,-0.2655079301651309,-0.3973519508908395,-0.7702276944766636,0.556728435451316,1.0351560303896366,4
2.973574219579702,3.638677880380417,-0.9012387161304739,0.007070046087072073,-0.8805826768472933,0.9210925531200069,0.7365092601934412,0.6861583016489485,-0.41129836713286716,0.2186107884452046,0.7589853646510579,-0.09475457978323437,-0.7865355899089622,0.7199434364218593,0.3280296356047424,1
1.0538684620961989,-0.5645342354846193,-0.20683053700089724,0.5900777809735692,0.8153927844432629,-0.9491990460927836,-0.6621139594142488,-0.13485554027777394,0.7563617618411982,0.5766807265512963,1.5088461550943537,0.34312071993433957,1.5199732582834902,-1.6881896652723885,-1.189822383969348,1
-1.0195514576948073,0.18722394619950988,0.4399226486669551,-1.2580950367493604,0.8870613369799543,0.058097336642791035,1.580987779711969,-0.626939816932468,-0.7140960301015495,-1.4485499664481398,-0.6362685174101077,1.2678828116103391,0.053678910762672075,-1.1469272232548862,1.2459752775030093,4
-2.2207864589812534,-0.4375699880532599,-0.22367094265689882,-0.9570107751325675,0.6554689919080218,0.25631386574839926,-1.6148854797549137,-0.5748084543705357,1.7536075912989604,2.4289409006255656,0.9438820998291511,-0.1903963855324803,-0.25986152355074804,-0.6739106746490006,-0.07595643372405184,4
-0.4630540989898497,-0.09710011571610533,0.8868696455475233,-0.7324714051733526,0.33881101814500697,-0.8429730148543658,1.2792620848195488,1.5244957175457452,1.0904278304975323,-0.5389941773257746,-0.4834059504994687,1.3529847641659165,0.222091848287417,-1.1043353630551385,0.9213392620256574,3
-1.2919897610428366,0.43756081128482927,-1.1751663846669658,0.877859479269686,0.7226711041448791,0.42178113594133243,0.5774711567000474,-1.836023564018828,0.8202268986814722,0.7085307320161568,-0.8199731963166923,-0.8024521552938678,1.3555822141134883,0.37118090507726204,-0.24904194462144413,1
-1.386221068279271,0.08846225957439778,-0.5589996699060974,0.8488760983691586,-0.4455421210114395,-2.0472999042200932,-0.7445008921840017,-0.8673806993902755,-0.6802056145252883,-0.7508202129241185,0.8258788068816867,0.8191296003342861,-1.2181758663394409,0.45586084438947794,0.3803405524372152,4
0.19845183525984061,2.298898738705947,1.4288937780815905,-0.972804485401329,-1.5129631051539676,-0.47607041302190606,0.957434259008967,0.4416248830921048,-0.7825534504592607,-0.4531053328031707,-0.49327409205628087,-0.5297718308927801,-0.9105195552507919,-1.3989441379310874,2.1111738479158957,1
-1.7534258664029974,-0.7228646193509543,-0.08599359372924652,-0.6974177337152656,0.8266608110587982,1.2880020000104084,0.3188052360547562,1.614644487476555,-0.3493839014691623,-0.40772958563796313,1.4797897322137485,0.4683707754403687,-0.5145359023747763,0.30174538804486034,0.27408127302080926,4
-1.3332978194101135,-1.1665158990173752,0.6658453091997012,-0.2323896644771822,-0.5502810869408865,1.0609255556093629,1.4494968366389984,1.1170816593399415,0.9622443200428381,-0.2208382076069694,0.29335604311877833,-0.2462281646734566,-1.4408660105418234,0.4404479232023307,1.288850450503046,1
2.0795254630004543,-0.3475957686851331,-0.9080280129796876,1.168091689915393,-1.244349831293348,-2.6869192304089036,-0.15059918457962707,0.25661485543090995,-0.8290491158576936,-0.879863301698553,0.534815571119952,0.8115604474667917,-2.132941220168325,-0.8268210338932812,-0.8974474814537179,1
-1.1172482407554276,-0.7107246854584788,-1.1147200597858713,-0.22089341564852844,-1.283546199258646,-1.4458512087123,-1.086234604895868,-0.7832961128905392,0.1350322501755264,0.7638878820329192,0.24832122141483298,-1.1638910317301103,-0.3493332523689182,-0.33828673444853674,1.1645565707794907,1
-1.9404874355022692,0.023698754666601325,0.7677632983903923,-0.04624293713941191,0.6143354732380015,-1.8458685665701378,0.0486787432078701,0.06359660963187802,0.914701190155746,0.19495768985647371,0.4526587527079164,1.3207538372885628,-1.2417864316291476,-0.7001103247371807,-0.13682997831582316,4
-1.8961264090785708,0.1661681968490426,-0.31495979048916395,-1.2365451906355336,1.546618024473388,1.9606049814548232,1.1671275417228864,-1.337119788374664,-0.5741206316586156,0.9332894695892808,-0.5698917869222863,-0.6260923765956752,-1.424667565661516,-1.4110019662836575,-0.8180772858954587,3
0.3088134943206906,-1.217242672501888,0.14397329778715467,1.5743289073725166,1.3998162806026682,0.9488099866213435,0.12371829779371885,-1.1753542873746265,-1.8048152327217863,-0.5022352025556384,-0.16549941655522662,0.8331809280602671,-1.2725054889656655,1.7621380572418823,-0.7152319651708339,2
-1.1012410630423486,0.9014667314929646,0.827111410069277,0.46345109289235886,0.32756179402716945,0.5399032443427814,0.5194361043987197,0.1493904933885762,0.021079299437065747,0.5678221997984054,2.052503996633395,-0.0748335254466607,0.11203328011916742,0.08076071867622511,-0.0064761143298130075,1
5.640850314609283,-1.0502003881007547,-0.25827547663083034,-0.17607053517308524,-0.08708699454985934,-0.05582582958571743,-0.588909451401181,1.0063502421733095,1.3922075330463455,-0.5221816897975768,-0.4038342743397669,0.5345004456498631,-0.6060937851034314,0.22120927257130418,0.6253160189402932,4
-3.196728943719021,-0.269676395290566,1.8483412193851378,1.6008434955245783,0.6401256880547869,1.1005114076423173,-0.17373739521352818,-1.0984351498140215,-1.0841596234838342,0.027751219046810237,0.4283102022342505,0.7700933044045735,0.0009658881903797937,1.059516615274268,-0.06980871533488346,1
-2.9292336815792877,-0.20744456352965285,0.6625401093124061,-1.050719184110325,-1.163185217604374,1.8381981226706596,0.5606690464783486,1.0773531301911488,-0.05148770507470386,0.4623283985388718,-0.9803505475485892,0.4362071288804917,-0.7091366724475722,-1.9176911174050568,-0.22706489105617048,2
-0.25411676806380434,2.09315273704182,1.3149997379407814,0.3122405520076219,0.8535138023899106,0.46433386617035144,0.8475074402492404,-0.8281036678987407,-1.124167907346286,-1.4767044178966209,0.38183801654455746,-0.9657178580733322,-0.29288627000649703,-1.5664660372807955,0.4869588882520775,3
2.4170282464943353,3.135584799318824,-1.1310468215146383,0.6843830447802722,-0.09247973484092557,0.5256305806872276,-1.0403187691548903,-0.21922555416063916,-0.4304097784359222,0.2575376894757493,0.06159223388107906,-0.1582001850647317,0.09851640228712012,1.5764127945460273,0.3321692141443361,3
-2.8982507674957945,-0.21684668575547425,-1.0465583359527386,0.6069311945024817,-0.7152905691304425,0.6003561330456647,-0.050140294912722816,-0.6703508990843641,0.6333016446895152,2.4273456210479503,-0.32418140140928187,0.6642373832560666,-0.21908396525992302,0.4010643908688008,-1.2535426662669633,1
1.9886106587913355,-1.112111372125968,-2.135710068808403,-0.7897171674022161,-1.3546603908804564,-0.25487890411582675,0.3120422335805817,0.7215749894149651,-1.5337337134823186,-0.0390778728125242,0.1544087007635392,1.2359644757078012,-0.6337926370902526,-0.07507124488778834,-0.10190116665090818,3
-1.2949014725078696,0.867742543440362,-1.2182427145865522,-0.8024397184596358,0.340467723229637,-2.0417833604889584,-0.30441261663238095,1.5354476532654828,-0.6539177550080272,-0.07603519121942931,-0.03807931276544096,1.1634484801426241,-0.6159035083862837,-0.5366026735365429,-0.008807057688242897,1
4.35850971754175,-0.19279448970239496,-1.2774320542274906,-0.2535055118553051,-0.6970016284760665,0.8239744952984794,0.18040808965538993,0.050505264265556044,1.344053461137909,0.304074308670661,-0.8401125326905595,1.169303862199103,-1.0578411068707305,1.6212249671192194,0.541543170021851,4
0.05386143289072856,-0.9213472030769906,-0.40118432478009736,-0.9304484165728204,0.1641542501499755,0.694626914155214,0.6615794635620335,-1.0830169693714709,0.5102112713925212,-0.73961396617014,0.6702869892935328,1.8976844934630421,-0.7487297816201918,-0.5985488763770773,0.048386912713506106,2
-0.6233424280459244,-1.6224286200525817,1.52569881270983,1.0843331417760262,1.9278316704046186,0.4003246363626943,1.2421050191164347,1.3471711557131274,-2.0460969737764034,-1.648755317004617,0.6151624229828654,0.251580374990766,-0.09824394639004731,0.08777192932673483,0.03825953230411989,3
8.197470783474792,0.704538000643992,-2.5598172882540817,-0.05146684668591802,-0.9684654772834109,-0.8075202604647229,1.5347342282420464,-1.1514040468811668,-0.6214553038936046,-0.5478047175138808,-0.6282089039502482,0.15055818887199096,-1.423145953369375,-0.33580662533293726,-0.43116665984223557,2
-1.6386677899056452,0.5111635228966022,-0.7695306529530667,1.8566601850800872,-1.0150256414438301,-0.4536968642712389,1.5799390359800576,-2.3641809757148033,-0.30731528183980994,-0.8195743168789412,0.9211995226681163,0.9736493014295913,0.3873607323466152,-0.0759077592911991,-0.7814591044049625,3
-0.6427065686382173,1.7000493365681797,-0.8578679863332825,0.48602356998676505,-1.0165363717712386,1.9585525586438977,-0.3431356473805771,-1.2735809115501258,-0.18402944761389284,1.0753932969910562,-1.32876469049493,-1.1674277977519916,-0.17341386775850803,0.42940289752387995,-0.04110013716536399,4
-1.9280982835409781,0.7884589692577761,-1.1490574296661293,1.2911403850945031,0.11579077289751097,-0.5802801953862289,0.20169409952183412,-1.123338123856378,-0.06072136576763531,-0.9595961805053528,-1.2073399825501807,-0.44085435770472897,-0.67675726880865,-0.3199251758244013,-0.6998829186546368,3
-1.354211386147157,0.2750305392893766,-0.06858542456053346,-0.3076556916964899,-0.24214243062968524,0.35399046872496176,1.53072612398474,-0.3472197957218381,-0.05972500238599507,-0.41316716822866983,-0.225239126911861,1.5488429605129823,0.022581458543178595,-1.174070212384464,-0.49032124948620653,2
1.9219859552990588,-2.168927153193159,0.1707258865883836,-0.0022783171391546784,-1.0129279032170013,0.17105139666702993,0.04626421314018468,0.5651792752188822,0.06525066733098124,0.33058063716782066,0.890877617528284,-1.344968011376476,-0.7341884312009512,-1.515944446746747,0.017268616879890304,3
-1.3866556220962256,1.8030102887094623,-1.186754869244113,-0.06736986634997208,0.02554029185351944,-0.7510604070227712,-2.1403369056605532,0.7396420844692366,-0.6671320093837583,0.06138742191322414,-2.5816911147454973,-0.3077918659219085,0.809020853902605,-0.9176722003573529,0.021760898074848333,3
-1.6009770873074056,1.4695688846504624,-1.2045520776526204,-0.4256522493506783,2.7420480270051133,0.8638731515640706,-0.40655107956768766,-0.6370970232131613,0.4014544429927083,-1.3642651231184797,-0.45623879706163334,-0.845257141284478,-0.5033523266529912,-0.2955268725173348,0.016531854659523098,4
-2.4340137838084783,0.49564503688437084,-1.0315403722261087,0.35415635969448706,-0.5404818327651716,-1.308368739975289,-1.6893156765470525,0.12424928497969473,-0.202449477297554,1.1485226537431172,0.27500260378636826,-1.5019836295663662,-0.6510225754350889,0.2952468229564664,0.5753327253029618,3
1.1781664522638573,-1.3531520174888079,1.5999556357329223,1.4946540598050193,-0.2744494518272325,-1.3838652052697378,0.6691187031338541,2.015038218927104,-0.10280883151204209,0.4220294581025043,-0.9187896001115411,-0.8107351204688273,0.5020480731815155,-0.2164016636737092,0.5189322989654644,2
-0.5312681221089722,0.29477878312010114,-0.06155650685109795,0.14804365025026278,0.7436803445068406,-0.5847354736389815,-1.1346539737099075,-0.09492140601697938,1.1752992917676772,1.4852113560825926,-1.639795507668494,0.479111777737346,-0.03061339626684502,0.4991869647291151,0.03153243073008138,1
-1.6313869045356926,-0.44473471221500055,-0.05632993422457434,0.247108736326599,0.1598977829307966,-1.4644364148141937,-0.49661803698039675,0.042782379385598375,-0.5601122850518782,0.4590176582751833,0.275312858822228,-1.7119626491420734,0.9057141729348007,-0.6863796101277074,1.0766497432352022,4
1.8760171854171102,-0.9821911887236721,1.3446438371600495,-0.5364049399475216,0.3677452866823382,1.5491923944857136,-0.5330695295088811,-1.3682699078196185,-0.882385695162686,0.3461884249455549,0.24824514311755871,1.459836638604191,1.2127680233995533,-0.35318515654623633,0.3915079112300675,4
1.025935774802605,-0.054900875120747726,-2.0126170550394855,0.15099368320591147,0.4645656401153608,0.2364261425759635,0.6886201808331198,0.046489061362169785,0.6073023875278248,-0.8026177401170141,-0.7025711480742801,0.17451665062078703,-1.5339610834856996,0.7940429880446951,-0.35635006581286266,4
1.2934303900490336,2.9415862687126766,0.8387774058896621,0.1900345912331716,2.2419333240757027,0.46085774992614886,-1.3556070085877254,0.9505501268372386,-0.9923673359246771,0.7835801487306729,0.7979028914250337,-0.40109541773142676,-0.13001251746248216,2.0443367693291545,0.900589275303876,1
0.8987554170074195,-1.4684855779264894,-1.1885798526286255,-1.150515783034224,0.5728938112712636,1.4315229296495782,-0.38306594216017137,-0.21827783030280606,0.6138069174301187,1.2874495447730931,0.195916407378891,0.691008119815052,-0.2727938245537598,1.4161381392386303,0.6071059650245556,4
1.0295304406903916,0.2917455967944261,-0.964164759366506,-0.4131191205310556,1.4475586873195987,0.5180654365810622,-0.40805995338200957,-0.5619073257639016,-1.564782634263016,-1.0199644117329896,1.2690780492745988,0.4816182133605843,0.5114966375210732,-0.11683357368288146,0.06773231319575004,3
0.29703572026503805,-1.6123488559832393,0.6596275432273859,0.33679243005685466,1.1271003130069241,-0.9431664921457502,-1.4240775774492538,-1.6403547408856067,0.04851523618902337,-0.10731569418490385,1.6088140419969672,0.1549937743769647,0.40815119967913993,-0.1385651282008099,0.36916026830606974,2
-2.0445258957348362,-0.4115305278338609,1.0774775678677255,1.7799345595892844,0.852345560747801,0.025473886404623523,0.25581888382921586,-0.32239527744616764,1.6252486416503638,0.5876738959564093,0.5652055328252601,-0.9139939890378045,-0.7596469495808471,1.8369596900741272,0.3391948262655057,4
-0.8938076509278813,-1.9425165103624167,0.29038227940045175,-0.6977356551793588,0.10665735896075938,0.5619719014681347,0.6072032508392515,0.2121308670905054,0.8469751672343926,0.3334378691610376,1.7540351566735668,-0.3991775069131272,-0.5104386725583927,-1.2812607833412044,0.19761606521182654,3
-3.055093457358699,-0.3602034449467221,0.7942742639244241,-0.7474890719135819,-1.8921636122548884,1.8662048011041175,-0.21022399396397476,0.20659312547484238,0.42086683618446785,-0.6478072281114078,-2.3922314704307737,0.41114213496697655,-1.6580963141377232,0.048786595783163945,1.3359951059367232,4
5.309682857786229,-0.04675155769407599,1.5802566485561909,1.5413342942815917,0.6009906821456208,-1.1426304707636252,-0.1710638273972958,0.848251103522548,0.8625153223986414,0.6592826495379682,-0.8499492654122079,0.8401272697346103,1.865790660181963,0.012471894418196149,-0.17613231640211444,3
-0.25156927766801324,1.901315636319326,-1.200755893822381,1.5255974085722228,-1.060013772421873,-0.4912792890112946,0.6811509569741347,-1.603345695838018,0.46227756344967047,0.287662241825902,-0.9735710863403585,-0.9016297278473626,-0.3397692436763079,1.0620737709709658,0.16714363272638608,2
-2.1832428737501264,0.3016196388518817,-1.259182813003171,0.8545274233371731,-0.37330058544242234,-0.9905530404421136,-0.36052939447358895,1.175340613659689,0.8358318505002951,-0.8325346454368919,0.2924081192397953,1.0382410228496333,-2.1904136489254866,1.094405646612505,-0.43170051708207063,1
0.1354032653101938,-1.525694909033229,0.4743913557363464,-0.5457257955973154,1.4709734225744149,0.3079814958045122,-1.9161118851397658,-0.10658659971031237,-0.6203267519433937,-2.3593576131384655,0.1305923635552626,2.217782398649665,-1.204249054596876,-0.22343572266390127,0.034709026799945766,1
-1.6205810504465357,-0.8524854727075429,-1.1972684721256983,0.9160182375525681,0.1999646036346888,0.4142564764504615,1.7460571110686511,2.019184028638751,0.6991260310442203,0.40550638914567494,-1.3968864502068372,-0.6770609005646736,1.5526196096182698,-0.10814752534495463,-0.42266364181042115,1
2.6357690794648305,-2.4998477981526848,0.3081014467427987,2.12910172192644,-0.4036331928583717,0.01286159025081388,0.02688658034138321,-0.6875451862159592,0.9197415966751237,1.2045406317049594,0.057544732553251036,0.1250349484444216,-0.5484796595528079,1.0155358733240114,-1.2395672750930142,4
-1.017532129340773,0.14248348864769195,0.32716212812677775,-0.019202193032059903,-1.0189057064585474,-1.7370357940787557,-0.57179141248005,0.3217560210837291,0.7287907207455879,0.6188465849511269,-0.8863385942076705,0.6160990403193384,-0.2880803436539403,0.356475192031544,1.0409365436282292,4
-1.1848224052836032,0.9690869825100681,0.983998041155245,0.856158888002176,-0.5263351293254289,-0.498328551234762,-1.018588668102481,-1.4203001659115138,1.645905448881427,0.8440544797348155,-0.5567552703817049,-1.046514527366861,0.14115726571140133,-1.1083584466684555,0.08843032325217183,4
1.951121565558814,3.0729896570279283,-0.40606559270090414,-0.3285650486148819,0.9612403901107315,0.23488061774813954,-0.9571495067792942,1.5630660160300167,-0.44486260121560767,1.107170057101815,-0.05981567687580647,-0.3261947975945509,-1.1068799740159696,-0.14929689879680286,-0.8243328827069464,4
0.8331319425794445,1.9107724717746548,-0.2726853965120877,-0.11823285216495882,-1.0250059007349146,0.5326442576962936,1.089223655152659,0.32016764886262994,-0.2794880497434334,0.08475607611481262,0.7029688562829871,0.20501643608602782,0.30041278641701985,-0.059628679447340224,0.35313111737185815,1
-0.8852397992874191,0.5878087447396773,0.4745130853669832,0.8302727159057506,-1.1287110527761195,-0.06107090349291902,0.8062543524656605,1.4153880879946492,0.4342856011732431,-1.0496525631506488,0.48600526586216947,0.13588555357192286,-1.4645229991901,0.5052081681792797,0.5358139299448349,3
2.7163933898712034,2.3233709595761374,0.022758097745078528,-0.6152974021709452,2.4531167822671724,-0.39320170927664827,0.3219022032383389,0.9422016923402062,-1.3343759391076677,-0.12627666471999538,-0.20892674807064923,-0.8974498982357947,1.1538452468009008,-0.3805505594428596,0.805831806565585,4
-1.2735776655584383,1.718973197346126,0.16106545645734552,-1.3445491240241367,0.41596529648373515,-0.13962474855999715,1.4716486626934722,0.14412600438060033,-1.6790845405938852,1.0500596526546564,-0.8677947021186581,-0.25350087829787776,-0.9138198809495844,-0.6582538063998916,0.3953337601690079,3
-1.7473245740446566,-0.6633239551143045,-0.9348816064152731,-0.33541321354752107,-0.5521327321233361,1.5762436886374993,-1.0716252999436888,2.11383024716568,-0.35111886113344054,-0.4080935675706042,-1.3114906371425044,-0.3463056844084498,-0.06240399501950255,-1.126246482900496,-0.6892283325206002,4
-1.7246307314210372,0.2697940721163021,0.6761589185309147,-0.2849954519211376,2.4309936930367995,2.417925276741899,1.673369166415043,-1.5504572700647992,2.0789557851539078,-0.40806489628168374,-0.5370546827744355,-0.1364213311064812,-1.2923606341498548,-0.16542701826749792,-0.4448630188486504,4
-1.3715629530168085,0.7215780340711792,1.924088051094763,2.0813978827383153,2.0145295906734897,-0.9547163390959535,-0.9829381279319936,-1.029259131939602,-0.3500078323817326,-0.6801812870031866,-0.4050090497615041,0.7459612746391572,-0.6135663922056019,0.8670408094191963,-0.3757406616197912,4
-1.6845198672668686,0.6152634500837171,-1.5346716866884647,1.8436340116525345,-0.1119782740589158,0.840887442777059,-0.07488695405803185,-0.45377224119835685,-0.009404045281228339,0.4832987348521726,-0.22013803769939425,0.3021749178539881,0.09363909949998743,0.8472407539696895,-1.7074294858220995,4
-1.521522092328891,-0.7270922763681331,0.2653462673195731,0.7914561206451038,1.8801647195434767,-0.10942973104689797,-1.686644818280371,0.09490502554587106,-0.35821744668455835,0.3671850457693229,0.38100230678248476,-0.6821473504144719,0.712792554941122,-0.5516453798887918,-0.8838904702968915,1
-1.5713935622988457,-0.8764390607796686,-1.1226146036944993,0.04322144348210117,-0.047476684100598604,-0.03523107072356304,-0.5314788518866382,1.350445916672717,-0.9304989294257398,0.41760466470308094,1.2977192098535169,-0.7532667989997343,-1.1841563771083914,1.7466674837579526,0.5051019700248203,1
3.6889131637481944,-2.4977654135766856,0.03954713012067459,-0.9432914426189345,1.3913328060732881,0.3839018866089631,1.3612374628221726,-0.6223948917014128,-0.5830945099897115,-0.15877329585618227,0.7813943747112576,-0.5512270805490034,-0.9218140299243431,-0.8318130388651124,0.28081643146312674,3
-0.14600943350832413,-1.6221276745349587,1.537306303842365,-0.6972223025758502,0.919184089570163,-1.9943075047022414,1.3450300817934404,0.004357090857498051,-0.00011901058047103941,-0.8302358428486815,-0.17137216725459728,-0.8178739710558937,-0.5190453298546704,-0.3754738157594183,2.583972198140103,2
-2.3287106213986664,-0.49988683585569327,-0.31979835240324767,-0.3983164001914262,-1.2460728430888512,0.033634196389388624,0.2212319253860472,-1.332483664237071,0.318137139759445,0.39411063470202384,0.6098683229133177,0.46865031839202,-0.5846128397150184,0.6640028248026307,1.1538738899584413,4
-1.6185127588248935,-0.8333276531537158,-1.2331280318766675,-1.5307110751940913,-0.34826446616221435,0.4838067995931422,0.2116290368478421,0.5034166836308879,0.38910011398543476,1.3796604750375612,3.1215211684873694,0.3857330960195837,0.37978818321411206,-0.11788982904610718,0.24627313022479144,1
-1.2683683138791475,0.6280608479058208,0.3315204797182053,0.7557229217759182,0.10805003981200707,1.2971593757894764,0.10515874730893562,-1.773162965316716,0.27517258675953854,-0.3560672963702626,0.10387241246352377,0.8541277239862273,0.3362925598897503,-0.30450749519063486,-0.5958830507651419,1
-1.8045970333771615,-1.5812948351433227,-1.0728070371871057,1.5016782703357487,1.2530789467432335,0.6635601580814258,-0.3817778927501684,0.6229451208902591,1.2371978969221988,1.0443846477884422,-0.40401587221844476,-0.1550237329392895,-0.0922962253728288,0.5199439102045805,-2.0376832080496334,4
0.44642529609435055,-1.4573663566326456,-0.6193267853660726,0.2963134318944878,-0.6705746287746321,0.15471286827300873,-0.7168614864016324,0.16811964497149257,-0.4722034734094161,1.0414775381547967,-0.6219228020930472,0.8435979496220002,-0.6906636762091934,1.0397608379141277,-0.4973282379791578,2
-1.893325942796312,-0.33848933534106673,0.35993343008267836,-0.22671292271546298,0.4628559358950443,-0.654622817033841,-1.0998492284192594,0.8651584868656734,-1.0270851972166501,1.2368715128195569,0.08268745579133806,-1.0954900061584725,-0.7489725341663911,-0.004256075883860003,0.2701062270754528,2
-0.15525144661605036,1.0249756582915925,1.1082367226297287,1.244641338816619,-0.6167333334234871,-0.04499853653337085,1.3389076146139363,0.5301429821521721,1.1080685461872255,-1.3791839497923906,1.8721582913559354,0.3606043612803127,-0.8519715651106156,-0.38383424768159413,-0.0778484588447699,4
-1.4687961333777915,-0.062116553633430195,0.7911415134745506,0.31860849406030034,0.5970261442420447,0.49808962534496865,1.181155184743823,-1.7061244835781644,-0.6515002110171971,-0.6401219977038136,0.04885847078193268,0.35737400713810985,0.5087608451904434,-0.7182193465455324,0.07438172105221628,4
-1.9723896455851075,0.5077672128432584,0.5578045009881252,-1.4132615817692193,0.4803040792210588,0.8914572966974631,-0.21900030118642114,-0.3817328170906076,-0.6669999975887565,1.074430816797709,-0.9874935293076065,0.6325005148908805,-2.4868429617762158,-1.0949424497404787,-0.7367739494461628,3
1.6663892093219654,3.308284949141781,-0.05573748114031215,-0.33364024572304335,-0.00992870746738019,-0.004891842336831141,-0.8487008770242975,1.5501034307669164,-0.013355622683456003,0.05407889655462806,0.25831001320764085,1.1237503152261532,-0.32639425117204696,-0.35291679443795937,-0.5405213373009068,4
2.299095964696487,-1.002402788382049,0.24871183345152,-0.8188124565163212,0.8858219104702422,-0.522387454251944,1.080495517401851,-0.34953109996126347,0.17623906227532846,0.6959495377182441,0.792235184620274,-0.6577320920575136,1.7075261272342497,-0.09259564124853784,1.626676453094235,2
-1.4199058868770398,0.5372827632048368,0.4554688814745629,-0.20257618169222275,0.33484851510145,0.9006520276356234,1.1794152982515518,0.7607467666935159,-0.3910067762183135,-0.38741570415617843,-0.2553189422902017,0.8150158758489697,0.8362650017874738,-0.6652845941681512,-0.09603297387944519,4
4.270406482580922,1.8916425788626707,-0.5890292443166112,-0.334589165102156,0.9123986553906427,-2.2698777594924446,2.246515607472107,-0.43127685981277436,-1.2200017647705135,0.2862386501159512,0.7292594763767627,-0.060853619239710256,-0.12779033002275378,0.4717845942491876,1.0395825644189332,4
-0.33437271533965773,1.0089573197424333,-0.7202268102943453,-0.5579018044367897,-0.4456058835180317,0.3460551418304863,1.4799103367692188,-1.2494461259845806,1.09120119357814,-0.598382608651573,-0.5555754253020496,0.9166599115454849,-1.5125746254883996,0.11064558297735076,0.3177833362447935,4
0.7633879544727082,-1.4953069981808933,-0.21926237566915024,-1.1960892492227793,1.7696376118034285,0.497667252848543,0.32359207317649474,-1.4119664874509101,-0.3237042991039293,-0.36852315103233646,0.502503120560035,1.4016949670826717,-1.4547501800816338,0.6376773251928564,0.28562357012642897,4
0.34047265464199483,-0.32930571207375875,-1.069842717364386,1.463452639864061,0.25091488497772846,-0.2394300884864886,-0.42462796927860463,0.7330220263683579,-0.016911989087945684,1.1351792652743513,-0.7704654143174574,1.585639967367873,2.218531517316029,1.130018731777223,-1.3218973626839352,2
6.131174982450055,-0.4246602718327087,0.39718544805849626,1.3944002988368143,-1.4082455311268314,-0.8554831538294785,-2.0491293852471526,0.7042233782879475,0.20361600084133527,0.8321941727738619,0.40212307796430374,-0.6331598317067917,-0.21445899797125859,0.05758957759173451,-0.33979179179092417,1
-0.12156018406553923,1.458954371368828,0.43048118749664366,0.381279574836011,-1.2913457988115193,1.9406738884194525,0.6733333752575834,-1.8530031945372911,0.4043366788932662,1.3357344510368616,-0.5389829237146565,-0.32841898305145684,0.2930870729104069,-0.7752098092450223,-0.7361141128491013,4
-1.6560708763259069,-0.18381771869322372,-0.9051942175026316,-0.4073209192019809,-1.7706794852544419,1.7732138343361963,0.39814521836162137,0.17947866970527906,-1.1669759445460728,-0.6129769237732267,0.3881810984964792,0.32357622220162824,-0.0733782122736316,-0.7001891918281662,-0.19448408696345243,2
-2.7261482839501165,0.16327617656087343,0.7566230614008894,0.7908723269207732,3.1255191835391507,-3.1644998186273274,0.3441638020040505,1.1642267356959728,0.3094307572858003,-0.6331520153977177,-0.7371378097177373,-0.33262306295917277,-0.5334103935715389,0.32398536442548187,0.4926797639550483,4
-1.7779558627823742,-0.1475069352391207,1.3925566356194243,0.06913409188172881,-0.34087478574723284,2.316088959013586,-1.8783651012238707,0.8757742454734164,0.3363053200811205,1.5947890002850376,-1.2864897111019047,-0.08155656475727129,-0.6000026656702842,-0.25471994006947823,-0.561080827787299,4
-0.26584441981760487,-0.9727931714113177,-0.4987286657633948,1.5501259002326049,-0.41702142770413564,-1.1261625993771647,0.7333691356289794,-0.3925500158027794,-0.1849673292926952,1.5673622788481183,0.6152924261051919,0.1782372811383149,-0.3319032852711078,0.8585696551623851,-0.954882376599762,1
-1.5481549811027713,0.07729013627829678,-0.36916173537271246,-0.2795835806863189,-0.17651334986215322,-1.4130699761966308,-1.2444884453306881,1.2264832014839748,0.15158389206323267,-0.9589157637049083,1.531018983853383,0.5639664578484027,0.07953276928077761,-1.3916090706419622,-0.2444296335163649,4
-1.9175038970061287,2.3644726217994387,-0.8306827993039554,0.5762985951706895,-0.37919308418647146,1.2756498593853725,0.9046180661968737,-0.3736094244637074,0.6257060844420481,0.7371969987581168,-1.2265783709532978,-1.8179474642989721,-1.519688074935373,0.5066681383529518,-0.1853476666505357,4
-1.609906909538879,1.4930858164594132,-0.30307620295999377,-0.9937046221107642,1.4256678357506052,-0.7589209487949767,-0.6178201363795385,0.10101411960043706,-1.9981509724374298,0.3959549497127233,0.4561016431441764,1.5227602114148324,-1.6540713258362234,-0.10074792030009544,-0.5601030482782549,2
-2.687712527988701,-0.8281138050012128,-2.2548871313014778,-0.23893010525942426,-0.3476619780777924,-0.4320342188003782,0.3593638014199058,0.19410444831443524,0.645607223584659,-0.03143774697032398,-0.9646470390720406,-0.35509537639856253,-0.7002770452809508,-0.38985608608380784,-0.6337505933770589,3
-3.3780410480119216,-0.8453569572703532,-0.10593575949587751,0.6071731120328707,1.6161418769098288,1.1597861120653916,0.9546217166322317,0.21879474446971092,1.148683316985945,-1.0097881586422768,0.6396400484343201,-0.33432404539547395,1.8682206489862196,1.0344897795700918,0.8861490865166043,4
1.7385772576774914,-2.342243188939383,1.3392574707289056,1.1527924640129845,1.0963655841749416,1.2166717501889417,0.7035615747378461,-0.02164033499585684,1.6640147853766265,-0.06096129198815858,0.9171909768876184,0.010520244454651814,0.9975459447179715,0.9373758952137818,0.31753157189795944,4
-1.5447349940149622,0.32548096916985264,-0.2846602569336815,0.06346079185517793,0.985846992779736,0.4695964962943519,0.08764749020515063,-1.6268046610329983,1.348089164950603,-1.3965746360314335,0.31337220338658234,-1.1898234579996758,1.0586047470909836,-1.2521503938498908,0.412373082009751,4
-2.0770377088199616,-1.2374350649355619,-0.5279867589788548,-1.0952038356883624,1.0455647973914926,1.6621581319467535,-1.077378190615669,-0.5484410236710173,-0.2741840669230605,0.4615220406078888,1.067961990263654,2.1323231986923568,0.05360033757178306,1.1145088790757698,0.005888647531902818,3
-0.7776997137677422,0.5510527337135679,-0.19360691680922792,0.14790281341368633,0.25179801696334003,-0.4082402512844512,0.5751412698769496,-1.0136635029180519,1.6040519544202427,1.3706302915884807,-0.5298801753816664,-0.9436803093305243,-0.6299824436844462,-2.1426811754883026,-1.3885569809081018,4
-1.9729888314834634,0.18382321469118937,0.9649363262420013,0.5402289455520062,0.35291198852220573,0.11527687039792316,0.1324051661660537,-0.8870575282809711,-0.33320173912516,0.07092821767231534,0.7853277968972355,-0.24869745657749665,0.04114716620542226,-0.16271275114086986,0.19260420148055707,3
-1.5643909765698172,1.1933652126396155,0.4281303515937059,2.464799748031926,1.2711203814045418,-0.17049910115958883,0.8798903777897251,-1.411076738020454,0.5188837419968102,-0.4982803874822718,-0.9437656112346284,-2.150020136052236,-0.5146075197204911,1.1569836077096585,-0.10142800267005858,1
-2.894840735664523,-0.19061655664914634,-0.7424021917114872,0.3365074715950509,0.738815143811634,-0.9786430734442179,-0.40194669876236405,0.0023866907425459582,-0.5627560735770485,-0.3684740909264921,1.0633562723961314,0.0880583197308658,-0.6411700721765096,0.04576231828591375,-0.35668046703001566,3
-2.6559375876986566,-0.102139817531759,1.5152354767028968,-0.18549504184098364,-0.6036045706133814,-0.1407445409934824,-0.9734069351635583,0.09800428709547464,0.10226418590922472,0.7828759091044997,0.2434106506967798,0.4789759215358644,-0.3373051084554513,0.17395475021017798,0.9507349765935771,2
-0.4323604361600864,0.7523186093969889,-0.7696996414789922,-1.4444781609632007,0.7336938440837444,0.435251419922501,-1.6556342584642552,0.03361001913786972,0.15855883867457296,-0.4343274938646697,-0.6099624769242277,-0.8606065963230377,0.9441855182425738,0.11689989540249035,1.772782513687079,3
-1.9172533000351055,0.38310551165053064,0.003126249667945428,0.8774736985981215,-0.9733201946893725,-0.8209615176836568,-0.46700772888251996,-1.4538450385681219,0.9843356501166204,0.9377021921042407,1.9002126499685785,-1.5060246918438176,1.1636157870555586,-0.9190090482018626,0.14125096452232008,1
1.3210764016815424,2.1999934738666074,-0.871066935964026,0.37477379034411784,-0.3681057956648427,1.468528898712064,-0.30091820360179883,-0.4623938849812964,0.11940471427066532,0.8041911043902713,-1.1884486340935256,-0.09728410462856055,0.8129565600724032,0.14885279474453728,-0.5817270141696366,2
-0.34772563453461314,-0.9488206285192781,-1.022612597598991,-1.3073850987915907,0.02669968224789233,-1.3108998837362333,-0.7117907196631563,-1.7782976609591292,-0.7692208970790311,1.235880513228855,0.12039643116081904,0.8491324359231296,0.004311941407371571,-0.9013366579938747,-0.15697531655398228,3
-0.10210191523130802,-1.1168505272974683,0.5801708290586288,1.3846198080889172,2.9054310488204687,1.0385336452053282,2.6101567453621395,0.8784201549684189,-0.01859670327013876,-0.7513157752585762,-1.1526920163205752,-0.6890499437197709,-0.5838995386338781,1.5811195830676699,-0.32246738850770396,4
3.4308600822757236,-0.12626203988548831,-0.2419177001242971,0.22077472930236303,-0.3550622010223648,-0.3516867679942919,0.0044925430618587775,1.197098255604025,1.2995261058373548,-0.1167284681944077,-0.8070234201454652,1.0289225800415076,-1.4684471731010729,-0.03460226130545878,-0.6015107845144667,2
-1.6235037728781936,1.72873669422715,2.5397240267675403,0.5936119201392339,0.6904479618378893,0.7628481056017052,1.3184576268402113,-1.6675103219340053,0.8104029429227706,-0.2580659222931154,-0.9203019615958088,0.2992622738050698,1.3339471545611745,-0.27470852433313575,0.9925768371925778,3
-0.36121865897614946,-0.40653106519789345,-0.3709033933197335,0.3938878236904817,-0.24405126260068621,0.8899699339708395,2.6202902702083213,1.3175255118413944,0.028636027545739507,-0.14290230162889075,-0.9086610273937072,0.6648072123906363,0.6046067665825968,0.1583073306774182,-0.6208610318181095,3
-1.5101124854064139,0.15045646133369892,-1.1312851528474188,-0.8804436241221477,0.20440447592335487,-1.0799660413281489,-1.6304296387008816,0.5230173427137996,-1.1226135045238548,-1.8704119849998202,-1.1039719323728037,0.051426068427256166,-0.9681633269621616,-0.5630110437653328,0.8055227586137722,4
3.249198661873384,-1.4441454471499033,0.39099589892992737,0.3368535142450642,-0.9967708068450601,1.387687822381836,0.28424085214222333,-0.2872801034593705,0.29397103358661525,-0.9728108136287292,1.328010898116888,-0.3522681704743764,0.24207811683103161,-0.6356810738372115,0.1348912183005693,1
-2.1992174844895085,0.7119372002089698,-0.15070965765031755,0.8024025245569758,1.0244497262759054,0.6264753564165525,-1.0750165625304053,-1.5438700604261621,-0.38076425611622605,0.33969464742630723,0.1779749004255307,-1.683571568992878,0.28724709133659865,-0.12731686883764912,-0.3989357257269078,2
-2.958370945048867,-0.4332608845849663,0.9452323458055998,-1.192120108183403,0.8589627934797579,1.6117545755549316,1.4523597395790317,0.4290303837513105,-0.6275841590942883,1.8083679353401225,-1.1299034985585794,1.1820631766663596,-0.0878815476646161,-0.19418133270257146,-0.5039612492683264,2
-0.5602237675230726,1.8816921110634162,-0.061108444969297696,-1.0092921514291808,0.24179912563984013,-0.9881980963110968,-0.36483405987789747,0.8551353532479542,1.7161088460666396,0.7675256687427212,-0.15150412163789598,1.055745168484163,0.055201947440224476,-0.9752015919288561,-0.23314205725500212,2
-0.44767001107498,-1.4322123946402618,-1.2251954812187718,0.11582525653836649,-0.4166487843758671,0.5078969063823482,-0.16276053669943982,-1.0927190543529328,0.9060933333095718,0.28346916572796504,0.8150737155218154,0.07239822417412435,1.3836715106288138,-0.817567351677776,-0.8272619370192098,1
2.644712557680458,-2.8704012803982737,-0.6819221356892753,0.7875110784657833,-1.165830786050016,-0.9661264735996336,-0.05971674589754421,-1.768953634613642,-0.4178087773809291,-0.1375842287747816,-0.24369573967842378,-0.8133352196292248,-0.16998110795011093,0.7758283153601231,1.0199076239303806,1
0.6132335026960524,-1.175383259541991,-0.03499202084507963,0.7380938202520636,0.5569486153646412,-0.08955696052815275,-1.8507290739324018,-0.8634807556441929,-1.4081840367169318,-2.2523828992953616,-0.6070301237135235,-1.7216319194013314,-0.3663231896269091,-0.7378600867438668,0.4559077370120981,3
-3.192108897601006,-0.8747059451117336,-1.7064366825508608,-1.7123267924756225,-0.23682899024773515,-0.2612304930963008,0.4860815064530021,-0.7555580551199496,-0.9351229515941859,1.0642201049671511,-0.37225164868376054,0.6831328882574661,2.1374490384672535,0.030286409715621354,1.0552923665977807,2
-3.209944899675859,-0.5253955367792055,-0.5257488024034199,-0.3084532095686448,0.948493742974439,-1.8078312742918967,-1.3991677028616818,0.03494930757735681,-0.006834277872603817,0.2416353997531627,1.4400770372288814,0.5493434973588258,-0.7959164741625409,0.5023631276384294,0.23253001448239047,1
0.7004109511977096,-1.6248178204296453,0.5753645358603854,0.3506710769382166,-0.8377210968806675,0.264032794813036,2.3289198307872825,-0.15065088566004078,1.6067711344972337,-0.007566829352507313,-1.7324263473607562,0.5006925717396243,-1.0560986095165257,0.36134002969524665,0.29113099919933727,4
-1.9933977416863748,2.12613528842393,-0.2866826666746442,0.8337674872484664,-0.7545523478684091,0.7034364101105401,2.0228687443539064,-1.0804495633468982,-1.151217873820163,-0.6702576894445765,-1.0843660998547981,0.19909269895652149,-0.06472847461137571,-1.4387085584092751,-1.376145733532278,2
0.37097448882458883,-0.8357743905471757,0.2993360781257967,-0.20143374280960988,-1.708769218239113,-0.5755272798836225,-0.37943164151096465,-0.37345214161345636,-1.2417571237712202,0.6073413442515885,1.4195689995858591,-0.0868305738772283,-0.5032850263792663,-0.5554671414954617,0.3325095603761602,1
1.8308503308142394,-1.6299626302950339,-0.8549482198617887,-1.6329362939290906,-0.725146870030982,2.046646288995878,-1.8168379749943828,0.26450291501164425,1.4427301869825246,0.343939271049648,-0.3851106836714836,0.21435156404002448,0.5474699125943276,0.7237935348623005,1.2748301655949568,4
-1.097341402470837,-0.340636620243983,-1.3233287937916172,-0.67864273681232,0.5056523324379949,0.474333215114206,-1.1216421171637958,-0.8877915522080488,1.4038822849881076,-0.17499797408647375,0.5112780060160184,0.7583612310311183,1.0329726535741164,-0.6202480323549598,-0.29129885303819597,4
2.300514733592413,0.2396854606776103,-1.0846393345932133,0.4751413940923081,-0.05852592022170179,-1.6290536222573482,-0.32697430191655513,-0.4201845028395506,2.762567124963961,0.6004002454266041,-1.3145311123946053,0.03433483123337152,-0.8511523080067378,-0.6719067454645637,-1.275837440273567,3
0.3105728171842754,-0.9725465184761289,-0.8699115341511396,-0.1593244523805852,-0.5117524867254415,0.5974304841507907,-0.06488210302382225,0.7396672596004576,1.2579827167649964,-1.9915504027381945,-0.5194605628027398,0.09787461270687911,-0.6307873611435343,-0.24590955620783836,0.4401207130781886,2
-2.3502915531409965,-0.49478895709488885,1.0608955180247315,-0.2248479854626894,-0.18708958717291888,0.8032253553532569,-0.19302977131914797,1.4250806329375578,-0.5131184906485701,-1.2007549564937607,-0.15708427804974745,-0.029121762806789152,1.5082227712508955,-1.0706102707813219,0.6427011318770859,4
-1.3689728385182163,0.09393001517718794,0.5861021909706857,0.39232884287641523,0.23754771987761483,-0.020006802693658406,-0.39250775191808235,0.4058153165959126,-0.18985274237732283,-0.1801577744020762,0.7336539258344561,-0.18793433331687898,2.1246887359559055,0.2538118923608444,0.7714868844788911,3
3.9737876517425432,0.6649109868014002,0.07926610478023613,0.3894906087609264,0.08566921578140763,1.4135363558958314,0.8168007323938034,-0.18504487942851947,1.431595829816698,-0.5134759526256244,0.9812850092272186,-0.30059622283944226,-0.4443039641763922,1.0033427251659994,0.3405651765197653,4
-1.7603684843565555,1.6138833754103878,-1.0419885483372633,-1.5028996973905182,2.0235747138848823,0.00941711056682103,0.10343603310843921,-1.3890351837964392,-0.9500858921565335,-2.4403647905269716,0.16583424409931882,-0.1336535246386974,-1.5354178738674567,-0.11451166930343296,1.1931744194296312,3
4.905136832998155,0.2447965357502559,-0.7074726352496526,0.32041688722613615,-0.9445484563792378,1.986222290770776,-0.11385984561159666,-0.44024877139958235,-0.9003930346373423,0.128299352801306,0.3546353269062456,0.3330609483635858,0.31825738255005503,-0.27844157683282494,-1.257990863794951,3
0.901927057421997,-0.710627846736009,-0.3198748609299771,-1.3167571799107531,-1.1927550215384883,0.03091713307895594,-0.0969368193962519,-0.7191729173255567,-0.17334436370878786,1.132614853945552,1.4168930299226543,1.2629832299991566,0.09090601610917165,0.4681888921270675,0.7523851853618942,3
-0.7801226750272867,-0.016885136498886174,-0.9124501980777268,-0.8045664743539499,-0.42821010948657534,-1.720649617248665,0.7695168899078316,0.2740779817147875,0.005655459986773397,0.16216404788802197,1.6562232924508546,0.46488289795255144,-0.22699276463386306,0.18631854478279622,0.7491567923797335,4
1.376411625208326,0.2615090070377714,0.9046939853283489,0.33923025991872724,-1.3076775894851436,-0.14426403201372154,-0.04785995008057513,-1.4113139116623052,0.05252724504199469,0.09541815842809959,1.4201489551229123,-0.6505348799361564,0.39130257553385384,-0.29551713072128966,0.7087710068634109,4
0.8687844137999358,-0.34311574844966414,-0.32606687608655827,1.7190874036929265,-0.018726106391481655,-1.3461594251147333,-2.189245544174005,-1.3433520017893168,-0.9516243956973057,-0.7737818067167856,-0.5772688977794767,1.5516591621853637,0.8593097701438259,0.738794147293525,-0.9318852153006812,3
0.5045383563154607,3.100679886911185,0.2940036932589536,1.822018616413972,0.6228008125431411,-1.0306654555796384,0.6668904975403567,2.60148876415011,-0.06168609138137075,-0.8082564544855395,0.6819095252178954,0.08308582785575021,1.755392536657453,0.821883124569497,-0.31612207637852807,2
2.192774582596202,-0.9774640594950459,0.715831888775029,1.5465102713757075,0.16244096770579183,-0.2832522088840585,-0.3268570725633402,-0.8942465752040434,-2.2464295322858283,-1.196779183273787,0.36986074529215446,0.3119415226034231,1.7668125756524904,0.07981555140360576,0.04001234412442515,3
0.3841370018958765,0.2500184775807287,1.2332216561918952,0.5495190756411981,-0.9995463719049195,-0.2749477471349876,-0.37540258032615714,1.3400703651385357,-0.7696719749102757,-0.1462571799883609,-0.09025430475132999,0.5043014077100337,-0.6798694893122657,-1.9900227111614925,-1.5526360043543481,4
-2.2785188062187696,-1.0906699374371034,-0.9547745394582077,-0.8861472180347869,2.645789800183629,-0.5750484258029656,0.7946934013779198,-1.7088764813897739,0.22698722765620177,1.0748120401037684,1.2681367208364447,0.3412962550733739,-0.019118477456503698,0.9386432310946338,0.19906684454871235,1
1.951246452861493,0.18367456025634685,-2.2053335195658716,-0.3184718935356286,-0.7861261748403467,-0.060945803739323484,1.6912589373143145,0.6824321268768566,-0.5942992490725071,0.10674207897725778,-0.3627887325492091,0.9942669384979154,1.205520355188106,0.6994033767467662,-0.24264508613615,3
-2.8556091104872756,0.8307913815610696,-0.49521642146222494,-0.13629166171107412,0.8769599142767365,0.26217529705559645,-0.703254969155602,-0.17270182006724813,-1.0447211581811326,-0.671428755248352,-0.14301621050916555,-2.581000348107567,0.41237934260645925,-0.37573830615871207,0.9363488309044451,1
-2.1532514281578665,-0.4653845815215172,-0.8970899971631067,-0.8953672802668486,1.2698098788984769,0.05650909185692082,-0.5186470204120096,0.544798051719221,0.24176734520838447,-0.8682224784857173,0.36821067645620986,0.8886103790161676,-0.06977952319196426,0.6392214140798994,0.6433611818418257,4
-1.1646109072760487,0.8566603504916975,1.3045036383056312,0.9704233732686796,-1.5938616095766849,0.3516305457885434,0.3045990630109731,-0.8891120961702073,-0.9311516840576237,0.28441020297469616,0.2541115434318433,-1.180623906330201,-0.8986534054674099,-0.3895496598437194,0.14683501435842508,4
2.706268934451321,3.6835983304379734,0.28739109461660184,1.1823799782166922,1.721355866371533,1.5611511313275246,0.6405495633492299,-1.2041697203985045,0.3856359865436107,0.1639963176164313,0.7435432036150627,-0.9391886253985435,-0.5360507882617808,2.0437297122801223,-0.19005924573484156,4
-0.7233913782998341,-0.09315635177370629,0.9170585214584784,-0.10762585072806366,-1.052190649422057,-0.29377898880481534,0.22642046436767535,-0.5190880649359715,0.23567585645150813,-1.3734624994425642,1.8801925621634727,1.200304102197776,-0.4727282698605481,-0.5748762588375834,0.5360062023767137,2
4.90643034012382,-0.6324691502982055,0.5742664379631295,0.05035466065701557,0.5922497706242813,0.18840883522605772,-1.7237672339425352,-0.2620952569021175,-0.576389387538859,1.0477546429160138,1.4072057909448903,1.549823011494665,1.0672636745858537,0.7343478064229687,-0.32061905570042476,3
-1.858711111582686,0.9712215791127331,0.800875579413219,0.30092995070690237,-0.31150942014890143,-0.1159506357987866,0.9747846471880249,-1.6957800462985289,-0.22415160467707523,0.13662805827821936,-0.7642979088057161,0.8412735812132763,0.8017089999508429,-1.0220098498108814,-0.3808593731701414,2
0.4193780814795537,-1.1991769692577519,0.02314335059294825,-0.4306404524535741,-0.009952517057812136,-0.24209278376346588,1.8792815566723717,-0.11042771376028793,-0.8903646771305074,0.6209390715935706,-0.8039106731105046,0.7397578431727567,-0.039624236715754546,1.1126613685885671,0.9286096225609711,1
-0.29982332047607074,0.13024660749519928,-0.6054304736958728,1.0266868123526347,0.1336481724288798,-0.21510801028947715,0.9421556790654964,-0.7464434936530628,-0.1926479629495908,0.44558776489229485,2.0907998302720214,-0.7332150332016283,0.4298093923608269,1.21077884826228,-0.06794601333250495,4
-1.9685458374888487,0.004263620564521014,-0.2621677615467582,-0.4316987319073393,-0.16199702427890494,-2.227425626854976,1.9067479854170676e-05,0.13365247164784833,0.36728747839472864,1.0200259757162227,-0.4229413553057397,1.7318936826208466,0.43968569449178696,0.18546061257494167,0.34661172353560377,3
3.174221614465189,0.9458822420057493,1.2743135425075056,0.949867617663689,0.2986327958042191,-0.02256101970561355,0.8424218282662284,0.5531031781134629,-1.3657556097240369,0.8505779296852495,0.32995799411148186,-1.1570559044848308,1.2581875800076665,1.3445020594070467,1.037511593219253,3
-2.313838330959613,-0.3515219719183696,0.8522225689815587,1.1982860586972848,1.0382793982207439,0.9790776028862008,1.6375252028242373,0.05475844198651815,1.2888904363778189,0.434244999982579,1.2278079710769678,0.3168128825403786,0.2131870239200431,0.9925516754385628,-0.6510031681066699,3
1.43763308892057,0.9862679100555343,-0.29154634965035675,-0.8621393166741449,-0.7145168718175846,0.7903043620420607,0.9789471866326074,0.42225324103686246,-0.06754275313931851,-0.6873411563716566,0.8292330580830823,-0.020606696644549904,-0.9366459103823304,0.03357988032552378,0.7533426363347482,3
-1.5537882681721802,-1.1272055306947748,-0.2482282159322772,-1.7114090675315852,0.20786813641613905,3.243591243102545,0.6451734600685443,1.524829237653812,-0.09445341188028433,-0.6485659471783778,-1.464627940375419,0.18089759876809103,0.5406656581545762,-0.5901729680690301,0.4539597792766698,3
-1.8165109392810639,-0.07647317442450952,0.3490303386788318,0.6284957384984399,2.597514981900756,-0.7229930613989733,0.8890170199670898,-1.1646060701972003,0.3177691000781726,0.3918073113794531,-2.4255873720910786,-0.8353037819938022,-0.63804877456706,0.6616010463987021,-0.1761422150318257,2
-1.4847455242589387,-0.46696099195687274,0.1230566546234218,0.6608471798276973,-1.033850078490654,0.7406593401153118,0.3409917838521461,0.6851566528443538,0.43619958099726325,1.042169555580472,2.1652993798506976,-0.29669132038216545,-0.5796492097031183,1.0488583398559959,-0.22365294140081368,1
-3.53132085686538,-0.7415367831415894,-1.3505055185955686,0.43812237644783053,-0.287935495553547,-1.0564230182949703,-0.362115647706342,0.5363831701310305,-0.48525998804261167,0.6462608762911454,0.6728407555742006,0.09904414292808994,-0.7715146737485086,1.104291627235788,-0.4268985013061377,4
2.5197543078659286,1.9987038681158165,0.6817810045389724,0.8950346244141851,-0.7815096905539818,0.5094859633673601,1.0851403819244494,-0.1460128584963656,-0.05873522307924299,0.18911813299700322,-0.2404532752299951,0.2820093742172374,1.0943223646047895,-0.5114612764811713,-0.5153938774291907,3
2.424134848750844,-1.0692974552935466,0.5766064535544771,0.31970718625968875,-0.7110595828466754,-1.062713491293157,0.8018670707967945,0.27808612394167487,0.47130890342457094,0.4304754057609042,-1.7118400620537373,0.25480658425654046,1.0335646212831073,0.39852784255464274,0.9824500787938675,3
0.8485083969401018,-0.9600240204039601,1.4671615574590702,-0.28627153020632445,-1.2554051454988844,0.5617897366581223,-0.24260697800246098,1.8527545250915898,0.5918137075814192,-0.1796066374383448,-0.5293745775863176,1.6641076690537042,-2.0573788727752436,1.3778587866468968,0.8076410627104006,1
-3.2292875056405075,-0.4006797750686509,-0.3754791802043911,-0.7337128180073405,0.3364508808309619,-0.08942954547671154,0.8335745005888089,0.0636359346214127,0.5644446249335617,-0.25782598076659824,1.9689086672347749,-1.162856528367393,1.1714783405217977,-1.0545551112180864,0.773646896288937,1
-2.2108618889282883,-0.8975672389767074,-1.15699011234624,-1.492770060983556,0.7334664628431546,-1.2012151426612983,-0.3478249027103527,0.04625749530031611,0.1447995358047849,-1.1738213262715145,0.7499479470742214,1.1733488351704886,-1.061072058309576,-0.4139255682320655,0.5006883260482747,2
-0.5647312922639344,-1.2347013244675493,-0.6987783110002779,1.046661595118792,-1.0771010383441821,1.1922303938977177,0.4180627335361092,-1.6658985326266547,0.4549934207659815,-0.5607988162914898,0.7112894296415675,1.4200726751201296,1.0906155345062798,1.7166270888614819,0.03425746567837833,4
-2.4666206635774164,-1.4945825346992467,0.2692807326294776,-1.4007251378184014,0.8779584069902567,0.16265851913345103,-0.9399763417925803,0.7363560474825019,2.3128756735429086,1.8961970766518277,0.6715387582586818,-1.2883774077751533,-0.6493490041918889,0.4144127104492405,1.106142264542085,1
-0.20843108528905294,1.2984644135487773,-0.8651565976724006,0.3544619460819316,-0.10118750575739639,-2.368025511673994,-0.41823394656089974,0.5425598290227296,0.16805104285474964,2.025328445950149,1.3451358054113178,-0.763149151315222,-0.8146620768261099,0.11983845977254934,-0.6680208841412151,3
3.592764056919831,0.9108706664609392,-0.5673553428078026,-0.04088964537786031,-0.03422632605445184,-0.07457774563435299,0.06367477572168519,-0.5759769980525447,0.3721373236298251,-0.9985925888585245,0.8212810348322546,-1.3043901108834515,0.39552031480298355,-2.154564761686374,-0.5541901645118641,3
-1.0380197425959412,1.03302963813665,-1.8713649039271287,-1.2423913788105556,-0.45310877769839775,1.0847484380890509,-0.10761672348548666,0.1506329398811065,-0.32132156545266577,-2.0592600558329828,-1.0272652479994875,0.051489003217238496,-0.31045441467776574,0.013576673432005,0.9700361236090205,3
3.8090806155007804,-1.5818605210481214,-0.9517979506355272,-0.5452025777621448,-0.05228380005543241,1.6192875778010625,-0.1341034245145562,-0.1622554847012909,0.2573311126774353,1.1634843795925787,0.37300922035558415,-1.1492620234959197,-0.7405676068655414,1.5278839458455666,0.45058062372794394,4
-1.4886446297363394,-0.49077192108688095,0.7814615029424682,0.5081024199149208,0.6756009485553301,-0.07046531427334927,-1.5115752059667504,-1.3876871408303513,0.339676513788504,0.35871763103790827,0.2885524955338336,1.4642352314527831,0.45086094873909993,0.0027525465467752312,-0.8320211197561882,4
-1.9525542879702102,-0.5466771969835298,0.8678403573117209,-0.20568597635093594,1.6871961484692668,0.26822183176070336,-0.8910991348241678,-0.770416919959879,0.8608734937273006,-1.0115176222489737,-0.8972598611360278,0.8115451147848703,0.024889602009085077,0.3832014589714687,0.5924513687618813,4
1.3672644839566037,3.4019860751437307,-1.2501049144138765,-1.4237836610656973,-0.9203109036658786,0.7356574106297414,-0.9433848888788177,0.34726326185186956,-0.5243656450970817,0.6925238941477194,2.080925384514629,0.09514802360386505,0.76458047431945,2.006278536719094,1.7294678769797138,3
-1.8610257810689534,1.416801863110364,-0.03927184427621931,-0.3625399908068174,0.8308924301377298,-0.3759548250399388,-1.6228194021532643,0.6187467848563573,-0.25626725561381436,-1.453516405708765,-0.4790579611041498,0.43552689310130877,-0.351498858316991,-0.7198728811613128,0.012605658092889148,4
2.6777168723763465,2.399804731419869,-1.5641434655039674,-1.674311013207188,0.160050861631893,0.4600869595598639,-0.6554783641700597,0.18586505781983018,1.1018845845178455,-0.9517444587867427,0.7467966487292846,-0.3286179178463869,0.128320128951777,-0.6573897155414038,0.8621986650810815,4
-1.4030198962266216,1.562102931915028,-0.28892919159006175,-0.32672356121465157,2.0942166294200644,-0.07371448131359162,-0.07766828316176258,0.514732310359911,3.5902494631206814,0.8764368997248472,-0.3227217519582486,-0.5675229842917531,0.4841580232108788,-0.6750687397957357,-0.6476511083159102,2
1.9039393623314316,0.1281359204142702,1.1134888677687278,-0.20207706216951807,-0.9500440533122144,-0.9937834259954826,0.5214182874302107,-0.13763207204275513,-1.4501298230890094,0.7574642935504885,-1.746762805995566,0.08959045809563423,-1.0565864860967378,0.13791454877706377,0.7581576289362579,2
5.346821635596632,-1.6416954019049663,-0.411305185462982,-2.350394754128662,2.629134719224301,1.6663115485790931,-0.43412056859956677,0.8496375058339719,0.187772505349495,1.4863850021717033,0.26241117250587964,-0.006255951258599416,-1.4884327268599158,0.3832084662328843,-0.21397906198051259,3
-0.6876208797245463,2.787682359030239,-0.8555355266010167,0.9985678971603013,-0.6774368811431942,-0.8729091001939833,-0.4356354602398466,-1.8363899541564028,0.38663345096890434,0.7512736138064938,0.17070207500995543,0.805781076870436,1.0383497575987541,0.1294800476291996,-1.1178663424005126,4
-1.4315563950563084,0.5893132276916608,-1.4626978067744074,-1.7623896965583146,1.2524968903470513,-0.777822801499219,-0.6535685615539347,2.615568082052726,-1.2899611520261562,0.8405415409490772,-2.008116822251824,-1.7777971398130141,0.46302481957133435,-0.7581603107192558,0.39667240673916515,1
6.8767219297656155,-0.9100062783552989,-1.9832714978194426,-1.6779078268322427,0.793432863111808,0.7725171026161741,-0.7628832706923345,2.1164722348495926,0.491387935874988,1.801686376606272,-0.10363612387154873,-0.0851025902599362,-1.6465063815742922,0.01726782066040199,-1.3702641185232358,4
4.501564295022665,-0.7281861868898569,1.252882851541753,1.15471963549291,0.43327321984558587,0.45079227196801513,1.964533183342219,0.1102332362551397,-1.434570926963878,-0.6345478130909765,-0.3174937452971147,0.7313498621791289,1.888409809566802,0.6114909856760309,-0.044938769204055526,4
2.340866334021801,-1.2715195765189768,0.2114319278203389,-1.5640104940461,-1.2658995965465458,-0.4137664881750995,0.34407582600824294,0.08215098741819817,0.3464628047841652,-1.111141619395352,1.670377956231206,-0.03968000457037637,-1.471158156149328,-0.573815256654427,1.5421975180719503,3
3.127904968757532,-3.768578121280188,0.2413803043480694,1.896738385995138,-0.2104070349547639,-2.0607854944741146,1.3069854847631386,-1.931842174821996,-0.9971163071988142,-0.6909147576872181,-0.21834106475576293,0.43159553666007483,0.47172576057894855,-0.15873587550783028,-0.5994184853084792,1
2.5890312311216817,-0.733456031470939,-0.16868587645579433,0.8012461689447742,-0.429410501614216,-0.678337875187812,0.8526615100817819,0.24354665356643426,-0.36847539518202416,0.28961844945461773,0.5327388329848326,-0.7343208422417982,2.0387731038623222,0.9814457181585652,1.0117002407257252,1
-2.2191053408581176,-0.7727076544116938,-1.0595077905465025,0.6414063556648247,1.4258738912848157,-0.06807217276327086,0.3880165484414311,1.8550936634071067,0.44714706125547354,0.22354487812316728,0.6671098762790088,-1.3958153117501355,-0.49922105474240985,0.17667967209405044,-1.278181128766239,4
2.2298889498599377,2.0613170553360054,0.26232199375539567,-0.5484760511698261,-0.8910631005840651,2.103971899564336,-0.9148025720323875,0.8179607799999141,-0.5197665539071433,0.18208980972424577,1.5253305934588837,-0.18648526848224264,2.0081655504511615,1.0680218361155667,1.2644219613844858,4
0.3855999828371439,-0.2786257523082117,0.5876433902228921,0.701334048706622,-0.6181760506325187,-1.5189193723387995,1.875604182780356,-0.9537364783922464,-0.596364623053776,-0.24769878873653658,-0.31508208700856205,-0.7511604332826498,1.8849877346096544,-1.1844269988017213,0.5754836519014963,3
0.953560863358406,-0.36433855532132847,0.11824939947746228,0.9280216492271702,-1.7283512986403273,-1.71434609372506,-0.5278725745593533,0.21020391698550966,0.4952527171598218,-0.10930572397436261,-0.023373225691232943,1.0260800637508039,-1.18857494409948,1.1664500531739332,0.05184741541419816,4
1.2846183819619406,1.9304346542338031,0.4141620874245288,1.3886086903048458,0.28300381958448956,0.35446234975574026,0.37014151501188897,0.2719883514531942,2.3931209287786235,0.273261145423036,0.176666600959407,0.1650865415600255,-0.6655898144825899,1.289499527192528,-0.7877636719713403,4
-1.124437037589664,-0.3670384180779497,0.19441808319207352,-0.34820264645855453,0.895835298419924,-1.3942882525314697,-0.2765244271892083,-0.9548357524475197,-0.027727393068458287,-0.530186443016748,-0.8731236617613454,1.461855658815257,2.018475601608139,-0.22562242375951388,0.711108774409735,2
3.7858212998397187,-0.5934521895129836,-0.9041414389335541,-2.1744724179616917,-0.3024527316366994,-0.20859007817417294,0.5973314494175372,-1.0484091306470604,0.9280764054820855,0.3442759251018826,0.10949259656925717,1.0771623272291022,-1.2054608427855793,-0.8313113643497329,0.19736582296550628,2
-1.6637361196147873,1.832564045856555,1.169587314424499,0.3496907044030943,0.19286919556818577,-1.1024983453818333,-0.9197726196490593,0.5231834976691926,1.213720133468986,0.455050310529695,-0.3621688114462283,0.22493227612299943,0.028098793938346505,0.26873402562393484,0.43049394884347036,3
-2.0727793972961135,0.22072851997231288,0.19191058066609723,-0.2824675284352034,-0.25131958679320626,-0.9747491140654513,-0.6514404980704107,-0.7019261858930682,0.4017414943330685,0.6241633005128423,0.38477348044994,1.2250892561273876,-1.4004146764776078,-0.30551958677152113,-0.6749403283320106,1
-2.4942243837414644,0.48534820998039685,0.9300421620056131,0.8287872519666487,0.16965591526933785,-0.0689839951795421,0.4808398458714677,0.2703854547167255,-1.3814882452406743,-0.3242837551253702,0.49721115948161687,-0.5406377730079335,0.24298779630108888,-0.7445773458425389,-0.766561235711251,3
-3.1707448299240073,-0.5843867264631074,-0.5301684967230812,-0.6527066296539968,1.5409445903875711,1.9083397978622125,0.08960701792481696,1.1613491434470202,-0.9807988425890192,-2.0409132990380554,0.6145839798256566,-0.5917558218221676,0.24715927804408913,0.4186181246772262,0.4299437466979546,2
-1.4967129676385607,0.2576541919944087,1.0277918708214486,0.35660772851913125,0.010785659698643294,0.4200199099489694,-0.3814904209406239,-2.670823524581272,0.4877375864463398,-0.1067321516611071,0.2202322557952064,0.7338815312156386,0.8114773145857073,-0.226068561519071,0.02127960237119788,3
3.9540101621175325,2.3337204079827645,-0.004142420116881405,1.3847164461092152,-0.7862464598767901,0.501319620848283,-0.21724196826040465,0.4547040816723451,1.2778713205365861,0.06987758164455501,-0.33137344439033684,0.35629365947986147,0.4004412482454259,0.3001733080066994,-1.2075437467905303,3
-1.204732335650752,0.35420830280627624,-1.3683586065725188,-1.0271442693964379,0.1565459353517931,-0.3706626960185874,0.4174415494686912,-1.7094085498079943,1.2743147801254109,-1.1463442013498653,-0.37970357518608316,0.6577981248550708,-0.5027106652553995,0.9442682001567754,1.3170510770501072,2
0.8677767621267388,-0.9842284154815549,0.7426789608503018,-1.026900019133067,0.08869828328907815,-1.2434034760402668,1.3987228839782517,1.3955858976280264,0.29108746415871334,-0.33863008863989874,-0.6849293900195969,0.5180305765116765,-0.050792484304452795,-0.08843496056578413,1.1743049679860988,1
-2.0247994981744326,-1.322191969118711,-0.1762866345943753,-0.8568861190111002,-0.4072824405671741,1.7888164648211313,-1.2221372470728187,2.018040668762165,0.39538550176391424,0.17016767604333358,-0.4558155967446493,0.22311939228814603,-1.481503967110642,-1.010287806071393,-1.1825533393798908,3
2.5379319154713444,4.375953843197266,-0.4374683641628714,-0.5498624246235664,-0.1561841255789531,0.5743609932654986,1.657821925448091,-1.3592385419269728,-0.9287873125990701,0.9372375505366565,0.011779590385112509,0.9682925148485745,-1.6432502298874665,0.8298781396327637,-0.705229103256967,4
1.6572122929596476,1.7578357351454794,-0.257913214837496,-0.7304583828032007,-1.0282339801032017,0.9905970439060637,-0.9680201555747758,-1.4800083199545901,0.73656585953607,0.2683690913655424,-1.057014602196122,-0.03544230419776965,0.7615153099572727,-1.0249940726789575,-0.1144920440031358,3
-0.2469224530484964,0.7326974961806973,1.281642412903718,0.44532873769074166,1.0364961295379673,0.3438667710987418,-1.53318259316903,0.018121106463411835,-0.18563677905606213,-0.8278523848404838,-0.3796224754115555,0.44326493827201024,0.149529990128715,-0.5319272726000925,-0.3971849394758976,3
2.358262504535901,-1.2649238145184005,-0.8846012166518284,-0.3887013427553641,-0.41994045470403984,-1.15839445677768,1.2638266759589638,-1.2331232606988922,1.3044436375093234,-0.40673595564155113,-0.6434054448848674,-0.44149195141422426,1.0137514328845216,-1.073758178424839,0.4723645539965116,4
3.566650484330744,2.1263340724898905,-2.5643647386557333,-1.6716283935823257,0.452070229602503,1.3309996925156955,-0.3934634583141611,-0.27569682564187525,-0.23348596235510605,0.5742619983192799,0.7000239255842587,0.1918320508790666,-0.2406982860841098,0.7758915721524058,-0.1545803474836877,1
-0.0514709689880519,2.297990652327956,0.15707979369333477,-1.2700318440013143,-0.3808466576341295,-0.04438322535388667,-0.9824621643792414,1.2391001380786895,-0.41759594330549055,1.1645920402152796,-1.4278738234092305,-0.677809619117997,1.5236014031491896,0.6835748526858814,1.7527141756166755,4
-2.6815579284959323,-0.9706960405025955,-1.226139685408506,-0.6161970123929073,-0.42640844563979086,-0.08961275644886225,0.6519315404510018,-0.48782325048013364,-0.1480457929141828,-0.8374571677219063,0.36580614195829536,0.4419717554557831,0.9155473425176492,-0.0595210731000426,0.3713280015600716,4
-3.2147412066910857,-0.82199359531321,-1.163968316112542,-0.8626312859187152,0.30951623170456555,1.0414035086948916,-0.5790903456972104,-0.00504620816752331,1.8439318208304307,-1.7752436656445751,-1.527294891830599,-0.05480542429387488,1.5526264190002457,-1.2630447728773526,0.31718351462000266,1
2.1773526646725863,0.22855541820771386,2.655536224496653,-1.0248011697715425,1.6042845133330186,1.0065178901168497,1.243094980760524,-1.98085956655671,-0.7756683321613638,-0.19080642042739074,0.45227548118961597,-1.034379583187625,-1.4286084824517933,-1.9986366178808623,0.18967907295676442,1
0.36407537662670075,1.7586817902366003,2.0017368610681068,0.6825131510438938,-1.2920536877777316,0.5694596976321021,-0.6290683895690885,-1.7830751788560428,-0.7737265756306536,1.2807557155098488,-0.876085205830861,1.4898674975622705,-0.5663104046620486,-1.5718105825481212,-1.8506932141000154,3
0.744151313405491,-1.4136205824418429,-0.027578133845277634,0.06537420686354373,0.9547370091974046,-0.38785916397347286,0.713956393323163,1.1849371465990182,2.2291029964977183,0.3819813052407971,0.6482513503226379,0.03352585410757986,2.4218977483436057,-0.36517621575001846,-0.03712173658113006,1
-1.7431980197662993,-1.2239878936759447,0.7083392033725163,-1.488993467618152,0.5670349202635265,0.29829036008064896,-1.1873687136991657,-0.4520288133609013,1.0981600825528546,1.6787945490034981,0.639801595525773,1.1286306710952354,-1.4367756650184036,0.15386084621674534,-0.09437855412131636,1
-0.8560638941828411,0.12236069622350794,1.2467338790884563,0.9713389902452975,0.27062130258266653,-0.2736007747666298,1.1463243987518155,0.7539578571449636,0.6529255349852741,0.6233239141239431,0.4832646793526198,-0.08562027698461144,1.2137780654409893,0.8528931364477568,0.19737986808610647,1
-0.16683421184031438,-1.2670866438215276,-0.7206022798014815,0.5215046121466451,-0.7228874007806593,-0.5458691317553773,0.03287347567118064,0.19205125713596655,-0.3276910552879982,-1.1034784657022711,-0.07312548345200001,1.5715573995984158,-0.7466025791722924,0.7457201634500445,-0.41227166388647724,3
2.322693169591267,-1.7937248032627178,-0.08425054577798469,-1.920427242016771,1.6417902815467555,0.7006969169930644,0.7273413307651245,1.5819285024084557,1.2699641011655165,-0.5213198666689891,-0.11306080193024554,-0.010711913850204462,-0.7433173534674973,0.33690559744036097,1.1344427444452065,3
2.2705682487116925,-0.037502059250408296,0.8002569443913169,0.306356932741867,1.1681237323471911,0.3654577967932945,-0.8571806087500232,1.8150400900742776,-1.8255473587022542,-1.7359237760611976,-1.9396345453902524,-0.01682274977081182,0.27274671854267285,-1.7725678627740322,-1.3113081982393868,4
-1.8893633417742954,-0.2735213853594755,2.453690383077763,-0.06531465271273322,0.42771042878869214,0.558500109675911,-2.188776781172584,-0.017990681668896995,-0.5986002513591675,1.9101410195696273,-1.38851135750757,-1.4087679297109612,0.04571377118034425,-1.9262804290033708,-0.9132496188375578,3
0.936005155529368,1.919584332402597,-0.21097363557462073,-0.4642169412955698,0.4708698502412928,2.529858862097725,-0.09602748015889188,0.30923151528452925,0.04725614019730753,-0.9873402814999573,0.6681890979549746,-0.27255307232908027,-0.24146088559771217,1.1844781820094685,0.5012714131032187,2
-0.1448032763175389,-1.1122433662473348,-1.0225193555021301,0.5529220089776482,-1.2543005652574049,-0.12291293369072494,-0.8195220097454282,-0.3815328671281127,-1.6623615152822435,-0.0940265211555309,-0.23319375870923975,-0.2514176018906657,1.0814073659568066,0.18167661750635472,-0.17683610909683697,3
2.802115608821254,1.3146931487589166,0.5320915364863401,1.5767208657595844,-0.4088731761476525,0.6370443124889811,-0.6553753586330102,-0.3066358924554183,0.3973826530584873,2.1901956863688707,1.072876349443541,-1.733389379080321,0.10154746105540317,0.2375172979192973,-1.608400677925307,1
-0.5422758872457573,1.0078741689196662,-1.2386995268536227,-1.1673331090075862,-0.03791820586170759,0.8883621143649043,1.2230743605599976,-0.9073073476314805,-0.13238310884566967,0.49800040562854897,-0.43115331454627953,0.2916937422014476,-0.44217378992292344,-0.16205080984871156,-0.4512008574324147,4
0.9953848710471704,-1.0535036044806851,0.07581283666901041,0.03071209217480283,1.571620160484887,0.38310617130194735,-0.031406975143488836,-1.0676728575803016,-0.1801692059077182,-1.150853992116412,2.3131321522823294,-0.6685771989291585,1.1556191676882188,0.41685407237494193,0.4438504753035747,1
0.7901249504556709,-1.8096984776920193,0.5531631444060687,-0.14505141548168082,2.712415516173735,-1.6145342298226626,-1.4150734420657205,-0.25469238004388517,-0.7068016347909678,0.2643395882423629,-1.4040077114962741,-0.14375537281022588,2.1363144675057693,-0.3451875624066058,0.3278668934610192,3
-2.1092136104109147,-0.8985959803650846,-0.09087949139532503,0.37856025591318293,0.42209910885321944,0.15610224409897488,-0.4450504255688288,2.066180093319751,0.10715606903677902,-0.8459947462784998,-1.9843324513274514,0.5688961260069307,-0.6587855233044116,-0.04026865732776039,-0.9285983912111233,3
-0.9412342135712063,-0.4364702819459775,-1.609985966376953,0.3751157813785013,1.3301731671983357,-0.4254715189551775,0.3491375317876602,0.9488811684307654,1.2396774426751083,-0.04857820323537815,0.6532183027729268,1.3178915267977684,-1.114511750060303,1.2621919880038612,-1.574193262763517,4
-1.348883736465349,1.207837694050129,0.971972147680606,-2.3626569186017727,-1.1813682723484673,0.8277192925380249,-0.028732240800144186,1.0233665575407132,-0.8647646736363748,0.15707182875627407,-0.9815859809572351,-0.6444317744100707,-1.156004472938507,-1.104885797829106,1.3783746981351734,4
-0.7118287822863163,-2.508530335674127,-0.29022112125388283,0.10244826495441312,-0.5626856131170568,2.417458516162288,0.1633258292259295,-1.4412052496417693,-0.5846246578100474,0.32185567860114905,0.4898941752295997,0.619996944251179,0.9404899251212585,0.840492449635681,-0.38172941150371986,4
-2.9007735493624183,-0.11321017225328531,0.8654925230065752,1.0024565641506444,2.3468502669266904,-0.6859762863478263,1.4922987114288053,0.27887584464621196,0.27242001113571696,0.3866211879999029,-0.5193001548295981,1.610949061174191,0.45931460818877357,-0.10344636663816963,-1.925119012106323,3
-1.9767483440879767,0.013658244870198715,0.4752138363947391,0.5643891396686657,2.587729906114328,-1.7135442910597218,0.23518459292052796,-0.915429285464975,-0.027663455247395018,1.8474617273323197,0.2731980434662997,0.18125618952774178,1.8146713308330054,0.06692685457720102,-0.8337084924162463,2
4.668149910528247,-1.1506727582536613,-1.3475114359962175,-0.26093714539504687,-0.16897754262816944,1.4026452378007643,0.4505423216295193,-0.23733460571136328,-0.706428817216318,0.0726441527801094,-0.6803428676940888,0.24025422765363774,-1.0035018773812672,1.8005764593112485,-0.25280038246557957,1
-2.9218822549972225,-0.31529824380632443,0.8940813858252525,-0.6950293211900148,0.4572992304353483,0.7944386208070345,-1.3039349611358988,-1.155729577660947,1.3254965167500785,1.3852969566998692,0.15631489896665132,1.2829203264615665,0.11353008986809743,-0.6117471720114169,-0.8444801890179571,2
-1.444479150137157,1.904707580588852,-1.1151201674560614,0.25935074068578745,-1.2497564431580188,-0.1641899287512499,-0.3691405232453064,-0.143838984097375,-0.9811546214394614,-1.2397387735464733,-0.08229524388046226,-1.181200719609507,0.254860536763661,-0.28788038815440126,0.12323744327132446,3
-1.4989123893936707,-0.2970904067158787,-0.4020602166670597,-0.3283106114432921,-0.05389513929444297,1.2396020062285236,0.49864461147509126,-0.9373910206245972,-0.6580503560567182,-0.3911137417380604,-0.7375687755855287,0.9456167532874108,0.5910130161484892,0.5435905321540224,-0.2646250974714516,2
-2.2736919488948266,0.9713736305689693,0.8043616595699796,-0.8719093150808127,-0.1986076156187616,0.906390472112359,0.8191379437655681,-0.9405833715764156,-0.907501082119459,1.0958258057557384,-1.3481875752726635,0.3963777743619638,-1.8199966195545072,-1.0472520813821793,-1.1313279751756824,4
2.2376355483039116,2.4820290210474942,-0.5939645872765233,1.2150040798579522,2.1165344639378736,-0.004286155722149542,-1.250006081499711,-0.2905384594856936,0.2444140882692531,-2.159464167426273,-0.43734641089208964,1.564063560625648,0.11452798848744992,1.0697659839847669,-1.3252727714641166,4
2.423668879213141,-1.4865029816205648,0.28063631440974407,0.30679927465348583,-0.606909070974001,-0.6890349023686276,0.16899642402014559,-0.028402684411756075,-0.3860720000985273,0.732467434720201,-0.4290689777125477,-0.3410705654373823,0.011003783810231274,-1.6009888135414496,-1.4491765870661986,3
1.5608456859004016,2.3810137474080384,-0.2360643629603049,0.8004374725234924,0.372352354097285,-0.7803755758670479,-1.2482589462894105,0.27725541936220405,-1.2093932774373852,-1.0231576864649174,-0.12141781162089955,-1.2745862041005636,-0.1033524554214199,-0.34601268598630047,-0.4462452620075581,2
1.0837896473973065,-0.7083797139931343,1.2293015811402137,-0.8277784124276928,-0.4320576454742756,0.1059278680118363,-0.28512490098000853,-0.8041243473094134,0.2929821490251125,1.4622855318855463,0.2552400301631344,0.07951416608246316,0.8443265122646803,-0.3051602732022057,0.49792793646287253,3
-0.6715772183959346,-0.46507451928301924,2.1730871126967855,-0.39262548034763667,2.120220929849735,-1.331023166575826,2.064383437372762,0.17460046934086668,-1.1008450168619262,-0.9905619610393164,1.39116786154501,-0.059193333678534736,0.42962127645581455,-1.6827366014714809,0.26914921516757917,4
0.588381417208734,-1.1124239493890937,2.367169392242819,0.08322305464615355,-0.351613066471796,1.5797184999667615,0.03382779663604655,-0.23266123903365674,0.7514094631959307,-0.1520772602356273,0.5018563572487145,-0.6205034063057601,-0.6780270909691118,0.6284969674578982,1.0083927609797885,2
3.802687856611685,0.18828021030125383,-1.0347699929444325,-0.1648891949554154,-0.6483721315786461,0.5638151241897923,-1.0073792027851616,1.5272029105330915,0.1891178353058288,0.9773097869408177,-0.034195905053336216,1.2914707599499367,-1.0186619411621785,1.5195559251566966,-1.0854972782070669,3
-0.9220849653407699,2.148649159697977,-2.4305488659296044,-1.1237229331570757,-0.06180053032251716,0.11215302660906189,0.9315809020209226,-0.8857949950436133,-0.4818158531613279,-0.1225275942374341,0.052343072772492776,0.8120517387944589,-0.864998914912073,1.3664545100780123,-0.1030977603152273,2
1.2213189467181482,2.214861359177334,1.2098374241476122,0.5222857256758988,-0.6504549433021306,-0.6067231044183292,1.5561874479106292,0.6909216203511038,-0.29920857876364526,1.1448876146756755,0.4228832612360109,-0.026532191073943875,1.4144202913812685,0.04861948625006557,0.12130689392103755,1
3.6405125253761663,0.3272774611841233,1.1348803682514996,-0.2518426240276788,-1.8418707285224016,-0.13445836540804373,-1.5204465776471656,1.0083996257071062,-0.2847071447053665,1.2868672024460508,-0.7628144259122379,0.060368148503819934,-2.414074987086641,-0.011703445976399185,-0.4203385740951829,4
4.335013789326965,-0.1502109796419006,-1.370060108228753,-1.3393370664371942,0.6989354273843368,0.889099054100107,0.2885352131910537,-0.14784158462216707,0.1851884212999216,0.1208745114078704,1.3194626583045614,1.0250236572636628,2.461528663640241,-0.5349547380190306,-0.33700675036563654,3
-2.6555234243293464,-1.4145667438234835,-2.453775205932461,-1.3099637221232392,-1.4685429570655866,2.0485801769142316,-0.4731556943865059,1.3045906551262023,-0.759037469872544,-1.0356192000837066,0.42641031314926836,-1.1412722935948931,0.17876161181629538,-0.8022814763340205,-0.060753550589224214,2
-0.46975510558621125,1.6016297695741346,-0.38043120179400475,0.7320338623258718,-0.08351195077966597,-1.3658336347748232,0.33732690499203355,-0.8689493576222826,0.5410876081334693,0.032958570649657314,-0.17280238152577568,-0.8313017760163012,-0.4502194239541341,0.8812851377734466,0.25594938769021525,2
1.361430414278661,-0.6897492624968717,0.4182123265591885,-0.7672122832895033,2.1882866315611715,-3.0510700534599526,0.5650822274693768,-0.17209626885674043,-0.26354330025140094,-0.19500341914918914,1.8456205410499094,1.183919450115213,-0.40063369767656365,-0.5228286103183369,-0.05915256016344063,4
-2.03357997978834,-0.8345620014836325,0.9082505150877445,-0.8969211587970656,-0.8528960774831432,-0.1838194367473408,0.5656611187019145,1.0099799635786053,-0.17386948544944514,-1.6206172695897254,0.19798490546176103,1.7103006025037268,0.7576091833981551,-0.32791621094940776,1.0123679559121999,4
-1.9358832427899764,-1.2117675822535496,-0.0669399111297269,0.5036506743687194,1.9826426006341054,0.6119190550465143,0.03328696722125868,0.8715637048269372,3.41446526280804,-0.6175994042010124,0.9520474160377564,-0.1274552196242291,-0.26061137236443527,-0.31080199558916277,-1.4141213443769287,2
-1.2522005971521788,-0.013262934169694417,-0.6811541151744638,0.11438590063942108,-1.413023463225827,1.2731724376837426,1.106776658450882,0.8478679384046443,-0.549626838929162,-0.05323234644482624,-0.3975033802531246,0.31107115345169506,0.7717767490230609,0.3422476861573774,-0.5523352793503138,4
2.6712151794485948,1.7999189124476471,-0.207174533108752,-1.8671868505016067,0.1876640491101695,0.03402624455699969,-0.06976781519483344,-1.3810588302814655,-0.2705366576510264,0.5576764291678145,-0.4111637969964967,-0.259742545234973,-0.12567627212925198,0.199063915974221,1.1061030667093472,2
-1.593561870333338,0.295751800764862,-1.028045303884001,1.089839111473861,-1.3926513630848254,0.19105646841485113,0.547130513830598,0.9449871288857498,0.6909836243054848,-0.7827817756865317,0.6407541823230527,-1.6602349266884908,-0.20488990620771863,0.7503937945714378,0.015269196048056436,3
-1.390899843779404,-0.8784296416450748,0.5307022265881003,0.14280781519301264,-0.8321613969478365,0.012742636008979607,1.6861999625709498,0.04812719742326214,-0.0711628711555096,0.2022010952808258,-0.9133219675503805,-0.09604089004292553,-1.2843115825303677,0.5297719146456402,0.09503867596807018,2
-1.22504652932615,1.2731515551405164,-0.4908444001610909,-2.2299040318282892,2.3575946160911965,-1.372773609134645,-0.36223463217989155,-0.017164787663036356,0.2617114904735,1.406197795326628,-0.8995740910264214,-0.3385823655377136,1.4617953460634276,-0.07231335451565435,1.3365318424537957,4
-0.45312639513254693,-1.0353344039491532,-0.0493504004080014,-0.12645082493478885,0.5651386102275275,0.5037117643879236,0.4570419575535822,1.4676216924995698,1.2566035750545974,1.003890445794163,0.4386895073700449,-0.5527162255087176,-0.881003652931995,0.5596317121682743,-0.6538017280743398,4
-0.739494547038368,-0.8161441473200894,-0.2908939157447414,0.5557277263766235,-1.8582297327871427,-0.023613392326059815,-0.29306918009916383,-1.5721455426230504,-1.763828389315957,0.5149721519484441,-0.10155002892459437,1.4249669234154443,-0.5107346732280772,1.3144321469875018,-0.5672781538899477,3
-2.3339847145384742,-0.38387125234335184,-1.04809497775359,-0.4576814305451583,-0.33486651905253206,0.2836089646932341,1.0095935017869055,-0.27029969890561606,-0.4052023609409644,0.7039032056993526,-0.7633072962769848,0.20958452982847997,-0.5832147192814432,-0.5531034639480629,-1.255805790453135,3
-3.537856186736378,-0.7446195280936208,-1.5156682535283768,0.3873650311763728,-0.8158883976035355,-0.9955382408625563,1.1591058353493735,0.7620188565355411,-0.1428728746090671,1.527862922769402,1.5548482264147063,-0.07473982294763377,-0.5420860122590435,1.8025841747733273,-0.44042398121051873,3
-0.9291417058185013,-0.03930233537327789,-0.21797906571517964,-1.050894801970413,0.8204522421043848,-1.599079428936505,-1.3788142905792609,0.4139508781699087,0.3523357059147715,-0.861453258554142,1.1415487900379198,1.2090610415951575,0.6752486004800624,-0.5767268950716526,0.17938938047518646,1
-1.9376282397981486,0.8655902765630651,0.4767463068573222,-1.3734785027471401,-0.8895105742791597,-0.9109743294463903,-1.064120894216107,-0.8674838932857689,0.5850372486977793,-0.010907411616585868,-0.9481135856593497,1.510739037569604,0.13459887828330333,0.0048521427664426995,1.300293984392183,4
-2.1769805482739386,-0.7497550996517378,0.8274789680162649,0.4613230744346797,-0.9980476665109846,0.10858000435162214,-0.5632314861241329,0.6148236248188466,0.5887355539476444,-0.43021333396080697,-1.596525467703237,-0.5682703787575402,0.6507745163740863,0.4616919278708219,0.8659633903421516,3
-0.5769137506614732,0.9625434386090996,0.4361344304030753,-1.268580398665944,-0.10699194469662479,0.06501471345977701,1.555210316553927,0.6203450650705639,-0.3889149180913453,1.8822811903863206,-1.1523413289428857,0.2690489285140762,-0.2155181769627995,0.09410700328617946,0.19933043841657305,4
-1.9689894763428968,-0.823129448952389,-0.3581365731741662,-0.5995432467309658,-0.7207144865971525,-0.5550445483141908,1.2874022882086238,-1.699917968149189,0.13351885734127855,2.102298849221005,0.4103013333281423,-0.18858220904996378,-0.5401521107066379,0.7057608322283138,0.11068887140905917,3
-0.8495379458832241,-0.8677357654581158,0.5888001168956948,0.6412735531721294,2.0107481349374585,1.0199445096297042,-0.796599844269341,0.3023135341575832,1.455759964314925,-0.7608472127845242,1.0618036751664122,0.06298736871790683,1.2179768351728455,1.1909364405785814,-0.2357488061369902,3
-1.1959640983125674,-0.4566388874555194,0.6973249299738957,0.840675835713159,0.44067962250354187,-2.0932513456567183,-0.019115940502728235,-0.5803286123748215,1.6516306155853286,-0.8143207415498883,0.4760408289284112,-1.3510360559269436,-0.12920107352906354,0.6903528177775464,1.0601149575724995,3
1.1847136637069975,-2.2127041487202552,0.02751220440165346,-1.263862478882666,0.7377464393109507,0.4354893547383695,1.7373104957205285,0.5766761757986286,2.6580408673734333,0.5115776052194286,-1.1593596617461959,0.11953065628237554,0.6662411709234949,1.2343542797451537,1.3266136578213439,1
3.3419340951276357,0.7422350146521469,0.11918413751378305,0.8213978759591022,0.3553858569522816,-1.8463669465436512,-0.5821447152191623,-0.11786046066231703,0.30290449284692184,-0.8225134348435774,-0.07492066019090694,-1.1053439621418588,-0.5687587140212725,-0.036434816861677134,-0.052093711099995985,3
5.082543150481209,-2.42153952064249,-0.8286979600873656,0.3226959166895159,-0.26043139484955957,-1.2805707803508817,0.30808222530749824,-0.955934923037652,1.5117818446504734,0.2576661135139378,-0.40705454299115973,0.41864285856466626,1.0037044667578705,1.3502714830899814,0.38295923573767,1
0.014061410478910932,0.9933871065194266,-0.9880869233639779,0.5276125056214929,-1.3411102144946616,-1.0281738452650324,-1.6589356519200356,-1.6916480494158446,-1.4821042868211254,0.7049718506728587,-0.5495318947326165,0.3702249183010266,0.841880664257969,0.24602045904154599,-0.7911762157000333,1
-0.8586168953469592,0.4406624749413279,0.12191796821799149,-0.5081881997878788,-1.0706212167959621,0.34595298750222286,0.7352433713499217,-1.9061570763073685,0.44795680527452875,0.16711997936342915,0.08912776340659515,-0.6954531612996148,-0.270265482901612,-1.4170146411198972,-0.2855900371670455,3
-1.8309338882673254,0.37200967215514175,-0.2938847080613425,0.577023308295746,1.3878595393800077,-1.0502707648567047,1.186954897831781,-1.2333671499965226,-2.1352266748864586,0.3836377434309929,-1.0666492348152539,-0.80027252254989,0.625473346041598,1.4100648363116617,0.23461450467202016,2
-2.975315348994045,-0.27221197806593844,-0.7182015265591252,1.0227203544279717,-0.7878483073908218,0.9958592168790257,0.8926356436151268,2.492544166613863,0.7635135634864539,-1.0799612270670296,-0.1803878702908384,-0.8165506194576734,0.45047193990854983,0.11566955717173465,-0.7971805742865666,4
-0.6767906692598427,-1.279940656143254,2.143469953026291,1.3758393701798963,1.2375190785282815,-0.3761935651284934,-1.1287392638908926,-0.6291947017042738,-0.6947763233990564,-1.3689562809317068,1.4992709182513069,0.8283828879299011,-0.20023678376697102,-0.4043851340592587,-1.1742616088171478,4
-0.3317522988949259,-0.8038527256959248,0.8524486868262684,-1.0267598980797064,0.7248318631096388,0.5420024921283146,-0.9776636815955492,-0.864378225516693,0.5145825778839939,0.7738012759988572,0.582480002017157,-0.24808140408320387,1.3271780340762533,0.2673973663952638,0.7730455215836373,3
-1.1955478163391218,1.3937954400859711,0.5872189753170143,0.23590343357154606,0.33940989132509597,-0.29493526336779974,1.76772956915136,2.7124337248706154,1.228455436627367,0.3825345662031561,-1.4313848930129105,-1.6269683965513513,-0.010636891551012937,0.1858294946857231,0.28908746642569194,4
1.3795282127538508,-0.28941963837412726,-0.7457211019190726,-1.4786413447425741,0.6102066648946829,1.0230710766000897,0.1117254599513589,-1.0971508633670186,-0.7431522814568716,0.45069041743029403,0.8539233939503351,0.5125585512374864,-0.18050490440828232,-0.640700606398734,-0.8260630362380446,2
1.2546117426975874,-1.904283481871372,-0.9683496107103694,-0.646074613504068,0.8549037308246576,-0.16206321607921426,0.3427880324672702,0.1302072372645614,-0.947313613433019,-1.1174556173978187,1.2559840762100005,-2.1790973631576636,-1.0829191182899478,-0.7317204868454172,-0.07143168640199685,1
-1.8952959071708697,-0.30233957751016083,-0.6919385264574001,-1.9734224579017516,-0.8715096743081501,0.30377585451406064,1.0939347884320192,-1.2663002795389804,-0.9027919515796625,0.10573707602373578,0.379533496190898,0.4823199541618632,-0.39723226174567966,-1.7045130143393263,-0.26148454901456675,4
-0.5987412181586104,1.5935178909771177,-0.10639070923453807,0.1808695583049393,0.7031078614023152,-0.8583256663352135,-0.8576605477206704,0.043386350908883056,2.1824582514551096,1.2603398441707079,0.30172808617718677,-1.5718733859255294,1.2563293082403104,-1.545446958908918,-1.1949259360058353,3
-2.790214130892819,-0.19076981643703253,1.0554109998955052,-0.4470210899931498,-1.4704966275318823,2.062179437195354,0.0023960835428753617,1.0023602961544393,0.08810488271244908,0.7915653928147265,0.4554571145599262,0.40696224800929315,-1.0775394344799292,0.6395827273558262,-0.2771215477556961,1
3.374077099462379,3.7118974376542773,-0.35265231268000286,-0.24123366990313527,-1.1774207745222416,0.12290107810948986,0.44734501954551026,0.5082007014889971,-0.5621095774468157,-0.031187688274698196,0.8245607252355354,-0.700413804611403,-0.3490205951378647,0.6183778555999265,0.37171269127551493,1
-0.46355194936131316,-2.138595568159143,0.17398118904038923,-0.6212636010655336,-0.185303239993972,2.0266808077407936,-0.3294189745273554,1.2826478695577035,0.8216985435296043,-1.8090308406961086,0.36167942217258936,1.0125875533159796,0.0002451991108536428,-1.036439192511836,-0.7238594694779615,4
-3.2440713476038026,-1.0064390784951491,-0.6669908454733381,0.07946893368155902,2.0834135909554576,0.36977034058903413,-0.9399310191579723,-0.5603040955321288,-1.3134370464412966,-0.7602490764541908,-0.17573943719391413,-0.39969605359094246,0.218303428280353,1.7444346447296168,0.15851168996948292,1
-1.3797767008261996,1.2512448053454837,1.4400436579052522,1.2855593867553927,1.098032544835319,-0.18062953905550622,-0.06928079076429791,0.704040411334324,0.5132389403293817,-0.686711546775015,0.2980602887704232,-0.2630984990678834,-0.6669631211334959,-0.7003562760656051,-1.530662098843319,3
1.6208260521187623,-1.6699951645054714,0.1938505615481961,0.01610819975674177,-0.41428232704530005,0.685587267969408,0.7536767131467426,-1.5049150492012413,1.6749630920136385,0.15329399032434665,0.017752500317352257,-0.8252369336303048,-0.11810475517631974,-0.1681895962367535,-0.07372415207980558,4
-2.608497947103788,-0.9346237724749948,-0.21968252258537543,-0.24753290385812182,0.16616051311787286,-1.271723379426027,-0.9819085830727209,0.14908885143003972,2.518000155963821,0.25509645051774726,1.3082950678779905,-0.26713811417048994,0.1988999751233175,-0.7276736275679808,-0.3495138777168855,3
-1.2726218007996377,0.07272796594074522,0.10164999180626555,0.686996313893568,-1.4349166617211693,-0.9874529072119088,-0.7029342284649504,0.23000786680432497,-0.1862283561690408,-0.9827425607288193,0.30968016991464387,-1.2066903215124958,1.125575960664146,-0.6376356751426041,0.5383353570834611,3
3.883226965046518,1.465988705537568,-0.48485564407781806,-0.9913858550012379,0.4970617895475969,2.835300899931049,-0.575865533171701,0.6941839936263774,-0.23363205042260024,-2.0273019372223633,-0.5336165703924601,0.0741687265234406,0.6094428128703532,0.7156070859316359,0.6348543717177481,3
-1.8332498422345167,-1.4161223444337263,0.16234510094161725,-1.5839923000077776,2.199941267446833,0.661735412203716,1.2195847627881584,1.3761050538904016,1.8665282856185563,0.6052973808801381,0.5369595340664931,-0.44284347253451767,-0.4109545626116172,-1.0425219945036417,-0.6031321136281377,4
-3.096492277601391,-0.6087966880782856,0.06323518505866481,-0.5107966799363318,-1.1571107570062669,1.1867196311928327,-1.4830798130880887,-1.1230059082518833,0.8322457508812763,0.02207532437722747,-1.0385093154197265,-0.10142560906079787,1.5330528058952893,-0.7839766109526419,0.1037930385820004,4
6.614139012219867,-0.4289414196852654,0.18202938221976903,-0.043417774760589806,2.018741172870672,0.5836242338893427,0.566802520816784,-1.0665463437626699,-0.30589536841741743,-1.7804763470851206,1.8142494921680326,-0.5573461659964997,-0.37569282106482815,-1.0549031570321983,-1.2519828172084713,1
-2.239803459322575,0.6083370286954801,-1.3296466357821257,-0.965186938496689,-0.4341770083479621,-1.141723389585436,0.03812722614700617,-0.346796446750621,-0.4317210588360065,1.9252374205187432,-1.1148059494165594,-2.2755708079876737,0.6770194972444277,0.5792107099107467,1.178324383129333,3
-1.2889942839222794,-0.6998396143887552,0.48626613648788564,0.29832192202770275,-1.4319665122991225,-1.3116277893171415,-0.966479179237634,0.24443424288224164,-0.4852463230097228,1.1503129825147584,0.7963291343707378,-0.4811044056112389,-1.29336821933792,0.8729213477269692,-0.011376901693793186,3
-2.424001186404604,1.3876273512920634,1.1139952030858102,-0.11415697446945507,1.5432798170410083,-0.6046528038547773,-0.045667260322182955,0.772794308973446,2.8734909404123923,-0.06829095038675331,0.6752791211830832,-0.9502980022017955,-1.444792407929758,-0.726781882595885,-0.5163385037861925,1
-0.9237907178387458,1.241173200908641,2.90712443558943,-0.053420232182821555,0.4110172840183532,0.5076153323392452,1.0105686037932056,0.02228832312418984,-1.563849938473277,0.43478115639327386,-1.4351192885262072,0.4129529142086166,1.1042077469413025,-0.8144001189964313,-0.21640778574047825,1
-1.558228803524167,2.085322944684325,1.4034576316256187,-0.08228419328894727,-1.5298536863497776,0.7982127800652297,0.38903775999596324,0.335342530806258,-0.6144954639925231,0.44170708925410274,-0.49894182764084744,1.0548495472050168,-1.2268908589068526,-1.379512605602915,-1.8371708746905127,2
2.373192561569207,2.6920205717282064,-0.2784461098694426,0.09031364382397687,1.5545851700290643,2.559611563894872,-0.18458703146723818,-1.2248499661229053,-0.6684363436963576,-0.7947806083381783,-0.3933538576583152,0.3972862275947476,0.8065366910409943,1.5381839674916649,-0.5068547807270821,1
-1.0994288285054619,-0.9615415686455163,2.3508370601892197,-0.4055130112796214,-1.2106456446807812,0.750563524126248,1.4163263352792395,-0.16133028083386933,-0.4228136822916132,1.4101855131273267,-0.6070495932741089,-0.6821853992947909,0.61262935564627,-1.2435374832360346,0.13446660323235396,1
2.348629684591432,3.0287686200388952,0.1799049162753422,-0.5921037456970519,-0.2875647448633473,2.0169652793929607,1.0126615917872335,0.09186229402467161,1.2240044670522445,0.08800411172742703,1.0303139345660828,1.1279950106605263,2.2062719066343455,1.0629359523879331,0.4506010524875568,2
0.9310442911106834,0.290226267448016,2.6300603574610824,0.3437077635940854,-0.8691672622877678,0.4196575492672111,1.1859592684574558,1.0595055219424123,-1.258444746520398,0.41455469443081144,0.12623236266492655,-0.17496573670529586,0.00836927599742361,-1.155731072314445,-0.7900827127691863,1
-3.1902258470273,-0.5381930365617399,1.7037098571916054,0.4128572714956918,-0.14527362027786456,0.1917973803531174,0.7422703238196863,0.5074270165450127,2.523261807036039,-0.349567513052802,0.2729400704735678,-1.0646203059147437,0.972894943717323,1.1958314376132604,1.7787993138774245,2
-0.40017041274665144,-0.6825781601818599,1.9530438486948825,0.10191173323700248,-0.03254512795430071,-0.49530510825589696,-0.1544996226307061,0.9042927223028161,1.4930368567766086,0.0988224062970789,-0.05755903643811323,0.5262694389683898,2.179880443765322,0.1197004013742455,0.7975902018388841,3
-0.500552843517441,-1.3889489193950222,0.05449170800158833,-0.6303246454081246,-0.42456510427916994,0.2902785430381589,-0.9801738168548341,-1.1941524872114324,0.16799969428406625,0.9022530242312555,-1.1885717087587166,-1.5632071734874147,0.5714704534635551,-1.2874058806091373,-0.12485459972902835,3
0.8988730790430728,-2.1811807455328935,2.2408732122592614,-0.5421209866748706,-0.8847048612935191,0.7103247075683498,-0.003629089249854392,-1.1837348018506744,1.3013448193556376,-0.6516953013596157,-1.2989339357836023,0.7192652017153798,-0.624375395923491,-0.7818340266987305,0.5333933223677139,3
4.021869036549811,-3.624500761884621,0.30972775964900473,-0.354425518378545,2.3960055184430433,-1.9540151338479712,1.1141023214226795,-2.1606915550046204,-1.9753741860848768,-0.9541127414938904,-1.6248157347861398,-0.2893684353954385,0.6517489213904386,0.6733039396350456,1.2066560809404707,4
-2.513752112973147,-0.9962395346861777,-0.44308625095867116,0.981615824957142,-0.0626879118117742,-1.2375593158563134,0.5422741752080769,-0.38753639689719116,-1.4660111718926463,0.015258431202493988,-0.6485927735576866,1.0785832466242475,1.4766167597061381,1.873871062655252,-0.16556354301275275,4
0.16029816034702182,0.7617294380644904,-0.3736355868006226,-0.6110405718552261,-1.5367263204458168,-0.6456008016418913,0.5805853247653445,-0.7497731840582709,0.6559122919703586,-0.6543796187377091,-0.83936788196464,-0.11464521777077866,-1.3296531788821038,0.45350381512486515,0.8858134628091797,4
-0.300935065573085,1.7162395816245632,1.0499093032943059,-1.1904501874304374,-1.2865043966640646,-0.8078737158819217,-0.5960544126806041,-2.1788441250173296,-1.561798028650115,-1.1685309487473179,1.2112403975404655,0.6493233850842117,-0.6497275841218687,-0.025355675344445588,1.5194799931206158,1
1.5180424572835691,-0.3744137417236442,1.1099619932008429,0.18928603325918802,0.06075559210415571,-0.798667713677813,-0.8615914120663853,-1.0646658447612194,-0.6405199228823631,-1.2510568278592986,-0.1430399537931885,1.4986173346920824,-0.012740169955989146,0.4037016927213526,0.13073044678387166,4
-2.080063542168761,-0.7391505796143842,0.5360007403032864,-0.8719097380039899,1.0508164032089777,-0.8136780631777463,-0.11453029772732631,-0.6206938507207919,-0.9355250337899129,1.418027699424312,-0.1082982543984414,-0.9395150523267937,-0.5849448197132384,0.8117530302124535,0.6329372494601316,2
-0.07364854145296167,-0.6651270820913783,-1.1799205785369886,1.6757709534472978,-0.7571972337338259,0.952596673915253,0.46725468438253526,-1.6860323610518357,-0.23454728324475768,0.11943727869600491,-0.028313883809787683,-0.5356628284088789,1.038664562839476,1.274844205094213,-1.1483396912091084,3
1.8386993513371244,-0.6813380610763013,-0.17499277260743742,-0.9249474754323797,1.4208428843933993,0.17705159563600256,-0.8442731108800328,-1.3179602227667828,-0.21881470801825467,1.8958752509008947,0.359910497883545,-1.9847123201312682,-0.7081832635196951,0.519759657707294,-0.026640365153549617,1
0.9898507884643416,-2.9655965595096645,0.7361942739098312,-0.5296177819578203,-0.7521714167385093,-0.9635431187439769,-2.1119291925499675,-0.09750321460721584,0.16312455126185613,-0.08759423302109355,-0.9660156589973796,0.7266312070589679,-0.5805454775152846,0.28409654278760355,0.6014105798190928,4
-0.5855997971272343,1.308658336377845,0.02956328652990619,-1.7634789560718171,-0.8953127437196985,-1.04982705950293,-0.8294003244723687,-0.20175549880589524,-0.49786355028584744,1.9121698187982081,1.0022139331453788,0.03612275757581986,-0.145064405523557,-0.35068545116403255,0.34274053126304693,2
-1.5040592374997068,-0.4219237389345394,-0.6788978539956576,-0.46183839374685387,-0.3220926994803917,0.10700204130651297,-0.17883670821051997,0.14024720206844318,-0.03259308197461086,-1.7632389648367124,0.1585274778347791,0.604412853355737,1.743091338267542,-1.0262769888936467,-0.37211516498136754,4
0.3117073874900925,-2.3217806275858575,1.3250318054455161,0.4542663132340825,1.0799892708348746,1.3603734301394457,0.4054313631516598,-2.1215396589867006,-0.10221353375010242,-1.08302231312143,1.3474306938249234,-0.4192782794771979,0.3562137255695116,-0.12422051714404844,-0.32335850834652574,2
0.31054677134927794,2.5367127101265825,-0.20057081583876113,-1.4026606443090086,0.7840848224791336,-1.51347694976236,-1.419101534724117,1.9016142397077345,-1.179661428640243,-1.4216735665468263,-2.031905935035152,1.0610513121147318,0.9421686361122716,-0.5031810884554389,0.6631578831742454,1
1.8716253301998054,-0.5613312908599709,0.13852504787019648,-0.6319087481834643,-0.8046769458784425,1.5126246064192812,-0.920092174635881,1.2825742248900187,1.6842622780704872,-0.6625848671901208,-0.8450150671293666,-1.1801494011418086,0.7258371432546101,-0.42420466003794954,0.34221007941254566,4
-0.06450066567138282,-2.2013293932281823,1.3813289275556333,1.1385230217181568,-0.24868367498692254,-0.17125139589868754,0.22493504138862566,0.4764131068963528,0.3727891911144658,0.26532402487802864,-1.9341378140845236,0.7977055901167749,-0.5293819629195768,-0.35816713274890283,-1.6820909749369568,1
2.143196484676506,2.9415550384851294,0.8756185211422859,0.2869213831769302,0.6981403765171187,0.22253453369179846,0.7547918936337232,-2.2171324277253928,2.3172075999170767,-1.2677792437223576,-0.3664325340561801,-0.4249642497390152,-0.4176805799386834,0.5386441474492706,0.5954192659795805,3
0.19143487508497697,-1.5963392306646946,0.3059103327027286,1.2574716685511367,-1.2203887914505889,0.7573158922214817,-1.202002520437827,1.8696325541568852,-0.4791691493828126,-1.4389555021823248,-0.22542164207750534,0.32414932433444893,-1.355894016735914,0.23556062776972683,-1.3860867806294248,4
-3.2535525385209554,-0.8352351489381976,0.16960366062178608,-0.6956519040368202,2.576631616994071,-1.3195001657739327,-1.9623354675663898,-0.3199884133630285,-1.424397211903724,1.0842241187821373,1.8354624333135807,-0.7484941440941161,0.46068023530442853,0.2660668199314317,-0.18989296472954686,2
-2.1025029796171326,-0.675328467173513,2.8562205101511435,-0.42791712543970273,-0.6736558761019272,1.0839461457318966,-2.756665399895914,0.3090764237428769,0.7083841578040084,-0.13311040182830725,0.544348977080514,0.26450615158005125,-0.47197852212566177,-0.4729368782650746,0.46005847115787335,4
4.273219814265201,1.7221701090639743,-0.44686221139668336,-1.1500613686937362,-0.13128206380710744,0.12474567816668293,0.677725851237469,-0.06030499467338294,0.6756332553371831,-1.3014156463060846,2.2680591858936814,-0.00450550210754543,-0.1387162988592103,0.20026196986282382,0.811574948175137,4
-1.0109018750347556,-0.057802733084471515,-0.32805805190076326,1.2618129255158381,-0.5927212324096447,0.25229180894120773,1.0978085325821152,1.425866775582685,0.7162376212124592,-0.28712891657792133,0.3940139799680498,-0.6178623233500183,0.6300227581938752,0.6452543117441154,-0.9232511428346767,1
0.5516553753333775,-1.4315940800235543,0.3820128961501193,-0.4038706225139394,1.4512137822384772,-0.9042686997902777,0.8203833683725404,0.7977841344520487,-0.4292439109701384,-0.0890193725303399,1.1506233186492574,-1.2427822378513649,1.5467169461658548,-0.6998197104618696,0.22286370776305356,1
0.2444001994338053,1.7530417611543396,-1.7300426014257613,-0.577196604788954,0.259672489841773,-0.8389066516919016,0.06470864776991266,-0.9678759594617451,-0.6519004440492786,0.49344481430692705,-0.5463177662056037,-0.7040508592655099,-0.787920321953611,0.3038843560249067,-0.6829088432019315,4
3.4074819517432124,1.7628443449351763,-0.2279599497022152,-1.6772744032305669,0.2921597614808416,0.9335974140521187,-0.2398627805919395,0.6449075965903764,1.1270108054059649,1.1639922636584836,1.7201783907001824,-1.1877688560894801,0.2418089002506302,-0.5898905671641702,-0.06976502859657727,4
1.6361886986338614,3.258776192866559,-0.38678282838015815,-0.8371511366592126,-0.03778749258591542,1.2573000687376081,-1.6847451069802901,1.6318040635902382,0.12418724069677797,1.8222450139796864,1.7591470813460464,0.47625568605247615,0.873619954510499,0.6995860568611435,-0.9452865785770184,3
0.19357444950620684,-1.6424565044886577,-0.5211835436288528,0.6528779756270789,-0.8414069607790093,-0.9072354252218305,0.4003865286740005,-1.2818365390761823,1.0077791090932242,-0.1766561771595642,-0.4807687704654243,0.12068723863885068,-0.4839608301969731,0.8286161998155044,-0.2845011358052417,2
-2.0386735134064677,1.5733950171537954,-0.6312354093454359,1.0293958730866288,-1.6303642821850066,0.26070149380425217,0.3877287343341232,0.25315485487736106,0.6518693611315183,-2.1760382120130344,0.022795741822371658,-0.7869140723625488,-0.43316636078114357,0.9329493592431204,0.40235174810208635,2
-1.961341167271247,-0.9709742590572547,2.3909867696107754,0.5065794728957889,-1.1755741784788158,0.995317533170907,-1.1112137381425926,0.07439830703220138,1.0639084933040122,1.5001779485689186,0.8219596241198082,1.0109525273016822,-0.09792673155092069,0.24409272690518813,-0.7919002065610948,3
-1.4642583468516384,0.2720350043134396,1.5490982174348107,0.31975571374497613,-1.3246905600257803,0.9948433784889212,-0.18338118311217244,-0.24379721900126408,0.7524706438104276,0.7574090717578029,1.0510679506769598,0.20179216142459183,1.1009892865670472,0.3422202110496883,0.06135932634124788,4
1.7464330775632648,3.9894710338886625,-1.9188456682341253,-1.1997654622473848,-0.9923790428969966,0.8668744717970293,-0.9662159698518055,-0.36499602264843367,-0.371158662061999,0.777511185268268,1.2088074912556201,-0.9363243107802723,1.1397940894014456,0.9370360360068501,0.5218421334324147,4
1.5437925905519256,0.18005493535110015,0.9585667088342741,-0.5389389720138792,-0.4776122274615099,1.0121521029188512,-0.08036332630627183,-0.7820397794010271,1.67268108466263,1.1555574076639359,0.8148187871579761,-1.0672587888219962,-0.12867925916416992,0.96708522510025,0.7783637891908894,4
-2.709411363577056,0.14971252098380872,0.6202681671311894,1.2068102325498822,-0.06176491205986275,-0.2532914945207266,0.3467287782099502,2.1789978576836915,-0.7307346863322762,-2.5827536140786767,-0.8037706870024626,-0.6260853965600872,0.6851070550605024,0.290625284777148,0.1743121714114356,3
5.1087173820548735,1.0175421485865759,0.5019490275733214,0.16950322674945384,-1.4516348244074004,0.7353172911233312,-1.9372819299611046,0.9777539283567619,0.2918032993728523,-0.2662044979189702,0.15457318251407762,-0.42179765574587197,0.6739352215591784,0.23478042459631587,-0.09673627411171923,2
1.1242648242290554,-0.5148743220743982,1.1771153707345718,-0.221692840784328,-1.8473529777166182,-0.6479722724201453,0.7744701772430699,0.27308631565695396,-1.7388985600676117,-1.046088726749481,-0.10356029179236284,0.5983072759424801,-0.5340028546595905,-0.06060691896913941,0.45444177530293806,3
-3.0205427715592794,-0.49122260980966376,-0.7785339911198761,0.1580194679084393,-0.7502896736464348,-2.333412259153693,1.1839755056186931,1.4233140494964291,-1.127924781300631,-0.27083684175807715,-0.37200546067709517,1.6071840004168794,0.3298224214699296,0.8833216603669023,-0.19337186518120936,4
-3.1082352171945034,-0.6487631856298296,-0.5491143562915617,-0.2713946868987361,0.863893548585933,0.7523303057848536,0.7997698527994482,-0.9139525884453141,-1.4833710552085018,-0.030296362130782524,0.0059455357520145575,-0.06897275314001171,-1.6833670489581114,1.5992149777527878,-0.5525975372861583,3
-3.179799240936391,-0.9996565777310036,-1.5349471250427966,-0.9740654854745479,0.31743953262620694,-0.04493280974261617,-0.07331210983185388,1.7198043438075903,-0.2809384045548055,1.9207266935763652,-1.0117085003071409,-1.8042996586528912,1.6401909422075174,0.7073494355608434,0.18554890912036695,4
-1.4677386311046698,-1.433836445114245,-0.5546340860339489,0.30124952301818736,1.4909472677145539,-0.3370495594931503,0.28461002848479716,-1.1032365877007697,0.752921467995054,-0.6705082140748564,0.44318689693660573,-0.20323814873362547,-0.4682701380758682,1.4766501861168126,-0.12609128632509561,4
5.091382733890301,-0.04524878498734485,-0.2138387425107588,-0.3953019760608138,1.339735219970734,0.14817706871297015,-2.269441212425074,-0.09163112062963677,2.0084824545502826,1.29424698808481,2.2315283089110522,-1.1338227129008316,2.206471036520657,-0.4907678251935014,-0.749758958315208,2
5.700907564777836,-0.8084582859443917,-2.118765568704784,-1.588411669134967,0.012154360133026268,1.165333582095608,1.527075462267527,0.9021169697735615,-0.5148921571756812,0.5965046685876668,-1.083988972502998,-0.5457559376575399,-1.6545648535065303,1.0287530845681732,-0.40350511018764174,2
-2.607205444794556,-1.1850069835598773,-1.3450540505524804,-0.5052428991720741,2.5751261946541697,-1.5260676211521862,0.5948015368466254,0.8697526139383469,1.5649556684926276,-0.11310450858169056,-1.0457939680637767,0.07124625938267445,-1.6434531609145508,0.38271245663110437,-1.2805609873757882,3
3.4988872182363835,1.2864995472442975,-1.5751879863825478,-1.7545043725237588,-0.14006287487823157,1.1890032151432723,0.26684006775835256,-0.5722143789202485,0.4122657877338611,1.5146581351243247,-0.19170885678655525,0.6747953635118619,0.010385792124950787,2.126874374504459,0.33525369443043535,2
-1.5023725975827293,-0.18174774005616312,-1.1723307756854406,-0.07855849354101567,-1.614129210702677,-1.2036630687717338,-1.1156861238399098,0.10255092827472298,-0.4346022037390845,0.44573606334540045,0.4596750830570037,-0.577537718221262,-0.020649642747960332,1.4977960486027877,0.5575081671843707,1
6.8022667234159995,-0.3694721399238052,0.5265950117151517,-1.5876728691649635,1.9870140586275356,0.26807139704984523,-0.2273382749166796,0.16177104181154367,0.03526273011254601,-2.0580667417443945,0.021023067724897582,-1.0832718317429704,-1.2373829569629904,0.9721852777296309,1.7266988380567028,2
2.752956574716954,2.021980527729257,-0.42062860443864664,0.721048921990152,-0.9444423984278497,0.14722443408751093,0.4240850425239764,0.9321615044843377,-0.20815281530524557,-2.471232699047736,-2.2433705524294507,-1.6891559305976638,1.1850699207329418,-0.7055827320933626,0.28388891272974365,4
1.3994669800814479,-1.3458983058176581,0.44923548282378994,-1.3705083064674646,-1.0023111599139845,-0.6058402964900365,1.4115190708144216,-0.1046753026820181,-1.8389488301986499,0.797602125158319,-0.5679023570488665,1.2446364927294524,-0.9471345716167233,-0.3818126768358076,-0.15001354747997292,2
-2.143520480502684,-0.6346543566063769,-0.9850996455571538,0.7288327642504125,-1.283979490178613,-0.598937442577002,0.5363543296059498,-1.8218041607379427,1.0488037998931738,-0.49310864330369064,-0.5803975272141955,-0.1362562676297555,0.5275718374377061,0.72319237212741,-0.07029739970817994,3
6.427715544345211,-1.2836817597434291,1.0285081692524636,1.2731561690543471,-1.1297604544921052,1.2565059246674157,0.08606761125230204,1.8986965497138557,0.3168246875954536,-1.3237742573539644,0.15031485635502848,-0.6114048393760214,-1.080027162355389,1.1389064248745735,-0.4612581526107026,1
0.8750068309482807,-0.8846576646858029,0.029327153243774592,-1.4620674334553545,-1.7574237404649355,0.9453902247404792,-0.2421715075977323,0.6300285520284359,-1.6391106661575128,0.5408594655426228,-1.3444589806998772,-0.18214435142100555,-0.44704249797671214,-1.2648002459317471,-0.5456334942782101,2
-1.9404407762942029,-0.8930386370707073,-0.818351059318171,0.7382125442903871,-0.6928508361846765,0.4796148611345101,-0.2884094117623242,0.3922362881519059,-0.2656233902079682,0.4131084620332015,0.18090854405170978,-0.5521934577157516,0.11131360841585064,1.9008322326543141,-0.3097508099596049,3
-1.0803730820235935,2.3588950615511823,0.482156331854093,1.4128421567995295,-0.6439286865728756,-1.6608999267686892,-0.7739191017288711,-0.7147660515453421,-1.0451214323853746,-0.18848985652078643,0.16423434274037738,-0.0017064721944543536,-0.18950421899667846,1.2081454846630941,-0.2556722724235945,2
5.057525693386101,-2.0582448838724767,-1.894005978925274,-0.8561064100420067,-1.1493200244130604,-0.7833234199925991,0.3491450723796314,-1.0531318980143172,-1.7501721995006874,-0.03937288717861293,-0.2618875564927821,-1.2468902522314174,-0.22664517981266266,-1.128811239498398,-0.7807541604945467,4
2.877434790021606,-0.9355805931196642,-0.6383928264866637,1.264557571409997,-1.8171997557631427,-1.70878244089885,-0.15023769770566722,-2.484256462989819,-0.4434905562028249,0.4801420424225666,-0.4851396341362311,-0.8974910345557224,-0.3786371742804809,0.23326120302030567,-0.690738798952835,2
0.9319240408253272,0.045608032486233435,0.44735770117989515,0.24702752125141308,-0.8628127530174746,-1.1280673150667566,-0.34278214307962696,1.3657882664506265,-0.2088093711269153,1.011998493267253,-0.1422712676917659,0.8154234340629793,0.06967079579772703,0.3757388587663722,-0.7753800406459794,4
-2.0871565586378775,-0.799639251130886,-0.6366470650873445,-1.6204155139674683,-0.9764702427130479,0.07524566064340663,0.6747994218845936,-1.3277300215662957,0.4952336516714149,0.8865487213193842,0.13086653205423082,-0.019377167704256012,-0.7454345430224754,0.13146177691402094,0.3926945322956801,4
-0.34087696495832054,-1.3036824995421572,-0.9169498829762669,-0.05990340943121797,0.27226313921681716,0.5700139061955366,-1.9041854578386253,-0.2337227221834612,1.6581376677517738,-0.8614889202831494,-2.119901715610754,-0.8643938179148803,0.7178411273462061,0.3279873295684346,0.1263479138974233,3
-0.26451960798657564,0.04076599025566029,-0.5015377176241366,0.4619224925926158,0.35985365759607674,-0.03528605437959543,0.03382346145379706,-0.14160927560319392,-0.6522924995379983,-0.5356026838891335,0.4434435576604471,-0.8905042464936471,0.11103739847763489,0.6636373674428234,-0.42947769053965834,3
0.002586703316416383,-1.701291450728851,1.0430852491789186,-0.7251203146401599,-0.4425631895181762,0.11712126078922662,0.5208091141774988,-1.1071774817377387,0.6723956807400902,0.06522902486576122,-0.005107704936763388,1.5536727092198146,-0.5958848669700603,-0.9330034319543661,-0.7839310589483747,3
-2.196357215224162,-0.44700480123792113,-0.28454700997570337,0.5337024835576734,-1.3143888688950875,-0.784612250846344,0.18414680127809227,-1.2189548912088426,1.5118344902733676,-0.3544453429253228,0.9599131816178575,-1.083388951917049,0.20748324272036978,0.9647249074174704,0.7798045267285101,1
-2.481588321686158,-0.7563395353789533,-1.7338819501914378,-0.0457162907330061,0.06895442184822978,-0.44216682425965304,0.7587164166732463,-0.8832796125183444,-0.25817535322030877,-1.1559847254470073,-1.1227741666328308,-0.38834732053081905,-1.3332263490154466,1.1179284074547462,-0.26486220910630365,2
0.4173272815278012,-1.2936472560776293,1.0674054388488265,-0.4790566742198097,-1.4260331526345076,0.7804088782887073,-0.7458608229238138,-0.18685027869814186,-1.8962087708426523,-0.44906421671502106,-0.08663613872788262,1.5105045451093795,-0.04882389022107208,0.7920775385606554,0.12045758065952826,4
1.330124933665084,3.113199656740928,-0.39161539091542374,-1.0440018914138829,2.2228737514024934,-0.8581483503558501,-1.0837197465648796,1.9147370649200743,-1.2712398275869388,-0.3851027111297104,-0.12737465398901404,0.0501448468838488,1.1367757719480844,1.9691163759379136,1.134810436644617,2
4.504638147891676,0.388847900918718,0.5597907553404132,-1.0613123627835832,-1.1675957851781726,-0.22289995608847402,-0.10008216263053156,1.035705831683232,-0.8456194262283295,0.9291682333234642,-0.934248423979689,-1.661456259282965,-0.9228144916844887,-0.6829157655974036,0.22939860263300033,2
-1.213991383165617,0.9004107019421889,1.815242824932719,-0.07735261470287527,-0.8930191019646592,-1.5086187118837264,0.31606096132496897,2.080729852332927,-1.0688189118159626,-0.003605202483928069,-0.9480788063681059,0.33916092497127187,-0.5298529567920232,-1.4895500879198522,-0.5766136055049209,3
-0.7840840817722052,-0.4813910875670309,0.5469128932258178,-1.0280582231988638,0.4861566227232835,1.3237738903644845,0.807683459405712,0.30829246085611567,0.15437892325508185,-1.3218588774131823,1.5266377424490736,-0.13586537093597265,-0.04644560971909773,-0.09412281707188105,0.3453115383351826,3
-1.5926424723322008,-0.3877390906784852,0.09236852368967512,-1.2757783357260537,0.002479398781708349,-1.989622130172186,1.0725991660819267,1.0130509583187204,0.1236265272764888,-0.6420073058003334,1.3144248576726878,0.1960732703364041,0.6619208299683749,-0.1761913712004581,1.314527730780867,1
-0.002867662663267079,-1.618808978541149,-0.09662232598079287,-1.6866123273126634,-0.22219575389587534,0.9940443219258451,-1.670820532189772,0.9168838755685446,1.1592686239946814,-1.1678748287572938,-0.8959947794426287,0.7979557089328257,0.30131250924874053,-1.9661527492624227,-0.6420741291709596,4
0.8021373494621336,-0.15275443295889005,0.128656469023376,-0.6027410810965439,-0.7477329695405591,-1.460457823697003,1.0591456509153652,-2.2082990690261446,0.6332932297433562,0.5671702259743938,1.468620980002022,0.5774399690760755,0.8317641150137264,0.743640765923892,0.9453897034211897,3
0.29882893522488563,-0.18986440979560756,-1.6904138636265342,-0.26897251416075985,-1.4331337857714446,0.6823988619955855,0.8191315659979616,-0.9440678176485877,-1.1703348387519086,-1.0534490477366891,0.4820986481341573,-0.19893496768104646,-0.2613228249312741,-0.615704140134195,-1.1113743217750338,1
0.5996799331145403,-2.0743219756325715,1.180746577411748,-2.0269533362672476,-0.9813931099527738,3.149423194040907,-1.1096519498709787,-0.10193453037811188,1.3639445237179681,0.039347957687408154,-1.0623110029440714,-0.5997431726629111,0.2831425800632141,-2.3969082035491334,-0.297691010755793,4
1.9614377126003588,2.9961844129260418,-0.5639160863040434,-0.8086904352008096,-0.01611287194092964,0.40371668589369925,2.29518139169711,0.8537048844856244,0.20592820527229058,-0.6280315220873346,-0.042166595884655565,1.1605569151829258,2.5230082050345928,0.16736327554693062,0.18567510071706889,1
-0.03561309067774844,0.9662120918002957,-1.29037836480221,-1.7036693058532546,-0.3368421473937707,-1.5885582190050571,1.484693127546343,0.20085767891181658,-0.47297004652899927,0.8300690676032418,-0.644623881261866,-0.027307340629660046,1.645261390179541,0.04862686034344834,0.777990470643934,2
1.9594613755795245,1.3028718021891028,-0.36369567004135905,0.7402752155782496,0.9989558039987808,-1.0140741270083082,0.49556240746769303,-0.3454879189695831,0.3249372612484874,-1.062556590250747,0.05210858629126064,-0.6190140155597783,-0.778640622552991,-0.4012897430407097,-1.6106011974801242,2
0.5670494154697411,0.3208881533698283,1.6582969006922854,-0.5084364182830984,1.50908623196511,-0.6669075409007589,0.40608562722005154,1.58514710230442,-1.9431462616978459,-0.04056324833747644,0.3806993590184787,0.07249007490761558,-1.0682670484722956,0.0465628859700674,-0.5061932085927523,1
0.0733862700139941,-1.701529792775296,-0.8494366356037397,-1.2788056448103438,-0.14121662612959723,-0.3413568835431614,-1.6130578602581085,0.8933750546857975,0.8305283635308477,-1.2110199148766265,-1.2589519189549678,1.7676712635131453,1.247870511984391,0.28057584456890966,0.5454057515515863,3
1.7021245221863186,-1.5855123861910632,0.46968000621617584,-0.9974874845902819,0.27100664515865747,0.47829243685275896,-0.7710160582329699,-1.4595739307615498,0.71667187060668,-1.7365885948251885,-0.6889007214926682,-0.2884413801956816,-0.06214727573260001,0.37860818115765027,1.1272053969813483,3
2.1723419811331004,-2.05981657988337,-2.159515185654311,-2.8050022764617086,0.3999657435871174,-0.09266571447568601,0.05795237189129476,-0.013049911393059433,1.0364055702190225,0.19309892891237346,-0.6849184292317456,-0.4166122257060913,0.05416754376567729,-0.8120295786220418,0.16706135283956786,2
-2.053897478746725,-0.7536821853578834,-0.9461099574821337,-0.6166716107888588,-1.3364811276995774,0.3296803155194063,-0.008254314398313554,-1.8768260534179535,0.02329321931088945,-0.315227387058289,1.7050338344128717,0.539571735454934,1.6416625445325446,-0.0923989191818898,-0.043542847098931935,2
-1.3476002796203568,0.8068608150955455,-0.03847130394045756,0.08187026774711222,-1.234307519605433,-0.6484169013240496,-2.0088837831420285,0.6138181919448833,-0.7503265710710099,-0.33449240190047513,0.8686630472638117,-0.24142793049621558,0.04446146160690258,-0.7567377965294962,-0.7814627325637746,1
3.8106344049577734,-0.7002743585841541,-2.2927062670940996,-0.3218721113787485,-0.1885625537639953,0.802314124406735,0.9587815312856761,1.4441203665543505,0.9357076386215981,-0.8340984073252159,-0.36597419725695574,0.6788392264608109,-1.211576248532769,1.765119037542837,-1.0000700470683541,3
5.682891100982251,-0.012419582726803687,-1.411120098195572,-1.482813235766209,-0.5984945117671097,1.6094066179948383,-1.0472130757619738,-0.06680105352691744,0.0002909490931416601,1.3111820571088815,-1.4554647630575335,-2.115167986985254,-0.5806352714102883,1.0797067362334873,0.45039122528125586,3
4.639046665464911,2.828291121185799,-0.21985823821217654,-1.2662407096435202,-0.5954091709117957,-0.9234572191998753,-1.2953027026955364,-0.654134121364845,0.4121309579029326,-0.7296086527722236,1.0843981421648905,-1.1049055449760325,0.7931061099638079,1.31838692996748,2.465043567569231,2
-1.73772867071913,1.5610644748591254,1.0196033020643727,-0.03755462300657263,0.20526668804304357,-0.9511730394546637,1.3252182657020637,-0.9668799581748253,-0.14344609571394853,1.3496869322036795,1.0655244193259688,-0.08684204349448062,-0.3312242961991906,1.0053548487924497,0.0606213602086673,3
0.7618808691936055,-0.5104474702742694,0.6280839090582727,1.3283707058956065,-1.3211450192146517,-0.46009778000360274,1.5016465972054414,-0.22067879528484444,0.8099916632824117,1.0254436596040575,0.8529375523995444,-0.8145949825722458,0.45501910664809425,1.4170254703869138,-0.22828836820397644,4
1.0383871068033548,-1.6134252448603357,-0.6854419881483604,-0.2306031847665873,-1.232446383523741,-1.003463222345275,-0.3633082787991043,0.6494703434431451,-0.40151108055778373,-1.4859071650814841,0.8574212511891786,-1.319253972717862,-1.049706049096877,-0.5084126472146759,0.086218619883476,4
0.03509040494957091,-0.6253227342455038,0.3229572529332598,0.871741364179812,-0.49236608460307046,0.2742569241090386,-0.5711161753806261,-0.8860568878130267,-0.6659118689703939,0.43490423411597223,0.1955151053693086,-0.34857384984514417,0.2803481846130051,1.0271415207564694,-0.8745452732764433,1
-0.5435272828861091,-0.4619024795387491,-0.11643889755060358,-0.038263598768295104,-1.4513238557772294,-1.3704305385484914,-1.125780908751494,-1.0214356479723954,0.428717957988157,-0.1884530445088915,0.8784140516128212,-0.6078484514306,0.7401759073627747,0.5297431123780896,0.9561773682667478,3
5.289999584108311,-0.21104017881042572,0.24005527393225373,-0.5188359032545532,-1.0524583607876055,-0.08972732680523593,0.19760370425289464,0.4112521635521474,0.7217899385023051,-0.2774347423690087,1.5580038543847718,0.15832399949953374,0.012372358294174933,0.2732245080789981,0.16926446701797873,2
0.4643086806182008,-0.4078357937439729,-0.7406215273761527,0.14046633579272452,-0.36447920493177927,0.9143091977214284,-0.1068680882414468,0.07281131948495255,-0.4245510540514559,-0.2653433564112934,-0.6830414502989667,1.0062535348638508,-0.5063377822396281,0.24553390228239663,-2.026744171221683,1
1.067243690272857,-2.031745165095772,-1.7012846963277828,-1.0917750332945209,-1.482096904630319,0.001702655226630575,-0.5338186262208502,1.9042751635588684,-2.0438589555246343,-1.1412806150234147,-0.7749797764335385,-0.27678897278390246,0.3334290761230643,-0.1523085946296468,-0.08031901067366479,1
-2.0727824685980627,-0.7056622731714647,1.8219121574146178,-0.40402829298284376,-1.528876240046115,2.356636435932459,0.30454536556728024,1.5997647768801309,0.5195933343274738,-0.06277002263154613,-2.1424574080574064,-0.4876852718197921,0.005071167578843744,1.2101076531187684,1.1314013348849907,4
3.7785541914390905,1.6818294512225118,-0.5273724945928157,0.6341012732030135,0.0747428578172307,-1.6002667989068868,1.386058074501539,-1.5839732191275937,0.7053466155387235,1.09275855149396,-0.659197733287069,-1.1711270492110664,-0.5850187747689188,0.11832728592221092,-1.1084862803509097,1
-1.498936885972091,0.3503793529502043,1.3308620470302013,0.024367585682359742,0.7739883775764891,-1.0476604431832155,-1.7242927485888375,-1.1469128447090093,-1.108987485384533,-0.13105663339783896,0.2948195778472494,-0.8431829809178006,-1.3634065896805012,0.6428175666707323,0.16444240455532239,2
2.0711544452249866,-1.871566817686533,1.5750226434301404,1.9264488877936605,-0.5327570193926444,-1.7250237793894179,-1.0056399164346261,0.06219315610832516,0.1137665979007973,0.23683288193512056,-0.12448506092375883,0.11627163271708675,-0.7135542438637255,1.4769930049746793,-0.8744382356808393,1
1.5216557924610847,-0.2800713926220686,-1.2588973163177042,-0.06238912802974853,-1.2011931794667072,-0.11309497109346656,1.0181219204549379,-0.6170429947739716,0.045836756834063505,-0.8573534996716693,0.600139716994359,0.03568767316325335,0.3207736159044668,0.26169041674455407,-0.37133940123451575,4
-2.547357822954143,1.318997535346437,1.8794458367675773,0.7295917905267073,-1.2399529005532008,0.3555947222631362,-0.7894145367808496,0.059307022090989446,-0.38945189647039813,-1.0520759629848297,0.739485871947275,-0.3982823162389146,1.0001530984770757,0.26606633773940797,0.3722018831644753,4
1.8044185848929266,2.6321318312296507,-0.8354371910736773,-0.4511481553235999,1.2217193538588607,0.7138100905096487,1.9017632303918932,0.8969973358469518,1.5180135400983128,-0.6013122939798975,1.5051030089702646,-1.2165199892586562,0.9152141978701537,0.1700949048845306,-0.3413440289794001,2
-3.4322373696858426,-0.5370525883627605,-0.8593248800147613,-0.47770100398932314,-1.2842590042156858,0.7608807787658267,-0.915223723912734,0.5000204515775513,-1.5213875996106627,-1.7247561983067108,1.3148390984683984,-1.3316666581333072,0.5811966008266038,-0.5427141101121872,0.1050196921045824,4
-0.4606360941415212,-0.3932593188041205,-0.062070123918761905,-0.7243225678116937,-0.7292521434044741,0.526136737463499,1.1189052361170213,-1.5434939580877007,0.8918660518093043,1.2598657187881317,1.2887457078005269,-0.12277888450768958,0.21600079097286393,0.15523267166346474,-0.3687290092257009,4
-1.6054631069234402,-0.20326227469375016,-2.2987657980749745,-2.071741344767333,1.8382473330456124,1.7087458512890994,0.38800233645680066,-0.4535070645773062,0.2625121898145452,0.22135166826147268,0.4187122165046547,-1.0591198048512047,0.15447640642025576,0.25211286405898364,-0.7591146138041847,4
3.980140133242827,1.4636504088041489,0.4926452577749434,0.8050080579719314,0.37975055450947115,-3.021800742859485,-0.8431711314525846,0.26045016355004375,0.24030174716061795,-0.5296135794307618,0.2024295804763955,0.35051742032057015,-0.19380780805583808,1.3879614343854785,0.06252846884353508,3
6.4553236071867035,-0.6037412791761287,1.3770414952165146,-0.0661997957361991,-0.1720640469339615,-0.1462221179141361,2.991663785389199,-0.48212775474909814,0.4371869708147152,-0.018015433652825253,1.3140371063651506,0.06990911761424697,1.25954570873954,-0.7416764772373026,-0.25525969053944425,2
-2.0530989803608555,-0.6697105292439168,2.624211006052684,-0.577805730643418,1.7828366124957837,0.6365917894104691,0.3316614930164101,2.2896031767707132,-0.7118344408204753,1.9053800288609923,0.12864366976978758,-0.261837261947118,-0.21751807742726922,0.059527380898870705,-0.7932531545505382,3
2.2817568781443835,-1.341937438096413,2.970174228809616,1.1389085320648669,0.6164372195889097,1.1169479890896732,0.8203238295171884,-0.2827011472726116,-0.3966559766200025,0.28436411846527604,2.2638467543186995,0.2916786969151163,-1.974494132214445,0.6934399836329735,-1.572781721369627,3
0.7946041669440412,-1.015732210692661,2.3991870987983615,-1.2473220541321397,-0.12789301618801557,-1.679715296452126,1.42054805526998,0.7553532601918591,0.006173426699788699,1.068869028394599,0.5996303302449578,0.9144166370098882,-0.14306218610115193,-0.35668722667067143,0.6735660821798877,3
-2.578719428760608,1.1400161541368972,-1.0217421847891126,-0.8019949234450418,-0.9052412468205827,-0.4527350297864206,-1.036267939649689,-0.5239427799421676,-0.9719971203633099,0.6355795646161315,1.1562913361365121,-1.5363190407868204,0.35697853432192417,-0.5609149734137603,-0.4273153650102026,4
-0.9793665666691065,0.01730831668562317,0.6637319508615297,-0.4435749560228401,0.6077306137471913,-1.3011294466222822,2.734062576120714,-0.084409151403973,-0.2078250337186206,-0.03314064072133693,0.10755794097457579,0.2573371384051443,-0.07413986685888879,0.13188001955470213,-0.2627665668048513,3
-1.6981301181416906,-0.12545276937025734,1.5016053149512123,0.29290149570960755,-2.351138760153822,0.6488270465762737,1.3933305977100705,-0.33920724754370024,-0.994226086477611,0.05717040781378597,-0.5254236921751315,0.9427394133010311,-1.2034979243690809,0.799591415554475,-0.2380010562499438,3
1.9581428867224522,-1.9437851306099578,-0.4471471343098304,0.493246272219998,-2.217630811336369,-1.7719014839725689,-0.8708038001456155,-0.8049872450398937,-1.3809271388748205,0.4763394943450164,1.4612837100059413,-1.1414128309460096,0.10931510104857434,0.21986585617869028,-0.09439823479898951,4
-1.094420972075905,-0.4255167719571164,-0.11001095404561226,-1.3112683638126854,-0.24377691482268582,-0.8705832832458146,2.6220798102142813,0.7220631174889154,-0.050696555527840276,1.5914922336212216,-0.058864187388497274,1.096623340024509,1.064961370523053,-0.5811921492539774,-0.9529742848647882,1
0.3756339364015784,-0.8036028647384227,1.6130717847523497,-0.42764460160712414,-0.7675453481195984,-1.1717108043881637,1.674139540694778,1.343060329746196,-0.7090750058733017,-0.13690538711141137,-1.054248653512664,-1.1470191707264454,-0.9604075355086833,0.17280353384868952,0.9388861953313321,3
-0.19690797747934172,0.4159709988479952,1.4576937981970657,0.1779142755893834,-0.713445377240638,0.1386825533733146,-0.6400660306544732,-0.19912716245934778,-1.0670950385551459,2.4370908862529297,-1.1538742959772421,0.9201798233094907,2.3221976833039752,-0.9071847109095674,-1.8949588037177099,4
0.7375334134287246,1.229294105320815,-1.0800866525123924,-1.3046198917923855,-1.0498361153784666,0.0503122144643394,-1.7184148012376912,0.3247665573945774,0.5614204289744988,-0.9924376693189699,-0.4453872090853478,0.9560562110202766,0.3072248517006128,0.3863026838212543,0.11868957118233417,2
-0.29305219079770656,0.3848673531544703,2.1021700750127974,-0.5628833957312394,-0.15658403885292801,0.7440885999050029,1.1240290758014357,0.38079574538152106,0.9392059044790851,-1.063406996069041,-0.6975039161237976,-0.3530258042849303,0.9520097387337977,-0.18436272361118414,1.2160183707683385,4
-1.2037853762912987,0.3988417625675574,-0.362976207811523,1.748166754458964,-0.41780811091493747,1.0614254770696812,0.3107734009601663,-0.7460313347249163,-0.1895034392256702,0.3610037468373698,0.28356181285652327,-0.874870356840733,0.4822813316671071,1.2090828909028324,-1.7195996076595657,3
-0.5103840973450209,0.6381260730231489,-0.7144292422100342,-0.9868471895179398,-0.20359954885450374,0.9018090233265977,-0.16975605411649453,0.3213580147084177,0.1696344229961452,-0.03503525642065869,2.268053626185312,1.268765310753735,0.7827146886079075,0.05757550835594285,-1.243742059771687,4
-1.5949135130588308,-0.7433949281885364,0.8447820492080521,-1.8706531725055944,-0.47031297732569927,2.0616644622701563,0.7410568478087912,0.2804419232001045,1.7580231840530962,-0.005778267305715791,-0.3463097141877565,1.987404567502761,-1.4311039460656338,0.9890633418651645,-0.03005927720875422,2
0.5478527626310385,0.5656800356316324,1.7889497414554378,0.4195261959700647,1.9022341879756157,0.9053549458516585,0.443957537192102,0.17376105948118084,-0.5030555256548268,0.29705066740932107,0.6271428788747062,-0.06821251643006478,2.2154287396287575,1.413934413238182,-0.0027841796304800877,3
-1.5834608236196686,-0.25204151032236477,0.8335807090504502,1.0621525010953172,-0.395532076781169,-0.27169820799154953,-0.34791049377366606,2.606502433343134,1.5906706014220455,-0.8044405063561016,1.210731016962976,0.8402120841750906,1.5370721433201378,1.1390155671041808,-0.5924411300932702,3
1.648585666546396,1.9145211183278081,0.655024735207574,-0.6414578186457343,-0.582598011678946,-0.142470239124245,1.466639265060407,1.2197415742277613,0.7189417844558075,-0.4085884132200186,-0.8089787050812127,1.1836615291374808,1.059970817276753,2.7593134522364635,2.039693023347124,3
1.5674059594793337,-1.1103505155997193,-0.01768081923532343,-0.15193192594972166,1.0485469390798332,-1.2359901167028577,-0.39767782387121053,0.5074168879911345,3.1388803239303806,-1.1883083212286918,-0.05925754800532541,-0.6077919468625906,-0.27814652085747105,-0.8883304572164225,-0.5433430138791288,3
-0.7085036276406095,-0.8290372392383031,-0.8073457139697344,-0.7641519371149939,-1.6840924747404626,-0.9731180311868172,-0.1627840425160228,0.43458772956466585,-0.3920746923873018,1.2534527892378298,0.22304322308352528,-1.8420018122512989,0.4703467754874802,0.851967291184363,0.7834825870303506,4
-0.6074690951592413,-1.5510318322917678,-1.3905154991056428,-0.6663877413456794,-0.9447777085003538,-2.2104634920700703,2.1017988309777267,-0.21502582448870142,-1.2702785806390589,-0.5405128984998849,-0.8003923294689322,-0.07951379660538968,-0.5283613780418528,-0.22000561097857982,-0.13460455060706653,3
-2.175130960304584,-1.2672110133856587,-1.8832376489278397,0.33540877753493864,-0.2659930458855264,0.07949661493838378,-1.1452701512691563,-0.02017610397059756,0.7611458756111715,1.8176419751917692,-0.29991207649005397,0.3371119630805785,0.3373204774779852,1.5056096378950925,-1.8581133591010128,4
3.5354358414126255,-0.2861088154653628,-0.44993734045636075,-0.7257898917080242,-0.404201670210361,1.6128181921520723,-0.5285878861279442,0.5219986870296622,-0.12828894846546096,-1.1719563825592032,-1.2204878585937036,1.1275061629828897,1.1520877524013138,0.5638057722267193,-0.3976640852905863,1
-0.3516270629387703,1.9696057619091898,0.020588406197689986,0.3806854216333027,-0.44408823963282273,-2.1282706619201823,1.208828119282428,-1.2625477416180737,1.3966642648271306,-0.8518539643568874,-1.5448937089560577,-0.6612188632603888,-1.5263753821724808,0.14953023392460318,-0.04022830143199452,1
-1.74267494368318,0.5013078088824342,0.7211357430500089,-0.2854977075496308,0.8137827996639525,0.025246741460219293,-2.175150875930288,1.2964251355036152,0.13598541541109643,-2.498404159706208,0.4884867977754506,-0.5566512570857332,1.057251610312232,-1.30319059076325,-0.1290533999486301,3
-0.3724787169105821,0.5873143164021768,-1.4999465104528618,-1.0852276208189873,-0.6072133341354647,-1.0541581992639533,1.1176950693490564,1.157843713237744,-0.09885862363430266,0.2607497359809891,0.27534222602275854,0.7160525462621421,0.301903359381947,1.3022358885185845,0.2032975688260157,4
-2.0836097914462894,0.0929096117808855,1.2796319194191066,0.7758072992913223,-0.936130724517734,-0.628670745240316,-1.1580127240695386,-0.3506353183854102,2.000815062115568,0.47609759545275565,0.629647776318935,0.1466165868665954,-0.14427713180166024,0.28889556839856095,-0.782547765899549,4
-0.8895279716656376,-1.4875538595948308,-0.3335783585967298,0.769299888957025,-1.6686075678675996,-1.5604408056720578,0.7465190503129829,1.078716133594207,-0.9392212339604272,-1.3136310139524137,1.5152283048818647,-0.31335543942332983,-0.5833303624693964,0.2961286893899025,-0.4754518629741649,1
0.921468223930796,-1.604624575160927,-0.5492369238155574,-1.3545497873891745,0.5789339001789013,-1.3410817121539957,-0.3187611674935744,-0.15686077089996814,1.8683511665977959,0.20995420411517504,-0.44808599569592616,0.4803426500215406,1.1779911591529189,0.4512559226147065,0.5279419926066076,1
-0.13191424950536026,0.9884240592145865,0.8799796751047368,-0.6119901706099133,2.879660135972079,-0.8743070759731879,0.3427858825158019,1.9302680621157289,0.22967156371528072,-0.29765657228811665,1.4435630071474712,-0.693477802088815,1.6804290819709193,-1.1079431987566546,-0.6653215088565032,1
0.8122700062766308,-1.9424161363949102,-0.934641367555857,-1.3136696116845146,-0.10221781245812744,-0.9152839406172664,1.5308540872059984,1.2140598214391702,0.8002650843815425,-0.03548878067095182,2.3428876623459476,0.47397870411002085,0.013293894670675975,0.7701024407696967,0.26332715162305953,4
5.250234956781982,0.9371630794268576,-0.9136729390391141,1.1944546949865582,0.35928526549214546,0.3270767432273554,-0.001532646644801178,-1.300203436178692,0.11635214301992718,-0.8921347143496374,-0.8250799327243264,-1.7448628392335963,-0.14349439055794708,1.6681358124120087,-0.5500093836844777,4
4.275302701244126,2.637472058742351,0.07775037930036573,-0.6460156611917218,1.0468963151354933,1.6324714564699798,0.2088161567631038,0.21568142492564887,-0.8798373893052571,-1.4089502627819168,0.9455921555809557,-0.5920166202180671,-0.5308914979970857,0.8570033073057819,-0.19758965595746714,1
2.7154975170149225,2.7341956345750136,1.121359599978086,0.2750314216578757,-1.800714827809219,0.975199956825548,-1.8332076409205529,0.6525279634459973,-1.5695136648368153,-0.6613059948914991,0.4218798066859149,0.8021473219062148,0.122774749389574,0.5501104641870053,-0.5183825825263633,4
-0.1721372280628207,1.3578282587928499,-0.25440184308320196,0.5058787132936767,-0.2366281359282418,-1.1570035148680813,-1.3633919447819332,1.2309044860301692,-0.6204527500617605,-0.8507246362460376,0.9904151399417495,-0.5387122779147103,0.2632928667975192,-0.729282135769101,-1.5717030706129984,2
-2.84000440535201,-0.09978694787181536,-1.6387913334389175,-1.824067630461422,-0.19064096154781865,-0.7566929667828194,-1.0523257779209636,-0.900060664129504,1.0614804405625315,0.6242002994449186,-0.2761094684328239,-0.33672558307385625,0.6125934356718751,-1.4968964427338318,-0.8803454926638911,3
-1.1437232124633354,1.314051862091448,1.3780694590135214,-0.8842928539897928,-1.249538386284561,0.4558722057932603,0.23883901733056082,-1.0935880104277518,-0.33386288187690083,-0.20671998394597185,0.09092732700047691,-0.1018478596801112,0.15830930528321194,-0.38435360147901754,0.33062301653145276,1
0.41265438560348416,1.9157474629213518,-0.6305131347673474,-1.0192692400674654,-1.36228214271761,-2.2361728451304392,-2.395886947834401,0.46956806330061346,-0.7669045472952652,0.5969422564167882,1.1314855094782879,0.6396160328734078,0.878551991726392,0.3665105319845037,0.2904765612059381,2
-1.2099524278679903,0.6647460557071395,1.1905630118526902,-0.4987274959053873,-1.5415362718210064,-0.2854498130985826,0.8356452309731915,-0.8518585460290168,-0.7407054380322047,-0.2278139915863733,0.6549834143696137,-0.8657538052936478,-1.6393487290752125,-0.5762338536319758,-0.02428717088144411,1
-2.9211343579316753,-0.2468127376570472,-2.080056023321078,-1.866357431308815,-0.372942027030918,-1.2625467225091342,-0.8385319759652908,0.1360054504353464,-0.5999757314707974,0.6570099914271729,-0.4509205841143662,1.2561033701044846,-0.15813397018436423,-0.6570110236383281,-1.1684648658403098,2
-2.1772497658222902,-1.2558404641046768,0.3313620357624821,0.24216595559437223,-0.356283457595077,0.7218264431444191,-1.0353910697683255,1.0478393760220013,-0.26746562669364093,0.10310170933512655,2.037787471499302,-0.18044855658131373,1.6650734164239354,0.624104995093966,-0.5153722602518443,1
0.21553679184734706,-0.7257430240276812,-1.382028825570709,-0.880477879181966,0.8439310283512036,-2.11156996757818,-0.23892948781182025,-0.4939719534135413,1.0396297981240847,-0.09582601459963674,-0.9746370075129744,0.5448755677369296,-1.2196332344387832,-0.3738026779118843,-1.282983110308131,4
-0.812061788203856,1.007073250499907,1.9696968232941934,-1.9675134113123736,-0.4034790156820212,-0.8692172412656242,0.04762887646838838,0.2670181859172153,1.3048004428708815,0.6113007045041766,-0.08431714791922887,-0.6143057397083583,-0.028134385582067625,-0.5399735009506599,1.4488739132330584,1
-0.25795056786092174,1.3614587838256302,0.9131625379959634,0.6226446130800373,-0.8721481056004518,-1.3327700950001975,-0.7523009774079393,-0.47697900967386436,1.2285015839811761,0.45502368375208896,-0.20684119565265224,-0.1843135336217542,-1.5843172668342316,0.3572828763026286,-0.8631950802953147,4
-1.934253840861061,-0.5898313957719077,-0.5600954593251105,-1.6210893240226012,0.14138782770064565,-1.0786607015795606,-0.6908221108495639,0.38472865811869983,1.4137844684545156,1.0578431831071609,1.123059295017207,0.6663400954887426,0.2022728770387021,-0.14841311802296833,-0.5596139310301494,1
-1.3018852231471234,-0.721771535614624,0.403001151657647,0.954872400082776,0.15890156917990017,-0.22408571520378212,1.4674311699663507,0.8103967312869065,2.411213726984565,-2.937126874491002,1.4767422318153198,0.00078341028622327,-0.14832046458231993,0.1757347712457172,-0.44241940519513756,3
-1.5319834540427555,0.8893695947947511,1.135155848649701,0.844917450078053,0.9365818933597979,0.6220073290152144,-1.9490413315030364,0.36178992363630874,-1.9640295622203185,0.022234186674505826,1.0418259306485338,-0.818413131700759,-0.6333376871637506,0.40718399945696115,-1.6100942611484323,1
5.182272146557877,-0.04683433058036457,1.2626597877403327,-1.6708398567546432,0.3983385920694026,-0.46343865404099727,-0.8652531744675506,0.24167278459411717,-1.2755926856900328,-0.12272671937939936,1.6250052715702707,1.1441256456371045,-1.8289926538902148,-0.8834351241889362,-0.910205545995517,3
-1.4305284019118878,-0.95833529131246,0.20597823733327006,-0.18223653871697099,-1.2696777849530845,2.9943638075082424,0.9372208609277837,0.27763473511549386,0.16662805621242735,-0.013784060308746526,0.00028532036500654955,0.713756130933554,0.6021151041944132,0.7339029094110794,-1.2126811466108238,3
-0.5311203163059933,1.1671969615801712,0.7292024715139546,-0.7213362645059136,-1.5876730859503378,-1.0750174377193946,0.7565605207165494,0.234807482181001,0.22419897077283094,-1.0928060637747379,0.056371001410596866,-0.8087593674456773,-0.5063136703671306,-0.7016236604806692,0.45734631394547814,4
-1.4920584111443158,0.16264844440597925,1.0727271749463658,-0.8115864573078192,0.18535670318880865,-0.15375308978797922,-0.03719285321493757,-1.9332260968710995,1.5193477481647084,0.4779629263773032,0.7535559756429802,-1.7161097408441917,-0.7117492100558388,0.5926204675747861,1.040988956423606,2
-1.495370519423159,0.38230460326434507,1.748042424727552,1.0024223267384655,-1.1979533081330893,-1.0605460672161362,-1.8935728398660217,-0.657725595984384,1.349688830882164,-2.635655687820796,0.002559402340504973,-0.170158324962224,1.1544195519119596,-0.396343781190542,0.7552823169848831,3
0.34915525573153694,-0.08506134083586897,1.1049773059864196,-0.9378391777655151,-1.9137072426290744,-0.45113373789559796,0.6455182465009224,-0.05032629079822197,-1.4275395692014299,0.18296114357755286,0.7345394347815845,0.3458855778122305,-0.6319453900137774,-1.1565570036449713,-0.4102570593970317,3
2.1777444319999133,-2.2879723012969913,-0.044095754623443485,-1.5406913792878112,0.8163474039554455,0.31076472115616083,-2.053660762266728,-0.16838942499062476,0.4684726398049122,-0.4007040650502861,-0.7842723928550159,1.7477827705665434,0.0345153329497924,1.0947633601795497,-0.11506014139157171,4
2.1535875872969488,1.1038973291341705,0.05786327351459377,-1.7300730448956156,-0.5730155248494473,-1.03267360581992,-0.4554261637839129,-0.3627495267996229,0.17749331970879934,1.04842759352092,1.3539887068199936,2.3228973557272656,0.2743432247148729,-0.07260864893986432,-0.6704309368282346,4
-2.026344246263718,0.7031990990314436,-0.9229278434013564,-1.3645012088381832,2.3174592533850875,-0.7024616944707391,-1.3880229255859844,-0.9330587915797823,-1.0074365967659953,0.23567618494620518,1.0378050707875794,0.23522481421659205,-0.3287236104840494,-0.2550775232925658,-1.308813369748258,1
1.1563934686770507,-0.8054127867635164,0.9396564954665334,0.92793603072069,-1.5609308959333896,-1.1426935362848187,-0.5560764768125105,-1.1700933755039493,0.7261265791338386,-1.8447788290830405,2.4565614691406683,-0.06626619983858727,1.5830145680391556,-0.6627670193046491,-0.029227645439693136,2
1.8634125820193135,0.6979655266650856,0.8427202785732242,-1.4820256512087606,1.6121566247059589,-0.19697323649536497,0.24976739008448928,1.2447856205468044,0.26988442572928845,1.0480583024555743,0.7862276922926015,-1.2448864073675985,0.9005467237212288,-1.0645325088168298,-0.359915678833141,1
-1.8948643787867223,1.4403501872206754,-0.08263310709786817,1.2294553492574538,-0.48355467988866474,0.28981243728972195,1.1236177375126932,0.7732690464677568,-1.646745355125144,-2.139056374146044,1.1317102452160335,-1.4902544297437827,-0.22658990496472586,0.18619709883851787,-1.066230312972721,2
-1.740256150494381,0.817137022699025,0.8432261228858471,0.43739361392137943,-0.5712020852106972,-1.385968885148546,0.5952147103633326,0.6127909287776057,1.8585747783876754,-0.4187786245393741,0.03291693042141234,-0.9431709195412149,-2.1650124709426954,0.014774608845552603,-0.6962945071502995,4
-0.014950104771781162,1.740946654886754,1.592142880352016,-0.2597858502336995,0.3716864619637911,1.0481164519535229,-0.0073778456066040925,1.4307518049079897,-2.3593611737893054,0.3446278299964359,-1.3275108829016458,0.7274016124705242,1.7671100962494086,0.041723626646046376,-0.8415886286370076,4
-0.196330019253671,1.6176720898512915,2.3431098220928726,-1.392576099420106,-1.4396542136395816,1.1689761483578716,0.4326686953790819,0.8361545302568366,0.5230486838459955,-0.585123329490337,1.1155244671142126,0.30730446096056546,-0.3758072404304449,-1.3746520097452175,0.0275734411119948,1
-1.902678274570981,-0.1258782379841218,0.28235047493426885,1.4275324636109281,-0.09440663797591911,-1.7002589284417615,-0.37165231873413546,-1.1499095225609042,-0.21633300750683918,1.2638900497977819,0.1586199088870181,0.6849359477888718,1.1415540028960849,0.46598712862082314,-2.112807554331941,3
2.13686891592563,-0.7131823266326496,-1.603881396519408,-2.27921777604931,-1.0443168192513894,1.4545688885140178,0.45783088263974653,1.4609034424127854,0.052409309675040025,-0.21298374880029408,-0.7723765794822605,-0.4424839565014774,-0.9255884175777501,0.6689642869911687,0.35647029756426263,2
-0.8184860029324598,-0.4569492921160647,-1.1292200068989762,-0.4360136265275158,-0.28743974164736746,0.2113555251985827,0.06201878002844919,0.9587447947748978,-1.3323021608253631,-1.6394071287305325,0.466896409328739,-1.0625193317084924,0.12351729562027082,0.36957090031488304,-0.3638269736766051,1
-1.366777608135292,0.33967428982958714,-0.5632195355251012,0.19163418408761593,-0.8998019550041852,-0.08186936651899157,-1.5106197631877474,0.2237890333773691,-0.4190675875583858,-0.3363392481295389,-0.5335032040534531,-2.4995197381869234,0.5673880885489622,-0.0764993555634185,-0.09225275056295834,3
4.577102086142589,1.308318902501476,-1.2880953925554497,-0.21823927015160974,-0.7518429081993909,-0.4433495955190818,1.293361220792143,-0.9431406835758368,1.135055322707034,-1.8912826622411958,0.1364659517703515,0.9007943622028172,-0.6594524249489098,1.5313614200304964,0.10488611315743916,2
0.11186215844829414,1.948919751431281,1.755108215845352,0.7439493610017808,0.21442421902974323,-1.0272000141860038,0.43315269073590723,0.44678269392023273,1.6174217499311212,-0.3760292994815413,1.7109819670761932,0.18675263264713354,-0.11720224655309669,-1.017878461596426,-1.6180236775526482,3
-1.6644458542100362,0.22616497801454452,0.30521739750281923,-0.13082181700125975,-1.2692701333322738,0.4832289521361759,-0.8879705078394308,-0.9153123086597242,-1.1314933196959007,0.10124844284896402,0.5100562250373256,-0.17058579131689364,0.21425904081295163,0.36407851129375046,-0.385256200223803,3
-1.3245647185937528,0.06291669727092525,-0.3473611863314583,0.501073579432655,-0.18233413322821926,-0.1229808967726262,1.9436010428005432,0.33634418420172507,0.45379940079410563,-1.7405413948205362,-1.017301419095475,-0.4038719076154166,1.4632594272457264,-0.2261090327651115,-0.46975931009139293,2
-1.2010228456419245,-0.5464695816869133,0.8581885187039038,-1.9604917883920616,-0.684795780011543,0.6145926220980611,0.9177544738921747,-0.7999279857360384,0.21882237733501245,-0.06066174633953454,0.5339111562243164,1.3069220848332492,-0.2645166703530349,0.43851896166414617,0.5271457718362771,1
1.5657955138425332,-1.4897824848302217,-0.9551463657725037,-0.009150041437485016,0.3408081503413776,0.2618731524483941,0.5505487509298644,-0.7364521308121228,-0.4808547887534136,0.43430567605724096,0.6018377716954741,-2.906517901275229,0.6329076377560416,-1.038657060745684,-1.5859142531757497,1
-1.510437880841374,1.0400649927875611,2.1584915834667338,0.9362556755969241,-0.5043806114579196,1.3561152485754806,1.1157278704361242,0.5406429722776938,0.6176360161511335,0.944802633593865,0.4385405321977422,-1.4779059975737774,0.7047448982300939,1.5313604024329759,-0.13111324006692654,3
0.7837612809545997,-1.9512355801134134,-0.36882275614145604,0.353911083128879,-0.4006962112122274,-1.163693718751563,-0.7150921878548816,0.9406047889170941,0.026561588182152467,-0.45092475339979526,0.3231004449389681,-0.12409810166840307,-0.23212876720365125,-0.0164834693951017,-1.1371596972555598,4
-1.009233233321721,2.5603874510506137,0.9500290736820118,-0.20585864857310346,-1.3066139812906152,-1.739229913322975,-2.099561918774543,-0.4043465801740936,0.8184143648422908,-0.20184067957667357,-1.13647129336685,-0.058711053683482554,-0.8107343557002619,-0.21708504241630178,-0.1901246591329874,3
-2.9445492742304817,-0.13377275818349116,1.5998832585913902,0.12552653845508552,-0.7344550053739102,0.37479590077059477,0.3786688418312013,-0.7509392330852978,1.3024173178660778,0.21957793158554595,-0.1679474968928628,0.23541622041440405,0.09557854085430395,0.6183593883600177,-0.11411834283668003,3
1.3874785448136253,-1.0757385272940272,2.3125959387653627,0.6381174770388017,1.8328040203198184,-0.6822677506606843,-1.1299358401195603,-0.9901583142787919,0.6147690416113105,-1.0993221041500592,1.6175786504486909,-0.22916452655011604,-1.5262574059859464,2.358206044307238,0.7127044684188574,3
2.423514315829747,1.3178899451101798,1.0082500308950861,-0.5582305760939766,-0.37305917163119906,1.3490796813811654,0.5199225501507231,-0.8107853371813907,0.18112828946674583,-1.1569095421410156,-0.5132663150945733,1.1705110641585965,0.5365500287481926,-0.9140928243009766,-1.0127408873565316,2
3.392034439163492,0.4448644361104556,1.2696491884088112,0.46992817827403166,-0.48795063349646606,-0.07223390877664974,0.11294330756591961,0.9560798406613095,0.25708691034114617,0.5262451661567106,-1.1859286189018377,-0.21885089554596096,-0.3748366604227635,0.7761549946876799,-0.8467803518542075,1
-2.0034268051499846,0.03371748371357714,0.7274175281913308,0.6092056833844277,-0.954027373721835,0.31299861695678755,-1.5827089868692383,0.8399966129244997,-1.3416595945740084,0.13470952110106185,1.179974529221271,-0.2206241815892867,0.30823451138755115,-0.8542159089453409,-2.2779946166949934,3
-1.3769826785483479,0.49168379643511345,-0.6250884206175883,-1.2178956918290105,0.06286060161540102,-2.0299901644523426,-0.6025069617033655,0.7138269356570663,2.718942890811974,-1.0179381041109548,-1.211935983403883,1.165242958494839,-0.11038235782216235,0.43005534659141587,0.28775134086257204,2
2.185306118337709,-2.747043699898871,-0.05822143622341361,-0.5181242397625052,2.404891151018688,-1.8432851826366632,-0.6637648946115086,-0.8729475962268145,-2.0358868641777894,0.9630944505121911,-0.6914579125089126,0.2581873085889693,1.782373969378018,-0.41480731890707784,-1.454817587188597,2
-2.797013296603182,-0.25809678116882756,0.21113400917595956,-1.4901302117346045,-0.7366443710520795,1.1496478284063538,0.5186441553891827,0.39826367318419004,0.6177092068774231,-0.43274658798772675,1.3467332097656757,0.16753345807539902,0.0421106860902782,0.9923625627485195,0.7103700424379334,3
-2.9382263815611256,0.14715472791637071,-0.5077967157596504,-0.01853914530491131,-0.8269408423118261,-2.0035596450494397,0.1739414312199155,0.951803904235839,1.050840535835395,-0.09482353874971702,0.4435452465094929,-0.3449556069440574,-0.3798838458156816,0.5682110734821946,-0.22901290919516784,1
-3.0441882275378167,-0.47881790012823267,0.527582793326251,-0.17568100635808415,-1.0675493614804874,0.39171010729760075,0.7243671311747483,0.14308186402376774,-0.24879180354429048,0.6941660474819904,0.6525845638740648,-0.33549477347276707,0.909291106754305,1.3129976077525574,0.13267505236248292,2
0.16063815620021293,1.8221476422809297,-0.4345609038299592,0.33548772245240704,1.2201595998284254,0.467714858135159,0.08477268921267232,1.073251896804327,1.3916180926515362,-1.008719165946074,1.6465165374063024,-0.6330773348908971,-0.3645881455159272,1.0647584197366198,-1.0981901484631638,3
0.127644176124591,-0.6500669201592977,1.0362713069272984,-1.1943363120456947,-0.28348466165231295,0.7539554989997103,0.9392250539928997,1.482916705485059,-0.3496118900385397,0.30181016910084263,-0.09416217208532356,-0.2575700692597584,0.8720500780632713,-1.136009293707636,-0.7851949741992956,3
-1.7094305665151417,-1.222316797828916,0.0804993417656746,-1.9555711816216468,0.875519911026977,0.3342118695635857,-0.7649318800450506,-1.6878417054385486,-1.2247436150461712,-0.7187241970583091,0.9180579365125375,1.07199029237651,-0.6093886583049904,0.4674142739495554,0.060569107960735086,3
-0.7682418678656362,0.803179483084006,-0.4220144523122476,-0.3130648737492385,0.012502602403660197,0.3748974871273232,0.8926711172022649,-1.9725402046062208,-0.024352296779687557,-1.3701917266929184,-0.05599387006914036,0.6093065637473156,0.9103136153490607,-0.04652385020925914,-0.6075365457264159,3
-1.2624242988721064,1.0568919925750824,0.042842963114081714,0.4640936025461918,-1.3877389934633426,-0.65769357500821,-2.3924685045178298,0.11082830158446155,0.006773174741221094,0.13393492230636897,-1.0494703350363308,-1.6220583818125192,0.46973661999534927,-1.1917973561416968,-1.2393683497425798,2
-0.2749365831489752,0.8667702259358135,0.6540951224014407,-0.8394396385953588,0.1361074109675385,-0.3671140551061109,0.5226198320600628,1.222242507526318,-0.13815822099616856,-1.277510210326785,-0.8683292517413254,-0.4662694855097197,-0.7477392275146546,0.13396992438912264,0.1832564865856076,3
-2.619194248018294,0.886487996577327,-1.6889062632475735,-0.3028211729571242,-0.6498048689506055,-0.5457504420414778,0.1308011084330107,-1.3901973768721425,1.6311855000024844,1.1767755329917224,-0.9655837449021311,-0.6561553908572852,-0.33774301744762997,1.356752296848356,-0.576853129815036,1
-3.0025123350232024,0.09750554914102252,0.5882379446169359,1.3276483597734658,0.1463812113333776,-0.19900698916090817,-0.3819352620665783,0.4986422038521485,2.260383392514711,0.39941508256704666,-0.7273062767618111,-1.0109391596782598,-0.37736540862038154,-0.20736968254322777,-2.2048403594522052,3
-1.3891563309302022,-0.7765145536756443,-1.4462911294872243,-0.5566072414377121,-1.0147510479766566,-0.3402743208015364,-1.1265044307681622,0.3711259897692662,-0.8029009022417108,-0.7919506072070734,-1.0398991472794252,-0.11302420262035887,0.551304013676373,1.0881344661344674,-0.10111189559601674,1
-0.7210390525608539,0.9246025375206045,-0.13158308969032945,-2.4858905619086884,2.6512976497186016,0.9199836906853079,-0.0032306681287000037,-1.0405994958599705,-0.3599149219348015,-0.6169555698074338,0.03459787169964575,0.0034562312318919056,-1.712234822852192,0.40370580768656544,-0.05209182901024355,1
-2.2753964337777783,-1.0373485960977857,1.759036758001899,-0.5905409173504614,-1.7942366630356539,1.6326974419707125,-0.20495487395688616,0.4143213145974801,-0.08159078393091727,1.1767405944988911,0.7693846228865396,-0.8118720759623766,-1.287329103053465,1.9265026621787587,0.8065530014262678,2
-0.22877555999542182,-1.5971088870699368,2.087921687306796,-0.7129590873987949,0.7593745112605104,0.7306198631722218,1.0086186068005254,1.488559414800434,1.6631529207355455,2.4789268059205822,0.030252467452773324,-1.7571255511522657,1.6407872880885233,0.6362754061862506,0.4553012098831806,2
-1.3657178292611272,1.212627809085641,-0.526105187784764,-2.1318410017436578,-0.11561037648834833,-0.4769960815424861,-0.8363531264493324,-0.49760023832971517,-0.41139133885726065,-2.910513880510221,-0.31730356546268634,-0.28131693403822733,0.553789094047757,-0.5957571694989722,1.5762584070450374,3
-0.45469275691741473,0.8033357389423952,-0.9040830834831111,-2.026246115600658,2.012756892204802,0.4293593857541142,-1.2791525902391816,0.2942074527132165,-2.198263880471996,-1.8470108432327443,0.5396239548914288,0.136867919947906,0.30755207343459795,0.8765547088296093,0.4625209588082683,4
4.310680935805924,0.9322404826870043,1.443531673853919,-0.9171572993413784,1.5982403759254855,-0.47071395451514925,-0.0004889428372529701,0.25121749049326453,-0.15981727358729922,-1.3986585246816134,1.5728243710880618,0.3157222803065741,0.0029196831488408083,-0.6859587182022637,-0.3574410131034459,4
-0.5350645607812101,-0.42139107257654396,0.2722557819193571,0.6511635115400468,-0.2683091697510937,-3.1117953054605834,-1.0787729484248592,-0.552575626755765,2.3165670394162943,0.5063633405154826,-0.08575999545551266,-2.0123608728301567,-1.301706453392832,-0.10257626395218267,-0.524678454118652,1
5.721428448286183,-1.4177086344570198,-0.39329383999057727,-1.6543006586652724,-0.561159639084791,-1.0554169036100425,2.6754504592926662,-0.14004569498794472,-1.7292921221943105,0.8199333434852975,-0.48250191904245354,1.2927092202875305,0.2191418159419238,0.6225075542222371,-0.07778446327670124,1
-0.4723614268504626,1.4453541209893834,-1.1176826741466133,0.5119697158306198,0.5156434397751787,0.11447820358019943,-0.8004484911071394,-0.6625302456149232,-0.5642253738751882,-0.36058835364832087,-0.8722799852451627,0.37500516200376227,0.8186742872307428,1.1347379518961231,-1.5703982527999603,2
3.707908388250912,1.7669495184569752,-0.7273470057197506,-0.8958285175714352,-1.6356887783724066,-0.012124435664861008,-0.19161886843632875,-0.8097094789183743,-1.3584869523135292,1.1836014575196796,0.21329629306046594,0.4791463616775204,-0.5812400728991116,1.1040707880269613,-0.7979874680078415,2
0.8939404154861077,-0.36363755736692316,-0.3468714012028086,0.23494133689340668,1.166278141719417,-0.551128511099357,1.4770814390954998,1.3072797748951102,0.7881896972359798,-1.1082724274089406,-0.6212194285170618,-2.63909711387428,0.2076805641554976,0.28452864307232595,-0.22107739986285171,2
-1.9949765472789835,-1.174289871030092,-0.2889433932927795,-0.9307936827142254,0.4605867253590459,-1.4313435582780205,0.30541081447519414,2.7848367546946418,0.3143431153078367,-0.07727715373446674,1.8387095373926101,0.5117656598714263,0.14149623246360601,0.517854644532723,-0.4268595715046738,3
-1.1516617005018595,0.7265011683816064,0.10820376564291123,-0.13397291344020945,-0.2222361412211517,-1.57637994099428,1.2492307938579006,-0.12412527889393206,1.6629631548959476,-2.1571996564478857,-0.24483745815957403,-1.5019408028105525,-0.486602034100298,-0.23329306419558357,0.692522388776685,1
1.57313699436905,-1.4496956769176135,-1.127977438453486,-0.2348533516486233,-0.973710499907513,0.5218579614628641,0.13254032049224274,-0.5802130342802893,-0.3541815631538232,0.1450729402565174,-0.052852432277164456,-1.5185543998631879,0.48944116095992796,0.12260498106317849,-1.046367689722824,3
-0.6401329355950057,-1.7494168864752289,-0.5939402432429816,0.16583069129776937,-0.35331918960650616,-0.8937678200033699,0.9362376865372962,-2.3568155681415894,2.8918374910743667,-0.9153962797295692,-0.7295954261893701,-0.07793879925961221,0.16604972378388758,1.3036992203214757,0.3559608897028707,3
6.093263254140248,-0.6526478718845661,-1.1044556327086648,-1.5433669516390804,-0.08083997029779506,-2.5849427825646485,1.0956638898497826,0.9846357968892551,-0.5910630086317311,0.9419270614372496,-0.6244159816772077,-2.1178335145191554,0.34640268376472216,-1.3474638772511616,-0.2192071458417653,4
0.369567112438691,-2.64785325209596,1.5036248100771863,0.43501812773794274,2.078436649880404,1.3535467768236666,-1.3224444860072884,-0.8261446461947952,-0.7285148296531965,-0.9700967561628653,0.023191092530908373,-0.25413285920004336,0.7026626766585004,0.6807203096400538,-1.1380726069843576,3
-2.0636397189807654,1.3276910139238765,0.16361486004532227,-1.175920069135706,-0.3442090724818849,1.0015248456823556,0.2002216321707174,-0.11885021796946824,0.43421097098090683,-0.5394628668468732,0.34247124452350597,-0.5964075245958739,-0.24791410417487786,-1.2495920284508641,-0.9427826265373573,2
0.50662818766578,-1.6055523365046092,0.717616757855503,-0.18572883884927052,0.9330642259178923,-1.2047042471800669,-1.0295407370953802,-1.1742849478334714,0.6037458856365437,0.1487483928591441,0.3245986685785739,1.2067421271952048,1.0418843396762578,0.8053077862240492,-0.43637013066491076,4
0.11290580097452865,-1.1076777164192275,-1.0218472942269199,-1.6210528697805335,-0.11073725447329884,1.281886778612287,-0.15603687812352748,-0.28280896818774287,0.7229393279130623,2.106782068659212,-0.8006487671149638,-0.58161561348233,0.1984564007827971,1.034470890624549,-0.5770224927359399,1
-1.2615950996612821,-0.13847785815559763,-1.5555359738777368,-1.2506512503301326,-0.1373931385437374,-0.9160380286423743,2.2613101065789434,0.6498631133733509,-0.8537775711240866,0.31305755767316124,-1.0160109132642154,-0.2393994578872879,1.0515972817348933,0.05744939672615574,-0.41282632785866163,2
-1.1097375566422172,0.4052805599793982,2.1176260301534877,0.658405558009172,0.511818202395658,-0.5457014906160376,0.719032972175043,0.23084424782034535,-2.0662882156199225,0.13487264636105076,-0.5386385115189517,-1.9942987845881368,1.0930757856408904,1.074553813175451,0.7012056316463896,4
4.022660877019478,-1.5103420459390213,-0.35200311213279434,-0.2573403333753607,-0.51755287427621,-0.26724102441727104,1.4509280387413315,-0.7797642353965137,1.5666749513079,-1.0992906013553785,-1.6674308749934679,-0.5015491039949788,-1.956817994685471,1.0360415980634268,-0.21005802603626783,4
0.022017662605279365,-0.7625896902401978,-1.0798585176245519,-0.20200429035906298,-0.9991956970814522,0.8078341973831316,-1.478639642080175,1.6923019900545555,-1.1627526835872732,-0.6692248256774983,-0.6411166770516362,0.8505818723145145,1.1586462100620794,-0.26102118201320834,-2.085653965175102,1
1.9041152614113181,-2.129310538028848,1.5069858452998448,-1.0340483545497832,-0.5616496207958704,-1.858852034658417,0.9486539360979171,1.1903338398157444,-0.42215468416366564,-0.49032779368059826,-0.21613030780729411,0.5190982657322418,0.5585455901413263,-1.1834626790401168,0.14941518106112653,3
3.8345459808477225,-0.6158540260232996,-1.6070658076113566,0.05017404843445866,1.4559474810113875,0.5499577884992929,0.4915432415907911,-0.013510171318944317,-0.971990968456578,-0.5499092948578372,0.13205303717683597,0.11277766992953242,0.09138531010753295,1.813669060330261,-1.6230475897447996,4
-2.9425917528475414,-0.9999760101866182,1.5697348138521967,-2.117387446652863,-0.2739309917420753,0.8162902686876351,0.4743557471171106,0.4598659593604817,0.08172310182881702,1.7656839131626083,-0.9609623347208441,0.5113996865082716,0.13620898246029495,0.7030074338903657,0.6800597178414071,1
-1.1164923396231214,0.5441573582890172,-0.1391595003772378,0.46029271361044377,0.2127836292405859,0.5074653095046343,0.6420679384779525,-0.573021603911134,-0.48232111407736805,-0.34425500033224976,0.8752365993846587,-1.0692400955043893,0.7705291604619225,1.3228025746578373,-0.4405506930019412,4
1.885974702266312,-0.8543518418801678,1.9731064558511384,-1.7596086117012384,-1.1671099805618061,0.09024154866080393,-1.3280058852995968,0.01867089053150578,0.672850654290407,-0.5558210320423437,-0.13562806498541927,1.453664268702317,-1.502137540781386,-1.2024138016335095,-0.3234390596677124,2
-1.2866700356503347,-0.7951837063546157,2.9028708265530234,-1.9399052837818926,2.2496770528161014,0.2149930333410287,-0.255102781833873,1.7147679954270452,-0.9831689277578914,-1.3243294348470984,-0.2716382796702099,-0.7521926484910348,1.061053667096578,-2.3120622669284785,0.13324115481893029,3
-0.4978724888769227,-0.14307421623321565,0.032712120924554555,-1.5580533823560083,-0.5807951837532026,0.9467884577124142,0.8606860995091549,-0.6352960507205867,1.1909195123394962,0.34340110070833196,1.1672885549634942,-0.4354570447588253,0.15976944141073599,0.018925608927831808,0.06746748285443963,2
-1.6738302883868028,0.536682123707531,-0.17641117566895,0.87115834334861,0.9025788247287141,-0.6427005975927309,-0.0744935462310511,-0.6742729546956597,-0.504099645551263,-1.714096688098324,-0.37127592344481863,-1.395935119123943,-0.24890900687887366,0.12033808128307905,-1.2957702117373708,4
1.921445683256047,0.9006345830086178,1.3406436427668045,-0.2461495349444047,-0.9934493864164117,-1.8517530688994377,0.5546177024123297,-0.2955264793058697,-0.8785014403914211,0.20270584795522267,0.24848800684906125,-1.1000641084362166,-0.28011584964847086,-0.380643165808638,0.0441482321042424,3
-2.5868709571419335,1.1145936775093621,2.4421252813008207,-0.5597157181840515,0.12215600934616382,-0.46452798279625207,1.0743860924608826,-0.020641088063199017,0.5380423499022837,-1.4001360135625425,1.062764951557164,0.3966082330342103,-1.6276711589940502,0.32553306651903197,0.3699064745731688,3
-0.9579012518970135,0.4273791234534928,0.6578105043705577,0.7468513428027713,-0.5793767827326295,0.001073073112067142,-1.7282297937925308,0.8714663326149379,1.508287434650734,-1.343511683467107,-3.0718431777457194,0.15373476699295321,0.494873816400224,0.12474243308723981,-1.1942126165825135,1
1.123564117318416,-1.6689185644571178,-0.24041520013077333,-0.3255702800037517,-1.5297635352616037,0.16679724009767327,-1.6489962652474228,-0.032761643402944865,0.24918214615098108,1.0856810970073643,-0.752216123210567,-0.7034214128548594,0.22747932063779044,0.20565590222211858,-1.1312503466980244,1
-0.45042202536880677,0.7709040902660259,-0.09215358843540118,-0.13389661311230303,-1.294358430588916,-1.041343705403208,0.3699091478450982,-0.29937295976785067,-0.1161306106131309,-0.23392506576611774,0.3503719647629354,-0.046536927280829955,0.8605262728578232,-0.047824716735912105,-0.5781492164336743,3
-2.2601205915263667,-0.1679865086576001,-0.9418909701010008,-1.1664245971409881,0.6478147036019046,0.48054535218782224,0.2765338768138337,-0.7588041907354542,-0.11204754920868192,-1.2374270259613251,0.705991927929094,-1.3274939618360975,0.02984473506485341,-0.4943046028398987,-0.4214346174178938,1
-0.21481049095637575,0.7177756741676957,0.6876343343734385,-1.1160735756401146,-0.34299821704371247,0.05414465954391226,1.2313346841966153,0.34640526302564345,-0.16912186382931021,-0.39973182549143976,-1.1841432011129578,1.7545110297702236,2.7137631819815815,-0.4236303159041663,-0.41175377056792395,2
-2.699341119555465,0.33089230012104137,-0.5287269717179248,-0.8660666317892834,-1.1095617209184525,-1.550053856958237,-0.18534215445876398,1.0490456342483296,-0.2870989238525809,0.2865290506179189,0.11585472187614744,0.8322029877770438,-2.0891683892043815,-0.01660067618423108,-1.3407508743246765,1
4.591941660864083,-0.45006257172326586,0.593818092728835,-1.4589069147226743,-0.22769279382307053,-0.47645088458258694,-1.208604253561977,-0.8686482237554185,0.20872526216286685,-0.7060805764488716,-0.08569789080230134,-1.0883888306275533,-0.15467266933993998,-0.806484233095664,0.4762994958076361,4
-0.7540460286533854,0.5116472566121596,1.7938021905807493,-0.6385249910278508,-1.4181609517396279,0.5408066931781944,-0.2531359721225086,-0.9830869067092242,1.0250108989228102,0.3650638799968406,1.2024934814835972,0.17024959715785418,-0.01051776729456803,0.20432213069478036,0.13064017611024353,2
-0.7230112998840639,0.4454756813363627,0.550428262994989,-0.4159912279333382,-0.732319443954107,0.5219303869274089,1.156448325771796,-0.8077000443491217,0.8563417615445498,-1.947606461204036,-0.042387354777724665,-0.34339147018037014,-0.5092089698751405,-0.9369787611790755,-0.6636037227833423,1
0.2177307684409652,0.910251242872949,1.1628070520140055,0.936484511374228,-1.241267142069341,-0.9862937404496482,1.127582332522301,-0.36564241125104924,-0.026100534329002074,-0.664318299297748,-1.8040891656362108,-1.195361189325235,-0.3198599654273878,-0.7835703456815436,-0.9551538261150772,1
-2.6729072692715206,0.26921009475399,-0.8840376817172082,-0.19721831076401974,0.03545142785830931,-1.7772951000238484,-0.4568673211305047,0.34183989702408224,1.7932224443041418,-1.6962766283133783,-2.243746179048356,0.8605148479156658,-0.7310692056262145,0.08133630536616471,-0.9276434923200385,4
6.906291931407074,0.3642219996651888,0.6041262958335633,-1.8422307426975275,1.843155985151286,-0.9013132061920263,0.5911125818444568,0.6086895126326004,-1.247873802996189,-0.3106615145985416,-1.007018166638784,-0.14405593765840485,1.018712346400551,-0.29556880495238386,0.08523148248057887,4
-0.9962679585670872,1.9406667748922437,1.067307565719233,0.4013783418508461,0.2878632180173414,0.2683887729721819,-0.41502514879259456,-1.6224245105160635,1.0808390025937062,-1.0903048865261002,-0.7237960502020268,0.12467520687847007,-0.18515627697708834,-0.48932282485722445,-1.497990691366982,4
-3.0787768235864865,-0.496021592451452,0.6674239499879163,-1.1037007131266774,1.3075378065601388,-0.6985819496486488,-2.777676206440354,0.12730249196656482,0.00847280619059178,-1.4302435427702807,0.8723000302256171,-0.15120752183212702,-0.3274279540732601,0.47047605987352714,0.3659344948098624,4
1.4329746708836144,-1.3115376765671143,0.7456538974736656,0.42202797777631507,-1.5975176120205015,0.05857602060852874,0.2796732446478297,0.9285969808900856,-0.49816910704339745,0.018258722274319836,-0.07207948537628542,-0.525906608143765,1.1051802525327599,0.09061605968422075,-0.9054174413870925,2
-1.102631768218888,0.2084995735869829,-0.3789354167253837,-1.7040475918149638,-1.076987374885825,-1.1481445489616415,-1.5596090307684483,1.3715031055165063,-0.992829782089859,-0.8019790492600232,0.6179188475266771,0.12120198933941517,1.1587961591283362,-0.1217385983965402,0.6851578220814708,2
-1.0597783179676243,2.075886934859766,-0.5053547401079416,-1.4575849283743076,-0.675624451344917,-0.43890440903328026,-1.659835681259762,-0.01650704443543267,0.6277632815279701,-2.125254504417606,0.5143436442931537,0.23525897106998642,0.45910659330123416,-1.0279814688274376,-0.14646837059782353,3
-0.4995953809337401,-1.6918423204728459,-0.41716177814781774,1.1396072497333114,0.2553767241605514,0.5915242146479534,-0.4855965187631438,1.2432674756134758,-0.5226840903137179,-0.8009677050184575,1.1968898103835732,-1.2378747041158726,0.033105281021761974,0.7123051813741773,-1.8779587324576914,1
-0.675211493783341,0.4036486187762506,-0.2155287906737296,0.04627768208799573,0.07398627029426233,-1.2930238887982008,-2.043563779000853,-0.5436138479196134,-0.25452396753553663,-0.35022957785770364,-0.9878962250732543,0.4256808076612159,1.0244011329498985,0.7283289504729595,-0.5470917725708506,3
1.33192872175655,-0.6049413724453311,0.8781090460539985,0.11737697803322045,-1.5297672853798503,1.4214927878043138,0.20913551756850002,-1.600497247408582,0.6483835569676147,-1.2555742187847436,0.25387160116534174,1.326657505583917,1.8919380288673584,0.8377376914333701,-0.2112205427906241,3
-0.7844847661668514,-0.3414769624227276,-0.07287848285911017,0.03814538825123414,0.5787688555204771,0.2498566727748857,0.16502483939071158,1.5260856744471536,-1.3248122255831662,0.9306782066812447,2.699417090281385,0.49997763017709795,-1.0733749289927454,0.6757480393707418,-2.7689682167507383,4
2.064947514681937,3.921080200543512,-0.5651584218247112,-1.8148973300259053,0.11597396988458769,0.0848827820575561,0.28329775794977224,0.6390136403816564,-0.30079578280411784,0.31523305656460754,0.34564279860008795,1.0546874713118284,-0.20497142025314496,1.8310153236918965,0.047975071899617076,3
-2.2578595896236893,-0.5763658282510988,0.4780121972562997,0.7274306159954909,-0.9461051133277149,0.26990176816725325,1.3069290618657525,-0.8777530490443105,-1.3009612722716402,-0.6763651894251296,-0.3852489034233087,0.5459239981990903,0.14968706120549416,1.2698023309671858,-0.9167071932088487,3
-1.0228941851622282,1.1465886371238094,1.134450657788285,1.0094779838318102,-1.2592279811263205,-0.6517994455127943,-0.7228655480823795,0.989853622000341,-0.6625199101040494,-1.1029499189310565,0.18752277616382645,0.6937807996525862,-0.1032423040434666,-0.3389792933888838,-1.7689126191580173,1
1.658126962069879,4.250539445627005,-1.3694387696222468,-0.933036637096337,1.8294681856804256,0.9168200223767845,0.9749164611241287,1.3215077418705274,-1.058423729182362,-0.30256435475936305,1.4186769879496663,-2.036053195945572,0.07634762889545407,1.0163758516426833,-0.8915026698265117,4
0.9234768198580718,-1.7770438087286442,1.8500522981683143,0.2871287897326708,0.20905271366930722,-0.9005834529485963,1.8173078215781364,1.5123263802668845,-0.8951364985899783,-1.0752316181064796,-2.0723259064177983,1.2645898891697225,-0.6964346308360022,0.3236890961434413,-0.9839659203379176,3
0.19758168595607728,-0.9987824110299093,0.9133685441097,-1.0523571422170515,-0.5365620475216951,-0.6440015530896056,0.6434856118395726,-0.24800041336583276,0.934630196375611,-0.30546679662644,-0.12848110637235333,-1.761755272731968,-0.14048827805634542,-0.4770200315170096,0.6172447003318143,3
-0.8672178343587968,-0.25734003253935905,0.41781068857284837,-1.1086308123002349,-0.7096734752990205,-0.4943071359123252,0.7783473671477092,0.37211562210758076,-0.6758932904650221,0.6328801474237209,0.625905598611608,-0.39324783940491337,-0.23381759985876222,1.7617181511736,0.7829283389354393,1
-0.9230265314203688,0.9072403220834421,1.983112955821269,1.0517431263191088,-1.2693706375372542,-1.2763114999313763,2.204739857469437,-0.26472597573319395,-0.803426993132538,0.5190228375194326,0.8451779657317592,-0.15051190503646722,1.473395207765298,1.248451779945313,0.3031600563260403,2
-2.6780653935440695,-0.14769447535963445,0.4002676266249835,0.31744211806542194,0.3393732892870243,1.6075035678416507,-0.816886615162047,0.46166677359131647,0.4218716568847462,-0.3080734264109926,-1.6330975642184937,-1.7772359457059914,0.43641987279456157,0.7467629913914263,-0.7777961531229423,4
3.989599203875672,0.41520607535794124,-0.37579696898340625,0.2705845207288369,-0.50662814008179,-0.4241987854617568,-1.1623960004218399,-0.9263293442390579,1.985562364127777,-2.695139845079435,-0.9601746626081502,-0.1753233309430948,0.5878690978243077,2.638084787801521,1.4342590585953705,1
-2.7804449119734778,-0.4404003510134286,2.2350812756880143,-1.1929218383742815,-0.14897027954749473,0.14609775956799453,0.5344750388133099,0.031281688138326484,-1.090383139716001,1.2151850504547925,-1.6930223816908427,0.8702101548542991,0.04939286650547661,1.2799384040760604,0.5659792168228368,2
-2.262251617244494,-1.2840046033879176,0.47289856873969593,-0.764184860073096,0.7150900303035967,-1.6553718203609016,0.6499464894511162,1.2358313179560958,1.2792697594008928,1.0400456990541822,0.04740818035734204,-0.6778924266107554,1.0179020771501333,0.7945610614222816,0.3062356797257767,3
6.198455212783911,-1.0931542416544195,0.9166532677343256,-0.09215759308095098,-0.0008884719080102134,-0.8987334384656949,0.6280221192873182,-0.10899551089701738,-0.6721961408660369,-0.9332717689900265,-1.4988565953240753,0.6294297032274597,0.8740168032201258,-1.161483226934282,-1.357666229288382,3
-1.7816144425796474,0.35850792755708305,1.0518238679610878,0.012103671776851583,-0.7217137240758326,-0.1997201898332961,-0.08251346161075344,-0.7182684709978828,-1.3764042395600418,-0.8433505941850515,-1.3400293575502318,1.615153815012011,-1.3139453951261018,0.4206016387868064,-1.3634322195899056,4
4.464636071768449,-0.024126143583084556,-0.10577792322343978,0.8187021747884468,-0.17957311322704167,1.171347739224148,-1.1125481109944366,0.21448578601160337,1.0361988041150314,-0.3233028019527365,-1.733216153234158,0.6362962096130917,1.3450803796998014,1.8379074710418604,-1.1813819023266268,4
-1.7442110178538612,-0.9969328933614326,0.2969898676001079,-1.0565875089319623,-0.4257368448388928,-0.6494131933265522,-0.718542968395234,-0.8328147019830646,1.7222549057094239,0.9126925343557234,-1.1919619518899236,0.09372873686512836,-0.26065344371260646,0.7337650346919521,0.01807864332103799,2
0.45847413081645316,-0.14285421943855425,-0.9095865217377502,-2.141202785502587,0.34191803250761876,-0.47580677251136894,0.027765737612177897,-1.3804983688271746,0.892150385149127,-0.7904275641185072,-0.14122336745479086,-0.7170924882977058,0.9372604852356169,-2.4263905612262957,-0.5858856133725869,1
0.7263030737614102,-0.9727115602898533,0.7223986006384759,-2.511791524731718,1.0368027433916724,-1.6071672962740415,0.6223465139516793,0.880730990330259,0.3060600971177115,0.7016638093988187,-0.3560001509996426,1.4559059777865182,0.4264517633817864,-0.921326683220274,-0.45119609412499984,1
-0.7994456089964082,1.3216301994586952,-1.4476364623908744,-0.43361747426247277,-1.476129031076364,-0.5830702279831397,0.5858764354492086,-0.8889909763623779,-0.9281935372796251,-1.0711478151926774,-0.4110749844024394,-0.5066453106077764,-0.09766559614030011,-0.13819315889974848,-1.0356518623783657,1
-0.9913663930351799,1.9643814453098638,1.8515752433409445,-0.8886535968131056,-1.3234415497661063,-0.6455816723690331,0.5498121496387386,-0.9229886468439923,-0.06819378036627897,0.5378461399343064,0.08344432594892426,0.04841769033212579,-0.3698938935974426,-0.23633319347063117,0.13806519500694991,3
0.31628652405812835,-1.1469559270228549,0.5920773769588376,-1.1527757607237337,-0.9569916932373561,-0.8182300857961465,0.4181486917664712,-1.1262010420178628,-0.02545069188946353,-1.4986249085347723,-0.13857235702458845,1.7620958498696306,-0.08929498405339474,0.21910060467544618,0.2892328828663526,4
-0.11750255845378285,-0.0816427948784726,1.4140990721742963,0.019924874889396003,-0.5131423926785784,-1.6635237349139318,1.4214565583957743,1.299341869663502,-0.47272899585707656,-0.8261182335679118,-1.347410776709844,-0.8848123108062897,-0.08835062121972673,-0.36722339424117595,0.050517945267760794,1
1.0664198423654545,-0.623374906224829,3.129043156935566,0.9189871490490875,-1.6676714052800037,0.12413429913167845,-0.7768018468736778,-0.6402683966993306,-0.7611676126855474,0.6425705736813669,-1.1696564953689426,-0.36063028609414793,0.3837444923056791,-0.6904925316146681,-1.158924172148864,1
-0.8183381359783728,-1.6501132962173086,1.5924015791878643,-1.4508530063103213,-0.8501541298492975,1.0396586001267847,1.2688844506161554,-0.1275681539559469,0.6423425597094824,0.020079886969597633,0.041296909202592796,-0.2690030737033923,1.5083699660149665,-1.1986450724677813,0.18148988760159207,1
2.1820462151192235,-1.73827353706741,0.2559272716470331,0.5597339316014155,-1.3631827390066986,-2.4045845944366744,1.2801416320572307,0.10630119538127368,-1.1327959883991903,-1.5438796708615405,-0.5894561135585522,1.4090337664370893,0.2848065398710911,-0.8869793528213563,-1.5225885674482966,1
-1.573096356599374,-0.6368274333371609,0.11264665020141194,-2.5834085579698,2.7661990269900363,0.10888461443973985,-0.07453304480990348,1.11197190164312,0.42391548615375074,-0.0665675652106172,-2.578624541254712,-0.2536170324667957,0.7884401267801707,-0.3282563148652568,0.0777887802215994,1
-2.556926958575211,-1.0714899038035643,-0.8817151801965781,-0.5891322792719708,0.29899347130205567,-0.31209870795083644,0.7275982385853826,1.4156875729169882,-0.5290768629353355,-0.7716074165605529,2.0031249526139447,-0.8926255657890225,-1.0985268197713014,0.9409706507144924,-0.7497428154996287,4
-3.4528560847331686,-0.7061687683526403,-1.4746203740536192,-0.9390713979446168,-1.1103735192237831,-0.6088886172809636,-0.44802982872285635,0.5897453602303412,-0.7459918121568939,0.3242420199991015,1.5641841530856184,0.7018464542185406,0.20566112773912115,0.5168718631763819,-1.2937574891380579,4
2.5680967593804023,3.3851591492791826,1.2958038761266242,-0.3414784588106857,-1.0321568842739186,-0.13723137471134783,0.6627415228506081,1.0634243152987413,-0.12824460076879013,0.6565420913855023,0.6410168848526683,-0.4878412803111609,2.8520021719936426,1.2816981301750983,0.9494707265963714,3
0.20079508049893247,-1.4823472087018872,-0.31157705482832837,-0.8099540186260649,-0.6872912194618251,-0.057053548300373125,-0.5451518193684749,0.10736509961380498,-0.4044094289272891,0.9755367269399873,-0.1715597985354432,-1.3156754140074995,-1.0885641622202364,1.1886518963047925,-0.20267481749092858,3
4.632371050192924,-2.622479231384156,1.1966075115964754,-0.49951255367472747,-0.44393358453668746,-0.7087660852060966,0.6648452532188112,1.6413603683889173,-0.37960245403161463,0.9796347090628675,-0.23872353926712106,-0.458553859877232,-1.0319325377752773,-1.5063388652265008,-2.1392074691753074,3
1.520504998372119,-1.8801315435173036,0.07466411068546716,-0.6790591893227456,-1.800820100913145,-0.7118768324009804,-0.7569608825558422,-0.3898081501156568,-0.9284208608202729,-0.617683272804823,-1.7921911596780282,-0.14333316949177144,-0.5561724712503221,0.3249979518687558,0.06196147017648909,3
-0.8395498256052706,0.7434548240953988,2.87446555552509,-1.6930022321351659,0.5203326215593198,0.08474157685706478,1.7383222405340768,0.9493955184783371,0.7084826484371934,-0.48142227056323156,0.3160999065940476,0.5126766700575788,-1.0419073039748197,-0.2601663732361461,0.42788836974947375,3
0.11221194441745866,-0.7742571896814707,0.07967215022371146,1.7170622145265737,-0.30436554355447665,-1.986814813148429,-0.9804592274486365,0.3613748379407609,1.9885836346392223,0.03675928722158871,-0.5314842305672755,-0.936203424893414,-0.22862572666723105,1.6272790260766397,-1.0385741345333714,3
0.9539583494220257,-1.3349155489055713,1.40931048894035,-0.853776924183797,0.5822313351331504,2.326313052024266,-0.15654596086149034,-1.6657948656136399,0.5725052611335744,-0.0288834132978495,0.4896998688054297,-0.9468554617610294,0.5157810525430004,0.30448178555422123,-0.1623992131557156,4
-0.16818723063118907,0.46968365885400537,-1.0964333787864555,-1.9953720887325401,-0.2565613358902161,2.0479854712865975,-1.2947388454996471,0.08154091957794443,-2.003440395729557,-0.16135468645896456,-1.0575628249982467,-1.1483363863599665,-0.5038626068737031,1.1241576005924792,0.09860802207145282,3
1.9700799575410826,0.7020566561852942,-0.9522480568062216,-1.361672992304271,0.18852023702830073,0.15650940358612644,1.005958676905379,-0.559172089350501,-0.6793494482914091,-0.2372078137873448,-0.37370153781358273,-1.2010389923121783,0.1116207421971753,-0.4135532674110239,-0.9517210095107962,1
-0.09173505167411612,-1.3729634319436526,1.9383441896008409,0.9007282344373413,-0.32421293974984405,-0.3941600271716271,0.5602254796669756,-0.22334415802788202,3.0523890283303645,-0.8636007821242214,-0.09251607342532678,-0.16591076071436453,0.5921528117174383,-0.23795274785229778,-0.7603255605777033,2
0.5136852929997239,1.8463048293223039,-0.49523499936746224,0.016220136669240378,-0.05614448405157598,-1.7608470440716142,1.2125741100761391,0.9529083530194851,-0.003599913666506592,-0.43082316898909273,-0.1604675359088671,-1.1310086579851562,-0.40361767394693093,0.9825601324834623,-0.28748315076214964,4
0.5289209098487144,0.798977046254646,-0.37597620410712207,-0.2108003887717543,-1.2514291193717273,-1.608815803321181,-1.5046298253530388,-1.475378947194271,0.19774209529678144,-0.2676085042919928,-0.956537222381395,1.0913316220781206,0.20676026722605098,-0.27380315310123565,-1.3785828853506108,4
1.7196881792331067,2.3589231515415374,1.0899496592663651,-1.6848701865703768,2.0084720317219045,-0.3776805423914149,-1.744452056873733,-1.312606175136753,-0.7462785551863815,0.09763995014521135,0.43664086943674557,-1.298004571284225,-0.07976688331394907,1.0000164995875054,0.8514257722747125,4
-1.0700770126190664,1.0159067939272384,0.2846381056809936,-1.1828749216768917,0.5293387603940761,-0.06799238575498778,0.6122840572914081,1.5549810088595126,0.9708324430651275,2.1561063826955795,-1.502374584536946,-0.5490723259955893,-0.7299524992271781,-0.6061139884628287,-2.172244248177924,4
-1.8738866866567288,-1.377620089691221,-1.7326266050670653,-0.2854707490097725,-0.1674988635120527,-0.29735204652463265,-0.2746351992612016,0.2627199113500418,0.5703328372758668,0.14592997704157815,0.27535908410390925,1.4060522342821686,-0.4540048809107119,1.212917831537792,-2.0591096852583837,4
-2.0431386681738357,0.8395176273964343,0.8641022244596408,-0.3622945377405767,0.2754589751649095,-1.9439219913907193,0.9368542022788654,-0.512067047574255,-0.0034715925686087702,-0.9032567680017791,2.508587703074359,0.931393498113274,-0.9049887532748,0.2811637279670687,-0.6708858363579054,3
-2.052794294924448,-0.3352348711937677,-0.177527130141565,0.7725718999978668,-0.9426241752697959,-1.408457044157979,1.0959122974159037,-1.2599852699075818,0.9836529742147618,0.2758642993711548,1.3173725165705545,-1.3245199316993557,-0.1297639520113581,1.5178405032812898,-0.2651672403470838,4
-1.5625129026849283,0.3553832416526226,0.845489711468847,1.4658674487447994,0.3722417421177251,-1.171596954964127,-1.0817754159652462,-0.18028364600249724,2.7203942033197483,-0.943150862696243,-0.4109387126250658,-0.7179385072785376,0.8973678448055888,0.5947843919379028,-0.851539106316542,1
-0.7529405358528374,1.1639572477210725,-1.725079422155512,-1.4960757591135792,-0.802350669912176,-0.9154413344947052,1.0537414886386955,-0.4553829465223258,0.06073573392632152,0.39248414936002496,-0.4637385614725484,-0.025781949900556534,0.05466144345701544,-0.4747619531496236,-1.29887368987446,3
-0.38322584563659556,1.3259635958476936,0.42001244268572496,-1.6305829684271964,-1.4030274236532048,0.8407150801095732,-1.2537995701562363,0.5229819143307785,-0.2831437854102122,-1.2604997660972126,-1.8996935862792568,1.1109130536804825,-0.6006156335475209,-0.579223751675109,-0.5596520074118615,1
-0.5783822465406969,-1.8856179206642392,1.1633900991343855,-0.019784448470329986,-1.2156431533406618,2.245237682339757,-1.2283393014843516,0.39799684366391713,-0.8304977508571899,-1.3773085760112,-0.09972688070425804,-0.49949985227309923,-0.4534436421342713,2.376709956068772,0.639274961260455,3
-0.8875757262768,0.6429155983315488,0.13439523000753545,-0.46713805373863804,0.8784310549195151,-0.2648422433410962,0.059702391754963516,-1.0097424114578903,-1.3308850452394971,-0.5337097344552814,-0.15863589049101992,-1.0066498339953631,0.2661515317911101,1.700785376765272,0.4026603640788363,2
2.1015566133356804,2.651395185380154,2.109072521875395,-1.2647555189150415,0.47769191906786856,-1.2046423629962493,-1.075065405478188,0.33840936667918103,0.058022523675329674,1.4083454947373815,-0.2037807789968488,1.353601304116322,0.8104384415679532,1.5050951659778773,0.595450069073178,2
3.561015608715423,0.5843850016894042,1.7866955764307852,-1.6990256397526569,-0.566402220639284,0.3716623974852663,1.370347859892408,-0.8248263297022115,-0.8944801418581988,0.09241249444766174,-1.6328987208724717,-0.24210079944119955,-0.23171087211105137,-1.401169798904915,-0.25127255645233787,1
-2.4771263829478425,-1.1786253526795751,-0.6987180336676121,-0.8301915999631613,0.8045387408127891,0.6004849942897047,-0.37600557899439074,-1.6780692222382858,0.2812665353517623,-1.5340385391701008,0.3897354931132701,0.881708664729237,1.151527255611387,0.2762642404282942,-0.9898143603291478,3
1.2358571083964094,-1.7519229517069883,0.2003189557033735,0.02974483651203591,-1.478329872686368,0.3600567502956976,1.2646115293138456,-0.6116656562145548,-0.10191412677152478,-0.7715186970987963,0.6429559960849436,-0.5334082515858788,-0.2209553957352237,-0.33496489930489615,-1.094272433619777,2
-1.1703449530388246,-0.18264860850968984,-0.4292874115259586,-0.3724516567382498,-1.1857608246983578,-1.7750778004098524,-1.7779139155957289,0.5660504781504238,0.2139626717141655,-0.3072595741358477,-0.12630640363510987,-0.11004795416853966,-0.13318209227986721,0.5093922884275546,-0.2802947125820744,2
4.284855720094302,-0.6215272610457819,-0.40910714871454545,-1.6273970630483572,1.2094664544769798,1.3691921176935316,-0.1407272235578734,-0.3548390833842845,0.4201135586795762,0.4395057057145742,0.05564182362945216,-0.0239435048539727,-0.33538818272011023,1.6798987979447146,-0.30410745353354696,3
-1.3117347714436545,-0.22610478923774732,-1.3700630381818029,-1.4928178491025026,-0.6172955940354921,1.1509913295036873,-1.0069549473849062,-0.9979274266678079,-0.32042002284782634,-1.5452697318916073,-1.8789514074478064,-0.703394196206858,0.710002413662978,-0.26370627456616996,-0.19491358605339681,3
-0.339274403963426,0.9411311873612568,0.9200993060676304,-0.7835412278015562,0.5982723234656756,1.1187677548372734,0.8691505167333217,-0.1993324809558984,-0.511070479824399,-2.5985718333774765,1.8483166203303882,0.043691490937501354,-0.9008106207852071,0.47600773710060124,-0.16137015739857027,1
4.47945851609611,1.7571701102084571,1.6938994079593472,-1.3127218745704539,2.005382376933187,-0.825354720338822,-1.6425014327939655,1.258572978375375,-2.077276456410532,-1.9339267968418032,-1.1965497780704943,-0.85531752157203,0.16912289980400286,0.13486117167131736,0.8145166324908136,3
3.709763744912947,-1.2339845976231423,1.3412326641845866,-0.9036766587883303,2.6650542794623586,1.5248705349404879,-0.55771650532004,-0.5490667093915649,0.12232941923470092,0.0801703994298075,0.7189066422935656,-0.7470756436785325,1.6264230944951295,1.1584065581371752,-0.1254172747662422,3
1.1770922699066841,-1.459656728045326,-0.0038942115327439434,-1.1274909122622399,1.7897970552106397,-0.4580353643069345,0.4567675888476118,-2.896914698698464,-1.8545881342269626,-1.0670091837354554,0.6515189759290254,0.28975130879262645,1.4883440189069712,0.13194613769972272,-0.4005785919282397,4
1.7822412445020022,-0.3655445770006501,1.6054154930192357,0.34653971610792444,-1.922323242297151,1.3157179776460382,-0.4731865995816744,-0.8077699551886486,-1.968793634375406,-0.2463626857812244,0.3713362413353142,-1.8037835400948568,-0.46894408265535453,-0.21611589374306855,-0.7893650671445678,4
-0.474360986593907,-1.0121482690310193,0.41283465600390157,-0.3374715824371271,0.02798489153530651,-0.056703359582420176,-1.4478768242194795,-0.5866443824689543,2.112236850451777,0.7425942074520441,-0.9540478288442006,0.49052500670327803,0.963261866241127,0.43248669450171845,-1.2249637920901946,2
-0.8852486347286875,-0.2323707695039405,1.3376482801399294,-1.0160237671686456,-1.9756785312251515,0.3372050718691733,-1.577843171053092,-0.46941563340189063,-0.6708495593533155,-0.30980137195603596,-0.37992137858358743,-1.0543208617308688,-0.13674030770672924,0.972562732093608,1.188879271039972,4
-0.12937996382672903,-0.9640169356267637,0.3453524422548383,-0.7460020936939394,-1.1302684545820492,1.4022860365828687,1.0470737668424013,0.06814821700407077,0.6014077749349882,-1.6508113715589698,-1.1861541918538718,0.16514236687831743,-1.0009088531323378,-0.03659618005618574,-0.7037121698907091,2
-0.7986985753340133,0.30442054930240625,1.56715711793183,-1.3499954533991394,-0.880793727281268,-0.1809799642609271,-0.453333677644099,0.318946387379163,1.1161349618674472,-0.2889226547181247,0.9879041629108899,1.88659726175011,0.18821963105070333,-1.2774723575269749,-1.3047501228558145,4
-0.7663927373457315,1.254163407610443,0.8157275477483967,-1.0519479379623262,0.14411610814478482,-0.8514947069093006,2.0962333754369764,0.0907425342283536,0.3007917020020353,-1.0985637385404743,-0.21692197616438857,-0.6127932941023205,-0.9514950029926421,0.18280193019018665,0.47743983300436976,1
-1.4910220099635447,-0.8586863672294222,-1.5003070070003452,-2.215691025780318,1.554148870736758,-0.274939427711089,0.4866315285951399,-1.479689290168303,-0.7829647038300753,-1.1656252682991584,-0.24900590038516293,-0.734119442678594,-1.229198466287623,0.1848272154333558,-0.1712345930878072,2
2.1906355083628495,3.669955484543733,1.6145324722517462,-0.3679650243595693,-0.9736760116361654,1.0935977408902988,0.07149794285974502,-0.1202513035072548,-0.22116036252050592,-0.5915099333708411,-0.005820609564170963,2.0991814535260045,-0.5617575971383725,0.243430147822353,-1.6811645988400268,2
2.1391222149996856,2.2809047238138276,-1.392347209960681,-1.5777459262354068,0.1844322428329067,0.32102850902653934,0.3594119949033275,-0.8742966298310152,0.9736060560505578,-1.3203352539647326,1.0768231827318997,1.3102019723421163,0.3992306864335445,0.5243192018651972,-0.6700907282044621,3
-0.15238453511308298,1.745906157215033,-0.316424444573594,0.25235402277651936,0.07213946171748868,-0.09439347278943284,1.274024682793461,1.1329228842664518,-0.9321716649513341,0.0015918969667294645,0.4507507361555992,-0.9910467121135718,2.141221583092121,1.6307978239634693,-0.34458401334734273,3
-2.787070097299304,-1.2883883911558232,-1.331928842607098,-1.6570880716595513,-0.817446973261058,0.6342522033103349,1.0347908883222035,0.35795745210255164,0.8331478016481916,-1.091862686086383,1.1777376685333605,0.6251024630529719,0.8363077443399796,0.7905979467179673,-0.019801465340631708,1
-0.7306016595806408,-0.49711547592987837,0.35200527358820854,-1.063116980796087,2.1779443986010993,-0.2116984880835923,0.7669278365119414,-0.7344947648373938,-1.6698566480082735,-0.29409804464669537,-0.5901204323378785,0.7571032452822244,0.020311407443743122,1.256852378492833,-0.8113397458538486,4
-0.8996699662437626,1.5374958817279518,3.2725806698886837,0.41457086592578796,0.18876328911971266,-1.0206625869886472,0.09622641199017787,0.5014089988225922,1.0254559916242605,0.5081890642878848,-0.5978360308311851,0.3671325119713176,1.404331915078113,-0.27293217340428616,-0.6469491488823069,3
-1.253554418455222,0.5522845546658682,2.157549539079029,-1.2233183689013793,-0.0879463593077053,0.8747354564380723,-0.2988402729339909,-2.452918947189103,0.23835357200766094,0.5826584091203623,-0.08042859049116356,0.8620095722494522,-0.9378156340294714,0.9135832198362297,-0.03463344624073077,4
-2.075280181831916,-1.2214218043093428,-0.673435712890771,-1.074527630100478,-0.5060819879245194,0.8880671424303477,1.2406036545734684,0.8204390325894475,1.3414211426212768,-0.3468861421992678,2.364355036357404,-1.3295240741112644,1.2263331588227766,-0.29557166398259727,-0.41222808797859894,3
-2.259763950517315,1.8039712034971478,0.6243114438043798,0.34920147613376235,-0.05656265867846355,1.75512013412585,0.5702042746349859,1.1692861182320686,-0.427448616374862,-2.3003738317403988,-0.6624625686481513,-2.221481028612354,-0.9785831175040248,-0.08810523338472602,-1.0036558243121794,3
0.32913385925411326,1.7007013399697912,1.1855230703251651,1.1485217300290558,-0.014646482706753866,-1.0121934305618017,0.0483597615947433,-0.42365743590388644,-0.6250916698803541,-0.5703828783119205,-0.6255650683157269,1.1249558761807215,2.6190013471358644,1.1682578059739042,-0.7349335593868714,4
1.078494529059268,-1.0466537909445828,1.4424475627811564,-0.36853734526444754,-2.0206638430780064,0.4691127612638297,0.5528980890116145,0.2955991880603692,-0.2878045915549267,0.1987065669215458,0.3458434976408474,-1.3382511084450506,-0.6773169798609692,0.4937816670912856,0.1050956156930393,3
-2.886809710555577,0.3429098580010446,-0.003644355131281773,-0.8110819310893848,-1.0825379732451494,-0.5569256608269736,0.8458979200131456,-0.4455778489604654,0.6427451871392926,-1.9430297066794737,2.2285539651803306,-0.7123316891177027,0.666621635768475,-1.2663430872368997,-0.20437270564419108,2
-0.6191225768621414,-2.2861872980715487,-0.15202145825012514,-0.20881179499627114,0.269614115344775,0.0038027488570542946,-0.6103552221917524,-0.5316210920611205,-1.341922198738844,-1.8985564801541173,-0.26757297600075425,-1.7788950565482617,0.18332332030439033,0.6169695655789138,0.11672942984839886,4
-0.8884467078993628,1.7333382341511394,1.2439084718312843,0.2824510994673631,-0.2681233983785079,-1.231979486350529,0.9941326518811237,1.7565571079721063,-0.26956924941766064,0.974101511034628,0.19904022190847534,-0.9774960834578343,0.5442953225023601,-1.5557621845505654,-2.134716334761245,2
1.7879619960271125,-2.6594346887806943,0.2111228174765787,-0.4741998152079011,-0.5791248824265408,0.9367526628894918,-0.7509579636819993,-0.21470030791364983,-0.5829521540232241,0.6978307007270163,0.32031390379189345,-0.3520246697924954,0.44102321399589,-0.37017310639336914,-1.7849135597045496,4
0.519079223529946,3.1382918372238775,-0.23392676458913852,-2.5465849209966507,0.9638289081228015,-0.14019913371882597,-0.7491761427989139,-0.43283247775357714,-1.3684066815196083,1.0257813687723785,1.0350850197182289,-1.7604365819120174,-0.8995572963171722,-0.44257517717656697,-0.3092817211896946,4
1.1252708372515743,-2.867594851942245,3.033216177292589,-0.29614675560938225,-0.878534324016273,-0.3468423078079847,-0.9139514476670308,1.387166863395583,-2.1691518107464267,-0.9488704889169561,-2.0353869016300954,0.14222164237431836,-1.320391086922335,0.7809088541247887,0.4432222043430369,2
-0.3245556617009935,0.16599953951901963,0.34098742987720104,-0.8583065605279326,-0.08543426380100591,1.231340885102124,0.006143729727826099,-1.6338537057215736,1.5619182775582185,1.3827366141353639,-1.5849061312219037,-0.45767450551495104,0.7453341085730552,-0.41309850410681753,-1.729601018469452,4
0.5716469545227458,-2.4211968615190576,-0.46344533789513476,-1.376890292464989,-0.05587023051709368,-1.0815048053016663,0.6928086708272546,-0.11690665059633797,0.36814290155243656,-0.11138063512094731,-1.0270382027503893,0.4096125006746875,0.6543006304204025,-1.0215067138005292,-1.030362699034317,4
-2.4955655958600107,-0.6570438394915105,0.8240148636937641,-1.4878710886576783,0.9427525397556248,-0.8146529184265989,0.46372165001614674,0.4160242627521359,-0.8703393479509286,-0.8312351172314064,1.7731848240801684,-0.4355088266319875,-1.103055015298646,0.14482899901001728,-0.21631566210341563,4
1.4237906210580424,-0.5256235224635667,1.5680009632450378,0.15584394896053186,-0.09478121280327505,-0.1398921179751888,-0.00778805365286121,-0.2721385240212317,-0.48106008999355915,-1.4184417952708768,1.969822431909997,-0.20188918406745665,-0.6198862747523559,0.8642194044617241,-0.3078495944204668,4
-1.1372182029189546,-0.7652399179177316,-0.8367746925392457,-1.2955261222555732,-0.5404154800873489,-2.1765287923133685,-1.59521908476833,-0.42127762152221143,-0.7783405099503052,0.9219920826946058,0.9614001080842088,-0.22316855002980635,-0.3503221913046522,-0.3174302106865716,-0.975670199748754,4
1.6987152496172313,-1.593866014404917,1.301729986966843,-0.4482845134527821,-0.3420978489220099,0.9584163556381083,-0.254219206150065,-1.5525335089050578,0.23992653477668424,-0.9432001172458991,1.0037168700686954,-0.6646131404255197,0.7816869601354431,0.3888515119633318,-0.01760205318169133,4
-1.720866936128658,-0.7492648923000523,0.5980809579900596,0.3471996691359429,-0.7698766183732716,-0.7745745564559016,1.1597071917036275,-0.14574181470566697,-1.1887012246898987,-0.3294453382263667,0.4370100378357427,0.8108078343923001,-0.7239604253755205,1.3633437126423167,-1.1177114862728155,3
1.9257749471743633,-1.2009038676028512,-1.2347298467942796,-0.9549608234430824,-0.9906684102243025,0.1872782358420275,0.643317897967068,-1.0409194701484508,0.24437380915162957,-1.2008412187359985,-0.06852492161137014,0.47544351200967644,1.1543877803249376,0.3581142842261875,-0.5975796477141528,3
-1.3338389712168768,1.265347744456928,0.45594979914757516,-0.49943504700006774,-0.299157769429884,0.14836477800113637,1.8335786437805914,-1.419009838126239,-1.0508176339374267,-1.0743491854357927,-0.5729280301823242,-0.13481868771910116,-0.44757536011424565,-0.9186767931093646,-1.449181775614021,3
1.3789605982991746,-0.9507179069466349,-0.45658398314253196,0.29931152007078216,-0.4565395228098124,-1.574253422218802,-0.012834138248891036,-1.8321165771911316,0.7087076781533671,-0.6000895926158327,-0.4705984554458865,-0.5431769463672697,-0.11666619927757728,0.8152636332318602,-0.7622868153189563,4
4.504639937210638,-1.8350021045917149,0.6620108378676509,0.9573277507337055,1.6611467503588713,1.572415432081952,-0.36606738106506864,-0.35443442292691724,0.21019969500895885,0.3621817185527648,-0.2810752393276809,-2.8711710263335157,-0.7439238574025456,1.577372700526968,-1.6432212442066723,3
-3.16445312630767,-0.8568342038674273,-0.6941622700535114,-2.3300390840583725,-0.48990540004622823,0.2467619315198766,1.4832827528381878,0.7159307753713747,0.3654920409633639,2.588918745000154,-0.5985164741062581,-0.8634701517367379,0.8219755476812581,1.0853543344993837,0.15060425413800382,3
4.966552352352437,0.15186346998849598,-0.6950887360569608,-0.6591427839199846,-0.1375013982147223,-0.650681333288707,1.1337565068679591,0.9789946160860705,2.551942695228322,-0.09043696346856768,-0.9277229527346486,-2.7999038104168164,-0.21607659971714943,-1.285183572899788,-1.38249393120719,3
-2.2146372591402033,-0.7728148435176613,1.6215128531913336,-2.5557642488977828,-0.8240171668871908,0.6816425165674826,0.05535374570895,-1.0514984884939642,-1.4223350495495088,2.496268281371011,-1.2445522083707736,-0.9068216972592856,0.48811561303972495,-0.36377818656000677,0.4471452267611202,3
3.924443323841978,-0.40040339331581737,-1.3203268044994236,-1.13942868228405,-0.11574236757117827,0.016796325480169353,2.0594334947565374,1.110016302340315,0.19373746991801882,0.5136741170679061,-0.397251206869903,-0.38173014502644786,2.356361426616692,0.7617188513083218,-0.36741637557803314,2
-1.3635455970709038,0.39483895981786665,1.094316555456907,-0.8786901434347596,-0.02751583508199905,-1.0740223357750005,-0.31729860197106274,-0.11834381549476994,1.6944956306085786,-0.607645289509458,-0.4313743512805262,0.9401009382651085,-0.6286147981915722,-0.1708949594648276,-0.6804593026168138,3
-1.6243482589489697,-0.17063756921164525,0.29419647117793035,-0.410108354420175,-1.3297049200446074,-0.6976887533070086,-0.5134058810122597,-0.3278479465815908,-1.5066541738108914,0.18832003539891334,0.5914623812321903,0.33672620413637416,-0.49331132256459137,-0.3070576386955699,-1.6048172568233268,3
-0.6621207357248883,1.2882244744916955,-0.2618902493026507,-2.639121922360137,0.8892279515207551,0.6868541503257668,-0.5041974169168701,-0.5586034003606798,0.02874815310096151,0.2152470036865423,-0.5898390286116596,-1.3008331932889738,-0.6606933247925287,-0.7506618104372984,-0.5424742085852943,2
-1.0005118358305032,1.203254556391792,0.9982228406546623,-0.9055303062805251,-0.05459725882999927,-0.24793431976306993,-1.3081942525764518,0.4909301137583049,0.3156885485521667,0.4508435318622316,0.9879228571108625,-0.2451916893773861,-0.0981218101926113,1.8829545710198556,0.550134998798917,1
-1.971819911234164,-1.2901083339227208,2.774229182774184,-1.2498340938524766,-0.7392861926036812,0.23396844925644444,0.07921940026084542,1.5662675034338105,-0.8882132955195938,2.3483128470290704,0.7838642666335826,0.7632674848827806,0.9304329849696624,1.5520558373248026,0.5346520888086725,1
1.4046735702355952,0.5404157596197241,-0.5763000163949392,0.2618607795886545,-0.7201612967539892,-1.243325441901396,0.16471262134427628,-1.420545435038297,-0.8685534420496023,-0.528356016861351,-1.5275147299402643,-0.19231022710089238,0.7494015655249744,0.5334346412527738,-0.8998261208476537,2
0.6555531056855851,-0.37442923593962857,1.7482755411375162,-0.21782221756998912,0.09383094815435442,0.1672537946501992,0.9487845139169918,-0.9684560357654802,-0.512232066580936,-0.52776112429176,-0.8476754351157698,0.10930033686176477,2.75397106443945,0.3616407354450748,0.25153369740916554,3
-1.1835137453175208,-1.5026722768191594,0.6515919033559223,0.08640126246531978,-0.08329058104232381,0.07865599955767058,0.46642739285391543,-0.12540983365863775,1.8481227057751202,0.6842310038439172,-0.7538594386159019,1.1148946193778775,0.7409944999910524,2.028503287858459,-0.6826059299040478,4
-1.3472922121880389,2.4672820260479376,1.0643731020412392,0.6869223770714814,-1.7951303668265313,-1.197455033795515,-0.5008008940420192,-0.5477669821989755,1.4579575651663899,0.06195203066934097,-1.2882369693308942,-1.5488086285583191,-0.6570954987280062,1.2439993748008857,-0.0593897167418659,2
1.0658702360116912,1.0023033866379785,0.8635373022552558,-0.06237231495911703,-1.1713448330062686,1.031647096808521,-1.333319230206662,-0.12913380280267217,1.522198415555983,-1.2547077147636807,-0.3722861883565924,-0.7281034270750362,1.0110169078519602,0.6722482972763196,-0.009081584346430232,4
-0.3323807477575149,1.5895210599199736,3.150033449669922,-0.8858156383603055,-0.9240997417859979,0.11936576700686097,-0.8407858854455307,-0.15903889954702966,0.2997171762409074,0.9779958150550152,-0.1142229002331048,-0.7096068399797449,1.2768909584411248,-1.6953296090855796,-0.6101744047007641,1
-1.6631350367936557,1.4161896826188893,-1.6854213660689654,-1.5277933646129485,1.0015173442631093,0.2174304203996286,-1.1109854713994036,-0.7490210804128308,1.4998106553113308,1.4165819709749985,0.12767466102978836,0.06463645093209276,0.8652972452287298,-0.1527685069583057,-2.3061070833607835,2
-2.5040933299234336,-1.2125354828726378,-1.3322549836068849,-0.2010567375686491,-0.30650263397045585,-0.4924948460822516,0.4765229631408387,0.4052120814500791,2.076860009825258,-0.6542525529622545,-0.8444437986724047,-0.35215155775846474,-1.0453365002712285,2.4638427063630446,-0.20114587561091446,2
-0.8699159939882074,-0.9103722133139661,-1.0685170138982247,-0.31012012622258095,1.439455645251364,-0.36979089055718317,1.3075844452184053,0.04280242722318991,-0.6215896910135815,-0.025152136823096697,-1.9079030032640554,-0.3590690629659807,0.4913615203671913,3.4225802878630867,0.22674452083050017,4
0.9631024976730869,-1.2767362191793106,0.5336498343924452,0.39415553663321523,-1.2771239269862866,0.09005049363167371,0.4443398181702995,-0.9243226126140114,-0.7171675046284628,0.04756183500000113,0.4360524669143048,-1.2725962279782166,-0.5207556461678423,1.0021365263072486,-0.7461986001995646,4
-0.28424547604019856,0.7301527604504329,0.4843955744466257,-1.2657543611785207,0.07730128360496467,-0.675798863070674,0.9788698986679353,0.1819992969245785,2.141267315976404,1.9221715719483765,-1.1715809569140945,-2.0529527950247983,0.8722887764551288,1.3245363599033837,0.6972643570757152,3
5.192253263247742,-0.6682085434987,0.05365064228388508,-0.20944871088847802,-0.22617268718031536,-1.504392358373992,-1.392360371391365,0.12133109469118163,1.4517144534319213,-0.5271053548856524,0.54752069328674,-0.5960967199050684,0.9458178667214464,1.3156685002002844,0.12349708938568553,2
-0.006374326398778369,1.4547123687269927,0.31957970577822925,-2.5625056571160494,1.0791149326476557,0.706187361979637,-0.9315315603477524,-1.506228091615033,-1.284001726948159,2.4603259044381343,-0.07777756762441888,-0.8075775548126106,-0.6033710195780666,0.9075861206153227,-0.43475785058593214,3
-0.3642034666933548,-1.1764645594345486,-0.8568534368670223,-0.15756026944660748,-0.4001299691239852,-0.28372562783004185,1.1307521585112748,-0.3541985661845735,-0.7265478704273229,-1.110572748186874,0.7126906433534799,-1.8671791153959083,0.1800041085567839,-1.30552977093814,-1.7626063305168327,1
-2.361987608140112,-0.9592473652012404,0.8468644549729516,0.5916093163311189,-0.6659938661276807,-0.6742738634532394,-1.0807980075867896,-0.03523786931320925,-0.2807951118216067,1.2382839555923153,-0.4623164615872588,0.5630060309396326,0.7706295572337051,1.191687512297527,-1.7069175679677666,4
-1.8117840452129295,0.5124436149994721,0.328160432691372,-0.25994113525120605,-0.8485680243894446,-1.176646798760694,1.33013578259117,-1.0734646431092418,1.3663341844240304,1.6964457116076501,-0.01772799654981874,-0.8510144798309289,-0.24380633896880005,0.3442180898347643,-1.1483783036026862,4
-1.0299210840968474,0.151727012560641,0.29574880023692823,-0.7892735087415963,0.6671832123212835,0.2068744965681079,-0.911601953831313,0.5805997398760061,-0.38010543354408144,-0.5943270144911939,-0.012220396426722648,1.2245275550140147,-0.03786680754117444,0.21093308231776878,-1.9998770982595906,3
-1.7085635757507178,-1.000612047737127,-0.2312243077692386,0.451218963993242,-1.3049444073926602,-0.1997989943823505,-0.917787654642592,0.09254263244779509,1.0359197284946908,-1.3956417538552741,-1.0598247904659386,-1.0316810227747963,1.1965246447804812,0.8084481729780101,-0.08415670393525208,4
-2.1784964128535655,-0.8322468474423521,-1.6049969583229295,-1.9426740882833726,-0.05124385176655512,-1.0194884888653284,-0.6497744710113389,-0.06785655686068166,0.45791264336423176,1.168371521479763,-0.7318493872504888,-0.7155069436725544,0.66192344702474,-0.42871784202361884,-1.0576415160824466,2
-1.0975317129169146,1.4646199025721263,-1.4610291766475805,-0.7084971763365908,-2.432283097176564,-0.11210587263324837,-0.29245524924951033,0.10593276228213533,-2.1237861115204977,-2.015713628373801,0.20197591572139328,-0.3706158811320118,-0.6419062392903874,0.6291589810959323,-0.33531641742376517,3
0.5616437737779105,-0.8899540977258701,1.1188956336751552,-1.1693515470816822,-0.6934646967732029,0.1839301628512593,-0.16806260947041457,0.23549922678841648,1.2671731290128792,1.2977594927767755,1.562097392667383,-0.6591359345328335,2.035963255415962,0.59945553649667,0.25924218051700015,1
-1.8301948670491266,-0.33367616432543107,3.0639758968206166,-1.2158564086131294,-1.9413626554212056,-0.049583062144957696,-0.49096108284717904,-1.239094003072563,-0.1189290824682545,-0.5077911675277581,0.9366503854914211,0.25040409162562277,-1.1300723177892351,1.26263506404476,1.773978259843134,4
0.6270710532214967,0.36749799557398716,-0.40549466706182324,1.2020749185911477,-0.7632608714271379,-0.17256007165218445,0.8732058526648696,-1.2885467701183908,0.26317680074987726,-0.8226724478017998,-0.15811292103884786,-1.5678694767046257,0.43760307068357973,0.6080847286437795,-1.6420492826622437,2
-0.4755480804373039,1.2485270984365184,0.07192627215948742,0.09064999287672028,-1.5097310157513426,-0.7672033174882312,0.5192429615876814,-1.133284510799202,-1.161148010610831,0.03046157458386482,1.434481354700396,-0.6458613510762239,2.301508871412488,0.036041477026077004,-0.6367925303054072,4
-1.1180655785003726,1.2787083115896147,-0.09372517765993175,-0.5787221889971378,1.7798015669977743,-2.2414618843754277,-0.7720793164629183,0.834938344289652,0.3253748077188224,0.18641492729204104,0.015516142848165942,0.26418461307253793,0.29723733315715023,2.0339027413930433,-0.40253655231875896,1
-1.3534414419111993,-0.0383235537952525,0.3188769907869138,-1.2034029088429177,-0.35683639054184096,0.47541936336904067,-0.327557294486107,0.08863783847277219,1.4215410091812974,-0.4181592061222054,-0.4363966917785486,-1.386855373704675,-1.0371333003102545,0.24035315445524508,-0.12299617461536572,2
-0.9929376020716046,1.3986405072622474,2.702381644663341,-1.8001531308296201,-0.31319313891258793,0.00977257609812993,-0.21000646453471483,0.8387022062816767,0.6759360280876618,0.5163791971858543,0.4566199250743937,2.172804756591381,0.8024969848387711,-0.7232513314814507,-0.8358760256019665,3
-2.8930934194075655,-0.09096846195477781,0.2563700241841544,-0.9715007404397267,-1.2239474351712407,-0.11586926594527569,0.24007534123039545,-0.5153650160483695,0.06292543357250335,0.8196339744121961,0.7821942803847324,-1.6265368590570606,-0.036005445429572056,0.47262734837350695,0.029151311581521407,1
-0.5870971368945739,-0.21076066974334517,0.9159838310107989,-0.37372399133293427,-0.6432727902585783,-0.8697980951510201,0.1135651669071309,-0.23489284668388719,-0.9366737382740296,-0.47460984709439097,-0.4638345464620778,0.7967502942134222,0.02503539988513193,1.95986245115658,0.25900046817498273,3
-0.507671526783188,-0.9777557159030742,0.017719616596950413,-0.31102684605817704,-0.4960550012582069,-1.226528170279761,-0.5273141753271617,-0.7340578939099319,0.14459373649470525,-1.4472817645351128,0.47712002678771687,0.04249852303317755,0.44609356076387785,-0.7260848736104034,-1.0458396738745792,2
-1.0520661528187887,1.441138410098146,-0.05749567623855186,-2.028186670861365,0.9703025747522829,-0.1531161268379427,0.7872396621309035,0.9328569707145591,0.03036417454001956,1.2394068890405654,-0.5994999781693183,-0.5300965568636663,0.33114514918644505,-0.8537528766892176,-1.38416715129507,4
-2.046330131683464,1.9894955278072146,0.040455136919929385,-0.8877014924825061,-0.07733770203455559,0.1296391767392628,0.4741740413762993,-0.42475975725484677,-1.0195997745942096,0.37770655917479895,-2.391977475381638,-0.8663771922723827,0.14587632202013545,-0.1434829005998574,-1.072040320221127,3
-1.1616141372476507,0.8067690678025236,3.064184459415694,-0.6363548957494413,1.1148152466056744,1.0650397688689606,-1.3934320444770782,-0.48864413462457734,-0.1616385806349522,-1.1638989535734812,-2.4442028304560033,-0.49537608014565504,-1.0220503153271527,0.37514950717029605,0.018740773022870114,2
2.6171350930225787,5.0583468374648985,0.8174252593101968,-2.6772866887097813,-0.7254426460286607,1.524623223806181,0.1965743443440324,-0.04566159619420144,0.8772427808809447,1.2715812205647106,0.11770280435708085,0.5474084368357603,-1.1059464625433024,0.5723528292240506,-0.2917722185945846,1
0.20367490630406446,-0.44091674424366695,1.8029996590241906,0.8023642199791363,-1.2826133118840823,-0.023920369997181133,0.7052312061627712,-0.8428929498610606,0.060421428652690276,0.2837844956540914,-0.13366261894758025,-1.844336357957025,-0.9788992760569599,1.1181978275290165,-0.4475178970700895,2
-1.3584476582577794,-0.13593261275258076,2.2117717983298197,-1.195442554205596,0.49472128687919803,-0.7944408986845004,0.37473352482826033,-0.39070961567761164,-0.9466456612877294,-0.7060109383516691,0.9011599704659815,-0.49237511708538606,-1.194581717623816,-0.24460026467057194,0.043576952600921766,1
1.3529583914820327,-1.7755937508728843,1.1676567561326159,0.19574518101005148,-1.1526418797633822,0.48818533126164426,0.5549103285158383,-0.02086253477255197,-0.5088809046396386,-0.8083519989521885,0.7386017644774631,-1.148756736526511,1.184129998911094,-0.041955460057844306,-0.6504307436033123,3
1.8095417577461748,3.294268596976776,1.5311239987044352,-1.1106992675735496,1.3119471292947837,0.3591846744677274,-0.4334812689851361,0.3382518358895581,0.24888734367719156,0.7524380226067874,-1.1917949611027985,0.05395254974342122,-2.196420356186373,0.1573641695770549,-1.8803449054141201,3
0.010413763825824214,-1.564467470182738,0.1467765318948089,-0.6990087894036524,-1.2345993491304779,-1.4236626059856263,-2.5018325445797664,-0.04496142320367642,0.2808221033303423,-1.0087449381758677,0.5828007323772606,-1.0508686302689292,-0.012641829754335481,0.8567624880726715,0.7307773609464313,4
-1.151665289305458,0.4465655794259464,-2.402195660381549,-3.269176073768156,-0.09798269003465747,0.7114540995824917,0.8665283030852603,-0.8533813130599373,1.2608794532201864,-0.05352007734272025,0.022915643623160495,-0.34147280471714064,0.22858862092035923,-0.6730451948958655,-0.6567861812032054,4
-3.174871372068001,-1.1416354391075643,-1.430118038132284,-1.1052401185864635,-0.31668841448862994,-0.14764749178382908,-0.918061202548559,-0.35946759428285713,0.776385829599031,0.46561221739524705,-0.08360035490694087,1.3091723974840725,0.8799833385722337,2.2968427411383487,-0.5998173024228833,2
-1.3409196857493701,-0.747660375173753,-0.24152686982334995,-1.323933652693256,-0.972289957109647,1.5927157554412954,0.8701109900042581,-0.6744819889800878,0.7744623535513162,-0.14639721135462014,-0.293471063550667,-0.19534307052747768,0.7113857411851832,-0.12683827200628298,-0.7789444035414381,3
-3.3104263816501214,-0.745476637841702,-0.33200339581192406,-0.36998362990716893,-0.10429719492904756,1.643594289077788,-1.0114334007039516,1.7045675702280774,-0.3801176476638284,-1.731916012079253,-0.021793019427433138,-1.109608103551871,0.8301879497716246,0.9185912027199307,-0.5177804794024046,1
1.0234198977477094,-1.6661433644586565,2.50154321079555,-2.5195903980756533,0.1261552808151706,-2.0654066780972897,-0.5303543017731002,1.1149173766626372,0.19378690646236632,1.2390591781183213,-0.25171790835297114,0.408378505632637,0.7619716251678027,-0.8248417108564046,0.5962486084745547,4
0.8397129793704432,2.085045742461372,-1.0514413727159029,-0.24659835606776562,-0.8324925287798338,-0.5292094417451991,-0.3673530126886415,0.9931947446598312,0.24314276522032174,-0.28079644367383916,0.1658036684314021,0.957959126772302,-0.08263490219379331,0.3751816807236501,-2.2381140729501867,3
-1.1773629707794881,-0.4100118730236691,0.9973158026542286,-2.12104775797269,0.05972720090346488,0.639948261184511,-0.3724581517398841,-0.5168744949127109,1.118097352488753,1.4659973679054248,0.12398124894148853,1.152617209350143,0.4317998630077982,0.6869494179850982,-0.5351699392761594,2
2.348103517701981,3.8604512069748838,-0.3031974055012275,-1.0890618055940662,-0.05478837433191378,0.5941755858559307,-0.5156771760432213,-0.8289565749810436,-0.29862649064613483,-0.48432422210712983,-0.3846602340827715,0.4556117126375467,0.0329892692629171,1.2350632363263576,-0.6987069073728125,4
1.9621143976750854,0.5754414849911524,0.7432642445154172,0.37196784141239586,-1.2569681836021014,0.08866269636791255,2.305882938535859,0.4385738796955349,-0.7685731377822834,-0.41763553381253166,1.1304870964308622,-1.3161500387216571,-0.21120329666915566,-0.5806309141262214,-1.7842919148699077,1
-1.2786417824335312,-0.3406539915774625,2.1732102941268145,-0.25600314695349785,-1.6095877329510426,0.15941612134405977,0.34305697099488586,0.3691104655262579,0.9567658356044232,0.7246115269144169,0.297151999369161,-0.9457346645454519,-2.064614073201091,1.2107074250734262,-0.07657893446847261,2
0.2816839069375482,-0.25903193778573896,0.10551560665942535,0.4622869743152794,-0.7484606033649659,0.10095574228204304,-0.22973036848893164,1.039686602183042,1.0208111255114583,-1.2931490991864243,0.11235711113994591,-1.5314660074128839,0.6818024178776165,0.882116195882087,-0.5317123154282741,2
0.894261885703171,-1.5765530723916503,0.051170680865045864,-0.3971742409911782,0.31573770145406965,-2.447670960691831,1.026050332712135,0.9026693956455328,-1.5928205374041076,0.21893859877794297,-0.08674906320391891,-0.903507254298607,0.8157920449043736,1.1607042776757797,-0.15003574449052448,4
0.6168368001894551,-0.6878734096574006,2.3856360868592277,0.7349485260074735,-0.4566737204944665,-1.1127281534621818,0.8728684873709028,-2.2122377147544063,-0.9177181481384132,-0.8376949072551917,1.4018958496616352,-0.9554196394991985,-0.2244233573280479,0.6373696777839897,-0.1428230398596277,1
-1.9255211424365537,-0.9591775656276799,0.7022164859052527,-0.37339981158760666,-2.399337527495115,1.2111942607957613,-2.2150519894095657,-0.05468202453986146,-0.8773322949470796,-0.8703744523913416,0.07138760173102283,-0.8726366937585247,0.9977217818758648,0.10975827884454058,-0.19734931792193122,4
0.20846823641234977,1.5926430282268975,-0.3700431647654469,0.22114142503238057,1.4424507533541937,1.1715816079614616,-0.32993816198797327,0.12979551444703677,-0.5862261368168756,-0.5438256908989431,0.6150341922318625,-0.9561947182470942,1.039367764426791,2.167682618272075,-1.0696219712452286,3
-0.6039646943181672,1.8846258482868465,-0.13378488924077278,-1.2815946795674493,0.47820978448948936,-1.2770023524123952,0.6277528042179853,2.314943428548145,-0.5131706575677892,0.08166649412232331,0.3037762801251793,-1.3973845626613994,0.8649085959013366,-0.5324402518229638,-0.8226774070392708,2
-1.5356542450502486,0.5361272692006693,0.4785522073573289,-0.42156133503440385,-0.5582882607675849,0.25998515147897994,-0.23657040639655413,1.6400210774504156,-0.17322434945418969,-1.7544660927984665,-0.39220292864775275,-1.903790681162775,-2.1048564958620606,0.43938183899332217,-0.45021834316139575,1
-1.3705645084230593,2.0875177269530507,3.045359221968481,1.064359414503301,0.009614487385560807,-0.2619421165517857,-0.18734655017069302,0.3940042630260202,0.16600835666417244,-0.2800181071564842,0.20453747403371375,-0.22654582956401936,-0.03226160463707983,1.619746995537966,-0.4972228448161197,1
0.3582135156257055,-0.6723582404519932,0.37824690788166704,-0.6146250901899143,-0.9470747842134105,1.160352312329197,-1.370547721630325,1.9255065710510506,-0.21790442141549088,-1.9975080071460316,0.12251547356258945,-0.8311130954299757,-0.5045438922542779,-0.36656562806521187,-1.0073151537061387,4
0.741729724948888,-0.8657038849428008,3.063374950518858,1.059638349802431,-1.7563368871898106,0.29161006950879503,-1.3844010229818295,0.26146765602028144,-0.3811163918391663,0.7280080317449873,0.1026438258076731,-1.0055001402984374,-0.7988240720167289,-0.4873877034636828,-2.0283503658841946,2
-0.4417717492351892,0.3139976800433159,1.3306027013354103,-0.3658660843824291,-0.5457831063913073,-1.3127845980183541,0.004195043846174343,-0.7960842850636944,0.09088458518659123,-0.3203146845026089,-0.3528096126961758,-1.6599240527546328,-0.6004709754091938,1.394125722092625,0.9221199835972265,1
-0.10882664821873332,-0.7721187550525885,0.05496166834856851,-0.27802158560116935,-0.1433286053945329,-1.4015447895938276,-0.007230672987560655,-1.2279265541361126,1.7319213191974798,-1.6371381295853755,-1.5087889078131533,-1.0223744318303845,0.4758694991104271,1.594260824878955,1.1573162171253004,1
-1.1820797066855,0.37592705430484147,0.6333949297353731,-1.0546391479798578,-0.24937108399020919,-0.02872701593798748,-0.6047585665738648,1.8624885670459195,-1.7518831890586448,-1.3316924985347764,-1.4230853081557893,-0.9725462791089028,0.4912166642288276,0.3988171092457477,0.05648087050488383,4
-1.5400641822512957,0.7123660684631679,-0.6829644481986925,-0.4833164391510912,-0.06903582035922387,-2.2772422865504316,0.403143777128689,0.3966895010030876,0.8831318861095866,-0.7647809782313237,-0.593506756625764,0.5592119431814898,-1.1618344628831512,0.13382106117366543,-1.5085861508364788,3
-0.7364143045853017,0.9843086706071358,0.45139734780082597,-0.11678977386524031,-0.5004500819350172,-1.8343261378147462,-0.2872658328362216,0.3931815154043231,2.599735634368121,-2.197403802846865,0.590981735478214,0.20502296362700248,-0.5577389400896673,1.3361434621930883,0.4428222997873698,2
4.184649541085911,-2.3080641970471167,-0.6962034374406751,-0.9803940169990507,-1.449272761417709,0.8642434614577877,0.535752849725536,1.7552083149571875,-1.4735045166759442,-0.2485135489613189,1.2380605503486972,-0.4911901269367003,-0.7884405146470262,0.30534425923768627,-1.6706329360885475,3
0.19420278520505158,1.26101340209808,0.3047966001284474,0.1874291945037454,-0.0971002802393685,-0.6647577453326106,-1.5955547556775698,-0.5531435645088922,0.5707433077340784,-0.0403220567388406,0.3450365383801574,0.11706870595436113,1.5856909081701989,0.6726386418664624,-1.1622370876237489,3
-1.9825907961115483,-1.251024251504863,-0.030806250524083808,-0.24780091606979265,-1.2403373286700026,-0.11961581279534043,0.7838873564384037,0.5015778038654495,-0.12975337780179677,0.02181894662313643,-0.06601717354229274,-0.540347412939258,1.989124473226951,1.4486306917040594,0.09658810119985772,2
1.231049681438041,-0.17252850676757028,0.6416093753183647,-0.9020531829668208,0.8908479262391945,-0.25669962577677363,0.9723978193496082,-0.25298755417412616,-2.9407571960609755,0.667742240830311,-0.03879299692381511,-0.7503992277155199,-0.14559127730371918,2.0193507174915273,-0.06404797072808044,2
-0.38248517242930924,0.9951902610039425,0.26273438702707447,0.38331462025322494,-0.4724981137409712,0.834110950421947,-0.46776654412503577,-0.9412702380178106,-0.6163246507717328,-0.4257777573318679,-0.4464850566875892,-0.5211934733063293,0.150029083967499,0.9274580492776751,-1.5183582348648605,4
0.8276941306646218,-1.6122534608673333,1.9845119482359221,-0.5792396506313954,0.2917428686549173,0.6806916416103704,-0.9513156086195562,1.70057036743854,-1.5188705015319512,-1.896227340531142,0.34408769272587136,0.039113720572804746,-1.204240226566229,0.7779407068106242,-0.7045386534800597,3
6.518291873203514,0.20955130388307142,0.04646933556954289,-0.04024071020510297,1.6487192997385878,-1.2420515241611945,1.1239779970599006,-0.5788363858505166,-0.24023446591232347,-0.08280589498669738,-0.07631546686991374,-0.17818603512364353,-2.470945504502168,1.3012796363979162,-2.251970306428688,2
-1.4412735227015152,-0.8455195760973025,1.183984143197469,-2.573543031513047,0.3737719740569647,-1.7652260536343984,-0.5650201264455998,0.020969143828643195,-0.9047885574829518,2.1601257182224476,0.3383315809908829,-0.9455578393886296,0.9678573849708842,-0.6219053632618854,0.36833070847429006,3
5.106115884910636,-0.4659168489879036,0.4126468033340669,-0.6191579640187008,-1.324825459973771,0.0740407528626671,-0.04764063108770864,0.14746834022670477,0.06480557365893183,-0.4127422365984221,0.028382101538297302,-2.4868298330857046,-0.7620433476495425,-1.2548502732160145,-1.0626192839635655,2
0.7939581527364186,-0.7877021807389896,0.6060611077706926,-0.7312059215780152,-0.7775305929758611,-0.5109012253742523,-0.2590114830936093,-0.4662264434070249,0.41852971144635537,-0.1862068860615011,-0.5447495161870599,0.7048521153577685,0.4830199278513193,0.32176306140601113,-0.6896188012447538,1
0.5910460863320922,1.3336115090479228,1.0099609143971469,-0.8393912433033204,-0.4679428361130317,-0.921359401348764,1.009461080418442,-1.258188006568018,0.7001353013108094,-0.9403699218722705,-0.27208888925491914,-0.5874094803522417,-0.819745443812513,0.6369151970436944,0.40877081259562187,4
-0.21673371220360238,0.806187028673805,1.4897189215721731,-0.08479968056818003,-0.9789234126412313,0.0032398513465478206,-1.4979428110922899,0.47528726371275254,-0.3800242950960516,0.6925818911616484,-0.5839526863488773,0.6796619752338648,0.6662906609067663,0.3679430976079226,-1.7798064959969107,1
-2.1531586909800504,-0.5403098325144903,1.110873144387255,-0.004408279485814954,1.5258808153740677,0.9718534105495028,-0.5715487309618569,-0.9664148499344813,-1.225761084431318,-1.1920854666635603,0.37978766912899525,-0.8099252849082864,-0.2957849810598658,0.7838738361712194,-1.3229671399178622,1
-0.28597718666824107,0.6358835200497001,1.8628636844602928,-2.0455169694254987,1.4945610198704635,0.43564868545858265,-2.042287943041381,-1.1262326066897348,1.5893834351257978,0.6228807596275614,-0.6077342102285318,-1.4212146442467366,0.020293616244423697,-0.17748119962423445,0.09340751668679761,4
-1.4114386301512551,-0.8486157107673052,-0.6275310648734205,-1.6380777626711145,-0.5717791244174113,-0.32078603323504506,-0.7779413224537534,-0.686408275197738,0.5711661865137021,-0.9835953403297325,-0.059317776841344226,0.8148982966286114,1.594385703598317,0.9489906460767286,0.2689294106800417,4
1.998139241095622,2.981105729769685,0.5670090386645045,-0.8460067843984634,0.27505258447518227,-0.9833313945188368,-0.7742973625026234,1.5879586514836173,0.3803929868524605,-1.1338200870699164,0.8534396387479477,0.45360795909546225,1.3507200193329427,-0.277145329547936,-0.8139469864254503,3
-3.482477952057769,-0.6616335692453663,-0.034398100468648475,0.9244947996835163,0.7012122313265837,-0.17673318597705104,-0.16773821865749294,-0.03386534900523621,1.7236264105898678,-1.496326295873039,-2.145794643103552,0.011158942590041483,1.6220190522239117,1.0026986906341337,-1.382897627528789,3
-2.5873326586138705,0.21825735642002894,0.6244005015866904,-1.0729899182241776,-0.8046114026991498,-1.9894121461280792,0.41774092007992325,0.3840483239758277,-1.7748979648896743,-2.2611875383359297,-0.12194440935683251,-0.2308120281436608,0.41396509927611275,0.437524601021913,0.9283526392993413,1
-2.167943894919735,0.012817943223945182,1.75659225911683,-1.025094873331358,-0.5516346833404427,-0.30411965427375715,-1.1626081287173395,-0.08703819042849173,-0.46156171539835406,2.5330304056561586,-1.8546668221672444,0.046588788731967055,-0.535097659963667,0.7166713610876168,-1.1531475486512788,1
1.0634419035516562,-0.2747028202012005,1.6398232700310682,-1.783761817296902,0.45208854121297887,0.1637464827312758,-0.4712755513499249,-1.4681067818216458,-2.0958667870466465,-0.8419537262773171,0.571245394395449,0.036333431245069034,-1.1961052186726508,-0.5166910730687981,-0.7806415540311579,3
-1.0845579043196532,1.9246857650147136,0.3467696489868371,-0.8318290589298594,0.5417063353148368,-0.3208031458182958,0.6007070134395532,-1.0070244309801255,-1.7475016926125535,-0.6672024161641904,0.2011816759263842,-0.9939934785948787,-1.4034664430832693,1.0264406731694724,-0.5990743423304831,2
0.8769713533961927,-0.9518848180055343,1.6183372995881855,-0.060733443426112886,0.44415741323211116,-0.04911254995716924,-2.0722993360219117,0.6750356374471765,-0.923942641550668,-1.9081779460723232,0.08749765246792368,-0.8605712522946743,-0.1809341551041662,-1.1258065314030528,-1.8027954041148084,4
-2.0218733507721556,-1.0567459189417092,-0.8994234023492587,0.14237374672337988,-0.4152264276219439,0.6465780819559749,1.253748774590366,0.0943255509009878,0.8531000370217919,-1.7715496329818605,-0.07927638691343455,-0.7036461923880971,0.5282442099355219,0.6706229262184294,-1.197136653497348,4
0.17647774342087802,-2.909185644152429,-0.41340681999264645,-1.0960451291353126,-0.7370311348864216,0.35923136913555453,0.7880567916794391,-0.4940679898461777,-0.9277713542372578,0.14263029427255805,0.07190747328880849,0.3689424338833044,1.5578274858307275,1.6806902727730846,0.05727438104805594,4
-1.8755142924380241,2.216145732098052,-0.515415029335452,-0.8607744868467582,-1.3562149905519383,-0.4583149354235774,1.1649887243342685,-0.25057441018370724,-1.6215263712142836,-1.0483984773834518,1.2868049950855545,-0.550534880737738,1.297525569392455,-1.1390275171605206,-1.3958792780133946,4
-0.7297816562855519,0.0026201290291187765,2.1232449185273317,-0.589043764129682,1.4058681105054212,-0.8485635861990556,0.7574600152832125,-2.588623311282608,0.06989975437349884,0.1912976069935894,-1.0820652466552434,0.32469111142642215,-0.9914177270239953,1.3370943327427873,-0.34808804799077886,3
-1.5022224017869552,1.0022632693338378,-0.1196005772136689,-0.33509821530058653,-1.1234371275576072,-2.4580862688903187,-0.6975524844487411,-1.2106600757748216,-0.0847623848182683,0.2968469779241023,-0.28809192898099933,-0.21001559256187333,0.13346355196599544,0.8315335786782786,-0.27625568186922483,3
1.6277919609615927,-0.16822206008552948,0.1888921525743148,-0.5797034683101137,-0.9638587784007547,0.6492879045342468,0.5059530134369573,0.5790166058433902,0.6243539482443291,-1.4949638841493411,-0.006932743953937451,-1.4161944189737457,-1.144410818013748,0.9489460732026517,-0.14835141710386546,4
-2.126659992313441,-1.0289698078641238,-0.2033703613297493,-1.301638735960319,-0.525432299431638,0.06726585518058688,0.01607672274576528,-1.2146307395286793,0.2978556374798451,0.2220210863297273,0.35450906273527777,0.7728200212998818,-0.6290509019590862,1.6184286734175808,-0.630373456311572,4
-0.6119669957128511,0.7109515275217996,0.8511531236338312,-1.8501625489299187,0.4527592244562886,0.7524691947740267,1.8783784860695234,2.067732632163891,-0.9832931348205703,1.7622293798281263,-0.6796344151807001,-2.5921871699557615,0.06671003204446076,0.17336838076404654,-0.3549572150259416,3
-2.0364349326327202,1.476496208416673,-0.3766457594579335,0.3084961016564612,-1.3381771361981276,-0.22951579320926072,0.41530957967487253,-0.04829183932344368,-0.6595253037117607,-0.9166360923854797,0.1713578626729047,-1.656535264876375,0.7840470196308102,0.5846132672757731,-0.6686801282533579,3
-0.7180560101065492,1.6531591156345096,-1.1866642015417874,-1.5717517379735428,-0.9040452764874876,-1.5266554155197483,0.30696503414791626,0.21645717705828393,0.9473058476198445,-0.663813516580615,-0.06322154770588895,-1.3969654617820968,-0.7196200941017601,-0.6789328524096259,-0.820881384080386,2
4.501913605225685,-0.7503921554236214,0.5083728251706432,0.8340492100574742,-1.5523376451880435,0.6567937714611918,-2.0817191310906424,0.43505294318832766,-0.2757831767785631,-1.3115689790651368,-0.9590246749421102,1.1126774710415597,0.9532640058179063,0.939563994129112,-1.9340889650985813,1
0.2497194811768538,-2.694506624742552,0.2082807044848551,-0.9297632587450605,1.5806614054780377,0.912167681651211,-0.7348826872048989,0.9375963370692213,-1.2610962867136506,0.6505854103929539,-2.2779639857027254,-0.4572206821736989,0.8970320189407817,1.5676728745580417,-1.1395722039536422,3
-2.9204742673612003,-0.35429225242145906,-1.3157517281035058,-1.267983713535653,-1.5020886555052835,0.2506720284950345,0.3770684582433592,1.165796010483706,-0.0872216741857773,0.7280869336093316,0.4835542324840833,-1.7435742696942929,-0.2283103150654953,1.5143066931494142,-0.2909886631210804,2
5.445182386158058,0.489250476829721,-0.6192707874111177,-0.4761709123956513,-0.2882714361888013,-0.956117292406944,-0.39063775585449706,1.162110617279558,0.138857981607417,0.47942376616270765,0.6349762469603876,-0.8217361230794388,-0.38665822119244103,-0.32901342290399166,-2.3662150055201536,3
6.213697457424417,0.19517608367113004,-0.47607527431802865,-0.22973177738988282,-1.0794060221409816,0.3014337710334202,0.4422447491136272,0.6784838478923361,-0.06402340784649663,0.04334479068703694,0.4284235879881661,-2.4550347076107086,1.1007479536255225,0.29993179527089553,-0.8792749318920912,2
-3.010841319891954,-0.6004419840479956,-0.017502042880328535,-1.5080144606515524,2.7282529589260243,-0.7904390805426101,1.2112843809791047,0.29419711166986473,-0.09799956433395496,-0.5739376579937262,-0.39208208846460096,-1.7624694053587582,0.6156100441186236,1.4452348143897427,0.629690208085734,4
1.3007859183206736,0.8396928405695921,2.6962469089686154,-0.45997976566508525,0.7400344810427623,1.2213665200468455,0.5162921879351111,-0.568470973161616,-1.072164490004802,0.08712608019213465,-0.04743892647792392,-0.010567118769031856,-0.2478137223215203,0.37330281906072205,-1.4107485168692984,2
-0.5520484973366945,-1.564899254162431,0.6587392228673239,-0.32882872173333555,0.6435528427348289,-0.04142498796043985,2.1211793811467343,0.5712018552892156,-0.2687323186891245,-0.3945333972248517,-0.5140110450898183,-1.9742122240100282,-0.27476595266667697,-0.322819503848668,-1.380831058626827,1
-0.9303865689761818,1.5131103363260048,2.594905799114681,-0.9454229940025048,-0.985329792603332,0.35131124018222953,1.2617419269971253,-2.0829103376707985,-0.45227090808998455,0.7584726776308315,-1.3489319337422767,0.4688435866892674,0.628077501779591,0.425500049821452,0.03348186856275403,4
-0.1554824493307212,2.1529093671357455,1.8147454338405762,-0.8417950724632938,0.5915363812599954,-0.7527358593486355,-1.470957657495586,-1.7883679914274364,-1.134564273068428,0.5586432778702415,1.353690156354125,-1.7851433820470912,-0.3823951201467226,-0.644276505827288,-0.784948800968146,4
-2.8215386546916466,-0.03996265718911935,1.0882136461300613,0.5025229415317359,-0.12214753091901301,0.33284381940616653,-1.5141292328523646,-0.1623420455741764,-0.7784415381720281,0.1119965377401525,0.09231544934428727,-0.6817421263750694,0.5593704870091807,1.19477316928285,-1.4941035820464756,2
-3.010518645690811,0.0011673589725135017,0.006602864380065416,0.006652883489294163,-0.5696179134403888,-1.2900594357776836,-0.3641834410044901,1.0661910690860916,0.8955103152623151,-0.9619191341552267,0.2495097821659505,-0.7325586736942414,0.5907699680345282,0.411241947204393,-0.9075629912686766,4
-3.364956004054588,-0.7514008654827421,-0.7111382608098986,-1.9802852784919962,1.9479392627785228,0.047183874029725334,1.2607885685296842,0.10446584933627512,-0.38151198180063,-1.514353221764944,2.137685857130598,-0.37751344065553705,-0.7930449338015665,1.4372752463585496,-0.03396122720585116,2
0.6776312562186307,-1.278151939842435,1.36907571869222,-1.2242977309475076,-0.4515548377490616,0.16663604914068506,-1.3830155505408868,-0.7936247016699592,0.9504613625759482,-0.16969969217402833,-0.17389707608253724,-0.09546442092437579,2.01813223014254,-0.8960909533119786,-0.575843814037324,3
-0.38072803505012387,-0.9002816083599493,1.2678059872009193,-1.7902616932619675,-0.7360191078139829,-1.680565485733772,0.45831084558296664,0.9600953788874265,0.567265780872678,-0.0015720993269408875,1.1609085071839826,0.6759278131075439,0.3415605883146098,0.09345396876892069,0.3690603462662064,3
-0.22892485627810683,1.124513655035904,1.3998742432669011,-0.7396002176994849,-1.4773411813798167,2.025322552019634,0.6249994686422076,1.0667890785181975,-0.500931027818128,-0.24166458406606844,-0.217181841457477,0.4689020892142587,-0.1980137483019726,-0.22601163137541946,-2.027719469969769,4
-1.8028582912578799,-0.02954062033526853,-0.7025832825135684,-1.1216682243594929,-0.6358288672641578,-0.7319219154712592,1.1072441966544142,-0.9475132716171867,0.003944749745437616,-1.0620333813519607,0.7291030186484506,-0.2437548970611693,0.12335496407323925,0.447339515411296,-0.35019995347951904,1
-0.334401681948449,1.089823161419898,1.3365805483582862,-0.39281339913897234,0.737866867367457,-0.27057330598863855,0.5640264722358252,-1.4295527262657912,-1.4123613888912079,-0.745586947456764,0.41048337240882526,-1.2436499066168571,-0.43238539562349354,0.7300324580533762,-0.4268229058941028,1
-1.4748427830630813,-0.20457775926534824,-1.849929446064874,-1.9879766817230433,-0.8434786053056872,-0.4061416479535424,2.0549350386120206,0.8226281757986296,-0.3864380317126447,0.5326040816186807,-0.6675618856812696,-0.11900578159006445,0.020705698972304475,0.931850763200634,-0.6415485045608457,2
0.9695515331272321,-1.1037348901044626,1.5968257208201102,-0.9285435989926402,-0.14563875656919253,-0.9632026723273966,1.5570921667024307,2.617710495350781,0.3414608542355094,0.999253758863264,-0.6758354885671732,-0.9856804470190423,-0.7570516773812617,0.09184340071749253,-0.8170880495322895,4
-0.5470458377180969,-0.8155336316052498,-0.06808151595895325,1.0039408061130926,1.5660362155285152,0.09129740465734112,-0.944701073217106,0.5065048864066896,0.6760414875306175,0.45010482672581204,0.8795537214848663,-2.5149530584781727,0.23865626635829867,1.9571235805279974,-1.813076430002208,4
5.135132151630888,-1.125939573372466,1.2536996958835465,-0.723532770821982,-1.074196164769096,-0.7626425823768128,-1.3280812316217103,0.5222442950836598,1.307305839353765,-1.1217460678978581,1.7861636889946277,0.05137412993903157,0.05104181941372739,-1.0322455934362618,-1.12465987143541,1
-2.9115580646665444,-0.37304430580436504,0.25842981406006743,-0.9462193248917073,-0.6188695932749342,-0.25360511032535704,-0.5709163081459551,0.9228970142710627,1.457020319923427,0.47626182975445563,0.2324988778557053,-1.2485738399362607,-1.1485549646150726,0.6889929163032481,-0.7731066976483102,3
-0.22545288991767173,-1.5032524565960832,-0.2964010012932756,-0.7711950008551505,-0.5080416059244068,-0.9638578511509938,-1.3778143589331442,2.264154437279598,1.007927715365054,-2.8821785338714427,0.8074943056510799,0.6060153155789384,-0.8939087057796665,0.7185375987936266,-0.6814528180492139,3
5.151679196957988,-0.8081600516329879,0.6324349090879092,-1.4509844950130906,-1.1648534310091954,-0.6415569313190336,0.4626893774860621,-0.5026726427880961,-0.0274081669789346,0.4526191555880056,-0.5717562511624831,0.07825271305138719,1.2185016541769336,1.9701058850104767,1.2730987460635743,4
-0.8303721736886446,1.0172424991811122,0.7622309873184224,-0.3354289584237541,-1.6276242274479902,-1.0532750346506667,-2.1123674748575367,0.042417578771527846,-1.091996793242404,-1.1945860928130834,-0.8283516576994696,-0.04056038961179737,-1.1484534897146526,1.56331058725017,0.04207500437340567,1
-1.814718251031244,-0.3488914573864873,1.290114189741347,-1.8306657854796475,1.9757670430292023,-0.20091790677142163,0.8401383095115885,-0.9915761345415278,-0.6930486313690198,0.5230404080078913,0.23228464805026078,-2.3914472813997127,0.7450601780878598,-0.7504881545085078,-0.2549403753041732,1
-1.542162487605977,0.6274797550659655,0.7843967828638565,0.6915298592567585,0.329299415858889,-1.4920720384310908,-0.6460157389909947,2.0752892100930165,-0.7145010467206776,-0.07754421562974945,0.0448643497512226,-1.125365632775415,1.4305568291680828,0.8626801741580954,-1.0177713690521084,4
-0.6832107480187771,0.1874979865998896,0.6663808992074459,-1.4394790470889107,0.8258489463435168,-0.17639383920718252,2.088691212268716,0.13137064263893558,1.7099262551613013,1.2106882046639296,-1.812051172049695,0.3854821264624755,-0.7064265408462786,1.555591812391252,-0.9104189620874303,2
-0.06559819972195646,0.8114022273016053,0.21708351676976684,-1.7784825810630245,0.852403523220969,-0.330502888185335,0.5397552389913712,-0.18510198349657506,-1.432212781743597,-1.101408031006731,-0.3731515097364112,0.14993745526711236,-1.355403796457338,0.4147363355783448,-0.9448739933742587,2
2.706131764392837,1.2526625982252555,1.084451490990287,-0.5700623587728878,-1.2533249814703833,0.8558075023115067,-0.29442856194914097,-0.3776605546547114,-0.667279641645966,-0.5535551026752876,1.3427616034691494,-0.6271290582845639,0.779248888679777,-0.43535923064633286,-1.1545063417771562,1
-0.8106864253761007,0.09428969754482992,0.1774130968025385,-0.2523466067067018,-1.542372154203966,0.20710202680030565,0.8807295995053146,1.5238278448351967,-0.31521566007729734,0.08011217387267469,0.7844191720607887,-0.4288214106588452,0.37486084727036423,0.6108759406982334,-1.4752993000082315,4
-1.0757881292365559,0.5471882240735614,-1.168318374954321,-1.129935201624643,-0.724819365317694,0.8940074701730741,0.634044027584303,0.8561577336408053,1.4288426844222313,-0.05750416516482579,0.31389912051853214,-1.5363777383908732,0.06098678493102332,1.4127416487699946,-0.5944501738426822,4
-1.7736830485309192,1.081056923423211,1.1682890279695044,0.2644164487211121,-0.8290087993778856,-1.9345304623296216,0.6107989957986459,-0.7512176840444202,1.3521317447066783,-0.131358998012859,0.7130035035483784,1.3168227747212027,-1.4404258860035546,0.7955709226365699,-1.6608303311705372,3
-0.35432383231931525,-2.5841523729879743,1.777068556206055,-0.03952758305328394,-0.19021483827191785,0.22108588788143102,-0.2859370097604975,-1.4302212269954526,-0.08526065213925187,-1.6039173818373165,0.720005350404094,0.5070688248506043,0.5624664491047003,0.8475330449072577,-0.46205495777115985,4
-0.4519269571795105,1.3934912751772834,-0.5861704974517101,0.08438377531472789,-0.9878315161321627,-0.3774140507551939,-0.7520050621814749,-0.964301577261459,0.2391816933630719,-1.1835390399399643,-0.3872049166879404,0.22425198418029085,0.9118563401445933,-0.1863483787893632,-1.918487841259238,3
0.17426967917969546,-1.005695474683336,-0.2968044645329587,-0.9130103885938344,-0.1099280517478087,-2.3288332179346343,-0.19562356203658615,-1.0797321558810284,1.1472069542817063,-0.45913124627414753,-0.5586241704617363,0.9241683978935493,0.4897727816296427,1.0734248189291644,-0.4687890042177597,3
-0.1787365639694803,-1.3186305954531392,-0.7378425851942982,-1.4681503818783812,-0.883284854154721,0.8071659711689106,0.6263545299443192,-0.2522520728068046,0.5112701572299663,0.5910352244258693,0.16620002645773077,0.28375608257377427,-0.1104962959568745,0.3261569741312523,-1.911011009838618,4
-3.0045319145408,-0.28592018516143713,-0.18334870882405974,0.08949759294683322,-0.14544230724222806,-1.3001635507863112,0.590761770471209,0.2590779156168599,-1.6147864822337852,-0.900190639048894,-1.1128158281430776,0.6946767148288231,1.7045993370903283,1.85210974653665,-0.6679753711056736,1
-0.6212008473990942,1.3671328856118146,0.9907005979973651,-0.8459642458537598,1.7026386197554864,-0.6741653778338327,-0.23508821342984998,-1.296918847594348,0.03677938024129492,2.3363695471064347,-1.4269459805895541,-0.07196155368058305,2.0821151700771985,-0.4889600432649862,-2.4021640979479417,3
-1.8148198609965054,-0.621925595051827,0.9107948870594742,0.6422311155416363,-1.3144117842297063,0.01999117092676253,-0.6130024031286945,-1.2023760791364828,1.401336477705946,-0.5447861394071897,-1.177727646629341,0.3150102486557694,0.8065841826693557,0.23067677209913504,-1.7406688517841133,2
2.0651524883179317,-2.146716661241285,0.4894127208811835,-1.6758256076725069,0.136036001676378,-1.687635762409106,1.1536240018640942,0.66609623857325,-0.38421398286308356,-0.9034248023235493,0.195459382007111,-1.1818974497928616,0.6790717302760078,-1.4179508869381408,-0.36613394509158975,4
-1.23869913757668,0.8998840859978497,-0.8449723344026082,0.15432881685613017,-1.1534391774793338,-0.17654309433486573,2.4702620933780475,1.1896709657881785,-0.20624346434307592,0.020436121100274818,1.8072209719592094,-0.6670777503295399,1.4991747924530345,0.5332314482584606,-2.001235067239223,3
1.051202213064192,0.9512922636585578,1.7345519696356435,-0.0355247508959537,-0.4841258431926475,0.04627995547217612,-0.9987769736787127,-1.6097679267404497,-1.938222038037152,-0.324924591084102,-0.6437685325067075,-0.9210708457729098,1.3608918916136943,0.18986818909717323,-0.5951403420550132,2
-0.9616053213902016,2.6684806691585865,1.220385441667837,-1.1312251611923494,-0.5067244264796049,0.009782555863500905,0.4823614036990009,-0.30758507603279134,-0.7443169429907593,-0.7959555310890046,-0.1222191481929638,-1.7580807951332682,1.1530847838971034,-1.4635580929878895,-0.6773216013591027,1
0.43728027668325703,-1.0408273705547362,1.3746419482125651,0.26551671426220574,1.8567051518437216,-0.27374624924815205,-1.2490132254238517,0.9433745154483606,-1.4429120660081756,-0.22590455858005926,0.19109720114699272,-1.0192475620447112,-0.8777663666107856,1.4495541977040753,-1.6985112619918237,1
1.5490005953267247,-1.595604320983362,0.39323638257477606,-0.578663516685879,-0.1898392683320213,1.0182017304871027,0.9475928960065234,-0.5957452742576891,-0.3174597446238651,-0.7078314484301622,-0.285429919786095,-1.3656338360917573,0.6735102179301656,-0.59327119837006,-1.3544063904138113,2
1.9314148474038149,4.022087588487653,0.611055412871807,-1.076123458682034,-0.3454537428354831,-0.2964847017339118,1.3059808996591378,0.8347886452328493,0.6881754889573067,0.13759075342098703,-0.4182614123761558,-0.2361868524020004,1.064972218127898,2.2250851812670898,0.6220749247490169,4
-1.9924305876929176,-0.2631391236311635,-0.3988173474695566,-0.8950257013884865,-0.09725774934454683,-1.644627700918634,-0.5319977693826434,-0.4506572296046299,0.7562241926534345,-0.9683818410104882,1.0262652606969056,1.9395019988043811,-0.45882718716928994,1.4470004004111614,-0.8629450909393761,3
-1.248497403869936,0.2656598004904938,1.496548295377551,0.16664921135960722,0.17980339204019286,0.3877014473483409,0.6328801252323015,-0.01135987763371378,-1.654445197355028,1.196695381400452,1.349665449296835,0.18691018742167298,-0.18379124673145555,0.8231417381587258,-2.443587905267904,4
3.078259873614555,2.169615251614001,-1.4972285788578592,-0.27432888606819944,0.0827213165054252,1.400089428647466,-0.6735787251527606,1.01296573212677,0.25562813623834213,-0.1622428994868372,0.11270336794982692,0.4667218505389777,0.4610367655002613,2.4628426076658947,-2.0362093338339546,4
-1.0958478608678173,1.5992782092258828,1.6855455318238144,-1.1202567458498145,-1.6074215663785136,-0.756756678382192,-1.5766740697670398,0.025171589371036425,-0.2700729836547899,0.6509663124980232,-0.9779497402996706,0.12945488585477172,0.5604009550818451,1.0244900062082716,0.2639685755216719,4
-2.8803640370247865,-0.18680829050974151,0.3462787871874516,-1.5140455563797817,0.4926445788570818,-0.8834806011770594,0.24093379679326515,0.8742956851340173,1.1640020335473047,0.18237699442007005,0.39940714997176585,0.8925588161910762,2.353958720188067,-1.0908740474814569,-1.598986199060408,2
-0.8035122233095919,-0.050969895041729656,1.3311373275084963,0.1162199576312776,0.20476258468630562,-1.7798684675827912,0.7648218741665794,0.9650581859460438,0.8691652986623167,-0.34674013943716575,-1.4282054806503475,-0.14510554706682166,0.027312792383520745,0.9696563912013898,-0.9988280969138303,1
-1.807630958892099,-1.1449290807350627,0.20316500251979652,0.654510942552561,-0.276230373988054,-0.7121993864398842,0.14616070982878135,-0.6985781608749567,0.7406576697095659,-0.6000832554701223,-1.169737131294402,-0.5440807599582564,1.837273410853662,1.4210710656656658,-0.6690187797423135,3
-1.827779232742921,-0.9359870341047163,-0.12204776379990319,-0.016878383196675607,-1.6009109053019899,0.9899994286391404,-0.6398917532469066,-0.7691792856697662,-1.209003600446087,0.5710879325360974,-0.15719322365442806,-0.06730392649870795,0.6558713004235069,1.4929230475263702,-1.4615916030700655,1
-1.6142191836029782,-0.31541369318777357,1.6801229847165617,0.6520106039575453,1.3525042808886047,-0.9492377556107915,-1.4526181063672086,-0.7690965654919351,-0.713924002507156,-1.968954105615286,0.5439000961791379,0.5861259836088741,1.0103677808290579,0.5205371032370888,-1.4296010670133854,2
1.0391519473176345,-0.5708697885471706,-0.13724837429522185,-0.6489920957360876,2.0441405756256406,-0.24705525138212803,-1.719413057337843,-1.273089872399386,1.4984512864346236,-1.2442139292835646,-0.011115278998543242,1.0947510877290343,0.9062091632236892,1.4322709832222693,-1.42466928945422,4
0.30159390065152186,0.24233989942566816,0.3913029158420749,-0.7063915486998725,0.43713625571991355,0.32596234040435723,1.8534641293379304,-0.41116420165603257,0.015258732144075535,-1.3993215585234924,-0.8352415467006823,0.38721301772209166,0.8421321774442967,0.2774798758203221,-1.3681659089516078,3
-0.45971783628787016,-2.347635469583042,-0.761382659060705,-0.6123926070514081,-1.6443085136660474,-1.2208404773154955,-1.0499375676753673,1.1861357869045301,0.02744195904921225,-2.1074087246588737,-0.9046540429679405,-2.098812859826539,-1.5089555825819552,0.5899972315339099,0.0270732856478723,1
-1.3527055274392152,-0.6947110586869454,1.1613355184931422,-1.4762950989768389,-0.9359019768189846,-0.8984645564777455,-2.6696207350211782,0.5117928166293042,2.058402252695616,-0.6895088629793199,0.13286928903671955,0.146527262690962,-0.5583393603736265,1.244567245500593,0.6729356400046275,1
-0.8963664674019471,0.8190213616789724,0.6182267350660919,-1.4428354637839715,0.20686597654510405,0.8367475802615428,-0.6945951215153333,-0.4610721851540943,-0.7065903368917278,-2.08964695840699,-2.0101132805376003,0.34400585886072393,1.2239013083097183,-0.19977906875397627,-0.4137683247642195,4
0.792903619172865,-2.4102891213016995,-0.48728348626902157,-1.5588925694892177,1.1786000902969163,1.5929202600865555,-1.5183253764802156,-1.8033713517263845,-0.05903842506590557,-0.9397622404252297,-1.173573852653065,-2.5728405340117444,0.9673989152715724,-0.1406734320355515,-0.5297133330825593,1
-2.062736586165302,0.18487205458860803,0.6284477620022049,-1.175375311103703,0.15190335306041494,0.28049893598624964,1.6989486828931113,-0.7756547033286554,1.9684345832859795,-0.2964347408312977,-0.8846801331642223,0.2859806495135116,1.4100307920166033,-0.8653459932400202,-1.3392945989265084,4
-1.5872345319926473,1.355416107319479,-0.035269191186809254,-0.588492574028228,0.5686852086249027,-0.24871039493043232,-1.3822498235214682,-0.5798990647731965,2.523222507408281,-0.7390419946164849,0.2608503198566169,-0.38135997857550025,1.1599057990492279,-0.43701348714825483,-1.7087817487523123,1
0.670882906771242,-0.9659786664864092,-0.12157360519467193,0.3431152569242575,-1.6124372566099656,-0.7216832319464277,0.45586953748162884,-0.6366641677484611,-0.30682939108990526,-0.5183557133572231,-0.05212885122657123,-0.08707236161544567,1.2825617223147092,0.0030537841208283798,-1.888006511551702,4
-0.47352050635413023,-1.721827108413396,-0.28560101869066257,-1.2879847586228061,-0.730225150132922,0.4703904806042885,-0.8147227173792589,-1.3116161260413417,0.37441429960544037,-1.6740296571195075,-0.3000805053352657,0.08189908623746622,2.27916107842649,0.8954836756242686,0.35265725351527144,4
-1.3155863206002363,2.3513498688924765,0.024512210619938017,-0.6001626483160137,2.103364557873472,0.20283867399963493,0.5554546156989744,-2.652446684213744,-0.44418423554343883,-0.4256388158437746,0.8940285108166842,-1.5184727693690858,1.2294333984358767,0.2807527572983219,-1.3960103518885627,4
0.33906626564032544,-1.1697663925568238,0.34104017775415,-1.0940537298994288,-0.7443397585519368,-2.1429530078260113,-0.26285559047666757,1.677922087630452,-0.40682767674734754,-0.6986297561955239,-1.0114116723502016,0.969709070890425,1.692641379707477,-0.567196419340806,-1.0320229490241197,4
0.6681638982110802,2.6231845662547557,0.9776495664957618,0.122140826866013,0.3730775659402928,-2.181655323600887,-0.2826933674349255,0.19313218600164617,1.3601732318903148,-0.10893540631539163,-0.504544891489233,0.2772668991446721,2.476134415622215,0.5356919630854999,-0.8608744884662805,1
-0.4142900814026019,0.6000691911152609,1.0077241731691158,-1.5856504163654295,-1.2214338572802512,-0.262031840079471,-1.1961775138871114,2.0070442519963567,0.8377983997367022,-0.9980591189536466,-2.013574090744944,0.20736120576273756,-2.0158016118982167,0.5245287986065333,-0.2317140771784637,3
0.3610564798240791,-1.4024033474774333,1.6827796462263118,-0.6379047094110295,0.5157921230284284,2.282146712812976,1.5609145819873318,-0.850838396612245,-0.9210636065461002,-0.3616967557495545,-0.3387720288738697,0.37118703985861745,-0.5133008146183891,0.8079905449904702,-1.7838906726505313,3
1.4041004798865173,-0.7860310949008776,0.6615144259903286,-1.0995868203722319,0.7908185148068927,-0.9087017676262937,0.18785320083333173,-0.6644055913973058,0.22282571642084228,0.1286291234832717,0.06728681377016177,2.0243633626770925,-0.10279705696819576,0.7300798439096322,-1.768549408222641,3
-1.373829926692875,-0.15003415952330945,1.4888359900788342,0.05104864376914505,-1.9375311625392666,0.29731705610958936,-0.007515661479231247,-1.3818218010235725,0.5144537153673225,-0.46413169410561445,1.254728416854992,-0.9652725566005158,1.3950116555985403,0.13336559432617334,-0.5179425518543657,2
4.540434238279451,2.8153401915184046,1.4040435413484067,-2.1465062666272843,0.952517052248623,-1.874237860782557,2.1394917722200724,0.43668488319077103,-0.5455119126372664,-0.7511846718709583,1.4893986720687338,1.9359227593629527,0.3159892931422378,1.3744042599551738,0.48515467921360644,2
-3.006019895261512,-0.39691271690226626,0.5396695871210043,-1.9964697167698557,-1.3561344733576188,3.347441916649539,0.46683057210031226,0.5672671735571666,0.7115228797408629,1.0742388263514162,-0.7920567144457451,-1.4187720801094004,-0.22588913447445447,-0.294977532289211,-1.2189325378501645,4
4.316884549756775,-1.5948877028218618,-0.40310524491203825,-2.4734790638173667,-0.5560074585787327,-2.4384238156232096,-0.058514669171423984,0.8460743072125821,0.41569450482149994,-1.2061247638465065,0.8165285946200297,0.7322106469170034,0.36096193261512005,-0.20785527981347274,0.08672466897066278,1
1.8693075611216583,-1.7428668576582442,-1.3824895804738364,-1.1178866387285131,-0.5135560115017904,-1.0540822332552944,1.9462856335909853,-0.023080044423133363,-0.5089795971578871,0.732968668898474,-1.239435303709598,-0.775373841395946,0.8380862700393311,1.1970396673732597,-0.6314797025567892,3
1.748611685819231,-0.4003437392790577,-0.05345880881008001,-1.6688826589595966,0.7490331685233939,0.311512032199577,0.9744690600761183,-0.4169314167684776,-2.0670423908472806,-0.6415641980146135,0.304976866720148,0.8520135219455934,-0.48251378755610125,0.26357566897307716,-1.816591092563342,3
-0.18568857827645874,1.6791999792461023,-0.6647800983089612,-1.039183716891894,0.16266718966301183,-1.5941137732686004,0.48200212432320116,0.3772981902305536,-1.5981159168706023,-1.1841153231050698,-0.25706780240120275,-1.2063271112793137,-1.3632401380762764,0.7778022619436232,-0.57274213197446,1
-1.6945446116333343,-0.7862661252611293,-1.2329407264555459,-0.9990414430113936,-0.053894378249975464,-0.23959283294544362,-0.07490044467356563,-0.3187499674836189,2.2828088322353057,0.0634267687562927,0.22230745003526511,0.030913241253925812,0.2887293713244769,0.8033057629645407,-1.5928298405425017,3
-2.0655489572153285,-1.4876753444970598,-0.8722527478564164,-1.504825868452413,-1.629510685911545,0.3112746528609027,-0.8803521031762697,0.7964266018602955,-1.530027109539512,-1.355138608452262,-0.030163276383667656,-1.105667212785161,1.0526241117262387,0.9942720709039,0.5142948137746175,4
1.205718215946537,-1.4018135917169525,0.513021987554946,-2.2647044300096906,-1.5004189747294534,-0.1126568863196123,1.566963829087197,-0.16391540183294268,-0.6327657060157774,-0.8670600637035347,1.5313899006899891,0.2872994138477488,0.05119213528879126,-0.8126795983383588,-0.30645383258678355,3
1.5799814658860474,-1.3898342387292775,0.988662584116365,-0.45532143480682485,-1.2991228641830377,-0.35461123285020896,-1.7980734816016763,0.21064039773381663,-0.05517391941926565,0.11855459887859128,0.39019189828997825,-1.0009493815520225,-0.4718706686663522,1.3654738010972174,-0.46111790334584507,2
-2.3018439083115694,0.19309980820065947,-0.42377438088847663,-1.198356303317871,-1.1653465312394378,-1.0317626459751361,-0.18610358395697676,-0.002244595173069907,-0.36598478629409903,-0.7748289647665182,0.6626644121221089,-0.6912758030549266,-0.827470056990844,0.6026641290026754,-0.6378865997081327,2
-0.14439012166624568,-2.0714163088696362,0.07187289160750444,0.18272053810137054,-1.4696879044786295,0.8584708451419785,-1.1759290148908987,-0.11563668295877674,0.8721300486009267,-1.8038674068411367,-0.8150701428005727,-2.044200367182801,0.3908190779241964,1.5972667995267213,0.19718701224107688,2
-2.224168290057641,0.226203306821887,0.4290053348016036,0.27488932787823434,0.2760559759537924,1.251129254867265,0.8956187538526004,-1.0390338245347952,0.6088268360586085,-0.20385844769535388,0.10725864281227174,-1.1426985708141508,-0.448807833158582,2.2945820590027006,-1.1267532477923559,3
4.446376010958896,-1.9664081839092138,1.5084102822193417,0.04803962602871527,2.378171031014259,-1.5760207506466735,-0.490917586234543,0.681765205455958,-0.9309379557917702,-1.235635809666412,0.38011937447112093,-0.8639663457645235,1.3044683126287298,0.1303181144825522,-1.1537378151823552,3
-2.730151321093598,-0.00588193259371815,1.4866715906841992,-0.7422283778556094,-0.7567350801835234,1.5955710105562992,0.5794097442852149,0.5844462460258236,1.5857345111040206,0.6671527790068534,-0.5342700899291338,-0.09742566512853398,-0.9839009190279073,-0.28990981472291755,-2.315912394801538,3
2.073126619489569,-2.128696264458011,2.5836884959361934,-0.6817957093833716,-1.2009852786036492,0.8103032306373564,-0.2698035527232366,-1.608817784385898,0.3172610199631036,-1.0700815495160734,1.1648374291098502,-0.8104757220440348,0.7093209517203112,-0.4165279785899508,-0.25728763269183647,2
-2.1829710724704716,-0.7198781126055138,0.9021378598796356,0.23670776308677663,0.6451264830555474,0.185285950477852,-0.843623778065357,-0.5319824123897618,0.12196444078060212,0.6543492926374227,0.8419207691532757,0.7206758325464031,0.31251205390049686,1.4288790636278945,-2.5245923979397933,3
0.641491121259756,-0.513954595460346,0.4279401202002042,-0.5907348284823614,-1.1600907252112174,-1.9202547034859598,-0.28117021794387376,-0.12869185415707823,0.1534895257918789,1.561677772666305,-0.13441335034708518,-0.41706327585490716,-0.6597449347185094,-0.32484456768146974,-2.10542507273431,3
-0.5883372530235323,1.3077569588964602,0.7487830948898522,-0.6888511837266226,0.030260113640263406,-0.7356178868279382,1.278056844075256,-1.4184467479143836,-0.12374350884346028,-0.7379504968712666,-2.12058596952802,-0.2776052679989358,0.27302605696725046,1.1177385921792242,-0.08376420309791623,1
-1.3052457213019766,0.4962940042716355,1.0921194684204956,-1.7836713739129295,0.997121649972909,0.3947255369301552,0.29616409394067117,-1.2147533949052074,-0.5130752142547867,-1.8809536680953702,1.147221103656354,-0.7855055593926358,-1.1402449590757984,0.37262123202989633,-0.005167286193610845,4
2.6956848442308443,-1.3333631482741186,2.2168307174918604,-0.37251284851789784,0.6957795617755466,1.4792444580447457,0.3470540594118503,1.0474887893389435,2.534185833455087,-1.572119100273335,1.0791432968370998,-1.1388338743898696,-1.1845867984945642,1.294293435877738,-0.4015805241815045,2
-1.6201128977553951,1.124934812357585,0.6766975790007174,-0.31763139544320224,-1.6754389580105742,0.5436454121638123,1.4657279478332073,-1.0310071756828385,-0.4122408734310736,-1.1803956007010312,-1.043095674331019,-0.2506339001196374,0.872728824036579,-0.9120898699998571,-1.540203791423358,3
-2.3619062142209306,-1.0863529798966793,-1.6459033631143667,-0.8175037925646075,-1.7984406330253542,-0.04551859039833526,0.6104207345777326,-0.2359051107735172,-1.256323668084546,-0.18576779791979825,1.2134718109974574,-0.39948480212646476,0.022385978457021703,1.256361836456945,-1.2579990969101438,3
0.24914972728378548,-1.0814306361693786,0.1708449154897849,-0.568938904578792,0.6857344932107362,-0.08998163699954165,-1.105898161551317,-0.3776855219008896,-0.37402639798692183,-2.666966791482098,-0.6020771442758724,0.07652399796491158,1.3250112510284242,-0.5779020552840006,-1.3289204999590856,3
0.14584558984118867,-1.6426750588430072,1.0217845229730123,-2.2826574362538596,-0.7055013086374681,0.01203178330521479,-1.031417491437819,2.1971215075927124,0.2740996152407032,-1.5893202079889877,0.1818450985318312,-0.26214835806707687,-0.05627782384100791,0.046193099496442694,0.5728616750905255,4
-1.4668893755040657,-0.7323067460526078,-0.5478087072529948,-1.9086580902530732,-0.21424640537653536,-2.2343315591257085,0.9465178160185652,0.13368710276207207,-0.5848026705210537,0.23436715338451838,-1.6390027498658706,-0.39296966469204214,1.4287267125046879,0.0018331952829069575,0.00873516929746781,2
-1.992601503256654,2.0327687949966085,2.583369130695013,0.07743320306455523,0.0015541265804828225,-1.0703990560103,-1.7721513496775854,-1.0559224819218203,0.4444865582988249,0.16421531709624293,-0.7595515511636383,-0.8767420190714197,-1.5328690541938876,0.7901913887012416,-0.9500048634754308,4
-1.9633952414449976,-0.6045517129126967,0.2891442222476061,-2.226470844208437,-0.5760070215579319,-1.166529344898446,-0.580501508321312,-0.702005263769892,0.407445939860319,0.42650070903386833,0.3828399159328121,0.09171659040354227,-0.7465646996743707,-0.31514032890337945,-0.9266827144125928,2
0.44523668006449735,-0.18784847126035778,0.20476596437347616,-1.1455677023735626,0.39963202193282216,-1.929647273706096,-0.16790022551533543,0.03635661377759262,0.8453718023195044,0.7601497744685202,0.2575063423006712,0.9217861664315161,0.8519058408658179,1.9153714334122853,-0.18513284507732855,4
3.6790427355062505,-1.5714019771128709,1.1410368047267223,-2.333329313714279,-0.4032226581872135,-0.8583087526847271,-1.5073751681160574,-0.20350796272498411,1.3910000882024567,1.641142221046105,0.8770159960427841,-1.5611816593863632,0.49628279765236527,0.1167719471729102,0.44937740104782453,3
2.267701607817287,-1.1658607778217782,0.8728223255729387,-1.5234321836309344,-0.17676536986208302,0.5621998909305133,0.20616540582191625,-0.6159207145566865,-0.891555461396814,-1.0733901532127599,-0.31320341241562255,0.596362540530237,-0.8686657209253195,-0.16002470874705577,-1.6556689210586713,4
3.0329760212436163,-1.503655945931037,1.095950724380818,-1.5879829675254757,1.9933539029661866,-0.5027025394948732,0.44489920448028375,-1.4175337725364336,-0.9303547570443852,-1.518798316018266,0.6803858768007367,1.4276208126160177,-0.821619656058413,2.085726489016202,-0.10929998671230046,4
-1.3873981116080178,-0.8980150598679681,1.6308054986720062,-0.09939241200900382,1.8924227095109245,0.3364383441107891,-1.0134315476979965,1.084202056215619,0.782673858543776,-1.0468724936609968,0.8610800201165356,-0.18595448077098964,0.530724606174615,0.9243023591507987,-1.6531900512303148,3
0.0667772522378179,0.3988556499652838,2.180290212380334,-1.4700455415501783,0.5496359707217224,-1.6557813456935795,0.6338531403342298,0.6235928396319257,0.4166360100004704,-0.4417385122488872,-2.21671729808514,1.538628908517944,0.3968659685461409,-0.2491488969039009,-0.6839631926084905,4
-1.3597786241455678,0.9632696826124215,-0.585145913739492,0.1665281435421577,-0.9941115925523865,-0.6689076102338103,-0.11541382343047765,-1.3043342824214381,0.28095912186008815,-0.5572899228485106,-0.11059534284623893,0.06548389381023093,0.1961515650805476,0.2686022135004585,-2.145686170447598,4
-2.6848614301551668,-1.2911879594839382,-2.0500474824115997,-1.4619831908470804,-1.6815675822860523,0.6124214914585672,-0.46304923555354954,1.994328776004911,-0.505066021834519,-1.631587382641747,-0.8163027815852641,-0.34683623380542206,-0.3051833766401298,1.0723933609343754,-0.9781603490519651,1
1.9416517092903518,2.2385982311794335,-1.109221255445765,-1.5321062953640563,-0.6716994891931315,-0.9379340598560992,0.23225061593167626,1.0520215179174504,0.9003431044867991,-0.7671218271799549,0.46940343399932444,-0.8217985425446683,0.16919530641387656,2.608495642660218,0.8491227380927827,4
-3.0145464280596075,-0.569087207125989,0.1712236018042047,-2.312794740227915,0.8090608042306638,0.31949477124095604,1.5454641712561323,-0.6790382139764561,0.6568168829878762,-1.8657127583383246,-0.595611009498448,0.9234360188796887,-0.29572630316239945,0.3786456108814714,-0.5160713151090504,1
0.7838839910845431,-0.6666472701053818,1.591883761437182,-1.4106096818542981,0.4457247080241442,-0.31838999390485356,-1.3909214596544848,0.621873831657725,-0.10931184909847856,1.2138295969139625,0.8434269620233363,-0.520655445213828,-0.7879320168573543,0.43321491705896387,-1.4708850176043355,4
-0.5450845197168745,1.479104914024083,2.318697673781727,-1.230089472479507,-1.6624637127247994,1.2897393686147653,0.10902652058337747,-0.22736921830386372,0.1485972836032579,0.3301026973391139,0.8243378396057326,-1.0917228519663493,-0.8607893615268188,1.1000788215142658,0.2851585358802837,2
2.0537892177568455,-0.7171154599081584,1.1870705756684907,-1.3066989728935872,1.3882596509461902,-0.7126289259101066,0.8198259365084258,-1.4927974303034812,0.5764131052122261,-2.3338494411717887,0.41506135242307823,-0.013487476536779248,-1.5045737281766316,-0.2923788522859409,-0.8350084253873417,3
-1.6485013982345393,1.2778689127857557,1.8354596566656933,-1.6721647338887542,-1.0499436343598558,0.7540129262736898,-0.4218301853935803,-0.9908146470506214,-0.8261102713935431,-0.24680147164684565,-0.44227865648412695,1.7788156466125373,-1.1822068996918573,-1.7867445300291307,-2.6881077306546306,4
5.081478095314324,0.29785275184316967,-0.34748433231420806,-1.3297342535678403,-0.2721172296761589,-1.4600233454164881,-0.6222890198701554,-0.045563355303483516,2.5509199887759135,-0.6118347320172464,0.7897354102661355,1.1456744230115328,-0.535288464743889,1.1017065648893398,-0.9590890831773332,3
1.5686125822426489,-0.36998420518030295,0.983772457701514,0.6834683216489822,-1.8793532554711123,-0.7612558550098837,0.605104723190173,-0.7382931096543809,1.2443316525958157,-0.38627015522356933,-2.232157561325688,-2.664349139164895,-1.5793832963906607,1.7553826960010572,0.04916926011588494,3
3.3136708489491022,-0.6343459069884145,1.5727810040271544,-1.31654177705825,2.4828911009608094,-1.3331927819997154,-1.0953306420048308,0.4041129310855399,-0.9198452277313262,0.830069990508049,-1.1327349817206236,-0.03065768455815925,1.528666346191802,1.1438685521295817,-0.5167038583640852,2
0.27738696414109865,-1.0326539809115638,2.2937927967902096,-1.1268537868675117,0.8620881661031529,-0.3486381721058199,1.1535633602757747,0.6242496067580311,-1.8590559594479599,1.3123829064732508,-0.3407621075205666,-1.8269969025472568,0.9757745111672574,1.0218492210105485,-0.07699756384988032,3
2.7059304144118554,-3.063621703663665,1.5123218649153303,-2.5097094574510086,2.0863180712502176,-0.9568027362321884,-0.08176017158575963,-1.2135811856954917,0.21163930018026528,-0.3414692194463987,-0.6957514590292543,-2.930463571690464,-0.04382119554168235,-0.35137328502896686,0.8137922329066402,4
0.11247420799902738,0.41202992784501646,-0.26425326117491515,-1.5734074028650922,-1.475232734594685,0.9245896738194376,-1.1953105412482175,0.024013928706050132,0.398647600988367,-0.3262238883029837,-0.9274364686765396,-0.7116338259688214,0.7996980826365162,0.1644252944397312,-0.7921564355832069,2
-2.037755588908428,-0.5463951669178495,-0.7626233468397724,-0.41160524861278963,-1.5667948348604004,-0.5182965362259137,-0.44568047813065864,-0.3621246285380841,-0.7928326509520173,-1.073253277906869,-0.09106158242393096,-1.6296114850765977,-0.026108372690946242,1.301447879540547,-0.2606450300987937,1
0.27574230583155984,0.1616479330248806,-0.3212458044317117,-0.7104545406143108,0.4747422933674945,-1.0760470327580651,1.3418751995657712,-0.1518733603183175,-0.6515323209991779,-0.7620802149410926,-0.8926311544585891,0.901791091550623,2.517769721362566,0.598147548782991,-1.215757299788815,4
0.6140638828062723,-1.2735175094131383,1.3308886834538374,-0.32692714308158616,-1.2750415409956772,-1.728744423749026,-0.7471076865153031,0.8885712645873526,0.4511237778803527,1.4635625706092654,1.4901453844326373,-0.007929753765973177,-0.07695304969886037,1.4759725927258989,-0.978166079500936,4
-0.03421835608940495,2.3799380355122057,1.5728498178405825,-0.316369202945287,-1.9754132737946697,-0.5623597354662332,-0.9640538268836075,0.13408090266419298,-0.4785686248098304,0.10515230259969877,-0.027518567993970632,-0.8927960830446301,-0.7344410790350269,-0.18943990078619105,-1.462506352996137,3
-0.821475246384249,1.1414322531296461,1.836446627456531,-1.311908052742631,-0.15679325365673763,-0.9352758935767813,-0.19623165049302085,0.22726929307792043,1.9038340789522092,0.030804792476121515,0.914627427303625,-0.8726254791038939,1.0350584067217905,-0.8205259044170936,-0.6308176972706089,4
-0.6600752475465544,1.802130302744911,-0.7805498405843418,-1.6948521622210484,-0.3943269626372136,-1.2036263962334406,1.5166143569589514,-0.09057034712925191,-1.0890551818284098,-1.0734011870880982,-0.8028048126042973,-0.259162281043177,0.4125442516978248,0.5614735014343863,-0.32996294929490666,3
-1.4816955038222739,0.33740359083357746,-0.42531829835192453,0.46881516210126767,-0.7593124502685494,-0.4470884879268095,-0.4669634815184042,-1.9317284922232838,0.0035613863638771165,0.32224030887356875,-0.466554568819824,-1.5315788582642471,1.4109983505573322,0.27822677772920895,-1.9100426638220906,3
-0.48581160561612546,0.42004077592575617,1.576385870636959,-0.9536392211947529,-1.1994350032493322,-0.08846018458906862,1.1699527803122156,0.9934456740721348,-2.0299092948871613,-0.0010105077293428998,0.32727732616972016,0.0838669783183903,0.6251076390148311,-0.5958136284142426,-1.5096805867526588,3
-0.7515307841023693,0.736482797753418,3.2649710096945355,-0.5891237723688512,-1.3694899373515723,0.5312830636849843,-0.07897170553159297,-0.6951617202020987,0.12747035913491142,-0.18116098545456033,0.9890209436784867,-0.65431693501277,-0.4685536135202521,-0.39492477268459636,-0.6652840090982244,3
-1.7406173623054446,-0.4183459786819403,-0.39989814126099343,-1.9856685921892347,-1.5163160913289224,-0.16984707368168167,-1.5428301744109685,-0.729314209808034,-0.05630679945683279,0.7961282636464712,-1.8388206228474635,-1.9469367468613994,-0.3645199643739157,-0.17665443952816315,-0.45778566953176636,4
-1.1975171262069177,0.16863095882160656,0.2561262883040778,-1.944837707003911,-0.07924297553381848,1.4537231540399274,1.9735185861394644,-0.3100965248759744,0.8962209936020984,-0.37739136418664154,0.5227864872437241,0.014102017794884934,1.1810792783587234,-0.486154637429641,-1.197600735890334,2
-1.5837022126908085,-0.9278052442926229,0.6295028207684351,-1.0048952258678805,0.321562873024961,-2.166569510602511,1.3345575824837672,-0.1412337809694882,1.6380035553459382,-0.5514586592550812,-1.5844377918094792,-1.7320818828294346,1.6151730455127122,0.7640634457543123,1.0583182829722297,1
0.7380830621858416,2.053232568485972,-0.11690568447383941,-2.970956517860882,-0.050100542653059306,-0.2893327125617217,1.4737653101729036,0.20298045873133824,-0.08877327161174196,0.5636953285983016,-1.4332428842452103,0.3047303103830844,1.7031804644056687,0.7733980984251007,0.43555933874980085,1
3.5951250269326875,-1.761554296190368,0.7210860636258809,-1.760601460566512,0.3049898765625165,-0.10779291914372593,0.6941669353062832,1.355213920535458,2.3872301396674502,1.2351633736714915,-0.0189945916499607,0.3626592538076342,1.655002576356592,1.4083009609472792,-0.3948898748155171,4
0.14909542356719377,-1.0506367061833837,0.07590969458071416,-0.76343014897829,0.6069767056522419,-1.3884864735728726,-1.2849602495390162,-0.8530542740547788,0.08136019306416656,-0.11826723766724341,1.1384017394570705,-0.14451532114200868,0.41720125293102395,2.059357156942869,-0.366427666822458,1
-2.325826708364562,-0.5006672530173707,-1.6831691398469102,-1.0133843526515534,0.3379690063557099,0.5199929307030663,1.198932018081444,-0.8913690782608836,-0.7106055725809821,-0.5669467805720002,-0.49340670450252777,-0.5731626139611985,0.9039889393299502,0.24539589081762953,-2.278383976753829,3
-0.7679427339091813,0.4788513546965166,1.083484427991349,-0.27183555937428083,0.021835625160323443,0.13546537885021193,0.9294732825127241,0.26294692720965107,-1.0446590751924667,-0.8248213852351962,-0.9978895559409696,0.9424173892338356,0.923964235581655,1.980895229265082,-0.7000881054633399,4
0.8334895307194367,-0.38238085691069684,-0.5262088510202255,-2.9700124869324096,-0.013476195534277001,2.1178407831637065,0.17490829577478023,0.08216984771813499,0.6587236824525414,-1.0153561361872745,-0.3443331525666174,-0.21729671705187928,-0.12069249520767954,0.7451523383604424,-0.11062574474000347,1
-1.2172964089468603,-0.29666768763984386,1.7024122371043833,-0.3903985540035003,0.5377289741069167,-1.607249879171006,-0.3490833521574208,-1.0299487540744385,-0.3618618963242214,0.28996697924845793,2.2105243665190497,0.6847060273733053,-0.8083388989272002,2.6548799034301633,-0.41877767388063736,2
1.0185175435962104,0.04302549030320299,-0.5101734310254149,-0.23251400528070476,-0.721513047480643,0.13052739190378865,0.3850554190961789,-0.5435970757030453,0.61783915626105,-0.5802465141709072,-0.8206906743033937,-1.985637371638918,0.3239263540911012,0.6474052018740535,-1.303232427022178,2
-1.220607267069399,-0.0723828509092362,0.7517798681144361,-1.075950331296375,-1.3881468339829732,-0.937425924791317,-1.2290931142334178,-0.14454995544850158,-0.3776236219797981,-1.0589484149142925,1.8053229668798991,0.9852005897778908,0.9782291279226775,0.9949698721256712,-0.05246654012314702,3
